Site Building Name,Site Street No,Site Street 1,Site Street 2,Site Town,Site Postcode,MPAN Topline,Meter Number,Usage,Proposed Start Date,Energization Status,Annualised AQ
Unit 39,,Industrial Estate,,Gaerwen,LL60 6HR,03802D02,1300013418170,4988,3/11/2025,E,
UNIT 1,83,,,Northamptonshire,NN13 7BW,03801013,1100015873843,3725,6/8/2026,E,
Sharnbrook News,26,High street,,Milton Keynes,MK44 1PF,06800081,1160000102490,,3/11/2025,D,
,20,Mountfield Road,,London,N3 3NE,04807203,1012999455108,11874,24/11/2026,E,
,21,Honiton Way,,Warrington,WA5 2EY,03801D03,1300005796368,8061,13/6/2026,E,
Crosland Cutters Ltd,,Nimmings Road,,Halesowen,B62 9JE,03800007,1410619690008,,3/11/2025,D,
Stalls 1-2,,Guildhall Market,,Bath,BA2 4AW,03801110,2200012357339,922,3/11/2025,E,
Farm Buildings,,Greenacre Farm,,Bath,BA3 4EZ,03800110,2200012050370,,3/11/2025,D,
,47,Briton Street,,Leicester,LE3 0AB,03801013,1100014208288,,3/11/2025,D,
Unit 7,,Red Lane,,Coventry,CV6 5RY,04811037,1100023724376,3738,3/11/2025,E,
,,,,,,,2340136440813,,,,
,,,,,,,1160001022446,,,,
Unit 2,,Block 3 Manor Hall Road,,Brighton,BN42 4NH,03801201,1900091076418,5294,17/2/2027,E,
,26,Mountfield Road,,,N3 3NE,04130203,1012999455793,25059,24/11/2026,E,
,,"Harrier Park, Southgate Way",,PETERBOROUGH,PE2 6YQ,03800202,1012876638097,,3/11/2025,D,
29,,Olive Street,,Sunderland,SR1 3PE,0380102B,1570000270766,1191,7/8/2026,E,
,279,Linthorpe Road,,MIDDLESBROUGH,TS1 4AS,0380102A,1591015092781,588,26/11/2025,E,
Unit 5,,Chalex Industrial Estate,,Brighton,BN42 4NH,03801202,1900091076445,6467,4/7/2027,E,
,85,Station Avenue North,,HOUGHTON LE SPRING,DH4 6HT,0084502B,1591060677490,,14/11/2027,E,
,42,Church Road,,Port Talbot,SA12 8ST,03800200,2199996712403,,3/11/2025,D,
Unit 3 & 4,,Roman Park,,Tamworth,B77 5DQ,04811N12,1100022310590,1779,9/8/2026,E,
,87,Parker Drive,,Leicester,LE4 0JP,07800081,1100039511136,,3/11/2025,D,
,8,De Grey Square,,Colchester,CO4 5YQ,03801203,1030081324093,14520,10/1/2026,E,
Chalex Industrial Estate,,C/o Blue Sky Windows Lt,,Brighton,BN42 4NH,05800204,1900021001208,,3/11/2025,D,
,7,Churchgate,,Retford,DN22 6PA,04811N14,1100003334782,37225,10/6/2026,E,
Unit 38,,Saffron Court,,BASILDON,SS15 6SS,04811202,1012562771127,11553,10/8/2026,E,
,46,Cargo Fleet Lane,,Middlesbrough,TS3 0PL,0380102C,1591038623686,8572,2/7/2026,E,
,6,Dunlop Road,,IPSWICH,IP2 0UG,03801201,1012890591508,3021,11/9/2027,E,
Bright House,121,Parker Drive,,Leicester,LE4 0JP,04800037,1100012267263,,3/11/2025,D,
,11,Porters Field,,Dudley,DY2 7AT,03800007,1413206201006,,3/11/2025,D,
ALPHA CLEANING CO,2,Powell Road,,Shipley,BD18 1BD,0380102A,2315312439314,253,10/10/2028,E,
Queens Head,2-4,Cambridge Road,,SANDY,SG19 1JE,04138203,1012348655616,,11/8/2026,E,
New Connection,,Dudley Compensation,,Dudley,DY2 7AT,03800007,1460002065124,,3/11/2025,D,
Bright House,121,Parker Drive,,Leicester,LE4 0JP,03800013,1100014645044,,3/11/2025,D,
,46,Cargo Fleet Lane,,Middlesbrough,TS3 0PL,0480702B,1591038653788,5605,3/11/2025,E,
Bright House,121,Parker Drive,,Leicester,LE4 0JP,03800013,1100014645053,,3/11/2025,D,
,577,Foleshill Road,,Coventry,CV6 5JR,03800013,1100023540310,,3/11/2025,D,
Unit 8,,Powell Road,,SHIPLEY,BD18 1BD,0380102B,2315312446613,,26/6/2026,D,
,27,West Gate,,Stevenage,SG1 1QR,00845071,1023525155787,,14/8/2026,E,
Front,11,High Street,,Leiston,IP16 4EL,04811201,1012712992170,327,27/11/2026,E,
,127,Parker Drive,,Leicester,LE4 0JP,03800013,1100025699136,,3/11/2025,D,
,33,CHURCHGATE,,NOTTINGHAMSHIRE,DN22 6PA,03800013,1100003268590,,3/11/2025,D,
Spinning Jenny Hotel,,Rimmington Avenue,,Accrington,BB5 0NP,04005164,1610022378444,12290,3/11/2025,E,
Birmingham City Council,,Hallmoor School (3),,Birmingham,B33 9SD,06800021,1423834100005,,3/11/2025,D,
,17,Bark Street East,,Bolton,BL1 2BQ,04800591,1610029984390,,3/11/2025,D,
,19,Bark Street East,,Bolton,BL1 2BQ,03801631,1610029984327,2582,3/11/2025,D,
Dental Surgery,104,Lea Village,,Birmingham,B33 9SD,03801N12,1410146151009,3532,12/1/2026,E,
,183-191,Ballards Lane,,LONDON,N3 1LP,00845071,1050000521503,,28/11/2026,E,
,222,Colne Road,,Burnley,BB10 1DY,03801631,1610014114823,,16/8/2026,E,
,,Llannerch Hindda,,Llandovery,SA20 0NB,04811N14,2199998952925,,3/11/2025,E,
,57,Roman Road,,London,E2 0QN,03800202,1200033366061,,3/11/2025,D,
,85,Cambridge Street,,Rugby,CV21 3NH,04800037,1100025017038,,3/11/2025,D,
,,Bron Eryri Hotel,,Gwynedd,LL34 6AF,04044D02,1300009039243,34285,30/11/2027,E,
,5,Shelford Road,,Nottingham,NG12 2AE,,1100006879022,19810,19/8/2026,1,
,4,Regent Street,,RUGBY,CV21 2QF,,1100025164415,5659,19/8/2026,E,
,54,High Street,,MILFORD HAVEN,SA73 1TF,,2199999629500,2469,29/11/2026,E,
Water Pump,,Penrheol Fields,,CARMARTHEN,SA33 5NX,03801200,2199999015244,18,3/11/2025,E,
71,,ROMAN ROAD,,LONDON,E2 0QN,03801202,1200033366140,3495,3/11/2025,E,
13-17,,Kenilworth Street,,Leamington Spa,CV32 4QS,04811037,1100024413687,6473,3/11/2025,D,
"Suite 60, Beacon Buildings",,Leighswood Road,,Walsall,WS9 8AA,03801007,1412152703000,536,22/8/2026,E,
,51,Mott Street,,,B19 3HE,03801N13,1416495531000,22605,15/7/2026,E,
,6,High Street,,GRAVESEND,DA11 9HB,,1900005137496,,29/11/2026,1,
,,83-85 Stanley Road,,Bournemouth,BH1 4SD,04800140,2000020821952,,3/11/2025,D,
Unit 10,,Sterling Complex,,Ipswich,IP1 5AP,,1015685855797,,30/11/2027,1,
First Floor,376,Harrogate Road,,LEEDS,LS17 6PY,0380102A,2343316276711,3192,25/8/2026,E,
,,83-85 Stanley Road,,Bournemouth,BH1 4SD,,2000020821961,,3/11/2025,1,
"Unit 10-11, The Sterling Complex",,Farthing Road,,IPSWICH,IP1 5AP,,1050002081033,37218,30/11/2027,1,
,118,North Street,,Hornchurch,RM11 1SU,03801202,1012581279689,,24/6/2026,E,
,107,Roman Road,,London,E2 0QN,03800201,1200033366568,,3/11/2025,D,
Unit 11,,Sterling Complex,,Ipswich,IP1 5AP,03801204,1015684655650,97114,30/11/2027,E,
Night Owl,,Penally,,Tenby,SA70 7NS,,2199999891938,251,3/11/2025,D,
,16,St Mary Road,,Benfleet,SS7 1NR,,1012596255449,8371,27/8/2026,1,
,33,BOSS HALL ROAD,,IPSWICH,IP1 5BN,04807204,1012890609909,28936,12/12/2026,E,
Night Owl,,Penally,,Tenby,SA70 7NS,03220200,2199999891965,22323,3/11/2025,D,
,42-44,High Street,,Stone,ST15 8AU,,1418728120005,3813,3/11/2025,1,
,28,Parkway,,London,NW1 7AH,04807204,1200034593306,71310,28/8/2026,E,
"Unit 1, Douglas Park",,Little Money Road,,Norwich,NR14 6JD,00845072,1014569231099,,11/12/2025,E,
,2A,Claremont Road,,Seaford,BN25 2AY,04800100,1900002284009,,3/11/2025,D,
,42-44,High Street,,Stone,ST15 8AU,04536040,1410828120006,336,3/11/2025,E,
,,Baynton Road,,Bristol,BS3 2EB,03800110,2200015749559,,3/11/2025,D,
,5,The Parade,,BRISTOL,BS14 9DB,04807N12,2200015395736,9131,28/8/2026,E,
Office Above,42 - 44,High Street,,Staffordshire,ST15 8AU,03565007,1419728120007,15495,3/11/2025,E,
,,Baynton Road,,Bristol,BS3 2EB,04800210,2200031646491,,3/11/2025,D,
Gordon O'brien,5,Longview Drive,,Liverpool,L36 6DY,03801D01,1300001190842,827,3/11/2025,E,
,,39a Sea Road,,Sunderland,SR6 9BS,0380102A,1591059264887,2876,29/8/2026,E,
Unit 2 Newton Court,,Wobaston Road,,Wolverhampton,WV9 5EU,00845N12,1410697213004,,14/12/2026,E,
Roade Service Station,,Stratford Road,,Northampton,NN7 2NJ,,1100020112398,,3/11/2025,1,
UNIT R29,,Enterprise Zone,,Frome,BA11 2FE,03801H06,2000053971129,130,3/11/2025,E,
Summit House,,Cherrycourt Way,,LEIGHTON BUZZARD,LU7 4UH,,1014570308411,,15/12/2025,1,
A S C House,,Commerce Way,,Edenbridge,TN8 6ED,,1900049383780,38814,30/8/2026,1,
Stirchley Kebab House,1262,Pershore Road,,Birmingham,B30 2XU,03800007,1418192701003,,3/11/2025,D,
,48,Deardengate,,Rossendale,BB4 5SN,03801631,1640000889706,,3/11/2025,E,
,419,Bentley Road,,DONCASTER,DN5 9TJ,0380102B,2334867426217,,5/11/2027,E,
,1302,Pershore Road,,Birmingham,B30 2XU,,1417387103009,,3/11/2025,1,
Shop 5,,5,,Clacton-on-Sea,CO16 8NZ,03136201,1012631782850,1494,1/9/2026,E,
,50,Deardengate,,Rossendale,BB4 5SN,03801631,1640000889715,,30/1/2027,E,
Workshop,,Park Mill,,Swansea,SA3 2EH,03800200,2199997449984,,3/11/2025,D,
,111,Main Street,,Keighley,BD22 8DP,0481102A,2312655191016,1538,3/11/2025,E,
,79,Magdalen Way,,GREAT YARMOUTH,NR31 7AA,03136203,1012670258862,,1/9/2026,E,
,,Unit C1,,IPSWICH,IP1 5AP,04807204,1012890647620,54067,1/8/2026,E,
,126,LEA VILLAGE,,BIRMINGHAM,B33 9SL,03801007,1414146151006,3690,20/11/2025,E,
Lemon Fencing Ltd,,ASSENDUN WORKS,,HOCKLEY,SS5 5LD,00845071,1030052292342,,1/9/2026,E,
Jon Crump Body & Paintwork,Unit 2,Neiston Street Business Centre,,Leamington Spa,CV31 2AZ,03801013,1100024448077,565,28/10/2026,E,
,88,Whippendell Road,,Watford,WD18 7NE,04807201,1012425549679,4170,17/12/2027,E,
Manns Fireplaces,,96-98 Scotland Road,,Nelson,BB9 7XJ,,1610014332579,186,3/11/2025,D,
Unit 8 Victoria Business Cntr,,Neilston Street,,Leamington Spa,CV31 2AZ,03801013,1100024448030,13529,3/11/2025,D,
,2,Church Street,,Harleston,IP20 9BB,04811203,1012707465507,3915,3/11/2025,E,
1 Meadow Court,,High Street,,Witney,OX28 6ER,04044H17,2000008986114,11766,3/11/2025,E,
Unit 8 Victoria Business Cntr,,Neilston Street,,Leamington Spa,CV31 2AZ,03800013,1100024552326,,3/11/2025,D,
,8,High Street,,Settle,BD24 9EX,04811161,1610023729470,,18/12/2026,E,
,20,Mountfield Road,,,N3 3NE,,1023464685331,11814,2/9/2026,1,
Unit 2,,Market Street,,Coalville,LE67 3DX,03801013,1100018779052,183,3/11/2025,E,
Hills Butchers,2,Duke Street,,Telford,TF1 1BJ,04811N12,1417139000006,1167,3/11/2025,E,
FIRST FLOOR,143,Rochdale Road,,Bury,BL9 7BA,,1610028882660,2832,7/9/2026,1,
Unit 9,,Market Street,,Coalville,LE67 3DX,03801013,1100018779080,156,3/11/2025,E,
West View Hotel,20,Revidge Road,,Blackburn,BB2 6JB,04005661,1610021721284,363,3/11/2025,E,
,48,Walker Street,,TELFORD,TF1 1BA,03800007,1413939000002,,3/11/2025,D,
,22,Bunting Road,,Northampton,NN2 6EE,04812037,1100019224692,24753,3/11/2025,D,
,18,Stowell Street,,NEWCASTLE UPON TYNE,NE1 4XQ,0084502D,1591051863927,,5/6/2028,E,
,8,STATION YARD,,,IP6 8AS,03800202,1050002264909,,3/11/2025,D,
Monarch House,,Royal Parade,,EASTBOURNE,BN22 7LU,05802204,1900024000926,28036,3/11/2025,E,
A15,,Kirkland Avenue,,Mansfield,NG18 5QP,04811N12,1100004399790,2023,9/9/2026,E,
P M A Systems (Cradles) Ltd,72,Bunting Road,,Northampton,NN2 6EE,03801N12,1100019224860,8125,3/11/2025,E,
,48,Walker Street,,Telford,TF1 1BA,03800007,1412939000000,,3/11/2025,D,
Green Dragon,52,Kent Street,,Dudley,DY3 1UY,03801N14,1425180100003,37232,15/6/2027,E,
,10A,HIGH STREET,,Lincolnshire,PE25 3NW,,1100000732750,6586,3/11/2025,1,
"Ground Floor, Station Yard",,Station Yard,,Ipswich,IP6 8AS,03801201,1015685379235,25778,3/11/2025,E,
,232,Whalley Rd,,Accrington,BB5 5AA,04800661,1610023891971,,3/11/2025,D,
Centrefurb Ltd,Unit 3,Maitland Road,,Ipswich,IP6 8NZ,04810203,1012975819844,,3/11/2025,E,
,,21 Sawmills Road,,Diss,IP22 4GG,,1023481574006,4141,11/9/2026,E,
Oak Lea,232,Whalley Road,,Accrington,BB5 5AA,04800661,1620000609876,,3/11/2025,D,
,174,FIRTH PARK ROAD,,SHEFFIELD,S5 6WQ,0380102A,2334602716715,1023,12/9/2026,E,
RWD Shop Centre,2,Market Place,,RIingwood,BH24 1AW,03801H07,2000026766873,22804,3/11/2025,D,
,82,Bunting Road,,Northamptonshire,NN2 6EE,03801013,1100019224994,678,3/11/2025,E,
102,,BUNTING ROAD,,NORTHAMPTON,NN2 6EE,,1100019111400,577,28/8/2026,1,
,7,Main Street,,Ayr,KA6 7QL,,1800014905024,17801,3/11/2025,1,
,20,Finchfield Road West,,Wolverhampton,WV3 8AZ,03801007,1415952870002,3518,14/9/2026,E,
The Rotunda,,Clarence Street,,KINGSTON UPON THAMES,KT1 1QJ,,1900090131370,,3/11/2025,D,
,,Wharton Buildings,,Witney,OX29 0RF,,2000052453916,1071,1/9/2026,E,
,Unit 10,Purdy Road,,Bilston,WV14 8UB,,1410727460001,4875,3/11/2025,1,
Unit 25D,,Lyon Road,,Walton-On-Thames,KT12 3PU,03800201,1900036032476,,3/11/2025,D,
,23,Downend Road,,Bristol,BS15 1RT,03800N12,2200017742591,,3/11/2025,D,
Darwen Toilets,,Darwin Mills,,DARWEN,BB3 0QE,03800631,1610022124640,,3/11/2025,D,
,2,Henry Wells Square,,Hemel Hempstead,HP2 6BJ,03801202,1012966376960,14634,16/9/2026,E,
"Montrose House, Chertsey Boulevard",,Hanworth Lane,,CHERTSEY,KT16 9JX,04800203,1900027051310,,3/11/2025,D,
Aspley House,128,Richmond Road,,Bristol,BS6 5ER,,2200017195099,,3/11/2025,1,
,,,,,,,1100012352788,,,,
,1a,Downend Road,,Bristol,BS15 1RT,03801110,2200017742467,6307,3/11/2025,E,
"BUILDING SERVICES, UNIT 6",,Albert Mill,,DARWEN,BB3 0QE,,1610022124631,,3/11/2025,1,
,1,Hanworth Lane,,CHERTSEY,KT16 9JX,07800204,1900037000670,,3/11/2025,D,
Flat 128,,Richmond Road,,Bristol,BS6 5ER,00845570,2200017195104,,3/11/2025,E,
First Netherton Scouts,Non-PAF De,Birch Terrace,,DUDLEY,DY2 0LJ,04811N12,1411774590008,2359,3/11/2025,E,
Unit 7C,,Lower Albert Mill,,DARWEN,BB3 0QE,03800631,1610022124701,,3/11/2025,D,
Forge House Last Imp,34,High Street,,BROADWAY,WR12 7DT,03801007,1430000027085,1183,19/8/2026,E,
,149,Percival Road,,Enfield,EN1 1QT,,1013030951072,11812,18/9/2026,1,
Unit 3,,Halesfield 22,,Telford,TF7 4QX,03801N12,1413361800005,1368,3/11/2025,E,
Unit 10,,Albert Mill,,Darwen,BB3 0QE,,1610023886838,,3/11/2025,1,
Sewarage Works,,East End Farm,,RADSTOCK,BA3 4LX,03801110,2200041328393,,26/7/2027,E,
,62,Plymouth Street,,Swansea,SA1 3QQ,,2199989612528,,18/9/2026,E,
,114 / 114a,Penny Lane,,Liverpool,L18 1DQ,03801D02,1300003161737,,3/11/2025,E,
,48,St. James Street,,Burnley,BB11 1NH,03800631,1610014801261,,3/11/2025,D,
,166,Keighley Road,,Bingley,BD16 2DZ,0380102B,2311256421414,6142,3/11/2025,E,
,26-27,St Davids Arcade,,"Swansea,",SA1 3QW,,2199998324414,20158,18/9/2026,E,
"Unit 10c, Solent Trade Park",,Solent Road,,HAVANT,PO9 1JH,03801H07,2000055994261,517,1/11/2026,E,
,80,Everdon Way,,Peterborough,PE3 7BW,,1012874052668,18472,19/3/2027,1,
,226,Colne Road,,Burnley,BB10 1DY,03801631,1610014114805,4514,24/12/2026,E,
,,,,,,,4511591,4511591,,,4511591
W J Wood & Son,,Purdeys Way,,Rochford,SS4 1ND,,1023461143337,,27/12/2025,1,
Unit 24,,Crofty Industrial Estate,,SWANSEA,SA4 3RS,00845L02,2100041609190,,29/12/2026,E,
,12A,Westmorland Road,,Newcastle upon Tyne,NE1 4EG,,1580001790015,26675,25/10/2026,E,
,3,Powell Road,,Shipley,BD18 1BD,,2315312441011,3299,30/12/2025,1,
Town Hall Hotel (House),,Market Place,,Richmond,DL10 4QL,0380102A,1591045155750,,12/4/2029,E,
,,,,,,,845802,845802,,,845802
,,"7, LAVENDER HILL,",,LONDON,SW11 5QW,03801202,1200062548359,8149,3/11/2025,E,
,,,,,,,900414,900414,,,900414
,6,Fishers Yard,,St Neots,PE19 2AF,03136202,1012442851429,3715,31/12/2025,E,
,17,The Drive,,Sidcup,DA14 4ER,04811204,1200021317288,41979,26/12/2025,E,
,76-78,Eastgate Street,,GLOUCESTER,GL1 1QN,03801007,1413866912009,370,1/1/2027,E,
,123,High Street,,Birmingham,B14 7BW,00845N13,1424471100001,,1/1/2026,E,
,,,,,,,4813154,4813154,,,4813154
HSBC Bank Plc,,Regent Street,,Wrexham,LL11 1PR,00845G02,1300035407900,,1/1/2026,E,
,88,Wharf Street,,Sowerby Bridge,HX6 2AF,0380102A,2380001736759,13378,3/1/2027,E,
,,,,,,,7800021,7800021,,,7800021
,,Arundel Road,,ARUNDEL,BN18 0SD,03801H09,2000018478926,71127,1/1/2027,E,
,78,Narborough Road,,Leicester,LE3 0BS,,1100014215833,,25/10/2024,1,
Units 9-10,,May Street,,Broxburn,EH52 5NF,03801D01,1800020111378,15050,9/9/2026,E,
,,,,,,,4512236,4512236,,,4512236
Franks The Flooring Store,,Benfield Road,,Newcastle Upon Tyne,NE6 6XA,,1591014113400,,26/10/2026,E,
,73,Wandsworth High Street,,London,SW18 2PT,03801204,1200021620615,10203,23/8/2026,E,
Un 14,,The Shires,,Trowbridge,BA14 8AT,03801H01,2000006303057,1587,20/6/2026,E,
"Unit 13-14, HAWES VIEW INDUSTRIAL ESTATE",,"Haws View Industrial Estate, Park Road",,BARROW-IN-FURNESS,LA14 4TN,03801004,1610005785551,,17/11/2017,E,
,,Unit 5 Burma Drive,,Hull,HU9 5SD,0380102A,2365025352314,1195,3/11/2025,E,
"UNIT 4, SNAYGILL INDUSTRIAL ESTATE",,KEIGHLEY ROAD,,,BD23 2QR,,2316530675310,49959,3/1/2027,1,
,115,Exning Road,,NEWMARKET,CB8 0EL,,1012791602722,3145,26/10/2026,1,
,12f-14f,Speedwell Way,,HARLESTON,IP20 9EH,04807201,1012707409840,22744,1/1/2026,E,
Unit 5,16A,Pony Road,,Oxford,OX4 2RD,03801H08,2000050695396,16971,3/1/2027,E,
Off Harvey House,,Hassell Street,,Newcastle Under Lyme,ST5 1AR,03801N13,1412131230007,519,13/7/2027,E,
Northern Freight,,1-2 Kitching Road,,Peterlee,SR8 2HP,05800998,1592001132371,,3/11/2025,D,
,377,Leeds Road,,Bradford,BD3 9LY,0350002D,2314407481813,21671,27/3/2026,E,
,90,BRUNEL WAY,,THETFORD,IP24 1HP,00845094,1023467707769,,1/1/2026,E,
,,South Efford House,,Kingsbridge,TQ7 4NX,00800203,2200030101512,,3/11/2025,D,
,84-86,The Flat,,GLOUCESTER,GL1 1QN,04811N12,1415766912007,,4/1/2027,E,
,15-17,Stoney Street,,NOTTINGHAM,NG1 1LP,04800037,1100005094933,,3/11/2025,D,
,377,Leeds Road,,Bradford,BD3 9LY,0453404A,2314407481822,28114,27/3/2027,E,
,43,The Bishops Avenue,,London,N2 0BN,00845073,1023472248428,,1/1/2026,E,
Unit 2A,,Barton Hill Trading Estate,,Bristol,BS5 9RD,03801N13,2200017962795,14887,5/1/2027,E,
,,,,,,,1580001681041,,,,
Unit 14,,Churchill Way,,Nelson,BB9 6RT,03801014,1630000750821,7112,3/11/2025,E,
189,,Nottingham Road,,Alfreton,DE55 4JG,03800013,1100007966439,,3/11/2025,D,
,,U E1 Mill Lane,,Hailsham,BN27 4HD,00900201,1900036304868,,1/12/2030,E,
AJ Morris LTD,,"WORKSHOP, SEWSTERN INDUSTRIAL ESTATE",,SEWSTERN,NG33 5RD,03801N14,1100770445643,9579,1/1/2026,E,
,,14 Otley Road,,Shipley,BD17 7SE,0084505A,2316513776017,,13/10/2027,E,
162c,,High Street,,Hertfordshire,WD17 2EG,04807204,1012427216027,29934,5/1/2027,E,
N/S - M Pick,4,Town Street,,Retford,DN22 8PT,04800037,1100003330946,,3/11/2025,D,
E W Davies,,Hafodty Lane,,Colwyn Bay,LL28 5YN,03801D01,1300052316110,7086,6/1/2027,E,
,187,Findon Road,,Worthing,BN14 0EP,03800202,1900034400264,,3/11/2025,D,
St. Bartholomews Church,,Town Street,,Retford,DN22 8PT,03826013,1100003769442,2279,7/2/2026,E,
Unit F9 Regent Arcade,,High Street,,Cheltenham,GL50 1JZ,,1415071071000,,28/3/2026,1,
Penybryn,,Felinganol,,Cardigan,SA43 3NN,04101201,2199999212593,3462,27/10/2026,E,
,70,White Hart Avenue,,London,SE28 0GU,00070C57,2000053301044,,1/1/2026,E,
,343,Union Road,,Accrington,BB5 3HS,03500004,1610022553814,21580,7/1/2027,E,
,125,Queens Road,,BRIGHTON,BN1 3WB,03801203,1900030389244,9892,3/11/2025,E,
Ye Olde Harrow,80,Broad Street,,Sheffield,S2 5TG,,2331222839910,,3/11/2025,1,
Smallbridge Clinic,21,Stevenson Square,,Rochdale,OL12 9SA,03801014,1610012380942,12319,27/10/2026,E,
,73,Queensway,,Milton Keynes,MK2 2DW,,1100015504121,,10/1/2027,1,
"LANDLORD, 1270 TO 1272",,PERSHORE ROAD,,"BIRMINGHAM,",B30 2XU,,1470001426924,,,1,
,,86-88 Broad Street,,Sheffield,S2 5TG,,2331222836219,,1/8/2026,1,
British Legion Hut,,Bath Road,,Sturminster Newton,DT10 1DU,,2000026485803,13014,3/11/2025,1,
,85,Pelly Road,,London,E13 0NL,03801204,1200032179651,28847,10/1/2027,E,
,,86-88 Broad Street,,Sheffield,S2 5TG,0380202A,2331222836228,38,1/8/2026,E,
,,,,,,,2000026164051,,,,
,82,Boleness Road,,WISBECH,PE13 2XQ,,1023496722953,,22/3/2026,1,
,,"Bowman Trading Estate, Westmoreland Road",,LONDON,NW9 9RL,04807202,1012841943745,8740,29/10/2026,E,
Unit 17B,,Murrell Grn Bus Prk,,HOOK,RG27 9GR,03801H02,2000018017680,904,2/6/2026,E,
,352,Portswood Road,,Southampton,SO17 3SB,03801H02,2000023214588,7499,22/11/2025,E,
Coin-Op Launderette,7,Kings Parade,,ESSEX,SS17 0HR,,1012552920689,9368,22/3/2026,E,
Ground Floor,77,Harley Street,,London,W1G 8QN,03801203,1200021065821,5649,10/1/2027,E,
Car Wash Tollgate Gr,114,Leaves Green Road,,KESTON,BR2 6DQ,03801204,1900016255189,36070,10/1/2027,E,
Public Call Office,127,Victoria Street,,Blackburn,BB1 6DS,,1610023831866,2866,3/11/2025,1,
23-25,,St. Georges Street,,Northampton,NN1 2TN,03800013,1100019636294,,3/11/2025,D,
Audley Shiopping Centre,Unit 3,Audley Range,,Blackburn,BB1 1TG,03800631,1610022062700,,3/11/2025,D,
,40,Watt Road,,Glasgow,G52 4RY,,1800036602581,20503,1/1/2026,1,
,7,Spencer Parade,,Northampton,NN1 5AA,03800013,1100019677937,,3/11/2025,D,
,,,,,,,2200016400573,,,,
Westinghouse Launder;7,,Oxford Road,,Oxfordshire,OX14 2ED,04811H17,2000009308331,13532,23/3/2026,E,
,156,Dudley Road,,Birmingham,B18 7QS,03801N14,1412726601001,24135,12/1/2027,E,
,51,Rossall Road,,Thornton Cleveleys,FY5 1HG,03801631,1610004693643,680,3/11/2025,E,
"1, TOMKAT YARD",,CREW LANE,,Southwell,NG25 0TZ,,1170001410744,1379,3/11/2025,1,
FLAT 2,37-39,Cambridge Street,,Cleethorpes,DN35 8HD,0380002B,2371431825619,,3/11/2025,D,
Unit 2,,Galleyhill Trading Estate,,Swanscombe,DA10 0LQ,03801204,1900043140636,27656,22/3/2026,E,
,100-108,Commercial Street,,DUNDEE,DD1 2AJ,00845P81,1716010067662,,1/1/2026,E,
,46,Wellington Road,,RHYL,LL18 1BN,03801D03,1300009823192,22103,13/1/2027,E,
,,7A Dicconson Terrace,,Lytham St Annes,FY8 5JY,04800661,1610006129452,,3/11/2025,D,
FIRST FLOOR,681,WARWICK ROAD,,SOLIHULL,B91 3DA,03801007,1470000580857,1468,3/11/2025,E,
Bradbourne Riding Centre,,Bradbourne Vale Road,,Sevenoaks,TN13 3DH,,1900044267556,15479,31/10/2026,1,
Morrison House,,Addison Way,,Ipswich,IP6 0RL,,1023502454321,,1/10/2027,1,
Guildford Arms,1,West Register Street,,Edinburgh,EH2 2AA,00845D04,1800035300868,,6/8/2027,E,
,,Jubilee Ind Est Gorsey Lane,,Birmingham,B46 1JU,00900N14,1425164100002,,14/1/2027,E,
Information Bureau,,St Annes Rd West,,Lancashire,FY8 1SB,03801004,1610004487043,11191,3/11/2025,E,
Unit 4,,Brindley Road,,Coventry,CV7 9EP,04811037,1100023647474,5948,30/1/2026,E,
,30,Church Rd,,Bilston,WV14 8YB,,1419046090002,3513,3/11/2025,E,
,12,General Street,,BLACKPOOL,FY1 1RW,03801631,1610003653481,6514,3/11/2025,D,
Dale Farm,,Rue Hill,,Stoke On Trent,ST10 3HD,04811N12,1413731040007,1823,29/1/2026,E,
,,Hallgate House,,Wigan,WN1 1HP,03801004,1610010139132,7350,18/1/2027,E,
,,Unit 12D Oakway Court,,Durham,DH7 8XD,0380102B,1591044209616,8267,18/7/2028,E,
"ONTIC ENGINEERING &, METEOR BUSINESS P",,CHELTENHAM ROAD EAST,,CHURCHDOWN,GL2 9QL,00845E21,2500001064059,,1/11/2027,E,
,,TURNERS HILL,,ROWLEY REGIS,B65 9DP,03801N13,1415821980009,42142,2/1/2026,E,
Blackpool Catering Equipment,195,Dickson Road,,Blackpool,FY1 2HQ,03801004,1610003717815,14545,3/11/2025,E,
Becketts Commerial Enterprise,,Stoneyford Road,,Sutton In Ashfield,NG17 3GJ,,1100004853529,33861,19/1/2027,1,
,47,Barton Road,,Milton Keynes,MK2 3HU,04811N12,1100015423280,17594,23/3/2027,E,
,,29a Standish Street,,Burnley,BB11 1AP,,1610013878608,,3/11/2025,1,
,630-632,Finchley Road,,London,NW11 7RR,03801204,1012989171804,38673,3/1/2026,E,
,89,Beer Street,,Yeovil,BA20 2AD,03801H02,2000025986738,7329,20/1/2027,E,
,,29b Standish St,,Burnley,BB11 1AP,04811161,1610013878592,,3/11/2025,D,
,17,Poulton Street,,Preston,PR4 2AA,00900374,1600000094861,,3/11/2025,E,
,,,,,,,1610023302622,,,,
,37,Sheen Lane,,Mortlake,SW14 8AB,03801202,1200028164919,2582,1/11/2027,E,
Unit 5,,Abbey Wood Business Park,,Bristol,BS34 7JU,03801N14,2200031660974,33821,23/3/2026,E,
,189,Plumstead Common Road,,London,SE18 2UJ,03801201,1200030209287,4548,24/1/2027,E,
Branksome Chambers,,Branksomewood Road,,Fleet,GU51 4JS,03800H07,2000017405625,,3/11/2025,D,
SHIRLEY HOTEL,2,Hull Road,,Blackpool,FY1 4QB,03500004,1610004088956,,8/2/2027,E,
Hare And Hounds,,Berkley Street,,St Neots,PE19 2TX,04138203,1012442217545,41655,4/1/2026,E,
Maes Llwyn,,,,Llanfairpwllgwyngyll,LL61 5BX,03801D01,1300012443487,,3/11/2025,E,
,11,Clarendon Street,,Coventry,CV5 6EW,,1100022973409,3226,26/1/2027,1,
,57,Billing Road,,Northampton,NN1 5DB,,1100019185253,5475,26/3/2026,1,
,57,Edgware Road,,London,W2 2HZ,03801202,1200030146520,1148,3/11/2025,E,
Falcon Hotel,,,,Bude,EX23 8SD,,2200030080191,,1/10/2028,1,
Cafe,10,Holy Head Road,,Bangor,LL57 2EG,03800D01,1300012234531,,3/11/2025,D,
,,18-20 Grovenor Street,,Manchester,M1 7JJ,04811161,1610005895750,,3/11/2025,D,
34a,,Southgate,,Sleafood,NG34 7RY,04811N13,1100001854307,9537,1/11/2026,E,
,,,,,,,2200030078740,,,,
Unit 9,,Heron Avenue,,Wickford,SS11 8DL,03801204,1012570017501,70244,30/5/2027,E,
,,Blaendyffryn Farm,,Clynderwen,SA66 7SE,,2199999185744,7488,28/1/2027,E,
,2,Hardham Road,,Chichester,PO19 8BU,03800H07,2000018513270,,3/11/2025,D,
2ND FLOOR OFFICE;27,,HIGH STREET,,,SL4 1LH,03800631,1640000551340,,3/11/2025,D,
GRACE PATTERSONS,257,HIGH STREET,,ARBROATH,DD11 1EE,04089P11,1716584532520,611,3/11/2025,E,
,37-39,Monton Green,,Eccles,M30 9LL,03800631,1610019413790,,3/11/2025,D,
Evolution Health & Fitness Centre,,Heol Nantyreos,,LLANELLI,SA14 6RJ,,2100040192994,,1/2/2027,1,
"Unit 2, Chiltern Works",,Lincoln Road,,High Wycombe,HP12 3RQ,03801H07,2000013119485,8194,24/3/2027,E,
,197,High Street,,Canvey Island,SS8 7RN,03136203,1012594172561,28025,1/11/2026,E,
Units 7/8 First Floor,,The George Shopping Centre,,Crewkerne,TA18 7LU,03801110,2200021018666,2252,1/2/2027,E,
Garage,,Ethnam Farm,,Cranbrook,TN18 5PS,03801201,1900060076140,990,7/1/2026,E,
,,Methodist Church,,Bideford,EX39 6AB,03046110,2200011657977,4196,3/11/2025,E,
,,,,,,,1610021537760,,,,
Liverpool Road,566,,,Irlan,M44 6ZA,03800631,1610019213510,,3/11/2025,D,
Elstow Lodge,,Wilstead Road,,BEDFORDSHIRE,MK42 9YD,03136203,1012364130249,13888,4/2/2027,E,
192/193,,Speldhurst Close,,KENT,TN23 5TS,03801204,1900028217847,55071,3/11/2025,E,
RESTONS SOLICITORS,780,MANDARIN COURT,,WARRINGTON,WA1 1GG,,1300054168447,25466,1/11/2026,E,
Unit A,,Ark Grove Industrial Estate,,Stockton-On-Tees,TS18 2NH,,1580000507973,13568,8/1/2026,1,
,5,The Square,,Bradford,BD8 0QB,,2310628041717,5286,3/11/2025,1,
,1,Oaten Hill Place,,CANTERBURY,CT1 3HJ,,1900000153378,3635,3/11/2025,1,
,,25 Dunlop Street,,Renfrew,PA4 8PG,,1800028230969,11758,22/2/2027,E,
,193,Richardshaw Lane,,Pudsey,LS28 6AA,0481102C,2313620101611,535,3/11/2025,D,
,9,Albany Road,,WEYMOUTH,DT4 9TH,00845H89,2000027474510,,16/11/2025,E,
The Courthouse P H,,Castle Street,,Trowbridge,BA14 8AN,00845H86,2000027340444,,7/2/2027,E,
,,376B Doncaster Road,,Barnsley,S70 3RH,0380102C,2330607125611,434,3/11/2025,D,
,73,Wandsworth High Street,,London,SW18 2PT,03801203,1200021620606,,3/11/2025,E,
Landlords Supply 43 To 52,,Taverners Hall 170a,,Peterborough,PE1 2NW,,1030076738354,12616,25/3/2026,1,
,,,,,,,1012994120714,,,,
Star Garage Buildings,,Church Street,,Nairn,IV12 4AP,03801P07,1712101120583,4108,3/11/2025,D,
Aldro School,,Lombard Street,,Surrey,GU8 6AS,00845H87,2000027420816,,1/4/2026,E,
,,Gibb Street,,BIRMINGHAM,B9 4AA,03801007,1412875211005,,3/11/2025,E,
GRETNA SOCIAL & ATHLETIC CLUB,,Dominion Road,,Gretna,DG16 5AP,03801D02,1800016104528,41278,10/1/2026,E,
,42,Ivatt Way,,Peterborough,PE3 7PN,04807203,1050000754618,56,3/11/2025,E,
Landlords Supply,20,Church Terrace,,London,NW4 4JU,,1030073200490,12817,24/2/2027,E,
Spectrum Electrical Engineers,10,Coton Lane,,Birmingham,B23 6TP,03801007,1413395721004,80,3/11/2025,E,
,,,,,,,1012944177360,,,,
,,Brighton Road,,Oldham,OL4 3RB,,8071401,183760,25/3/2027,,204168
Cousins Products Ltd,,63-65 Cumbernauld Road,,Glasgow,G31 2SN,03800100,1800026572655,,3/11/2025,D,
Mr SV Vennit,,Workshop,,Sutton St James,PE12 0JA,,1100050060411,13235,1/11/2026,1,
Amber Hotel,,Furnace,,Alfreton,DE55 7LL,,1100008767157,,28/2/2027,1,
,,,,,,,8888529010,8888529010,,,164686
,Non-PAF De,"Davy Court, Castle Mound Way",,RUGBY,CV23 0UZ,,1100770406078,,3/11/2025,1,
Unit 3,,Arden Road,,Birmingham,B8 1DL,,1422265100003,,3/11/2025,1,
,,U 5 Moorland Way,,Lincoln,LN6 7JW,,1100002528390,8225,26/3/2026,1,
,,,37/39,Glasgow,G12 9XX,,1800025307722,,,1,
,37/39,Ruthven Lane,,GLASGOW,G12 9XX,03801D01,1800025307731,2154,3/11/2025,E,
Unit 4A,,Cranfield Road,,Bolton,BL6 4SB,,1620001275350,,3/11/2025,D,
,,Saxon Way,,Royston,SG8 6DN,04139204,1012781708120,51266,26/3/2027,E,
,436,Chepstow Road,,Newport,NP19 8JG,,2199991482026,4683,11/1/2026,1,
Potatoe Store,,Thurlands Drove,,Wisbech,PE14 9AP,00845071,1023502733775,,27/3/2027,E,
,,,,,,,21956800,21956800,,,601340
unit-49,,Main Street,,Glasgow,G69 6AD,,1800029188866,,3/11/2025,1,
,,Peace Street,,BOLTON,BL3 5LJ,,1610030440985,,3/11/2025,1,
,2-4,King Street,,SOUTHALL,UB2 4DA,03801H01,2000000050169,23002,5/2/2026,E,
,22,Rathbone Street,,London,W1T 1LG,03801203,1200033027408,20690,1/11/2026,E,
,,,,,,,1600000076988,,,,
0035397875,,Princes Avenue,,Brent,NW9 9JJ,,79922809,459973,1/10/2026,,79922809
Dreghorn Inn,39,Main Street,,Irvine,KA11 4AQ,03801D01,1800029897243,16676,3/11/2025,E,
The Hagg Bar,46,Graham Street,,Johnstone,PA5 8QY,00900D03,1800035279737,,1/11/2026,E,
Oxford Instruments Plc,,Halifax Road,,High Wycombe,HP12 3SE,,8833179604,8833179604,3/11/2025,,8833179604
,11,Alexandria Pharmacy,,Lytham St Annes,FY8 1JF,03801004,1610004593406,,28/10/2026,E,
Starters,99,High Street,,YARM,TS15 9BB,03800998,1591049435775,,3/11/2025,D,
,19,Mansel Street,,Carmarthen,SA31 1QX,04811N12,2199999043784,6199,2/11/2026,E,
Unit 8,,"Watermill Business Centre, Edison Road",,ENFIELD,EN3 7XF,,1013041651364,7,10/4/2027,1,
Unit 4,,Ashmore Lake Way,,WILLENHALL,WV12 4LF,03801007,1416696503005,2026,5/6/2028,E,
Units 1a,,Roseheyworth Road,,Gwent,NP13 1SX,,2100040377837,,2/11/2027,E,
Blitz Security Systems,2-3,Rectory Lane,,Banstead,SM7 3PP,04815202,1900027129029,3581,21/4/2027,E,
,38-42,High Street,,Newcastle,ST5 0HE,03801007,1424213000002,822,15/1/2026,E,
,,,,,,,48560901,48560901,,,321415
,2,Main Street,,LEVEN,KY8 6BT,,15364710,384051,9/5/2026,,15364710
Unit 1B,,Gregory Road,,Bury St. Edmunds,IP28 7DF,04811203,1012947014872,18019,3/11/2025,D,
,,Glenshee,,Blairgowrie,PH10 7QD,,1717256405464,,4/11/2025,1,
Stoke Bottom Farm,,Stoke St. Michael,,Avon,BA3 5HW,,2200012122004,2855,11/4/2026,1,
7 Jardine House,,Harrovian Business Village,,Harrow,HA1 3EX,,1012854358910,14819,2/11/2026,1,
Seikh Temple,31,Mitchell Close,,Belvedere,DA17 6AA,04807204,1200033226790,39970,7/5/2027,D,
LNG Furlong Kindergarten,43,Loyd Close,,Abingdon,OX14 1XR,,2000009313322,,15/1/2026,1,
"THIRD FLOOR OFFICE, Charles House 5-11",,Regent Street,,London,SW1Y 4LR,,1200039680813,3274,17/3/2026,1,
,,,,,,,845540,845540,,,845540
Unit F1,,Imex Enterprise Centre,,Nottingham,NG15 7SZ,04811N12,1100039370662,12316,14/4/2028,E,
,,Jamestown Industrial Estate,,Alexandria,G83 8BS,,1800035173924,,1/7/2027,1,
,41,Elmfield Way,,South Croydon,CR2 0EJ,03801203,1900006124683,8281,12/10/2026,E,
,75,East Road,,London,N1 6AH,04807202,1200032342050,3383,10/3/2026,E,
Unit F3,,Enterprise Park,,Nottingham,NG15 7TA,04807037,1100005188839,4854,14/4/2028,E,
,124,Roman Avenue,,NEWCASTLE UPON TYNE,NE6 2RH,,1591028914735,,15/10/2026,1,
Basement (Workshop No.3),77,East Road,,London,N1 6AH,04807201,1200032342032,1219,10/3/2026,E,
Trinity Methodist Church,,Shortmead Street,,Biggleswade,SG18 0AP,03136202,1012445567724,10639,1/5/2026,E,
,,,,,,,9186800204,9186800204,,,323007
,,,,,,,66603704,66603704,,,275474
,,,,,,,61904502,61904502,,,57423
,,,,,,,3136202,3136202,,,3136202
Unit 6,,Vikings Way,,Canvey Island,SS8 0PB,03801201,1012592689982,2003,3/11/2025,E,
Unit 2,,Higher Walton Mill,,Preston,PR5 4DJ,,8825231808,41524,1/2/2027,,39280
,,,,,,,8815067209,8815067209,,,16851
Leen Valley Golf Course,,Wigwam Lane,,Nottingham,NG15 7TA,00845N14,1100005207065,,29/8/2026,E,
,,,,,,,900071,900071,,,900071
PERCY HALL,,ALBION ROAD,,NORTH SHIELDS,NE30 2RQ,0481102D,1591025190069,,15/10/2026,E,
,,,,,,,16182608,16182608,,,42277
Ddol Cottage,,Llysdinam,,Llandrindod Wells,LD1 6NB,03801200,2199990631088,2721,15/4/2028,E,
,33,Sea Road,,Sunderland,SR6 9BS,0380102A,1591011916881,855,30/8/2027,E,
DELTA DESIGN & PRINT LTD,,UNIT 14A & 14B,,LEEDS,LE14 3RD,0380102B,2380000255369,532,16/10/2026,E,
,,,,,,,845300,845300,,,845300
Dilbag Cloth House,,Duncombe Road,,BRADFORD,BD8 9AL,,79793106,0,13/8/2028,,115330
Unit 8b,,"Festival Way, Festival Leisure Park",,BASILDON,SS14 3WB,00845072,1050000543989,,25/9/2028,E,
,,,,,,,9213167101,9213167101,,,280005
,,,,,,,3500131,3500131,,,3500131
,,,,,,,15172701,15172701,,,504257
,1,Hayes Lane Cottage,,Swansea,SA3 1LN,,2199997446237,1494,15/4/2027,1,
Scally's,,Spencroft Road,,Newcastle,ST5 9JB,03801N12,1416796520006,5624,10/3/2027,E,
Senate Snooker,,Forum Centre Bridgegate Square,,Irvine,KA12 8BQ,,1800017374982,,16/10/2026,1,
,,Knowsley Road,,St. Helens,WA10 4PX,,10816200,2982,11/9/2028,,3295
The Leisure Centre,,148a High Street,,Middlesbrough,TS6 9EN,,1591055250481,,3/11/2025,1,
,,,,,,,48786007,48786007,,,58847
,,,,,,,2800115,2800115,,,2800115
Cottage 2,,Hayles Lane,,Swansea,SA3 1LA,,2199997446219,,,1,
,3,Thorneycroft Lane,,WOLVERHAMPTON,WV10 0NF,03801N12,1417577180007,1000,3/11/2025,E,
0034498717,,South Road,,Harlow,CM20 2BS,,22096500,0,11/6/2016,,87437
,,,,,,,49143508,49143508,,,49143508
Old Farm House,,Penrice,,Swansea,SA3 1LA,03801200,2199997446246,1744,15/4/2027,E,
,9,Old Milton Road,,New Milton,BH25 6DQ,03801H02,2000020033966,7018,3/11/2025,E,
,Unit 2,TOPSHAM DARTS BUSINESS PARK,,TOPSHAM,EX3 0QH,,2200043150193,,17/10/2026,1,
,,,,,,,4139203,4139203,,,4139203
Henlle Park Golf Course,,Henlle,,Oswestry,SY10 7AX,00845K01,1300054922114,,2/7/2026,E,
,,,,,,,540382000,540382000,,,555216
,,,,,,,47846600,47846600,,,141404
Penrice Estate Office,,Penrice,,Swansea,SA3 1LA,03801N12,2199997446370,6161,15/4/2027,E,
,18,Queensbridge,,Northampton,NN4 7BF,03801N13,1160000289814,19893,20/10/2026,E,
,,,,,,,4812037,4812037,,,4812037
,,,,,,,10306603 aggr,10306603 aggr,,,
Farm Buildings,,Penrice,,Swansea,SA3 1LA,03801200,2199997446255,1742,15/4/2027,E,
Unit 8,,Commondale Court,,Bradford,BD4 6SF,,2300000138914,36900,22/10/2026,1,
,,,,,,,4811201,4811201,,,4811201
,,,,,,,44523706,44523706,,,1
Towers,,Botany Avenue,,Mansfield,NG18 5NG,,80088505,0,1/4/2030,,235479
,17,Marine Parade,,GREAT YARMOUTH,NR30 2ES,,1014570490342,,11/3/2026,1,
Unit 2c-2d,,"Mackenzie Industrial Estate,Bird Hall Lane",,STOCKPORT,SK3 0SB,,55225507,0,1/11/2027,,121501
,,,,,,,4809201,4809201,,,4809201
The Kittles,,Reynoldston,,Swansea,SA3 1LA,03801200,2199997446228,1301,15/4/2027,E,
,4,Pindar Road,,Hoddesdon,EN11 0DE,00845202,1014568629874,,24/10/2026,E,
JAMEA TUL IMAM,,THORNTON VIEW ROAD,,BRADFORD,BD14 6JX,,19598307,1300225,1/4/2027,,19598307
,6,Paisley Road,,RENFREW,PA4 8LT,,56629402,130437,3/11/2025,,143722
Bomag (great Britain) Ltd,,Sheldon Way,,Aylesford,ME20 6SE,,48790301,48790301,5/11/2026,,48790301
,20-23,Marine Parade,,GREAT YARMOUTH,NR30 2ES,00845071,1014569417627,,11/3/2026,E,
Cafe Des Fleurs,,Station Road,,Rye,TN31 7AB,,1900006320895,1370,15/4/2028,1,
,,,,,,,66536805,66536805,,,18715
,,,,,,,4800591,4800591,,,4800591
,1,Quarry Court,,Halifax,HX3 6AQ,,8836733608,18558,29/1/2027,,8836733608
,,Westland Square,,LEEDS,LS11 5SS,,9322073908,672462,1/4/2028,,641739
,20,Marine Parade,,GREAT YARMOUTH,NR30 2ES,00845071,1014569542513,,11/3/2026,E,
GROUND & 2ND FLOOR;10,10,OLIVE STREET,,SUNDERLAND,SR1 3PE,,1591020496696,6669,1/9/2026,1,
Blue Dolphin Beach Rd,,Beach Road,,Great Yarmouth,NR29 4HS,,1014569888206,,16/4/2028,1,
,,,,,,,4807037,4807037,,,4807037
,,Unit 4,,STOURBRIDGE,DY9 8HX,,1428379000004,,1/8/2026,1,
Radfords Field Ind Est,Unit 7A,Maesbury Road,,Oswestry,SY10 8JL,,1300053410533,3870,30/10/2026,1,
,,,,,,,8822418304,8822418304,,,8822418304
Unit S8,,Greys Quart,,NEWCASTLE UPON TYNE,NE1 7AP,,1580001467596,,16/1/2026,1,
,120-122,Queen Street,,NEWTON ABBOT,TQ12 2EU,,67566505,192170,10/11/2026,,263490
,,,,,,,3800110,3800110,,,3800110
Unit 5,,Bridgewater Court,,Weston Super Mare,BS24 9AY,,2200012893659,8325,16/4/2027,1,
,,,,,,,3812204,3812204,,,3812204
,,UPPER GUNGATE,,TAMWIORTH,B79 8AA,00845B2K,2700000312721,,31/8/2028,E,
,SUFFOLK FO,PEPPERS LANE,,IPSWICH,IP9 2AB,00845073,1030036520328,,1/11/2026,E,
,345b,LINCOLN ROAD,,PETERBOROUGH,PE1 2PF,03801202,1200062021736,11486,17/4/2026,E,
,,,,,,,55801506,55801506,,,67580
,,,,,,,800801,800801,,,800801
,SUFFOLK FO,PEPPERS LANE,,WHERSTEAD,IP9 2AB,,1030080263332,,1/11/2026,1,
,,Tregolls Road,,Truro,TR1 1ZQ,,2200030107685,,,1,
,24-28,Ivatt Way,,PETERBOROUGH,PE3 7PG,,48088802,436380,1/11/2027,,48088802
,,,,,,,21137303,21137303,,,354036
,,,,,,,6801054,6801054,,,6801054
Sterling House,810,Mandarin Court,,Warrington,WA1 1GG,00845K01,1300054168474,,17/4/2028,E,
,14-16,Stowell Street,,Newcastle upon Tyne,NE1 4XQ,0090002D,1591039839875,,1/11/2026,E,
,10,John Street,,West Bromwich,B70 9RX,,1413044260008,15955,13/3/2026,1,
,,,,,,,1056605,1056605,,,1213380
Unit 24,,Osprey Court;24,,Bristol,BS14 0BB,03801N12,2200015418037,6957,1/9/2027,E,
,,,,,,,49222504,49222504,,,252944
,,,,,,,4811037,4811037,,,4811037
HOPTON WORKSHOP,,Hopton Park Industrial Estate,,Devizes,SN10 2EU,00845H89,2000027341698,,1/11/2026,E,
Heath Farm,,Hampton Lane,,Meriden,CV7 7LL,,14641806,363921,1/5/2026,,443528
Unit 11,,Central City Industrial Estate,,Coventry,CV6 5RY,04811N13,1100023724419,13912,1/11/2026,E,
,,The Sweet Shop,,SUDBURY,CO10 9JQ,04807202,1012979813330,5559,1/9/2026,E,
,,,,,,,4024143,4024143,,,4024143
,12,1st & 2nd Floor,,NOTTINGHAM,NG1 5BG,04811N12,1100005164712,,14/3/2027,E,
,,,,,,,48507504,48507504,,,44891
,,,,,,,3500110,3500110,,,3500110
,,Rollino Ltd,,LEEDS,LS19 7XY,,2300000176404,20476,17/4/2028,1,
Brook Farm Bed & Breakfast,,Capenhurst Lane,,Chester,CH1 6HE,03801D03,1300011486763,7437,1/11/2026,E,
BRICKFIELD STUDIOS,30,BRICKFIELD ROAD,,LONDON,E3 3UQ,03801203,1200010161383,36402,1/9/2026,E,
,12,Ground Floor,,NOTTINGHAM,NG1 5BG,04811N12,1100005871468,5740,14/3/2027,E,
,,,,,,,7075606,7075606,,,253349
,,"Unit 2,Cygnus",,Ipswich,IP6 0LW,03801204,1030020639518,43638,1/9/2026,E,
,,SEA LANE,,SKEGNESS,PE25 1PG,00845L03,1100039653504,,19/4/2027,E,
,43,The Surgery,,Poole,BH14 0HU,,2000021491193,25161,1/11/2026,1,
,,,,,,,59587708,59587708,,,347599
,,,,,,,3136204,3136204,,,3136204
"Unit F4, The Gate",,Newgate Street,,NEWCASTLE UPON TYNE,NE1 5TG,0084505B,1507849860640,,2/11/2026,E,
,28,London Road,,Bromley,BR1 3QR,03801204,1200024432781,22337,19/4/2027,E,
,,,,,,,10576105,10576105,,,71183
,,"Unit 4, Hydra",,Ipswich,IP6 0LW,,1030020640898,34921,1/9/2026,1,
,11-13,BRUNSWICK CENTRE,,London,WC1N 1AF,,1200052206334,,1/11/2026,1,
,,,,,,,18646803,18646803,,,18646803
,,,,,,,3807203,3807203,,,3807203
,,,,,,,50276701,,,,
,,"Unit 5,Hydra",,Ipswich,IP6 0LW,03801201,1030020641127,3852,31/8/2026,E,
Unit 2,11,Stonefall Mews,,Harrogate,HG2 7PS,,1507629030036,8819,19/4/2028,1,
Stall 50,,Guildhall Market,,Bath,BA1 4AW,,2200012357269,1027,2/11/2026,1,
,3,Royal Mail Social Cl,,Northampton,NN1 2TN,,1100019636202,12503,20/3/2027,E,
,,,,,,,8446800,8446800,,,83806
,,,,,,,5076124009,5076124009,,,100926
,,,,,,,53224304,53224304,,,2840
,,,,,,,4818251,4818251,,,4818251
Commbe Abbey Farm,,Coombe Fields Rd,,Coventry,CV3 2SX,,1100025352184,94782,1/9/2026,1,
,Units 3-5,Lion Barn ind. Estate,,Needham Market,IP6 8NZ,,1014570386154,,20/4/2028,1,
,10,Bardolph Street East,,Leicester,LE4 6EG,,51118003,366560,1/6/2027,,51118003
,197,Richardshaw Lane,,Pudsey,LS28 6AA,0380102A,2313620131110,1475,15/3/2026,E,
,,,,,,,4800040,4800040,,,4800040
Unit 1,,Brindley Road,,Coventry,CV7 9EP,00845L02,1160000901390,,3/11/2026,E,
Unit 1,,Bessemer Way,,Great Yarmouth,NR31 0LX,00900204,1014570939765,,20/4/2027,E,
,,,,,,,1591052943867,,,,
,,,,,,,17510705,,,,
,,,,,,,812204,812204,,,812204
Mennerion Cott,,Carnmenellis,,Cornwall,TR16 6NW,03801N12,2200023511353,4339,3/11/2026,E,
,,,,,,,46487604,46487604,,,122585
,22,Walter Road,,Swansea,SA1 5NN,,2199998274419,8773,28/3/2026,1,
,,,,,,,78609306,78609306,,,172233
,257,Watling Street,,RADLETT,WD7 7LA,,1012428153501,,,1,
,,,,,,,13828301,13828301,,,247439
,,,,,,,4552241,4552241,,,4552241
CARR VALE WORKS,,Taylor Street,,Darwen,BB3 1DQ,,1610022781976,546,3/11/2026,1,
,,,,,,,19024100,19024100,,,342162
Bold Industrial Estate,,Neills Road,,ST. HELENS,WA9 4TF,,8818949708,648002,1/1/2026,,8818949708
,,,,,,,79874903,79874903,,,87189
,2,Bridge Street,,Norwich,NR14 6EZ,,1012710869270,,15/3/2024,E,
Block 15,,Unit 5 Amber Business Park,,Alfreton,DE55 4BR,04817037,1100008120008,4959,22/4/2028,E,
,,,,,,,3801013,3801013,,,3801013
,3,Market Place,,SHEPTON MALLET,BA4 5AZ,00900N14,2200030034112,,4/11/2026,E,
,33,Craighouse Terrace,,Edinburgh,EH10 5LH,04027D04,1800021709067,392161,1/4/2028,E,
Unit 5,,Gelders Hall Road,,Loughborough,LE12 9NH,,17165007,228431,6/1/2026,,278150
,,,,,,,93861606,93861606,,,53683
,,,,,,,6097106,6097106,,,1
,26,Bennetts Gate,,Hemel Hempstead,HP3 8EW,03801202,1012970332964,10475,22/4/2028,E,
Unit 1,83,High Street,,Brackley,NN13 7BW,,1100015873861,18018,4/9/2027,1,
,9,Dudsbury Crescent,,Ferndown,BH22 8JG,,68036110,154266,17/4/2027,,68036110
Balne Mills,,Silcoates Street,,WAKEFIELD,WF2 0DX,,2352192935912,3888,23/6/2027,E,
,,,,St Albans,AL3 6DL,,1012476639577,,,1,
,,,,,,,8817073001,8817073001,,,1
,,,,,,,4138203,4138203,,,4138203
,,,,,,,85659009,85659009,,,308833
,,58-78 High Street,,Southall,UB1 3DB,00845H86,2000027291187,,3/11/2025,E,
,,,,,,,2199989626006,,,,
,17,Churchill Parade,,Littlehampton,BN16 3DE,,1900018403088,72748,23/4/2026,1,
,,Valepits,,Birmingham,B33 0TD,00845127,1429144100005,,1/5/2027,E,
,142,Church Hill Road,,LEICESTER,LE4 8DJ,,73855801,405695,1/4/2028,,352320
,17,St. Pauls Square,,Bedford,MK40 1SL,,1012345854905,6283,4/7/2028,1,
,,,,,,,900456,900456,,,900456
,35,High Street South,,Langley Moor,DH7 8JW,0380102C,1591060423571,5696,24/4/2026,E,
Brighton & Hove Reform Synagogue,,Palmeira Avenue,,Hove,BN3 3GE,00845071,1900014001063,,8/11/2027,E,
"Unit 12-13,Bartlett Park",,Gazelle Road,,Yeovil,BA20 2PJ,,2000025948468,6372,6/11/2026,1,
B & Q D I Y Store,,Lamont Drive,,Irvine,KA12 8HD,,12603305,298742,2/10/2027,,12603305
Unit 4,,unit 4 St Katherines Court,,Swansea,SA1 7ER,03801200,2199997704928,3152,7/11/2026,E,
,,,,,,,4813004,,,,
,,,,,,,4040210,4040210,,,4040210
29-31,,Sea Road,,Bournemouth,BH5 1DH,,2000020394806,1281,20/8/2027,1,
,,,,,,,900058,900058,,,900058
,19,Magdalen street,,Norwich,NR3 1LE,,1012689935369,1123,24/3/2027,E,
UNIT 13,,ST. MARTINS WAY,,BEDFORD,MK42 0LF,00845074,1012364411306,,8/11/2026,E,
,,,,,,,61896900,61896900,,,386756
,,,,,,,4874202,4874202,,,4874202
,87,PARKER DRIVE,,LEICESTER,LE4 0JP,,1100770709732,,1/9/2027,E,
Unit 20,,Briar Close,,Evesham,WR11 4JT,03801007,1414781081001,1698,6/5/2026,E,
ELEPHANT HOTEL 1,,WOOLTON ST,,LIVERPOOL 25,L25 5NH,00845G01,1300035383090,,1/7/2026,E,
Newton Court,Unit 7,Westrand,,WOLVERHAMPTON,WV9 5HB,00845N12,1415697213003,,8/11/2026,E,
1st Floor Office,302,Abingdon Road,,OXFORD,OX1 4TE,,2000009244982,9010,17/3/2027,1,
,91,Parker Drive,,LEICESTER,LE4 0JP,,1100039376734,,1/9/2027,1,
,112,St Stephen Street,,Edinburgh,EH3 5AD,04632225,1800023015059,,21/2/2028,E,
The Swan,,Petworth Road,,Godalming,GU8 4TY,,3753110,283177,21/9/2027,,3753110
,,,,,,,8852694403,8852694403,,,635387
,732,Romford Road,,London,E12 6BT,,1200021594513,4670,10/11/2026,1,
,,,,,,,845073,845073,,,845073
35,37,Blackstock Road,,London,N4 2JF,03801204,1200021507501,38327,26/9/2027,E,
Brocton Hall Golf Club,,Sawpit Lane,,Staffs,ST17 0TE,,76866507,261522,1/4/2027,,76866507
,,,,,,,4807203,4807203,,,4807203
,112,St. Stephen Street,,Edinburgh,EH3 5AD,,1800023015068,29135,21/2/2028,1,
Unit 2,12,Abbotsfield Road,,St. Helens,WA9 4HU,,9141068908,201452,5/11/2027,,237603
Alton Manor Farm,,,,Belper,DE56 2SH,,1100008688860,400,14/11/2026,1,
,Non-PAF De,Oldends Lane,,STONEHOUSE,GL10 3RQ,,1421458100008,,18/3/2026,1,
,161,PARKER DRIVE,,LEICESTER,LE4 0JP,00845058,1100039203999,,1/9/2027,E,
,,,,,,,51215001,,,,
,,,,,,,845204,845204,,,845204
,,,,,,,63382710,63382710,,,279852
,,,,,,,900202,900202,,,900202
,91,HIGH ROAD,,BENFLEET,SS7 5LN,03136201,1012596525461,2495,14/11/2026,E,
,110,High Street,,CHICHESTER,PO20 0QG,03801H01,2000053669273,820,24/10/2026,E,
Petfayre,19,Gloucester Street,,Stroud,GL5 1QG,04811N12,1412968961001,6728,3/11/2025,E,
,,,,,,,88188707,88188707,,,816133
,,,,,,,2807004,2807004,,,2807004
Unit 35,,Shipley Indoor Market,,Shipley,BD18 3QU,,2390000098640,608,18/3/2026,1,
,,,,,,,6800001,6800001,,,6800001
Unit 16,,Durban Road,,BOGNOR REGIS,PO22 9QT,,2000018726388,,26/4/2028,1,
,,,,Shrewsbury,SY1 3TL,,1417134300000,,,1,
The Barn,,Parnell Road,,Clevedon,BS21 6DD,06800001,2200032096398,,1/1/2017,D,
G E Wood Dental Surgeon ;Total Insurance,241,Manningham Lane,,Bradford,BD8 7ER,0380102B,2316006681515,9954,18/3/2026,E,
,,,,,,,11628608,11628608,,,444678
,50,The Shires,,Trowbridge,BA14 8AT,03801H09,2000006303233,111498,1/9/2026,E,
,,,,,,,4510304,4510304,,,4510304
,70-71,Bunting Road,,NORTHAMPTON,NN2 6EE,03801013,1100019224850,7667,3/11/2025,E,
,83,OLD CHRISTCHURCH ROAD,,BOURNEMOUTH,BH1 1EP,03801H09,2000020860784,79546,1/10/2026,E,
T/A Daco,265,Acklam Road,,Middlesbrough,TS5 7BP,,1591049522035,5694,3/11/2025,1,
,,,,,SE23 3HF,,1200026737318,,,1,
,,,,,,,1010/2025,1010/2025,,,
,,,,,,,4800999,4800999,,,4800999
Baptist Church Hall,,Chester Street,,Wrexham,LL13 8BG,,1300011141416,,,1,
,4,"Wick Ind Est, Gore Road",,NEW MILTON,BH25 6SJ,03801H02,2000020017166,38927,15/11/2026,E,
,15,Raddlebarn Road,,Selly Oak,B29 6HJ,04811010,1418107701002,3334,3/7/2026,E,
,2,Valentine Place,,London,SE1 8QH,03801202,1200050531913,6435,23/9/2026,E,
,,,,,,,6873204,6873204,,,6873204
,,,,,,,10/102025,10/102025,,,
,3,The Square,,BRADFORD,BD8 0QB,0380102C,2310628031719,7262,27/4/2028,E,
,,,,,,,4807210,4807210,,,4807210
,,,,,,,2/29/2026,2/29/2026,,,
"Unit 3, Ashley Business Centre",,Hanworth Lane,,Chertsey,KT16 9GF,,1900091584518,1144,24/7/2026,E,
,,,,,,,2203007206,2203007206,,,212822
Flat a,54,St Benedicts Street,,NORWICH,NR2 4AR,03801201,1012690471267,2978,27/4/2028,E,
,,,,Chichester,PO18 8BE,,2000057293975,,,1,
,,,,,,,1591049498960,,,,
Unit 4,,Pulloxhill Business Park,,Bedford,MK45 5EU,00900202,1014571445304,,20/11/2026,E,
,17a,Bridge Street,,Pershore,WR10 1AJ,,1414520971005,2671,19/8/2026,1,
,30,New Street,,Honiton,EX14 1EX,03801110,2200019037394,798,3/11/2025,E,
Unit 4,,Watchmoor Park,,Camberley,GU15 3AQ,03801H07,2000004714638,14438,21/11/2026,E,
,17,The Precinct,,GOSPORT,PO12 1HA,03801H03,2000014170056,21542,6/8/2027,E,
,331,Lincoln Road,,Peterborough,PE1 2PF,00845072,1014572587028,,11/11/2026,E,
,Unit 3,Penneywell Shopping Centre,,Sunderland,SR4 9AS,0090002B,1591053199911,,3/11/2025,D,
,27,Rubislaw Den North,,Aberdeen,AB15 4AL,00845P81,1714831552111,,3/11/2025,D,
,,Main Street,Village Hall,Sudborough,NN14 3BX,,1100021612958,,,1,
Post Office,28,West End Post Office,,Oakham,LE15 6NT,,1100001733081,25204,19/8/2027,1,
,,19-19a Green End,,Bradford,BD14 6BA,0380102A,2310809261810,3419,25/9/2026,E,
Shere Khan,6A,The Oasis,,Sheffield,S9 1EP,0380102D,2380001173292,47705,28/2/2026,E,
Unit 6,,Commondale Court Euroway Estates,,Bradford,BD4 6SF,0380102A,2300000138923,10384,24/11/2026,E,
,,Church Street,,HARTLEPOOL,TS25 1BX,0084502C,1591050746010,,19/8/2027,E,
The Tshirt Factory Europe Ltd,,"Units 1A, 100 Barkby Road",,Leicester,LE4 9LF,00845L02,1170001419357,,24/11/2028,E,
UNIT 1,,Weber Court,,Burnley,BB11 5BU,03801004,1610013935790,8582,14/4/2026,E,
,69,Linthorpe Road,,MIDDLESBROUGH,TS1 5BU,,1591047089922,,20/8/2026,1,
Landlords Supply,,Abbey Road,,London,NW8 0AU,03801202,1200023727450,7017,12/8/2026,E,
Unit 13,,Rochsolloch Road,,Airdrie,ML6 9BB,,1800014995960,3793,24/11/2026,1,
HAES SYSTEMS LTD-COLUMBIA HOUS,UNIT 1,PACKET BOAT LANE,,UXBRIDGE,UB8 2JP,03801H09,2000001559410,46308,28/2/2026,E,
E Reading,,56 St Marys Butt,,READING,RG1 2LG,,2000010523730,,25/11/2026,1,
4 Canal Estate,,Station Road,,Slough,SL3 6EG,,2000003840651,5277,20/8/2027,1,
,15,Ford End Road,,Bedford,MK40 4JE,,1012346741557,9770,10/6/2026,1,
Fashion Fare,18,Watergate,,GRANTHAM,NG31 6PR,03801N13,1100001444916,9916,23/1/2026,E,
,461,Stratford Road,,Birmingham,B11 4LD,03801N12,1411876711006,18090,25/11/2025,E,
Near Star Building,,Burtonhead Road,,St Helens,WA9 5EA,00845K02,1300053285439,,11/11/2025,E,
,461,Stratford Road,,Birmingham,B11 4LD,03801N12,1414876711001,12917,25/11/2025,E,
,54,High Street,,Gwynedd,LL57 3AN,03801D02,1300011779490,23592,26/11/2026,E,
,126,High Street,,Smethwick,B66 3AP,03801007,1415795660002,2393,28/2/2027,E,
,,,,,,,5004322308,,,,
,9,"MIDLAND COURT, CENTRAL PARK",,LUTTERWORTH,LE17 4PN,,1100024317063,,3/11/2025,1,
Tile Barn Farm,,,,Basingstoke,RG25 2RS,03801H09,2000054496257,42493,14/11/2026,E,
,,,,,,,1429900500001,,,,
Unit 5B,,Mayflower Way,,Harleston,IP20 9EB,04807201,1012707411450,2860,3/11/2025,E,
Above Travel Agent,126,High Street,,Smethwick,B66 3AP,03800007,1418178203000,,3/11/2025,D,
,,Sea King Road,,YEOVIL,BA20 2NZ,03801H09,2000025947739,53549,15/11/2026,E,
,,8-15 Highlands Court,,Leigh-On-Sea,SS9 2SL,04100201,1012522272723,963,29/11/2026,E,
Unit 4 RelianceEnterprise Park,,,,Manchester,M40 3AL,03500004,1610018253371,7423,26/2/2026,E,
128-130 Accomodation Block,130,High Street,,Smethwick,B66 3AP,03801007,1414795660000,13066,28/2/2027,E,
Unit 13,,"Monkspath Business Park, Highlands Road",,SOLIHULL,B90 4NY,00845L02,1415619931000,,3/11/2025,E,
,2,Regent Street,,Rugby,CV21 2QF,00845058,1100025164381,,3/11/2025,E,
Unit 4,,Reliance Enterprise Park,,Manchester,M40 3AL,04511591,1610018253380,,26/2/2026,E,
,91,Stafford Street,,WILLENHALL,WV13 1RT,03801007,1411056750007,3689,29/11/2026,E,
Ring O Bells,,Northwich Rd,,Northwich,CW8 3AY,00900D03,1300035416630,,3/12/2027,E,
"B, Unit 3",,Temple Road,,LEICESTER,LE5 4JG,,1100012294727,10481,30/11/2026,1,
Guru Nanak Gurdwara,,130 High Street Main Supply,,Smethwick,B66 3AP,,1460002277415,,28/2/2027,1,
,,"Abbey Industrial Estate, Mount Pleasant",,WEMBLEY,HA0 1NR,04807202,1012833140038,8866,3/11/2025,E,
,,,,,,,1300053763622,,,,
,80,London Road,,Sheffield,S2 4LR,0380102A,2330150514014,1296,22/8/2026,E,
,18,St. Peters Wharf,,NEWCASTLE UPON TYNE,NE6 1TW,0481102A,1591060926254,18867,1/12/2026,E,
Zone 6,,Cibyn Ind Estate,,Caernarfon,LL55 2BD,00845G02,1300054685018,,28/2/2026,E,
,,,,,,,1300053763640,,,,
Coronation House,25,Coronation Drive,,Dalton In Furness,LA15 8QJ,04811014,1610005516138,19902,22/8/2026,E,
Tube Care Inspection,,Bessemer Way,,Great Yarmouth,NR31 0LX,04807202,1023460343393,20411,1/12/2026,E,
,22-30,Hull Road,,BLACKPOOL,FY1 4QB,03801631,1610004110352,2469,3/11/2025,E,
,,"High Street , St. Mary Cray",,Orpington,BR5 3NJ,00900203,1900010264860,,3/11/2025,E,
1st Floor Office,,337-339 Lincoln Road,,Peterborough,PE1 2PF,03801202,1050000336464,4614,1/12/2026,E,
,39,Blacklow Brow,,Liverpool,L36 5XE,00900D04,1300035386570,,3/11/2025,E,
,22-30,Hull Road,,Blackpool,FY1 4QB,,1610004110361,2689,3/11/2025,1,
,,,,,,,1300053763650,,,,
SAM TURNERS,17,STOKESLEY BUSINESS PARK,,MIDDLESBROUGH,TS9 5PT,0380102C,1580000442058,,1/12/2026,E,
,,,,,,,1411264741009,,,,
,2,Market Street,,Highbridge,TA9 3BW,03500110,2200021851878,2,3/11/2025,E,
,6,Cross Street,,Barnstaple,EX31 1BA,03801N12,2200013995477,8182,22/8/2026,E,
,,Lutterworth Road,,LUTTERWORTH,LE17 5DR,04812N13,1100018446829,11936,1/12/2026,E,
Leigh County Court,22,Walmesley Road,,Leigh,WN7 1YE,03801014,1610009040211,5437,20/6/2026,E,
The Workshop,22,High Street,,Southam,CV47 8JZ,03801N12,1100024799187,9059,13/2/2027,E,
ROBSON TRADING ESTATE,Unit 4,90-96 Bordesley Green,,Birmingham,B9 4TS,03801N12,1413653113000,24085,3/11/2025,E,
Castlefield Farm,,Kentchurch,,HEREFORD,HR2 0DA,03801007,1411638191005,299,27/8/2026,E,
,15,Lampits Hill,,STANFORD-LE-HOPE,SS17 9AA,03801202,1023545735988,3418,17/11/2026,E,
Unit 5,,Lancaster Way,,Colchester,CO6 2NS,00845072,1014572704558,,2/12/2026,E,
Ground Floor,14,Albert Road,,Bournemouth,BH1 1BZ,03801H01,2000021018597,1927,3/11/2025,E,
Castlefield Farm,,,,Hereford,HR2 0DA,04811N12,1412638191007,4882,28/8/2026,E,
13-14,,Derwent Street,,Sunderland,SR1 3NT,0084505C,1580000673030,,1/3/2028,E,
,96,Furtherwick Road,,Canvey Island,SS8 7AJ,00900204,1014571696000,,23/5/2027,E,
Sikhh Temple,,Hounslow BusnPk,,Hounslow,TW3 3UD,03801H09,2000002799996,135349,1/4/2030,E,
The Jolly Brewer,27,Broadgate,,LINCOLN,LN2 5AQ,04031N12,1100002347540,46585,1/9/2029,E,
The Cottage Inn,26,Broad Lane,,Reading,RG7 6QJ,03126H14,2000011413462,12231,7/6/2027,E,
20,,Temple Road,,Leicester,LE5 4JG,03801N14,1160001390997,13297,2/2/2027,E,
,327,Reepham Road,,Norwich,NR6 5AD,03136201,1012688630574,7516,14/2/2027,E,
,448,Lichfield Road,,Sutton Coldfield,B74 4EP,03801N13,1417259231007,15967,3/11/2025,E,
,3,Whitaker Road,,Coventry,CV5 9JE,03801N12,1100023150002,5532,18/11/2025,E,
4TH FLOOR REAR,125,Queens Road,,Brighton,BN1 3WB,03801202,1900060501750,4722,5/12/2026,E,
Grange Nurseries,,Welford Road,,Stratford-Upon-Avon,CV37 8RH,03801007,1411159471006,214,14/2/2028,E,
,,84-86 Burley Road,,Leeds,LS3 1JP,0380102C,2341233457315,18987,21/2/2028,E,
,31,BUCKINGHAM STREET,,AYLESBURY,HP20 2LA,04139204,1012458500162,44492,3/11/2025,E,
,,,,,,,1100018556309,,,,
,,325A Reepham Road,,Norwich,NR6 5AD,04811201,1012688630342,1443,6/12/2026,E,
Beacon Street Garage,Unit 3,Greenhough Road,,Lichfield,WS13 7AU,03801007,1419560840009,2366,6/12/2026,E,
,29,Regent Street,,Hinckley,LE10 0BA,04811037,1100018616358,2380,3/11/2025,E,
Maria Residential Home Emi Ltd,34,Silver Birches,,High Wycombe,HP13 7NN,03801H03,2000012996123,7270,15/2/2027,E,
"A J HILL PLUMBERS, EAGLE HOUSE",,HIGH STREET,,STOURBRIDGE,DY9 8LH,03801007,1419321980009,2243,23/8/2027,E,
Landlord Supply,,Ravenhead Road,,St Helens,WA9 5EA,00900D01,1300060260331,,19/11/2025,E,
Landlords Supply 1,70,Commercial Street,,Scarborough,YO12 5EW,,1580000765444,621,3/11/2025,1,
Unit 4,,Caroline Court,,Lancashire,BB11 5UB,03801004,1630000474016,,15/2/2026,E,
25,,The Broadway,,Wickford,SS11 7AD,03136202,1012569034943,29097,19/11/2026,E,
,9-15,Town Hill,,WREXHAM,LL13 8NA,00845G01,1300060377280,,6/12/2026,E,
,,,,,,,1200010189802,,,,
,,,,,,,1610003580150,,,,
H V House,,First Way,,Wembley,HA9 0JD,00846074,1030014053005,,3/11/2025,E,
,192,High Street,,Harwich,CO12 3AJ,04100204,1012637015126,21968,24/8/2027,E,
,,,,,,,1591047894436,,,,
,,,,,,,1012890590123,,,,
Services,4,Lisle Avenue,,Kidderminster,DY11 7DE,03801N12,1418566391005,2304,7/12/2026,E,
Unit 4B,,Barton Turns Marina Ltd,,Burton-On-Trent,DE13 8DZ,03801013,1160000520477,3112,15/2/2026,E,
,,819-821 High Road,,LONDON,N17 8ER,,8818187807,22,3/11/2025,,11033
,3,Robinson Road,,Nottingham,NG3 6BA,04807N12,1100005088150,2850,2/10/2026,E,
,37,High Street,,Leiston,IP16 4EL,,1012712997007,42084,24/8/2026,1,
"Unit 1,Kirkland Industrial Park",,Kirkland Avenue,,Mansfield,NG18 5QP,03801N12,1170000631453,,24/8/2024,E,
,,,,,,,1100006791830,,,,
Office 2,,Pond Court,,Billingshurst,RH14 0SB,03801H01,2000016963159,842,8/12/2026,E,
GLOUCESTER,,OLDENDS LANE IND ESTATE,,,GL10 3RQ,00845H03,1420819100000,,18/4/2026,E,
Leefe House,27,Abbey Street,,MARKET HARBOROUGH,LE16 9AA,03801N12,1100020716656,12532,8/12/2026,E,
THE CORNER HOUSE,67,JERVISTON STREET,,MOTHERWELL,ML1 4JJ,03801D02,1800018589333,12594,24/3/2027,E,
,2,Tudor Rise,,Ross-On-Wye,HR9 5QB,04811010,1411852881001,6380,24/8/2026,E,
Milford Buildings,,Milford Street,,Huddersfield,HD1 3DY,0084505A,2326510002014,,16/2/2026,E,
,,Jubilee Road,,Barmouth,LL42 1LT,03801D03,1300009978198,8353,20/11/2027,E,
Munchkins,,MERRYLAND,,ST IVES,PE27 5ED,04807203,1012432070869,,10/12/2026,E,
,1,High Street,,Woodstock,OX20 1TE,03801H04,2000008711774,34651,21/11/2027,E,
Unit 11,,Bartlett Court,,Yeovil,BA20 2NZ,03801H02,2000025948078,6281,13/12/2026,E,
UNIT 30,,SAFFRON COURT,,BASILDON,SS15 6SS,,1012562769518,12843,25/8/2028,1,
,8,Harvest Drive,,Lowestoft,NR33 7NJ,,1012701836028,1510,16/2/2027,E,
,,Gazelle Road,,Yeovil,BA20 2PJ,03801H07,2000025948430,6242,6/12/2025,E,
K9,,"Upper Level, White Rose Shopping Centre",,LEEDS,LS11 8LU,0380102C,2380000901508,22834,1/3/2026,E,
Unit 15 D,,Greenway,,Caerphilly,CF83 8DW,03801N12,2199994938537,5013,26/8/2026,E,
,1,Crossland Street,,MEXBOROUGH,S64 8BD,0380102A,2335860928718,83,13/1/2026,E,
29/30,,Roman Way,,Birmingham,B46 1HQ,05034N33,1429454100009,13841,3/11/2025,E,
,10,Union Street,,Stratford On Avon,CV37 6QT,03801N12,1417447081007,5491,15/12/2026,E,
,29,Lampits Hill,,Stanford-le-hope,SS17 9AA,04807202,1012554759764,3124,16/12/2026,E,
,85,High Street,,St Thame,OX9 3EH,04807202,1012450705004,7156,3/11/2025,E,
PRIMROSE COURT RESID,,SOUTH ROAD,,STOCKTON-ON-TEES,TS20 2TB,0080105A,1580000577224,,17/12/2026,E,
,,"Unit 3,Columba",,Ipswich,IP6 0LW,,1030020638597,8179,31/8/2026,1,
,,,,,,,1012690350517,,,,
Unit 1 The Wallows Industrial Estate,,Fens Pool Avenue,,Brierley Hill,DY5 1QA,00845127,1470000169351,,3/11/2025,E,
Grassmere Residential Nursing,,Linden Drive,,Prestatyn,LL19 9EH,,1300009652544,7924,3/11/2025,1,
SAXON LODGE CARE HOME,,SOUTH ROAD,,STOCKTON-ON-TEES,TS20 2TB,0080105A,1580000119653,,17/12/2026,E,
"LANDLORD SUPPLY, 84",,NORTH DENES ROAD,,"GREAT YARMOUTH,",NR30 4LW,03801202,1050001863744,756,17/2/2026,E,
,,The Robins,,BRISTOL,BS3 2PW,00900N14,2200030002245,,15/7/2026,E,
,,,,,,,2380000348819,,,,
,77b,Hart Road,,Benfleet,SS7 3PB,03801201,1012599960516,1277,22/12/2026,E,
,,,,,,,2000026291939,,,,
Ground Floor Flat,,167 Hills Road,,Cambridge,CB2 2RJ,04130203,1012803602510,24758,27/8/2026,E,
,51,HIGH STREET,,BROMLEY,BR1 1LE,00845071,1200010183299,,20/2/2027,E,
The Mill Store,5,Earls Colne,,Colchester,CO6 2SB,,1012492617440,31318,3/11/2025,1,
,4,Penta Court,,Hertfordshire,WD6 1SL,04811203,1013025970426,12216,22/12/2026,E,
,9,Cardigan Fields Road,,LEEDS,LS4 2DG,0084505A,2380002221877,,1/3/2026,E,
,112,KENWYN STREET,,TRURO,TR1 3DJ,03801N14,2200023900997,60060,28/8/2026,E,
Starbucks Moorland Way,,STARBUCKS MOORLAND WAY (SITE ID: 787),,LINCOLN,LN6 7JW,,1170001571752,,24/11/2025,1,
,624,Finchley Road,,London,NW11 7RR,,1012989169503,4518,23/12/2026,1,
Leveness Solicitors,235-239,Ashley House,,London,N22 8HF,00845072,1013087488988,,1/3/2028,E,
,19,Wembley Park Drive,,Wembley,HA9 8HD,03801202,1012836777943,9846,3/11/2025,E,
T Venables Books,60,Main Street,,KEIGHLEY,BD22 8DP,,2312654151810,8029,23/12/2026,E,
Synergy Property Group,,Butts Lane,,Royston,SG8 7SL,00845073,1050001086537,,1/3/2028,E,
,,94a High Street,,Dudley,DY1 1QP,03801007,1415078201001,5187,4/10/2027,E,
,15,Northenden Road,,Sale,M33 2DH,03801024,1630000083177,41300,25/11/2025,E,
,Unit 5,Barton Trading Estate,,Bristol,BS5 9RD,00900N12,2200017962800,,23/12/2026,E,
& Mcgorin,21,Wembley Park Drive,,Wembley,HA9 8HD,03801203,1012836778404,3641,3/11/2025,E,
,10,Sidwell Street,,Leicester,LE5 4GQ,00845058,1100039350035,,3/11/2025,E,
Unit 12,,"Central City Industrial Estate, Red Lane",,COVENTRY,CV6 5EQ,04830N13,1100023724428,14693,1/3/2027,E,
OLD PREBENDAL HOUSE,,STATION ROAD,,CHIPPING NORTON,OX7 6BQ,00845H86,2000027363734,,1/4/2027,E,
Rotherwas Industrial Estate,,,,Hereford,HR2 6JZ,06800021,1424350200007,,3/11/2025,D,
Unit 2,7,Saxon Way,,Royston,SG8 6DN,03801202,1012781706052,2332,20/9/2026,E,
FAIRFIELD SOCIAL CLUB,272,Townhill Road,,Swansea,SA1 6PE,03220N14,2199998066638,47392,3/11/2025,E,
Unit 17d,,Raleigh Hall Industrial Estate,,STAFFORD,ST21 6JL,03800N13,1416988910009,,3/11/2025,D,
,25,Boulevard,,WESTON-SUPER-MARE,BS23 1NX,03801N13,2200012977982,18508,24/7/2028,E,
,Non-PAF De,Wrekin Road,,TELFORD,TF1 1QZ,04811N12,1410049000005,14166,8/8/2028,E,
,48,Carmarthen Road,,Llanelli,SA14 6SU,03220N14,2199996981029,71380,20/9/2026,E,
,68,Cromford Road,,RIPLEY,DE5 3FP,04828N14,1100008251944,,14/4/2027,E,
,,Fabian Road,,Eston,TS6 9RH,0084505A,1591017975260,,3/4/2027,E,
,,Tuthill,,Lydney,GL15 5PA,,1416689912000,31828,31/3/2028,1,
The Buddah Padipa Temple,14,Calonne Road,,London,SW19 5HJ,03801203,1200034262178,3564,22/9/2026,E,
,2,George Street,,Plymouth,PL1 4HN,07801N13,2200030069170,6922,15/3/2026,E,
,4,The Parade,,London,OX5 1EE,03801H02,2000008318125,4110,17/5/2027,E,
Landlord Supply,19,Wellington Street,,Luton,LU1 2QH,03801202,1050001930940,286,22/9/2026,E,
,,The Village,,Shrewsbury,SY4 1LA,03801D02,1300012942918,3667,1/8/2027,E,
Land/Lords Heating(Only),37,Eaton Place,,London,SW1X 8BX,04807201,1200026500193,1668,2/3/2026,E,
Farm Building,,Village Farm,,PICKERING,YO18 7LE,0380102B,1580000899477,5589,27/1/2027,E,
Talbot Hotel,,Bridge Foot,,Derbyshire,DE56 2UA,04031N13,1100008868741,50542,2/3/2027,E,
The Village Hall,,Granborough,,Buckingham,MK18 3NJ,03801N12,1100016070921,1234,24/9/2026,E,
Burgage Borehole,,The Village,,SHREWSBURY,SY4 1LA,,1300013784961,,24/10/2027,1,
,,Rawtenstall Road End,,ROSSENDALE,BB4 6QE,04811014,1610022691374,21529,10/9/2027,E,
8 CHESTNUT COTTAGES,,HIGH STREET,,POLEGATE,BN26 5TB,04016203,1900046270950,1759,24/9/2026,E,
,19,Hillside Road,,Bury St. Edmunds,IP32 7EA,03801201,1030016613590,2548,2/3/2026,E,
,,Henry Street,,ROCHDALE,OL11 1EN,,1630000491698,13538,3/11/2025,D,
Garrolds Farm,,Woodgates End,,Dunmow,CM6 2BN,03801201,1012487269022,12,3/11/2025,E,
,49,Friern Barnet Road,,LONDON,N11 3EG,03801201,1023545636920,4175,3/11/2025,E,
,69-71,Whitworth Road,,Rochdale,OL12 0RD,03801274,1610012425682,158,30/5/2026,E,
Unit 12,,Newton Court,,Wolverhampton,WV9 5HB,00900N13,1410797213000,,28/1/2026,E,
,,,,,,,1900021294960,,,,
Unit 6,,Chalex Industrial Estate,,Brighton,BN42 4NH,03801201,1900090347897,1767,2/3/2027,E,
,20,Churchill Precinct,,Dudley,DY2 7BJ,04811010,1428689000008,20188,3/7/2026,E,
,12,Elbow Lane,,Liverpool,L37 4AW,03801D03,1300000136445,20664,1/10/2026,E,
Unit 6,,School Road,,IPSWICH,IP6 0SA,04139204,1015682301830,2867,30/10/2026,E,
,82,High Street,,Stoke On Trent,ST8 6AS,04811N12,1416791830009,3613,2/3/2027,E,
,33,Alexandra Street,,SOUTHEND-ON-SEA,SS1 1BW,03800203,1050000107568,,3/11/2025,D,
Garage,,Rookery Lane,,Leicester,LE6 0GL,03801013,1100013146950,999,3/11/2025,E,
65,,ST. PAULS ROAD,,WALLASEY,CH44 7AJ,03801D01,1300006759126,3106,29/9/2026,E,
,,The Works,,Much Wenlock,TF13 6DQ,00900N13,1419422103000,,2/3/2026,E,
The Green,,Highams Road,,HOCKLEY,SS5 4DG,03136202,1012605783429,11028,5/8/2027,E,
,39,Mayflower Way,,BEACONSFIELD,HP9 1UG,04044H17,2000013494765,21199,26/6/2026,E,
Unit 1,73,Morris Road,,Leicester,LE2 6BR,04811N12,1100013756079,5013,2/8/2027,E,
,96,High Street,,Dudley,DY1 1QP,03801007,1419078201009,9171,1/4/2026,E,
Unit 8A,,Snaygill Industrial Estate,,Skipton,BD23 2QR,0090002B,2380000609057,,29/9/2026,E,
3,,SKINNER STREET,,GILLINGHAM,ME7 1HD,04812204,1900031161558,,3/11/2025,E,
,103,Bunting Road,,Northampton,NN2 6EE,03801N12,1100019225117,6880,2/8/2026,E,
,290,Shields Road,,Newcastle upon Tyne,NE6 1DX,0090002D,1591010778290,,1/10/2026,E,
,,,,,,,1610022587051,,,,
,27,Spa Road,,HOCKLEY,SS5 4AZ,04807202,1012605194399,,12/7/2027,E,
,,Bristol Road,,BRISTOL,BS40 6HJ,00900N14,2200030040445,,3/11/2025,E,
,5,Old Milton Road,,New Milton,BH25 6DQ,03801H02,2000020033901,4698,30/9/2026,E,
,14,Dunlin Court,,BELLSHILL,ML4 3NH,03801D03,1800018777632,13072,1/12/2027,E,
Unit 8,,Greenway,,Caerphilly,CF83 8DW,00845300,2100041190543,,13/8/2026,E,
,,,,,,,63921905,63921905,,,126555
,11,Woolton Street,,Liverpool,L25 5NH,03801D02,1300003587155,63601,16/8/2027,E,
"8 High Street, 8 Hig",,Bourdon,,Bordon,GU35 0AX,03801H02,2000017304341,6707,2/7/2026,E,
,70,Victoria Street,,PAIGNTON,TQ4 5DS,00845N14,2200030092903,,1/10/2026,E,
"Unit 3, Mid Sussex Bus Park",,Folders Lane East,,Hassocks,BN6 8SE,03801203,1900070641835,2281,3/11/2025,E,
Motor Spares,199,Richardshaw Lane,,Pudsey,LS28 6AA,0380102A,2313620141614,1216,3/11/2025,E,
,2,"Cloisters Business Centre, Battersea Park Road",,LONDON,SW8 4BG,04811202,1200025298070,5340,1/10/2026,E,
,65,Alexandra Road,,Morecambe,LA3 1RW,03801014,1640000286283,17269,14/11/2026,E,
,,,,,,,1900034050561,,,,
,142,Cambridge Road,,Hitchin,SG4 0JN,04807201,1012821067790,3313,20/5/2026,E,
,41,High Street,,Baldock,SG7 5NP,,1012811828465,14801,3/3/2026,1,
,59,Barking Road,,London,E6 1PY,03801204,1200041506210,9635,27/4/2026,E,
TOWN & COUNTRY,Unit 2,Bardon Hill,,COALVILLE,LE67 1TE,00845060,1100039674745,,4/3/2026,E,
BAY 2,,GARTSHORE BUILDINGS,,Perth,PH2 8BB,03801R51,1717015796006,10,13/12/2026,E,
,35,King Street,,Great Yarmouth,NR30 2PN,04811202,1012674248672,8152,1/10/2026,E,
,,"Unit 15, Sheddingdean Business Centre",,BURGESS HILL,RH15 8QY,04811203,1900004324912,2429,27/2/2026,E,
,34,High Street,,OAKHAM,LE15 6AL,04812037,1100001740770,28321,3/8/2028,E,
44,,ST. MATTHEWS STREET,,IPSWICH,IP1 3EP,04812202,1012894025171,3623,4/3/2026,E,
Health Centre,133,Glover Street,,Perth,PH2 0JB,00845P81,1717014025436,,1/1/2026,E,
,27,Hooe Road,,PLYMOUTH,PL9 9QS,00900N13,2200030074825,,3/11/2025,E,
,1111,Finchley Road,,London,NW11 0QB,04811202,1012996733740,5960,1/10/2026,E,
Unit 44,,Station Road,,Birmingham,B46 1JT,03801N12,1416253741000,11389,15/10/2026,E,
,,Quadrant House;10,,High Wycombe,HP11 2DG,03801H06,2000013083651,,3/11/2025,E,
30 New John Street West,,,,Birmingham,B19 3NB,03801N12,1415178431004,6435,4/7/2026,E,
Unit 1,,Hallam Fields Road,,ILKESTON,DE7 4AZ,04807N12,1160000931145,,9/5/2026,E,
Caer Lloi,,Betws Gwerfil Goch,,Corwen,LL21 9PG,03801D02,1300010153917,7299,4/3/2026,E,
,616,Finchley Road,,London,NW11 7RR,04808202,1012989165590,,1/10/2026,E,
Unit 18,,"Mile Oak Industrial Estate, Maesbury Road",,Oswestry,SY10 8GA,04811D04,1300035434197,,26/2/2026,E,
UNIT 401,,POINTON WAY,,DROITWICH,WR9 0LW,00801E2K,2600002783256,,3/11/2025,D,
,,Ruthvenfield Avenue,,PERTH,PH1 3WB,03801P06,1700051174047,3755,3/11/2025,E,
,45,Purdeys Way,,Rochford,SS4 1ND,03801202,1012608236606,9569,1/10/2026,E,
,,,,,,,1610005300757,,,,
Shop Ground Floo,5,Station Road,,New Milton,BH25 6HN,03801H02,2000020040430,3705,3/8/2027,E,
,Unit 47,Purdeys Way,,Rochford,SS4 1ND,03801203,1012608236838,17088,1/10/2026,E,
Orpington Village Halls Trust,311,High Street,,Orpington Village Hall,BR6 0NN,00900071,1900090572186,,25/6/2026,E,
New Build Annexe At Brynfa,,Holyhead Road,,Bangor,LL57 2DP,00900D04,1300060233904,,23/7/2027,E,
,41,Warwick Road,,London,SW5 9UP,03801203,1200024516563,28479,1/10/2026,E,
Highview House,1st Floor,,,Epsom,KT18 5QJ,03801204,1900028090960,15363,19/9/2026,E,
Lennox Lea Hotel,,Charlton Drive,,Sale,M33 2BJ,00900424,1600000072158,,3/8/2026,E,
,31,Market Street,,FERRYHILL,DL17 8JH,0380102B,1591014466944,7417,5/3/2028,E,
,41,Warwick Road,,London,SW5 9UP,03801201,1200024516572,17050,1/10/2026,E,
,101,High Street,,Yarm,TS15 9BB,0480802B,1591022676588,5452,4/8/2026,E,
,46,Croydon Road,,REIGATE,RH2 0NH,03801202,1900070189700,4639,4/4/2026,E,
H F C Bank Plc,39,High Street,,PAISLEY,PA1 2AF,03802D01,1800027927019,,3/11/2025,E,
,101,High Street,,Brackley,NN13 7BW,03801N14,1100015874100,84008,5/8/2027,E,
,51,Warwick Road,,London,SW5 9UP,,1200024516795,26630,1/10/2026,1,
,,Unit 4,,HOUNSLOW,TW3 3UD,03801H01,2000002799931,6444,5/3/2026,E,
55 Old Brompton Road,55,Old Brompton Road,,London,SW7 3JS,04807203,1200028678950,30467,3/11/2025,E,
,22,Glenfield Road,,STOCKTON-ON-TEES,TS19 7PQ,0090002C,1591045473493,,1/10/2026,E,
,,Culley Court,,PETERBOROUGH,PE2 6XD,03801204,1030042821175,164229,18/1/2026,E,
Unit 6,,Isis Court,,Abingdon,OX14 1DZ,03801H07,2000052604080,9126,5/3/2027,E,
,56,Second Drove,,Peterborough,PE1 5XA,04811202,1012881074790,4198,1/10/2026,E,
,137,High Road,,Benfleet,SS7 5LN,03801202,1012596536506,,4/8/2028,E,
,Hirwaun In,,,Aberdare,CF44 9UP,00845300,2199989609108,,16/12/2026,E,
Unit 4,,Station Road,,Birmingham,B46 1HT,03801N14,1414353741001,55332,1/10/2026,E,
,46,High Street,,DONCASTER,DN10 4PB,04812N14,1100003580188,13302,3/11/2025,E,
,,Unit 27,,LEICESTER,LE9 6TU,04811N12,1100018026561,3672,27/8/2026,E,
,1,ECCLES INDUSTRIAL ESTATE,,BACKWORTH,NE27 0BN,0090005A,1591047635145,,19/11/2025,E,
Haslemere Methodist Church,,Lion Green,,Haslemere,GU27 1LD,03801H07,2000016433418,21587,1/10/2026,E,
,,,,,,,1412464741001,,,,
Bulls Head,,Barston Lane,,Solihull,B92 0JU,04811N12,1414936441003,69062,4/6/2026,E,
,41,Stakehill Industrial Estate,,Manchester,M24 2FL,04811004,1610002524553,13660,7/3/2026,E,
178,,HIGH STREET,,TONBRIDGE,TN9 1AJ,00900203,1900090295802,,24/3/2027,E,
,140,Holbrook Lane,,COVENTRY,CV6 4BN,,1100023492553,15179,3/11/2025,E,
,,,,,,,19985101,19985101,,,228404
,357,Aylsham Road,,Norwich,NR3 2RX,04812203,1012681276780,21650,21/5/2026,E,
Laburham House,,Chapel Street,,Market Rasen,LN8 3AG,0481102B,2373233810013,2756,1/2/2026,E,
Boat House,4262,High Street,,Deeside,CH5 4DD,04524233,1300034488350,,29/5/2026,E,
,155,,,"BIRMINGHAM,",B33 8BA,03801N12,1470000996230,7670,8/3/2027,E,
"ArcoEngineering Ltd,Birchwood Ind.Estate",,Hoe Lane,,Waltham Abbey,EN9 2RJ,03801203,1023535239219,33713,5/8/2027,E,
Just Design,,Unit 3 Temple Buildings,,Leicester,LE5 4JG,03801N14,1100039204399,17604,3/10/2026,E,
Car & Kitchen,,Market Place,,SETTLE,BD24 9EF,03500131,1610023737347,6965,27/8/2027,E,
,,,,,,,9095077605,9095077605,,,123779
Unit 2,59,Wharf Road,,Birmingham,B11 2DX,03801007,1418302041007,761,3/10/2026,E,
,131,Roman Road,,LONDON,E2 0QN,03801204,1200033366832,32371,4/8/2027,E,
"Oaktree Farm House, Honeystreet Farm",,,,PEWSEY,SN9 5PS,,2000007635430,,,1,
,1598,Coventry Road,,Birmingham,B26 1AL,03801007,1410191341005,58,3/11/2025,D,
Instrument Training Centre,,Station Road,,Leiston,IP16 4JD,,1014569766075,,3/11/2025,1,
THE UPLANDS,33,Greenhill,,Bromsgrove,B60 1BL,00900N14,1420142200003,,3/11/2025,E,
,1,Bridgnorth Road,,Wolverhampton,WV6 8AA,03801N13,1430000000302,2087,3/10/2026,E,
Unit 22,,Asquith Avenue,,LEEDS,LS27 9QS,0380102B,2300000000384,4619,4/10/2026,E,
,30,Aden Road,,ENFIELD,EN3 7SY,00845072,1014571229337,,6/8/2026,E,
Unit 12A,,"St Floor, Middle Mill",,Derby,DE22 1DZ,03801N12,1100009754186,1086,5/5/2026,E,
,,NORTH SEATON INDUSTRIAL ESTATE,,ASHINGTON,NE63 0YB,0380102B,1507470179995,23495,1/4/2027,E,
,,"Unit 20, Unit 20",,ALFRETON,DE55 4BR,00845L02,1160001411040,,7/8/2026,E,
,,,,,,,19449907,19449907,,,19184
,100,Withington Road,,Manchester,M16 8FA,03801004,1610000175090,13490,16/5/2026,E,
The Barnett Centre,,Commuity Room,,Basildon,SS14 2DG,00845204,1012559404618,,3/11/2025,E,
Withensea FC,,Hull Road,,WITHERNSEA,HU19 2EE,0380102B,2380000157990,4456,5/10/2026,E,
,1,Skinner Street,,WHITBY,YO21 3AH,,1910735710,13731,9/4/2026,,1910735710
,164,London Road,,St. Albans,AL1 1PQ,03801202,1012479189124,3590,27/3/2028,E,
Beckenham Co,,22 Rectory Road,,Beckenham,BR3 1AA,00900204,1200050533682,,5/10/2026,E,
,3,Bridge Street,,Newbiggin By The Sea,NE64 6EG,0380102B,1591036728874,7604,4/4/2028,E,
,13E,Pitsford Street,,Birmingham,B18 6YJ,03801007,1411576831002,25,3/11/2025,E,
,,,,,,,1100009235474,,,,
A Iborra;Green Lane Chippy,509,Holden Road,,Leigh,WN7 2JJ,03801024,1610009285066,29685,7/8/2026,E,
,241,Somercotes Hill,,Alfreton,DE55 4HX,04828N14,1100008343461,10935,3/11/2025,E,
,94,Wilderspool Causeway,,Warrington,WA4 6PU,03801D02,1300005108717,9673,12/8/2026,E,
,51,Sea Road,,ST. AUSTELL,PL25 3SG,00900N14,2200030117647,,30/9/2026,E,
,,J Logan Milne (Brechin) Ltd,,BRECHIN,DD9 7BG,,1716890002018,,7/10/2026,E,
,507,Holden Road,,Leigh,WN7 2JJ,,1610009285057,,,1,
,94,First Floor,,Warrington,WA4 6PU,03801D02,1300005108708,4147,12/8/2026,E,
"Unit 53, Block 8",,Old Mill Lane Industrial Estate,,MANSFIELD,NG19 9BG,03802013,1100004561441,,10/10/2026,E,
Priestbridge,,Morpeth,,,NE61 3DG,0090002C,1591024568350,,1/2/2027,E,
,UNIT 16,Exchange Road,,LINCOLN,LN6 3JZ,03801013,1100002419813,760,3/11/2025,E,
Landlords Supply,73,Milton Street,,Walsall,WS1 4LA,03801007,1412121550005,12,7/8/2026,E,
,,ST ANDREWS ROAD,,PAR,PL24 2LX,03801N14,2200022397826,18482,16/2/2026,E,
,41,Rock Road,,Wadebridge,PL27 6NW,03801110,2200022660922,,10/10/2026,E,
,101,Trinity Street,,Huddersfield,HD1 4DN,0380102D,2325015931514,17774,1/2/2027,E,
,,,,,,,46240210,46240210,,,36955
Unit 5,,West Street,,Somerton,TA11 6QQ,03801N13,2200013826991,,9/5/2026,E,
,,"St Davids House, Mochdre Business Park",,COLWYN BAY,LL28 5HE,03801D04,1300008993878,,30/7/2026,E,
Ground Floor,53,Paddington Street,,London,W1U 4HT,,1200033627656,,3/11/2025,1,
,1272,Carpet Warehouse,,BIRMINGHAM,B30 2XU,03801N12,1470000330161,5546,1/9/2026,E,
,99,Willoughby Road,,SCUNTHORPE,DN17 2DJ,0380102C,2375850537618,10419,3/11/2025,E,
Association,,East View Avenue,,Cramlington,NE23 1DY,0380102B,1591018521891,6316,4/8/2026,E,
,,,,,,,1200037828187,,,,
The Board Inn,,Shields Row,,Stanley,DH9 0LE,0380102C,1591059491768,22276,11/9/2026,E,
,160,Warwick Road,,SCUNTHORPE,DN16 1EU,0380102B,2374654470016,9749,1/12/2025,E,
Omega Health Clinic,653,Attercliffe Road,,Sheffield,S9 3RE,0090002C,2336525565014,,9/8/2027,E,
Unit 23,,Houghton Street,,West Bromwich,B70 6BW,03801N13,1410433860004,25,3/11/2025,E,
Lvw Group Limited,,Rhosddu Industrial Estate,,Wrexham,LL11 4YL,04044D02,1300000178668,41179,25/1/2026,E,
,12,The Pavement,,London,SW4 0HY,03801203,1200037125048,9784,9/8/2026,E,
,20,Station Yard,,IPSWICH,IP6 8AS,04143204,1012975871134,,1/12/2025,E,
No Building Name,,High Street,,SHERINGHAM,NR26 8DS,,1012733464706,,29/5/2027,1,
,568,Liverpool Road,,MANCHESTER,M44 6ZA,04811161,1610019213529,685,30/1/2027,E,
,49,Newport Road,,Middlesbrough,TS1 1LB,0090002B,1591045557540,,10/8/2027,E,
,38-40,High Street,,Blackburn,BB1 4LA,03500144,1610021983121,,1/7/2027,E,
,,,,,,,16253010,16253010,,,30763
,18,Colwyn Avenue,,Clwyd,LL28 4RB,03801D02,1300009091331,7444,6/5/2026,E,
,2-8,Warwick Road,,SOLIHULL,B92 7HX,05034N13,1420037100009,38834,25/1/2026,E,
,,"STALLS 4 & 5, MARKET HALL, KIRKGATE",,Shipley,BD18 3QU,0380102A,2315410194018,,3/11/2025,E,
YOUTH MINISTRY TRUST,,EMMAUS VILLAGE,,Consett,DH8 9BA,0084505A,1580000429907,,23/8/2026,E,
,,Sparks Unit,,Southampton,SO40 9FX,00845H87,2000051429150,,1/5/2029,E,
,,Lovely Lane,,Warrington,WA5 1UB,,1300004986496,,,1,
,,,,,,,2315410196112,,,,
,38-40,High Street,,Blackburn,BB1 4LA,04511091,1610021983130,,1/7/2027,E,
,15a,Livesey Drive,,LEICESTER,LE9 4LP,,58844607,263,1/6/2027,,141439
,,,,,,,2315410200016,,,,
,285,Bradford Road,,Shipley,BD18 3AB,0380102A,2315707591611,177,3/11/2025,E,
4 Wharton Buildings,,Downs Road,,WITNEY,OX29 0RF,03801H07,2000052453925,23911,10/8/2026,E,
St Lukes Church,,Pavilion Way,,Macclesfield,SK10 3LU,,8910890106,206378,1/10/2026,,175276
RECYCLE FORCE,,GRETTON BROOK ROAD,,CORBY,NN17 4BA,00845S04,1170001448818,,10/9/2027,E,
Unit 11Old Forge Ind Est,,Dudley Road,,,DY9 7BJ,03801N13,1416657880000,7049,10/5/2026,E,
,78,COLNE ROAD,,BURNLEY,BB10 1DY,00845424,1600000032252,,1/10/2027,E,
Stalls,39,Market Hall,,SHIPLEY,BD18 3QU,,2315410214213,4087,3/11/2025,1,
,,,,,,,1200030599536,,,,
Unit 2a,,Merus Court,,LEICESTER,LE19 1RJ,03801N14,1160000372808,31189,10/8/2027,E,
A S Poultney & Son,,New House Farm,,Wells,BA5 1PF,04574251,2200012267571,46,3/11/2025,E,
,,,,,,,66424210,66424210,,,33322
,2,John Street,,Bradford,BD1 3JU,0380102A,2316106711315,5636,3/6/2027,E,
,29-35,Surrey Street,,NORWICH,NR1 3NX,,9155163603,170804,1/5/2026,,211903
LLD,23,HOLMESIDE,,SUNDERLAND,SR1 3JE,0380102A,1580001728824,434,20/8/2026,E,
,178,Colne Road,,Burnley,BB10 1DY,03801631,1610014115108,934,3/4/2026,E,
The Old Forge,2,Badswell Lane,,Abingdon,OX13 5JN,03801H07,2000009164500,13353,1/11/2027,E,
A S Poultney & Son,,New House Farm,,Wells,BA5 1PF,03500N14,2200012267580,702,3/11/2025,E,
,,,,,,,9154243607,,,,
,51,WIMPSON LANE,,SOUTHAMPTON,SO16 4QF,03801H01,2000022697686,1343,27/1/2028,E,
,12,Knoll Rise,,Orpington,BR6 0PG,00900204,1900025000183,,3/4/2026,E,
"Unit B3, Unit B3-B4",,"Troon Way Business Centre, Humberstone Lane",,LEICESTER,LE4 9HA,,8817397510,258914,1/1/2031,,306289
,30,High Baxter Street,,Suffolk,IP33 1ES,04811203,1012933685221,29311,14/8/2028,E,
,,PENIARTH,,LLANFYLLIN,SY22 5LS,,1300012569463,5759,3/11/2025,1,
,261,Somercotes Hill,,Alfreton,DE55 4HX,04811037,1100008343587,279,18/5/2026,E,
7 Ocean Village,,Western Car Park,,,SO14 3JS,00070001,2000055286169,,23/12/2027,E,
,16,Rowallen Parade,,Dagenham,RM8 1XU,03801202,1200039855261,4518,18/3/2027,E,
,24,Wellington Street,,LUTON,LU1 2QH,03801202,1012365572802,,11/8/2026,E,
,47,Blyburgate,,Beccles,NR34 9TQ,04126201,1012706631981,2630,18/5/2026,E,
EXPORT,,RAYMOND CRANE HIRE,,NOTTINGHAMSHIRE,NG19 9BG,03801N12,1170000570492,9574,26/12/2028,E,
,60,Kingsbury,,Ayslesbury,HP20 2JE,03801201,1012458456460,4076,17/2/2026,E,
Unit 11,,Great Central Road,,LOUGHBOROUGH,LE11 1RW,03801013,1100013236805,2638,1/12/2025,E,
,489,Shop,,LONDON,N15 6EP,04811204,1013089151651,24521,11/8/2026,E,
Workshop,,,,Shropshire,SY10 8NN,00845787,1300060639405,,1/10/2029,E,
Unit 2,,Briar Close Business Park,,Evesham,WR11 4JT,03801007,1426549100006,1370,3/11/2025,E,
St Johns Hospital Trust,,St John Street,,Lichfield,WS13 6PB,04023040,1412733140003,10240,19/5/2026,E,
Melton & District Indoor Bowls Club,,Bowling Green,,Melton Mowbray,LE13 0LR,,1170000034641,,,1,
Unit 21,,Briar Close,,Worcestershire,WR11 4JT,04800010,1413781081000,,3/11/2025,D,
,1,Harvest Drive,,Lowestoft,NR33 7NJ,03136201,1012701833036,2380,25/1/2028,E,
,,,,,,,45394603,45394603,,,275210
,,Brook House,,Horncastle,LN9 5QF,04811N13,1100002816232,10971,5/4/2028,E,
,,1st Floor Front,,London,W4 1QP,03800H02,2000000463970,,3/11/2025,D,
,3,Harvest Drive,,Lowestoft,NR33 7NJ,04808202,1012701832803,6580,25/1/2028,E,
K C Motors Ltd,,Pill Road,,Dyfed,SA73 2NS,03801200,2199999579825,71,3/11/2025,E,
George Michaels Restaurant,5,York Place,,North Yorkshire,YO11 2NP,0480702B,1591046837083,10906,21/5/2026,E,
,362,LONDON ROAD,,LEICESTER LEICESTERSHIRE,LE2 2PU,,815405,401434,31/5/2027,,427017
Petals High Class Confectionary,19,New Bank Road,,Blackburn,BB2 6JW,03801014,1610021708177,12388,11/8/2026,E,
,,,,,,,47850310,47850310,,,1
George Michaels Restaurant,5,York Place,,North Yorkshire,YO11 2NP,0480802B,1591146837089,15515,21/5/2026,E,
,43,High Street,,Radstock,BA3 2DL,03873110,2200011913774,1113,3/11/2025,E,
1st Floor,6,York Place,,Scarborough,YO11 2NP,0380102A,1591055949277,2649,21/5/2026,E,
,,Gwaith Trin Carffosiaeth Bro Elidir,,Caernarfon,LL55 3EL,03801D02,1300013217021,317,3/11/2025,E,
,144,Lea Village,,Birmingham,B33 9SL,,1419246151000,3173,21/5/2026,1,
,118,Withington Road,,MANCHESTER,M16 8FA,03801631,1610000175268,,27/8/2027,E,
,.,"HALLGATE, HALLGARTH RESIDENTIAL HOME",,,HU16 4DD,,72012105,45128,24/5/2027,,46065
170,,PUTNEY HIGH STREET,,LONDON,SW15 1RS,03801202,1200062340170,11333,23/12/2027,E,
,33,Linnell Way,,Kettering,NN16 8PS,04800037,1100021678258,,3/11/2025,D,
,7,Jeffcock Road,,Wolverhampton,WV3 7AE,00900633,1416406770008,,13/8/2026,E,
,11,Halton Road,,Spilsby,PE23 5JZ,03873N12,1100000864243,9108,3/11/2025,E,
Millfield Works,,Sutherland Road,,Stoke-On-Trent,ST3 1JB,03801N12,1417487330000,5879,22/5/2026,E,
Quayside Exchange,197,High Street East,,Sunderland,SR1 2AX,0084505A,1507488369994,,3/11/2025,E,
,2,LINNELL WAY,,KETTERING,NN16 8PS,03801N12,1100020323142,6228,3/11/2025,E,
,125,High Road,,Benfleet,SS7 5LN,04808202,1012596533978,8502,7/4/2027,E,
Kingswood Golf,,Sandy Ln,,Tadworth,KT20 6NE,,48775103,210605,1/4/2030,,280888
,74,Wilbury Way,,HITCHIN,SG4 0TP,,8813772400,146113,1/5/2027,,129487
,1a,Chapel Street,,Derby,DE21 7JP,03801013,1100010116623,4551,29/1/2027,E,
Watch Hill Farm,,Shilvington,,Newcastle Upon Tyne,NE20 0AP,0380102C,1591018801583,11654,7/4/2028,E,
,26,Main Street,,AYR,KA6 7QL,04001D03,1800014905186,14165,26/5/2026,E,
,,,,Carmarthen,SA32 7EY,03801200,2199998879530,,3/11/2025,E,
Ground Floor Shop,25,East Street,,Bromley,BR1 1QE,03801202,1200021803659,6549,12/8/2026,E,
Watch Hill Farm,,,,Newcastle Upon Tyne,NE20 0AP,0480702C,1591018801574,810,7/4/2028,E,
,,Clippers Hairdressers,,Kenilworth,CV8 2BP,04811N12,1100024735100,26297,28/5/2026,E,
Black Lion Inn,,Cwmffrwd,,Carmarthen,SA31 2NB,03220N12,2199998865218,2579,22/4/2028,E,
Office 3 Astley House,8,Banbury Road,,Chipping Norton,OX7 5SR,03801H01,2000052347767,,8/10/2026,E,
,,,,,,,1610023212331,,,,
,Unit 54,Haydon Industrial Estate,,Radstock,BA3 3RD,03801110,2200011983406,553,20/1/2026,E,
Shire Frames,100,Bunting Road,,Northampton,NN2 6EE,03801013,1100019225092,8535,3/11/2025,E,
Christ Church,,Coxley,,Somerset,BA5 1RQ,03046110,2200012252965,,29/1/2026,E,
,,Far Coley Farm,,Stafford,ST18 0XB,03801007,1460000734077,2349,15/9/2027,E,
Butterworth Buildings 25,,High Street,,Leeds,LS27 9AL,0380102A,2345300232413,144,30/5/2026,E,
,165,Oscott School Lane,,Birmingham,B44 9EL,03801007,1410350721005,4061,3/11/2025,E,
The Lord Nelson,,The Quay,,Poole,BH15 1HJ,04108H49,2000021528471,147101,31/10/2027,E,
,17,Gnoll Park Road,,West Glamorgan,SA11 3BT,03801200,2199998658209,716,3/11/2025,E,
Landlord Supply,18a,The Avenue,,West Ealing,W13 8PH,,2000057759150,,,1,
,40,London Road,,Southampton,SO15 2AG,03801H04,2000022567365,,14/8/2026,E,
Unit 8-9,,Lyon Close,,BEDFORD,MK42 7SB,,8920200610,101224,7/5/2028,,140472
Unit 5,5,Riverside Park,,Wimborne,BH21 1QU,,2000021676746,1994,8/4/2028,1,
,3,Albion Hill,,Oswestry,SY11 1QA,03801D01,1300012669103,1924,3/11/2025,E,
,,,,,,,1591055576442,,,,
,60,North Road,,Southall,UB1 2JL,,75324106,381476,1/10/2026,,394042
Unit 9,,Greenwich Close,,Ipswich,IP3 0DD,03801201,1012900175370,883,10/6/2028,E,
,6,Albion Hill,,Oswestry,SY11 1QA,03801D01,1300012669238,830,3/11/2025,E,
,1,Bridge Street,,Denbigh,LL16 3LF,03802D01,1300009271392,1106,3/11/2025,E,
,1,Hopton Road,,DEVIZES,SN10 2EU,03801H08,2000051604024,24547,3/2/2026,E,
,52,High Street,,REDCAR,TS10 3DR,0380102B,1591043402710,,1/5/2027,E,
,11,Bury Street,,Stowmarket,IP14 1HA,03801201,1012971286547,1248,4/6/2026,E,
The Nut Tree Inn,,Ebdon Road,,Weston-Super-Mare,BS22 6UN,04818251,2200030037318,,3/11/2025,E,
,25,Second Drove,,Peterborough,PE1 5XA,04807201,1012881050415,2488,3/11/2025,E,
PLOT 15 SOUTH,,WATERLOO,,,SA72 4RR,03801N12,2100041631131,2859,4/6/2026,E,
,,Llwynpinner fach,,Whitland,SA34 0RA,04811N14,2199999694420,31161,14/8/2026,E,
The Buddha Padipa Temple,14,Calonne Road,,London,SW19 5HJ,,1200034262187,89210,15/8/2028,1,
,,,,,,,1900000084148,,,,
Oaklands Property &D,9,Manor Road,,Gravesend,DA12 1AA,03801203,1900041134979,9123,1/2/2027,E,
Nuha,13,The Parade,,Leicester,LE2 5BB,04032N14,1100013577698,16450,6/6/2026,E,
,,,,,,,1591057258491,,,,
Weltro Farm,,Newtons Lane,,Nottingham,NG16 2YH,04811N12,1100007662268,6922,10/4/2028,E,
UNIT 12;A R AUTOS NEWTON INDUSTRIAL ESTA,,Bordesley Green,,BIRMINGHAM,B9 4TS,03801007,1416019551000,,3/11/2025,E,
Unit 5B,,Lion Works,,Newton,SY16 3AG,03800D01,1300050681516,,3/11/2025,D,
,5,High Street,,Stoke-on-Trent,ST8 6AW,03801007,1419302830008,19362,1/2/2026,E,
,91,High Street,,Brackley,NN13 7BW,03801N13,1100015873987,5471,1/8/2026,E,
,38,Main Street,,Sanquhar,DG4 6NB,03801D01,1800016016829,1042,20/8/2026,E,
,,Thompson Avenue,,West Midlands,WV2 3NP,03801007,1413780770001,2519,11/4/2027,E,
16C Lion Works,,Pool Road,,Newtown,SY16 3AG,00845K01,1300052995486,,3/11/2025,D,
West End,44,St David Street,,BRECHIN,DD9 6EQ,03801P07,1716898663201,18695,18/8/2028,E,
Unit 5,,North Buildings,,London,W4 1QU,03801H02,2000054796502,4419,11/4/2026,E,
Unit 1,,Heath Road,,Skegness,PE25 3ST,03801N12,1100770448690,28867,13/6/2026,E,
WESTLEIGH BUSINESS PARK,4,BLABY INDUSTRIAL PARK,,LEICESTER,LE8 4GZ,03800013,1100013039715,,3/11/2025,D,
,Shop 3,"Ryknild House, Burnett Road",,Sutton Coldfield,B74 3EL,03801N12,1417800031002,7436,5/3/2028,E,
39-41,,Ropergate,,Pontefract,WF8 1JY,0481102B,2354322733215,5453,20/4/2026,E,
,,,,,,,1100008767139,,,,
Denmark House,,Furnace Road,,Ilkeston,DE7 5EP,00845058,1100039212549,,3/11/2025,E,
,86,Lea Village,,Birmingham,B33 9SD,03801007,1413046151009,827,11/4/2027,E,
,,C4345,,BOURNEMOUTH,BH2 5AG,00845H87,2000027443380,,15/8/2026,E,
,84,Stafford Street,,Willenhall,WV13 1RT,03801007,1411497803005,494,11/4/2027,E,
,12-18,Friar Lane,,Nottingham,NG1 6DQ,00845058,1100039206020,,18/6/2026,E,
,,,,,,,2200030022580,,,,
M V Plastics Ltd,,Clifton Road,,Blackpool,FY4 4QF,,12611910,745416,1/5/2027,,707445
,72,Wanlip Road,,Leicester,LE7 1PB,04811N14,1100014128190,44025,7/3/2027,E,
,250,Barrack Road,,Christchurch,BH23 2BH,03801H02,2000020278808,6588,8/2/2028,E,
,240,Grane Road,,Rossendale,BB4 4PB,04811661,1610022702947,9545,29/4/2027,E,
,,29-31 Craven Road,,London,W2 3BX,00845072,1200010063677,,2/9/2028,E,
,,"Unit 3, Boundary Court",,STOCKPORT,SK4 5GA,00845801,1620001289032,,20/6/2026,E,
Holditch Site,,,,Newcastle,ST5 9JB,03800007,1417796520008,,3/11/2025,D,
"Unit 7, Oyster Park",109,Chertsey Road,,WEST BYFLEET,KT14 7AX,03801202,1900090332437,33163,16/8/2027,E,
,22,Woodford Road,,London,E7 0HA,03801201,1200034053152,5688,20/6/2026,E,
Unit 6,,Stonebroom Industrial Estate,,Alfreton,DE55 6LQ,,8920818508,1006717,28/7/2028,,854149
,,,,,,,1591025974476,,,,
GOSH TRAVIS PERKINS,,FREDERICK STREET,,Walsall,WS2 9NJ,03801007,1413473060008,56189,3/11/2025,E,
UNIT 21,,Putney Exchange,,London,SW15 1TW,,1200031041711,5557,5/2/2026,E,
40a,,Main Street,,Sanquhar,DG4 6NB,03801D01,1800029447707,1396,21/6/2026,E,
,126,Salop Street,,Wolverhampton,WV3 0RX,03801007,1415667080005,19991,3/11/2025,E,
Hounsdown Business Park,,Bulls Copse Road,,Southampton,SO40 9LR,,8925016407,616940,2/5/2026,,565904
Recallshow Limited,,Bowles Well Gardens,,Folkestone,CT19 6PQ,00845073,1900029427574,,10/8/2027,E,
Stakehill Unit 39,,Stakehill Industrial Estate,,Manchester,M24 2FL,04811161,1610002524526,337,30/7/2026,E,
,,,,,,,1300009257982,,,,
,20,High Street,,Southend-On-Sea,SS3 9AH,,1012530211860,2672,13/4/2027,E,
CELTIC HOUSE,,INDUSTRIAL ESTATE,,GAERWEN,LL60 6HR,04811D01,1300035429815,,3/11/2025,E,
246b,,Wednesbury Road,,WALSALL,WS2 9QN,,1418439250008,,3/11/2025,1,
Unit 4,,Holland Park,,Wednesbury,WS10 8LN,03801N12,1412554550001,18019,3/11/2025,E,
,53,The Roundway,,LONDON,N17 7HA,03801202,1013074871181,5708,29/8/2027,E,
,76,Marsh House Lane,,WARRINGTON,WA1 3QU,03801D03,1300004996165,17350,22/6/2026,E,
,41,High Street,,Bristol,BS36 1JG,,8865283302,355189,6/9/2027,,160108
Unit 4A,,Holland Park,,Wednesbury,WS10 8LN,03801007,1430000019526,4541,3/11/2025,E,
Unit 1,,Station Road,,Maldon,CM9 4LQ,03801204,1012913900393,17329,13/4/2028,E,
Woodlarks,,Lodge Hill Road,,Farnham,GU10 3RB,,46910510,0,1/1/2030,,366933
T/A Chuloes Coffee Bar,17,Bigg Market,,Newcastle On Tyne,NE1 1UN,0380102D,1591060927531,57244,3/12/2026,E,
DAVID INMAN OPTICIANS,265,FULWOOD ROAD,,SHEFFIELD,S10 3BD,0481102B,2330820708818,7859,2/2/2027,E,
Workshop/Wharf House,,Widcombe Hill,,Bath,BA2 6AA,04874N12,2200041357223,2266,18/8/2026,E,
Wharf House,,Widcombe Hill,,Bath,BA2 6AA,00845L02,2200041255113,,18/8/2026,E,
,215,ACCRINGTON ROAD,,BLACKBURN,BB1 2AQ,03801131,1610023883127,3756,26/6/2026,E,
Unit 6,,Holland Park,,Wednesbury,WS10 8LN,,1415554550007,,3/11/2025,1,
,196,Fishponds Road,,Bristol,BS5 6PU,03801N12,2200017331265,15359,10/2/2027,E,
,100,North End Road,,London,W14 9EX,04807203,1200030599590,59386,2/2/2027,E,
Montana Hotel,,67-69 Gloucester Road,,London,SW7 4PG,03004204,1200031369920,297989,20/5/2027,E,
Wells Tarpaulin,,Nelson Way,,Boston,PE21 8TS,00900N13,1100025629635,,18/8/2028,E,
,,,,,,,2199990522272,,,,
Bolland Hall,,Bullers Green,,Morpeth,NE61 1DF,0380102A,1591045436748,4120,6/3/2027,E,
,26,Main Street,,Carnforth,LA6 2AE,03873631,1610005019810,,4/4/2026,E,
,19,The Green,,Hunstanton,PE36 5AH,04138202,1012645924407,10232,7/11/2025,E,
Bankfield House,,V15 Offices,,Leicester,LE1 7JA,03801N13,1100013713711,120807,23/7/2026,E,
"Unit 1, Marlow House",22,Marlow Street,,BLYTH,NE24 2RQ,0404302C,1591044017312,,31/10/2026,E,
,21,The Green,,HUNSTANTON,PE36 5AH,04138204,1012645925093,1378,7/11/2025,E,
,,Main Road,,Stamford,PE9 4SN,,1100002048571,2238,28/3/2028,E,
,,,,,,,2000003066792,,,,
,,,,,,,9667406,9667406,,,43019
Three Tuns Hotel,,Murray Street,,Filey,YO14 9DG,0404302D,1591041180140,32040,13/5/2027,E,
,,,,,,,9203379009,9203379009,,,85879
,,,,,,,1030015980406,,,,
,,,,,,,1100039621984,,,,
,47-51,Goschen Street,,BLYTH,NE24 1NL,0380102B,1591021455821,,1/12/2028,E,
"SHOP, 1270,",,"PERSHORE ROAD, STIRCHLEY,",,BIRMINGHAM,B30 2XU,03801007,1470001426890,6775,25/9/2026,E,
,196,High Street,,Harwich,CO12 3AJ,03136201,1012637017425,2705,29/6/2026,E,
,69,Hill Avenue,,Amersham,HP6 5BX,00900202,1012954606020,,3/11/2025,E,
Landlords Supply,7,Manor Road,,Gravesend,DA12 1AA,03801201,1900019135514,44,25/7/2027,E,
,,Main Road,,Wooler,NE71 6JD,,1800020915718,3441,3/11/2025,1,
Unit F The Wallows,,Wallows Road,,West Midlands,DY5 1QA,03801N14,1411610880006,51398,1/7/2026,E,
Innerleithen Road,,,,Peebles,EH45 8BA,03801D01,1800020464670,717,23/4/2026,E,
,,,,,,,2312654111214,,,,
B Phelps,Unit 3,Steam Mills,,Cinderford,GL14 3JA,03801007,1413551413002,,1/7/2026,E,
,23b - 23c,Eastgate Street,,Bury St. Edmunds,IP33 1XX,03801201,1030084155621,3018,31/3/2027,E,
,Unit 17,Broomhouse Lane Industrial Estate,,Doncaster,DN12 1EQ,0380102A,2334259678910,47,10/4/2027,E,
MICHAEL WEINIG (UK),5,Blacklands Way,,ABINGDON,OX14 1DY,03801H09,2000009378988,42465,25/7/2026,E,
Murrayfield Indoor Sports Club,25,Roseburn Street,,Edinburgh,EH12 5PE,00900D04,1800035243493,,31/3/2028,E,
,,,,,,,6234303,6234303,,,114761
,37,Market Place,,RICHMOND,DL10 4QL,,1591057143851,3761,3/7/2026,E,
Unit 17,,Centre Park,,York,YO26 7QF,0380102D,2340981367415,51082,9/11/2025,E,
,7,Blacklands Way,,Abingdon,OX14 1DY,00845H86,2000027354934,,25/7/2026,E,
Peter,,Lochloy Road,,NAIRN,IV12 5AE,00845S14,1712056452320,,1/11/2026,E,
,,,,,,,68552802,68552802,,,37044
Romney Huts,,Boldridge,,Tetbury,GL8 8JG,00845H86,2000027336058,,8/9/2026,E,
,1,High Street,,NEWMARKET,CB8 8LX,03500203,1012791986829,9794,25/7/2027,E,
Unit 100,,Cheltenham Road East,,Gloucestershire,GL2 9QJ,00845L02,1414317113000,,10/11/2025,E,
The Hair Studio,89,Station Avenue North,,Houghton Le Spring,DH4 6HT,0380102A,1591053174926,1812,4/7/2026,E,
,46,Westgate,,Rotherham,S60 1AS,0380102B,2330472148711,6630,27/7/2026,E,
,,,,,,,1422823000009,,,,
,1,High Street,,NEWMARKET,CB8 8LX,04608200,1012791987051,4880,25/7/2027,E,
,78,Spital Hill,,Sheffield,S4 7LG,,2334540596019,,1/4/2026,1,
Unit 25B,,The Avenue,,Glasgow,G77 6EY,03500D02,1800028830600,34602,3/11/2025,E,
,35,High Street,,SOUTH OCKENDON,RM15 4BB,00845072,1023518996619,,1/3/2026,E,
,,,,,,,57358503,57358503,,,178608
Slee Blackwell,,Cross Street,,Barnstaple,EX31 1BA,04042N12,2200013995574,6140,25/7/2027,E,
67/69,,North Gate,,Newark,NG24 1HD,03801N12,1100003165040,21705,11/11/2025,E,
Unit 25B,,The Avenue,,Glasgow,G77 6EY,04516240,1800028830610,177,3/11/2025,E,
Causes Yard,,Wellwood Street,,Morpeth,NE65 0EB,0380102B,1591020334346,6659,3/11/2025,E,
Slee Blackwell,10,Cross Street,,Barnstaple,EX31 1BA,04034N14,2200013995556,34649,25/7/2027,E,
Eclipse Night Club,,,,Bodmin,PL31 1EB,,8818959902,0,2/2/2017,,5414
,338,Padiham Road,,BURNLEY,BB12 6ST,03801144,1610013862110,8315,12/11/2025,E,
Unit 1,,Hoddesdon Industrial Centre,,Hoddesdon,EN11 0DD,03801202,1012762762337,4637,5/7/2026,E,
A,1,Saxelby Road,,MELTON MOWBRAY,LE14 3TU,04812037,1100001672474,8349,3/11/2025,E,
PLOUGH INN,,BEAUTY BANK,,NORTHWICH,CW8 2BP,,5067518501,187662,1/10/2026,,181715
,109,Barnards Green Road,,Malvern,WR14 3LT,03801N13,1412433112000,59983,1/4/2027,E,
,87,Fieldgate Street,,London,E1 1JU,03801202,1200040891384,22515,6/7/2026,E,
,,1-2 Kings Parade,,Stanford Le Hope,SS17 0HR,03801201,1012552918156,25054,13/11/2025,E,
,,Southend Road,,Billericay,CM11 2PR,,1012566314508,3703,18/11/2027,E,
Unit 7,,11-15 Francis Avenue,,Bournemouth,BH11 8NX,03801H09,2000027889831,,16/11/2025,E,
,9,Bradmore Green,,HATFIELD,AL9 7QW,04809201,1013022364022,6718,10/7/2028,E,
"CAROMEP, UNIT 1B, HOPTON COURT",,HOPTON ROAD,,Devizes,SN10 2EU,03801H01,2000006603863,488,6/7/2026,E,
PHOTOGRAPHERS STUDIO,unit 3,Back Mills Road,,High Peak,SK22 3EJ,04800591,1610012215023,,3/11/2025,D,
Key Music,18,Dolphin Lane,,Boston,PE21 6EU,04811N12,1100000204097,4925,7/7/2026,E,
,21,Starbeck Avenue,,NEWCASTLE UPON TYNE,NE2 1RJ,0380102C,1591045645202,25447,17/11/2025,E,
Welwood House,,Priory Road,,MANSFIELD,NG19 9LP,03801N12,1100004588986,3624,14/7/2026,E,
,,,,,,,19279010,19279010,,,114385
,,,,,,,1610021887227,,,,
,,Calder Road,,Edinburgh,EH11 4AH,,4045200,0,1/1/2029,,125882
BURNLEY HOUSE COUNTRY HOTEL,,Hutton -Le-Hole,,York,YO62 6UA,0380102B,1591044017688,7277,3/11/2025,E,
,39,Elizabeth Road,,Bishop's Stortford,CM23 3RL,03136204,1012754313515,32195,26/7/2026,E,
,Non-PAF De,Portland Street,,NOTTINGHAM,NG17 7AB,04807037,1100004222230,,3/11/2025,E,
,,,,,,,2332141688818,,,,
"Unit 3, Gilbert House",406,Roding Lane South,,WOODFORD GREEN,IG8 8EY,04811204,1200032780576,,1/4/2027,E,
,19,Rapier Street,,Ipswich,IP2 8JX,03801202,1012887084925,21554,9/2/2026,E,
,8,Westmorland Road,,Newcastle upon Tyne,NE1 4EG,0084502D,1591013789044,,9/7/2026,E,
1,,Supply To,,Maybole,KA19 7JS,03801D02,1800060313190,5561,3/11/2025,E,
,44,Stowell Street,,Newcastle upon Tyne,NE1 4XQ,0084505B,1591046833594,,26/7/2026,E,
,,,,,,,1410797912000,,,,
,18,Main Road South,,HERTFORDSHIRE,HP4 1QX,00900204,1012391495183,,1/4/2028,E,
,,,,,,,1300008913942,,,,
,,,,,,,1100011186091,,,,
Comice Place Woodfalls Business Centre,Unit 1,Gravelly Ways,,Maidstone,ME18 6DA,03802203,1900028273354,6844,3/11/2025,E,
2 Dunlop Close,,Gretton Brook Road,,Corby,NN17 4BA,04874N14,1160000569960,23586,26/7/2027,E,
,,Chequers Road,,Gloucester,GL4 6PN,,47938010,99589,1/10/2027,,152818
,10A,St. Johns Road,,Clacton-on-sea,CO15 4BP,04807201,1012631579766,742,3/11/2025,E,
Rose Valley Workshop,,,,Pembroke,SA71 5NJ,03801N13,2199999785742,11449,22/9/2026,E,
,47,Barton Road,,Milton Keynes,MK2 3HU,04811N12,1100015423270,21495,26/7/2027,E,
"Unit 5,Beehive Business Centre",,Beehive Lane,,Chelmsford,CM2 9TE,03801203,1012923138116,1852,18/8/2026,E,
,2,Hendre Road,,Bridgend,CF35 5NW,03220N14,2199996262012,41582,23/4/2028,E,
"Unit 2, Grantwood House",,The Ridgeway,,IVER,SL0 9HW,03801H02,2000003921479,8880,10/6/2028,E,
,464,Linthorpe Road,,Middlesbrough,TS5 6JG,0480004A,1591017208464,,3/11/2025,D,
,6,LEAGRAVE ROAD,,LUTON,LU4 8HZ,03801202,1012372515126,1717,1/4/2027,E,
,,,,,,,2199997295923,,,,
,5,Mangravet Avenue,,Maidstone,ME15 9BQ,,1900044231220,4365,26/7/2027,E,
14-16,,BROMHAM ROAD,,BEDFORD,MK40 2QA,04874203,1012346430139,,2/4/2026,E,
,334,Lymington Road,,Christchurch,BH23 5EY,04044H18,2000020116327,4630,20/11/2025,E,
,,,,,,,1711844786614,,,,
,45,Scotland Road,,Nelson,BB9 7UT,00900801,1640000655670,,13/7/2026,E,
,,4-5 Blenheim Terrace,,Scarborough,YO12 7HF,,79334006,148060,16/1/2027,,178803
,1,Worsall Road,,YARM,TS15 9DD,0084505A,1580001159754,,1/1/2028,E,
Farm Shop Supply,,Washingpool Farm,,Bristol,BS35 5RE,03046N14,2200040767652,210078,21/9/2026,E,
Trowers Way Centre,,Holmethorpe Industrial Estate,,Redhill,RH1 2LH,03812204,1900060572529,16545,14/11/2026,E,
Logic House,Unit 9c,Hafreys Road,,Great Yarmouth,NR31 0LS,03801202,1012671800550,32551,27/7/2027,E,
,8,SAXON WAY,,ROYSTON,SG8 6DN,00845072,1050001891218,,5/4/2027,E,
,57,Derby Street,,Bolton,BL3 6HE,03500004,1610030522290,9837,13/7/2026,E,
,21,Steward Street,,Birmingham,B18 7AE,03801007,1410067731000,7416,22/11/2025,E,
,,,,,,,1417577500007,,,,
Dual Brown & Sons Ltd,,Ross Road,,Stockton-on-Tees,TS18 2NH,0084505B,1599033649258,,1/9/2027,E,
,23,"Towerfield Road,",,Essex,SS3 9QE,,12332401,6581,18/9/2026,,80171
,405,Bath Road,,Slough,SL1 5QL,03801H03,2000005640224,5123,14/7/2026,E,
,,,,,,,2000008225748,,,,
,,20a Bay 1 Abbey Industrial Estate,,Wembley,HA0 1NR,04138204,1012833139111,31004,12/5/2028,E,
,8,SAXON WAY,,ROYSTON,SG8 6DN,00846072,1014571962116,,5/4/2027,E,
,,,,,,,1556148800,,,,
,,,,,,,59720403,59720403,,,48506
,25,The Downs,,Altrincham,WA14 2QD,04811024,1610027478960,105238,12/8/2026,E,
BELLA BRONZE,25,"GROSVENOR ROAD,",,DERBYSHIRE,DE5 3JE,03801N14,1170001306565,42256,18/9/2026,E,
Unit 27 Stroud Business Centre,,Oldends Industrial Estate,,Oldends,GL10 3RQ,04811010,1410940461004,1288,18/7/2026,E,
,48-50,Warwick Road,,Kenilworth,CV8 1HH,04817N14,1100024730422,52944,22/11/2025,E,
Kennet House,,Kennet Way,,Trowbridge,BA14 8RN,00845H86,2000027340203,,1/10/2026,E,
Cleveland Motor Factors,102,Station Road,,Redcar,TS10 1RQ,0380102B,1591040924182,8175,4/1/2028,E,
,,,,,,,1200021594504,,,,
Unit B3,,Rudford Industrial Estate,,Arundel,BN18 0BF,03801H03,2000057648471,71,29/7/2028,E,
,95,Macclesfield Road,,STOCKPORT,SK7 6DT,03801024,1610020252493,27566,18/7/2026,E,
,,,,,,,2200030801580,,,,
Unit 2B,160-162,Halifax Road,,SHEFFIELD,S6 1LH,0380102C,2380001966659,,19/7/2026,E,
,,,,,,,1413318080000,,,,
,348,Chester Road,,MANCHESTER,M16 9EZ,03801631,1610027203429,1420,3/11/2025,E,
,,,,,,,1012781674775,,,,
,,,,,,,75306508,75306508,,,194826
The Innovation Centre,,Common Road,,Ely,CB6 2HZ,00900203,1023543561992,,30/7/2026,E,
,701,City Point,,Manchester,M32 0RW,03801024,1610027273620,17200,1/3/2026,E,
,25,Commercial Road,,PORT TALBOT,SA13 1LN,03801200,2199996662338,121,3/11/2025,E,
Lower Ground,58,Walter Road,,Swansea,SA1 5PZ,04811201,2199998273600,586,3/11/2025,E,
,4,Thurlow Street,,Bedford,MK40 1LR,03136201,1012346308002,221,3/11/2025,E,
CROSS KEYS BUSINESS PARK,,Tipton Road,,OLDBURY,B69 3HY,,8813024708,404705,9/2/2027,,380152
B Sternberg & Sons,23A,Elizabeth Street,,Manchester,M8 8BB,03801631,1610018635011,5349,3/11/2025,E,
,4,Raynor Road,,Wolverhampton,WV10 9QY,03801N12,1410217180004,17674,1/8/2026,E,
Chameleon,244,Denton Lane,,Oldham,OL9 8PE,03801004,1610002188463,3183,31/7/2026,E,
,149,Strathmore Avenue,,Luton,LU1 3QW,03801202,1012364873140,21101,1/7/2027,E,
,25,Sincil Street,,LINCOLN,LN5 7ET,04811N12,1100002608052,5562,29/11/2025,E,
Fishmarket,,Rock-A-Nore Road,,Hastings,TN34 3DW,04811203,1900018001119,,2/8/2028,E,
Fairfax House,,Cromwell Pk,,Chipping Norton,OX7 5SR,03801H08,2000050576634,12710,22/7/2026,E,
,,Manor Hall Road,,BRIGHTON,BN42 4NH,03801201,1900090299426,832,1/4/2026,E,
Dynasty,139,High Road,,LONDON,E18 2PA,04809204,1200040934179,35108,27/5/2026,E,
Casa Cafe,42160,Church Gate,,Loughborough,LE11 1UD,04811N12,1100013207274,9621,26/7/2026,E,
80A,,Tower Road,,Newquay,TR7 1LY,03800110,2200022102413,,3/11/2025,D,
Unit 3a,,Central Park,,Lutterworth,LE17 4PN,00845058,1160000872580,,20/5/2027,E,
,321,STANLEY STREET,,BLACKBURN,BB1 3BW,04811014,1610021856326,27507,1/9/2028,E,
,,,,,,,2000053528572,,,,
Unit 2,,Greenhough Road,,Lichfield,WS13 7AU,03801007,1418560840007,19,27/7/2026,E,
UNIT C,,DOMINION WAY,,WORTHING,BN14 8NW,00845071,1900038001309,,2/8/2026,E,
Vithal House,86,North Street,,Manchester,M8 8RA,00800801,1600000066242,,3/11/2025,D,
,7,Town Hill,,Wrexham,LL13 8NA,04811D03,1300011268380,,27/7/2026,E,
,,"Rudford Industrial Estate, Ford Road",,ARUNDEL,BN18 0BF,04811H19,2000018560837,34014,1/4/2027,E,
Travellers Rest,,Trevarrian,,NEWQUAY,TR8 4AQ,06027N14,2200030114186,60549,12/2/2026,E,
,37,St. Lukes Terrace,,SUNDERLAND,SR4 6NQ,0380102B,1591057262140,2213,5/12/2027,E,
The Ropewalk,,,,Southwell,NG25 0EW,00845L02,1100770781507,,9/10/2026,E,
Pumping Station,,Granites Chase,,Billericay,CM11 2UL,03801202,1050001413552,8071,1/8/2026,E,
Unit 2,,Hollins Grove Street,,Darwen,BB3 1HG,03801144,1610022826847,1060,1/4/2026,E,
Landlords Lighting,91-99,High Street,,Yarm,TS15 9BB,0380102A,1591058141289,621,1/12/2025,E,
null,,ST. PAULS ROAD,,ST. LEONARDS-ON-SEA,TN37 6RS,,66815809,138154,2/9/2027,,115574
,Non-PAF De,Commerce Street,,BRECHIN,DD9 7BD,00845P81,1716890033503,,1/8/2026,E,
,1-8,Clinton Street,,NEWARK,NG24 4AE,04811037,1100003123430,8810,12/3/2027,E,
The Mendip Inn,,Gurney Slade,,Radstock,BA3 4UU,00845570,2200030950956,,3/11/2025,E,
,,,,,,,70835106,70835106,,,124337
,27,Putney Close,,Brandon,IP27 0PA,03801202,1012944177592,33190,1/12/2025,E,
,8,Regent Street,,Rugby,CV21 2QF,03801N12,1100025164460,5531,1/4/2028,E,
,78,High Street,,Newcastle Upon Tyne,NE3 1HB,0380102C,1591038070776,31345,1/8/2026,E,
,,,,,,,9095077403,9095077403,,,176734
Ground Floor,98,Fleet Road,,LONDON,NW3 2QX,03801201,1200051315032,14439,1/4/2028,E,
"Unit 7, Ember Centre",,Lyon Road,,WALTON-ON-THAMES,KT12 3PU,03801202,1900038424808,134388,1/8/2028,E,
,8,Blantyre Road,,MANCHESTER,M27 5ER,04811024,1610009966801,,1/6/2026,E,
The Wallows Industrial Estate,,Brierley Hill,,West Midlands,DY5 1QA,,1416120880005,7917,2/8/2026,E,
,4,Farthing Road,,Ipswich,IP1 5AP,,1012890643946,44400,1/12/2027,E,
B & M CENTRE LTD,Unit 30,New Albion Ind Estste 26 3 0 9 12/09/1980 X 0 Bank of Scotla,,Yoker,G13 4DJ,03801D01,1800032815385,4547,2/8/2026,E,
Drury Precision Engineering Ltd,8,Beechings Way,,Alford,LN13 9JE,00845L03,1170001340450,,28/11/2027,E,
,349,Lincoln Road,,PETERBOROUGH,PE1 2PF,04807202,1012882838206,96293,1/8/2026,E,
Longhill,,Elmstone Hardwicke,,Cheltenham,GL51 9TB,00845L02,1424929100000,,14/9/2026,E,
,,,,,,,1012369177135,,,,
,40,Wellbeck Street,,London,W1G 8LN,03801204,1200030104877,29848,1/4/2027,E,
,20,Hessary Drive,,PLYMOUTH,PL6 7DG,,2200010648703,33306,13/10/2026,E,
,101,Old Christchurch Road,,Bournemouth,BH1 1EP,03801H06,2000020861193,2027,7/10/2026,E,
Woodfield Farm,,Longsight Road,,Blackburn,BB2 7JA,03801004,1650000164990,15768,1/8/2026,E,
Lordswood Industrial Estate,,Revenge Road,,Chatham,ME5 8UD,00845071,1900032425772,,15/10/2026,E,
"BELL GROUP UNIT 9, MERCURY COURT",,ORION WAY,,NORTH SHIELDS,NE29 7SN,0380102C,1580000328650,23971,1/12/2025,E,
,,,,,,,71410200,71410200,,,71410200
Gosford Road,,,,Beccles,NR34 9QP,03801202,1012706737321,1565,3/8/2026,E,
,1,Downham Place,,Wolverhampton,WV3 7AF,03800007,1415639770001,,3/11/2025,D,
,140,GLOUCESTER ROAD NORTH,,BRISTOL,BS34 7BQ,03801N12,2200043065946,2345,3/11/2025,E,
,,Barnes Hill,,Birmingham,B29 5UP,04800040,1414724611001,,3/11/2025,D,
,33,Hildens Drive,,Reading,RG31 5HY,03801H02,2000011441502,29274,11/3/2026,E,
,405,Tong Street,,Bradford,BD4 6LY,0380102B,2312103607215,8645,17/7/2027,E,
UNIT 66B,,MILLMEAD ROAD,,LONDON,N17 9QU,00845072,1030083670782,,1/1/2026,E,
UNIT U,,"Penfold Works, Imperial Way",,WATFORD,WD24 4YY,04807204,1012420019320,115649,1/10/2027,E,
Mealings Yard,55,High Street,,Westbury On Trym,BS9 3ED,04807210,2200016550827,,3/11/2025,D,
,58,Church Street,,Bilston,WV14 0AX,03801N13,1411995570008,,3/11/2025,E,
119-133,,Limekiln Lane,,Liverpool,L5 8SN,,18202508,171610,1/11/2028,,163191
,4,Great Cliffe Court,,Barnsley,S75 3SP,0380102D,2380000876640,9709,3/11/2025,E,
30-32,,Woodside Park Road,,London,N12 8RP,03801204,1013010452558,16484,1/1/2027,E,
Unit 1K,,Gregory Road,,Bury St. Edmunds,IP28 7DF,,1012947017172,,3/11/2025,D,
,36,WIKELEY WAY,,CHESTERFIELD,S43 1AQ,04828N13,1100008451690,,17/4/2026,E,
,,Old Horns Crescent,,Birmingham,B43 7HA,00845577,1424426100000,,3/11/2025,E,
Plot 1,,The Wallows,,Brierly Hill,DY5 1QA,03800007,1418510880003,,3/11/2025,D,
Top Brandocks,,Greenbury Way,,Chelmsford,CM1 3FE,00900203,1050000518955,,31/5/2026,E,
,316,Barnsley Road,,Barnsley,S72 8TD,0380102A,2334809045913,2834,13/5/2027,E,
,39,Buckingham Street,,Aylesbury,HP20 2NQ,00845071,1023541464620,,23/8/2027,E,
Office 8,,5A Salop Street,,Wolverhampton,WV3 0RX,03801007,1414057080003,13181,3/11/2025,D,
The Focsle Inn,,Seaside,,Ilfracombe,EX34 0DJ,00900N14,2200030078485,,26/6/2027,E,
,143,London Road,,WARRINGTON,WA4 6LG,03801D01,1300005704678,7866,4/12/2025,E,
,,Off Clements Mead,,Reading,RG31 5WJ,03801H02,2000011434212,6475,18/8/2027,E,
,,Old Wolverton Road,,MILTON KEYNES,MK12 5PY,,51167106,198687,3/11/2025,,194452
Stall 5,,Smethwick Market,,Smethwick,B66 3EN,03800007,1417135260004,,3/11/2025,D,
,15a,Victoria Road,,MABLETHORPE,LN12 2AF,03801N13,1100000612298,20907,1/1/2027,E,
Mr J Stirrop,0,Stall 32 Smethwick Market,,,B66 3EN,03800007,1416235260008,,3/11/2025,D,
Unit 6,,Victoria Square,,Warrington,WA4 6LG,04811D02,1300052438955,172412,3/11/2025,D,
Zane House,9,St Owen Street,,Hereford,HR1 2JB,04800010,1418151881005,,3/11/2025,D,
9-11,,St. Owen Street,,Hereford,HR2 1JB,03801007,1460001554230,959,3/11/2025,E,
UNIT 1,,MOORLAND WAY,,LINCOLN,LN6 7JW,03801N14,1100002528327,,1/1/2027,E,
,12a,North Parade,,Bath,BA2 4AL,03801N14,2200040034582,51629,1/2/2026,E,
,156,Thelwall Lane,,Warrington,WA4 1LU,03800D01,1300034445036,,3/11/2025,D,
Unit 28b,,Burnett Business Park,,Bristol,BS31 2ED,03801N13,2200041302873,20083,10/9/2027,E,
"UNIT 43, STAHL HOUSE",,BICKENHILL LANE,,BIRMINGHAM,B37 7HE,,60006206,73813,1/6/2027,,83677
,168,Green Lane,,Birmingham,B36 0BU,00845N14,1425274100005,,19/7/2028,E,
Post Office,47,Preston New Road,,Blackburn,BB2 6AE,04800591,1610021696887,,3/11/2025,D,
Stephens House and Gardens,17,East End Road,,Finchley,N3 3QE,00845071,1014571648628,,1/1/2027,E,
,80,Dam Lane,,Warrington,WA1 4EP,03800D01,1300006037173,,3/11/2025,D,
11-13,,St. Owen Street,,Hereford,HR1 2JB,03801007,1460001547534,4268,6/5/2026,E,
Post Office,47,Preston New Road,,Blackburn,BB2 6AE,04811161,1610021696901,,3/11/2025,E,
ALLOYS HOUSE,,ST. ANDREWS ROAD,,BRISTOL,BS11 9HS,03801N14,2200016681334,,1/4/2029,E,
Warehouse,,Linden Road,,Benfleet,SS7 4BA,03801203,1023545582381,8266,1/1/2028,E,
Lethan Arms,,Cookston Road,,ABERDEEN,AB12 4PT,03801P09,1714372172505,49118,1/8/2027,E,
Medichem,42,Harrogate Road,,Leeds,LS7 4LA,0380102A,2343447124422,,3/11/2025,E,
Rustic Pine,56,Harrogate Road,,Leeds,LS7 4LA,0380102A,2343447064010,1297,11/11/2025,E,
Suit 103,,49A Preston New Road,,Blackburn,BB2 6AE,06800482,1600000120528,,3/11/2025,D,
,,,,,,,2000027486199,,,,
,,,,,,,72275306,72275306,,,33800
Brig Inn,9,Ellon Road,,Aberdeen,AB23 8EB,03094P29,1714679972401,58689,10/7/2027,E,
,127,Bridgnorth Road,,Stourbridge,DY8 3NX,04800010,1410744680002,,3/11/2025,D,
Unit A,,Westminster Buildings,,Leeds,LS2 7DT,0380102A,2300000004495,10362,3/11/2025,E,
Clark Clay Industries Limited,,"Corby Gate Business Park, Priors Haw Roa",,CORBY,NN17 5JG,00845L03,1100039640045,,1/10/2025,E,
,,Building 2 Stair 1,,Wrexham,LL11 1PA,03801D02,1300053084822,34535,11/3/2026,E,
"UNIT H, WESTMINSTER BUILDINGS",,NEW YORK STREET,,Leeds,LS2 7DT,0380102A,2300000004556,2589,3/11/2025,E,
,1,Comberton Road,,Kidderminster,DY10 1UA,03801007,1419313791002,927,17/12/2025,E,
,782,Chesterfield Road,,Sheffield,S8 0SF,0482902C,2333350832914,3167,3/11/2025,E,
,87,Whiteladies Road,,Bristol,BS8 2NT,03801110,2200016350080,2626,15/9/2028,E,
Phils Barbers,58,Harrogate Road,,Leeds,LS7 4LA,03800999,2343447054411,,3/11/2025,D,
,116,High Street,,Chichester,PO20 0QG,03801H02,2000018652016,12877,1/1/2026,E,
,241,Rosemount Place,,Aberdeen,AB25 2XX,00900S13,1714830314901,,9/8/2027,E,
792 Chesterfield Road,,,,Sheffield,S8 0SF,0380102B,2333350844910,9759,22/4/2026,E,
,45,North View,,BRISTOL,BS6 7PY,04040210,2200016510889,,20/12/2027,E,
temp supply,98,Roundhay Road,,Leeds,LS7 1QR,03800999,2380002576740,,3/11/2025,D,
,44,Victoria Street,,Aberdeen,AB10 1XA,03801R53,1714821091501,30300,15/2/2026,E,
"Unit K,",31,New York Street,,Leeds,LS2 7DT,0380102C,2300000004574,353,3/11/2025,D,
Albrighton Police Post,,31-33 Station Road,,Shropshire,WV7 3QH,03801007,1415669870000,,3/11/2025,E,
Jervis Arms,,Onecote,,Leek,ST13 7RU,07811N12,1422083000009,68485,1/8/2026,E,
Phase 6,,Cheapside,,Birmingham,B12 0PU,03800007,1460001355996,,3/11/2025,D,
Wood Lane Farm,,Utkinton,,Tarporley,CW6 0LJ,00845D04,1300052677840,,1/10/2028,E,
Oak at The mansion house,,48 Kennington Park Road,,London,SE11 4RS,03800202,1200026928900,,3/11/2025,D,
,772-774,Chesterfield Road,,SHEFFIELD,S8 0SF,0380102B,2333350822711,18197,21/11/2027,E,
,64,North Street,,Bristal,BS3 1HJ,03500N12,2200015677373,8175,3/11/2025,E,
Bagal Nash,,White Rose Shopping Centre,,Leeds,LS11 8LU,0482802B,2380001061370,34604,10/7/2028,E,
,,,,,,,2000011897811,,,,
,Unit 32,Rumer Hill Business Estate,,Cannock,WS11 3EX,03800007,1414001340008,,3/11/2025,D,
,141,Upperthorpe Road,,Sheffield,S6 3EB,0380102A,2330422157710,516,17/10/2026,E,
Unit 9 Homedown Park,,ASHCHURCH,,Tewkesbury,GL20 7BQ,03801N13,1414363203001,7110,3/11/2025,E,
Dales Farm,,Clifton Road,,BLACKPOOL,FY4 4QA,00845074,1600000151907,,1/10/2027,E,
,108,Cromwell Road,,London,SW7 4ES,03800902,1200028677956,,3/11/2025,D,
LAND ADJACENT 17,,STATION ROAD,,MALDON,CM9 4LQ,,1050000042228,5449,23/1/2027,1,
180-181,,Leabrook Road,,Tipton,DY4 0DY,00845N14,1417741460003,,17/6/2026,E,
Workshop,,1 Grange Road,,Bristol,BS13 8LE,03801110,2200042193976,1234,28/8/2026,E,
Cumberland House,32,Cumberland Street,,Sheffield,S1 4PT,0380202B,2333912356013,,3/11/2025,E,
,,,,,,,1712404125614,,,,
Unit K3,,White Rose Shopping Centre,,LEEDS,LS11 8LU,03800999,2341908117012,,3/11/2025,D,
THE RESOLUTION,,SKINNER STREET,,WHITBY,YO21 3AH,,8930271101,8930271101,31/12/2028,,282047
,,Fryern Court Road,,Fordingbridge,SP6 1NG,00900Q04,2000052581751,,1/10/2027,E,
Unit 4&6 Grand Union Office Pa,,Packet,,Uxbridge,UB8 2GH,00800H87,2000027285796,,3/11/2025,D,
,233,The Strand,,London,WC2R 1DA,03800202,1200039745860,,3/11/2025,D,
,281,North Street,,BRISTOL,BS3 1JP,03801N12,2200015746511,7675,19/5/2027,E,
,321-323,Bearwood Road,,SMETHWICK,B66 4DP,03801007,1411287360003,1632,6/9/2027,E,
Grand Union Office Park,,Packet Boat Lane,,Uxbridge,UB8 2GH,08800H73,2000027285769,,3/11/2025,D,
Golden Cockrel,5,Brothock Bridge,,ARBROATH,DD11 1NF,03094R68,1716580312002,3194,19/9/2026,E,
,359,Union Road,,Accrington,BB5 3HS,03801004,1610022556578,9851,2/10/2028,E,
"GRANT BOWMAN,The Coach House",,Stanley Road,,BRADFORD,BD2 1AS,0090002D,2316514233217,,1/1/2027,E,
60a,,Birley Moor Road,,Sheffield,S12 4WD,0481502B,2335910844011,7916,28/1/2028,E,
,58,Hollybank Hotel,,Stirling,FK7 0PH,03802D04,1800035145528,25502,3/11/2025,E,
231-232,,The Strand,,London,WC2 1DA,03800202,1200050045357,,3/11/2025,D,
Tomo Industrial Estate,,Packet Boat Lane,,Uxbridge,UB8 2JP,03801H08,2000001558922,8887,5/1/2027,E,
,135,Portland Road,,London,W11 4LW,03800202,1200032248288,,3/11/2025,D,
,110,Wey Hill,,Haslemere,GU27 1HS,03801H02,2000016431572,38270,1/1/2026,E,
,746,Green Lane,,Dagenham,RM8 1YX,00845071,1200010138231,,2/10/2027,E,
Base,135,Portland Road,,London,W11 4LW,03800202,1200032248297,,3/11/2025,D,
,,325A Handworth Road,,Sheffield,S13 9BP,0380102A,2335202030715,1035,5/4/2026,E,
100,,High Street,,Carnoustie,DD7 6AE,03094P27,1716686183001,23,3/11/2025,E,
Hammersmith Fire Station,,190-192 Shepherds Bush Rd,,Hammersmith,W6 7NL,00845072,1200051044104,,3/11/2025,E,
Unit A,,Novo Works,,Sheffield,S9 3XN,0481202D,2333902637713,60367,2/8/2026,E,
Kdp Enterprises Ltd,,Tyddyn-Yr-Eglwys,,Llanfymach,SA35 0AR,04100N14,2199999179253,153271,1/1/2028,E,
,72,Pitshanger Lane,,Ealing,W5 1QX,03801H01,2000000960119,15474,21/3/2027,E,
,,64a Whitehill Road,,Coalville,LE67 1EL,03801013,1100018824900,2225,3/11/2025,E,
,,Hicks Street,,Sheffield,S3 8BL,0380102A,2334301257810,,3/4/2026,E,
Tyhen,,Ferwig,,CARDIGAN,SA43 1QJ,04807N14,2199999163954,180908,1/10/2028,E,
,75,Queen Street,,LEEDS,LS27 8EB,0481102C,2342876780417,15169,18/3/2027,E,
144aPriorswood Road,144a,Priorswood Road,,Taunton,TA2 8DN,03802N12,2200014486018,16458,2/1/2028,E,
Car Park,,5-12 Pope Street,,London,SE1 4TL,03800202,1200037412057,,3/11/2025,D,
Landlord's Supply,,12-22 Holme Lane,,Sheffield,S6 4JQ,0380102A,2380001836541,360,3/11/2025,E,
Brandy Cask,25,Bridge Street,,Pershore,WR10 1AJ,03800007,1411620971005,,3/11/2025,D,
,90,Pitshanger Lane,,London,W5 1QX,03801H03,2000000959949,23227,12/1/2026,E,
HOUDINI'S ESCAPE ROOM,9A,CASTLE WAY,,SOUTHAMPTON,SO14 2BX,03801H04,2000054966078,,3/11/2025,E,
,2,Station Road,,WIGSTON,LE18 2DH,04031N14,1100013545065,56166,26/2/2026,E,
,23,The Broadway,,Wickford,SS11 7AD,04139204,1012569034251,131975,3/11/2025,D,
102-105,,Stonebridge Cross Business,,Droitwich Spa,WR9 0LW,00845127,1460001101260,,4/10/2026,E,
,,Osprey Court,,BRISTOL,BS14 0BB,03801N12,2200041032372,5954,3/1/2026,E,
Staircase Lighting,169,High Street,,Southampton,SO14 2BY,03500H07,2000022457779,15343,12/2/2026,E,
Mr Yafooz,180,Firth Park Road,,Sheffield,S5 6WQ,0380102A,2334602700812,,3/11/2025,E,
,,,,,,,191286,191286,,,191286
Westfield Lodge,,Irthlingborough Rd,,Wellingborough,NN9 5PN,03801N12,1100021010359,8363,14/1/2027,E,
,,Saffron Way,,LEICESTER,LE2 6UP,04811N12,1100013860105,4869,1/10/2026,E,
T/A Shoe Repairer,74,Beaconsfield Street,,Blyth,NE24 2DS,0380102A,1591052525250,,5/12/2026,E,
Blacks Outdoor Retail Ltd,,19-21 High Street,,Sheffield,S1 2GA,03800999,2300000132382,,3/11/2025,D,
Staircase Lighting,,169-170,,Southampton,SO14 2BY,04635145,2000022457760,,3/11/2025,D,
,,65-69 East Road,,London,N1 6AH,03801202,1200030109485,14086,3/11/2025,D,
,193,Gloucester Crescent,,WIGSTON,LE18 4YH,04817N14,1100039617612,,1/12/2026,E,
,30,Old Bond Street,,London,W1S 4QQ,03801202,1200026252990,61401,4/1/2028,E,
"F J LOCKE & SON,",,West Street,,SOMERTON,TA11 7PS,03800110,2200013826360,,3/11/2025,D,
CLOCK GARAGE,,ROCK ROAD,,Wadebricge,PL27 6NW,03801110,2200022656100,4052,5/10/2028,E,
,,65-69 East Rd,,London,N1 6AH,03800202,1200051601084,,3/11/2025,D,
NON PAF,,ICE RINK,,SHEFFIELD,S9 1EP,0084505D,2380002216399,,3/11/2025,E,
,,,,,,,115190,115190,,,115190
Ocean Village Resorts Ltd,,,,Southampton,SO14 1AA,03800H07,2000053649978,,3/11/2025,D,
Grand Casino,,Promanade,,Penzance,TR18 4HH,00900N14,2200030105400,,4/1/2027,E,
,Non-PAF De,St. Saviours Road,,LEICESTER,LE5 4HJ,04811N14,1100013009000,33263,21/3/2026,E,
,,,,,,,134695,134695,,,134695
YARD,,R/O UNIT 8,,SWANSEA,SA4 3RS,03801N13,2100041450489,36792,5/10/2028,E,
Public Conveniences,,West Street,,Somerton,TA11 7PR,03800110,2200013826779,,3/11/2025,D,
Basement (Workshop No.1),77,East Road,,London,N1 6AH,04807202,1200032342014,3170,23/7/2026,E,
UNIT 17,,PRINCEWOOD ROAD,,CORBY,NN17 4ET,,77054405,77054405,9/1/2029,,220225
,102,Spring Road,,Southampton,SO19 2BN,04800H43,2000023469687,,3/11/2025,D,
,,,,,,,154247,154247,,,154247
,1-3,Evington Drive,,LEICESTER,LE5 5PF,00845058,1100050384839,,5/11/2025,E,
Basement (Workshop No. 2),77,East Road,,London,N1 6AH,04807201,1200032342023,1449,7/12/2026,E,
Unit 8,,Farmbrough Close,,Aylesbury,HP20 1DQ,00845204,1014569106209,,6/10/2027,E,
,3,Royal Terrace,,Edinburgh,EH7 5AB,04005D02,1800035165905,,3/11/2025,D,
,,,,,,,2330150463210,,,,
,104,Spring Road,,Southampton,SO19 2BN,04110H43,2000023469701,23059,3/11/2025,D,
Unit 1 Kepler,,Lichfield Road Ind Estate,,Tamworth,B79 7XE,00845L03,1100021954229,,5/1/2026,E,
,,Ashford Road,,Leicester,LE2 6AA,03801013,1100013741240,5026,7/1/2027,E,
BK,156,Main Road,,Sheffield,S9 5HQ,0380102A,2335031530717,2114,3/6/2026,E,
,37,Main Street,,SKIPTON,BD23 5AD,0380102B,2314151885010,6333,6/10/2027,E,
,,,,,,,108177,108177,,,108177
Automatic Public Convenience,,O/Side 241 Information Centre,,London,E3 5RR,03800202,1200030820916,,3/11/2025,D,
,,3A Royal Terrace,,Edinburgh,EH7 5AB,03800D02,1800035165914,,3/11/2025,D,
6-7 KEPLER,,LICHFIELD ROAD INDUSTRIAL ESTATE,,TAMWORTH,B79 7XE,03801N12,1100021954247,6122,5/1/2026,E,
WHITE HORSE VINTAGE,,White Horse Lane,,LEICESTER,LE4 4EF,00845058,1100051241811,,30/12/2025,E,
,1,Thornhill Park Road,,Southampton,SO18 5TP,03800H02,2000023535851,,3/11/2025,D,
Heston Industrial Mall,,"Heston Industrial Mall, Church Road",,HOUNSLOW,TW5 0LD,00900Q04,2000051504278,,25/12/2026,E,
Greenside Hotel,9,Royal Terrace,,EDINBURGH,EH7 5AB,03801D03,1800023072925,3656,5/6/2026,E,
,184,Main Road,,Sheffield,S9 5HQ,0481202A,2335031582812,1940,3/11/2025,E,
,259,Well Street,,London,E9 6RG,03800202,1200041848050,,3/11/2025,D,
,,,,,,,197271,197271,,,197271
,137a,Harrison Road,,LEICESTER,LE4 6NP,04817N14,1100039672650,111662,1/12/2025,E,
,,Nisa Local,,Newcastle upon Tyne,NE7 7EE,0084502D,1591014794746,,3/11/2025,D,
,9,Kepler,,Tamworth,B79 7XE,00845L02,1170000539340,,5/1/2026,E,
,469,Roman Road,,London,E3 5LX,03801202,1200030821645,374,1/11/2028,E,
Building 6b,,Blenheim Park,,Hucknall,NG6 8WA,05800081,1160000533972,,3/11/2025,D,
Barkers The Bakers,188,Main Road,,Sheffield,S9 5HQ,0380102B,2335031588911,18475,3/11/2025,D,
,,,,,,,4576140,4576140,,,4576140
,400,Roding Lane South,,Woodford Green,IG8 8EY,04800201,1200034967269,,3/11/2025,D,
Greenkeeper's Shed,,Broome Lane,,Leicester,LE7 4SD,03801N14,1100013118145,,11/8/2026,E,
Pilgrim Street Fire Station,,Pilgrim Street,,Tyne and Wear,NE1 6SE,0080005B,1599010561837,,3/11/2025,D,
Beehive Inn,,Mile End Road,,South Shields,NE33 1TF,0090002C,1591059045580,,9/10/2027,E,
,400,Roding Lane South,,Woodford Green,IG8 8EY,03801202,1200034967240,60,3/11/2025,D,
,,,,,,,177819,177819,,,177819
The Cradle Nursery,306-308,Leicester Road,,Wigston,LE18 1JX,04554N12,1100013606355,11212,22/2/2027,E,
184A,,New Road,,Rainham,RM13 8RS,03801202,1012574208790,6568,23/8/2026,E,
,900,Llangyfelach Road,,Swansea,SA5 9AU,03801200,2199997870537,194,16/10/2026,E,
,83,Lower House Lane,,WIDNES,WA8 7DU,04800D02,1300005261559,,3/11/2025,D,
Second Floor,,7-9 Bigg Market,,Newcastle Upon Tyne,NE1 1UN,0380102A,1591048781219,2523,3/11/2025,E,
,,,,,,,2000050972811,,,,
,5,Rowallen Parade,,Dagenham,RM8 1XU,03800202,1200039855058,,3/11/2025,D,
,95,London Road,,LEICESTER,LE2 0PF,03801N12,1100013360804,7100,30/1/2027,E,
,5,Rowallen Parade,,Dagenham,RM8 1XU,04061200,1200039855067,,3/11/2025,D,
Factory,,Rhosddu Industrial Estate,,WREXHAM,LL11 4YL,03800D01,1300013172569,,3/11/2025,D,
,218,London Road,,LEICESTER,LE2 1NE,03801N14,1100013362500,16052,13/8/2026,E,
,,,,,,,157622,157622,,,157622
Unit C Second Floor,,7-9 Bigg Market,,Newcastle-Upon-Tyne,NE1 1UN,0380102A,1591050359031,651,3/11/2025,E,
,118,Dean Road,,South Shields,NE33 4AW,0480702A,1591038267465,2314,6/1/2026,E,
,13,St Stephens Road,,Norwich,NR1 3SP,04811202,1012685108120,5734,3/11/2025,E,
,353,Stockport Road,,Altrincham,WA15 7UG,03800631,1610027830420,,3/11/2025,D,
,,Unit 8,,BASILDON,SS14 3DR,00900201,1012557482270,,26/2/2027,E,
,8b,Chapman Way,,TUNBRIDGE WELLS,TN2 3EF,04811201,1900030283291,571,3/11/2025,E,
Unit A Second Floor,,7-9 Bigg Market,,Newcastle Upon Tyne,NE1 1UN,0380102A,1591057825857,3981,3/11/2025,E,
,,,,,,,213110,213110,,,213110
,,,,CARDIGAN,SA43 3DG,04146N12,2199999215247,3660,25/8/2026,E,
,2,Gorsey Place,,Skelmersdale,WN8 9UP,03801014,1610010886980,35743,11/10/2028,E,
,,,,,,,171593,171593,,,171593
Dalby Court,,Gadbrook Business Centre,,NORTHWICH,CW9 7TN,03801D01,1300013396289,4068,1/12/2026,E,
Units 9 & 10,,Liddell Road,,London,NW6 2EW,03800202,1200028539095,,3/11/2025,D,
Unit 18 G,,Chapman Way,,TUNBRIDGE WELLS,TN2 3EF,00800072,1900090638544,,3/11/2025,D,
,14,Addycombe Terrace,,Newcastle-upon-Tyne,NE6 5DP,0380102A,1591014104266,3043,3/11/2025,E,
Eden Leisure Village,,Millcroft Road,,Glasgow,G67 4AG,03801D03,1800060651628,44241,4/4/2027,E,
Units 9 & 10,,Liddell Road,,London,NW6 2EW,03800202,1200028539100,,3/11/2025,D,
Dalby Court,,Gadbrook Business Centre,,NORTHWICH,CW9 7TN,03801D01,1300000219419,269,24/9/2026,E,
,,,,,,,164229,164229,,,164229
,22,New Star Road,,Leicester,LE4 9JD,00900058,1100039202364,,3/11/2025,E,
,,,,,,,1610013552530,,,,
Greedys,116,Wallasey Village,,Wallasey,CH45 3LN,03801D03,1300006789724,6532,3/11/2025,E,
Royal Trust House,12,Tacket Street,,Ipswich,IP4 1AY,03801202,1012894418018,27358,1/10/2026,E,
,,,,,,,105893,105893,,,105893
Units 1-3,,Cwmdu Industrial Estate,,Swansea,SA5 8JF,00845L02,2199998020838,,3/11/2025,E,
Units 9-10,,Liddell Road,,London,NW6 2EW,03800202,1200028539110,,3/11/2025,D,
Suite 2,27,,,Norwich,NR2 1JN,03801201,1030078778688,516,3/11/2025,E,
The Pheasant,300,Kimbolton Road,,Bedford,MK41 8YR,04138204,1012355580912,64298,1/10/2026,E,
,10-11,Glanville Road,,London,SW2 5DE,01801902,1200039387971,7957,14/10/2028,E,
,Unit 12,Whitting Valley Road,,Chesterfield,S41 9EY,03801013,1100009037664,1429,15/1/2026,E,
,,,,,,,305775,305775,,,305775
,171,Comptons Lane,,Horsham,RH13 6BW,03800202,1900048331596,,3/11/2025,D,
Unit 4-6,,Cwmdu Industrial Estate,,Swansea,SA5 8JF,00845L02,2199998020829,,3/11/2025,E,
15-16,,Liddel Road,,London,NW6 2EW,03800202,1200028539183,,3/11/2025,D,
,34,Greenalls Inns,,Birmingham,B1 1DA,08034N14,1420932100003,,30/10/2026,E,
,284,Prince Regent Lane,,London,E16 3JH,03801201,1200036795761,18490,14/10/2029,E,
Ashton Lawns Farm,,Lawns Avenue,,Wigan,WN5 8UH,00900374,1600000078489,,9/1/2028,E,
,,,,LEICESTER,LE9 2AL,03801013,1100018222940,2274,4/11/2026,E,
,,,,,,,180908,180908,,,180908
,31,Great Windmill Street,,London,W1D 7LP,03800202,1200028642128,,3/11/2025,D,
15-16,,,,London,NW6 2EW,03800202,1200028539192,,3/11/2025,D,
,,68A High Street,,Kings Heath,B14 7JZ,03800007,1410915903007,,3/11/2025,D,
63-65,,London Road,,Waterlooville,PO7 7EX,03500H01,2000015486678,1147,9/1/2027,E,
,18,Bank Street,,ASHFORD,TN23 1BE,04811202,1900023218800,8229,3/11/2025,D,
,98,Great Brickkiln Street,,Wolverhampton,WV3 0PU,03801N14,1414582080008,21577,15/9/2027,E,
,,,,,,,165177,165177,,,165177
Shop,31,Great Windmill Street,,London,W1D 7LP,03800202,1200028642137,,3/11/2025,D,
Unit 1,,Great Western Arcade,,Birmingham,B3 2QD,03801N12,1419713111000,7883,19/1/2027,E,
15 - 16,,Liddell Road,,London,NW6 2EW,03800202,1200028539208,,3/11/2025,D,
,130,St Stephen Street,,Edinburgh,EH3 5AD,03801D01,1800023014826,73,3/11/2025,E,
,2025,Spring Bank West,,Hull,HU5 5ER,,13210706,64334,11/9/2028,,64266
,85,Leicester Road,,LOUGHBOROUGH,LE12 7AJ,04829N14,1100013941819,137759,24/11/2027,E,
,8b,Coopers Way,,Southend-on-Sea,SS2 5TE,03801203,1012532279336,25154,10/1/2026,E,
,,,,,,,111662,111662,,,111662
,,Unit 3a,,Slough,SL3 6EG,03801H08,2000003840624,,15/10/2025,E,
,54,Doughty Street,,London,WC1N 2LS,03800202,1200029142580,,3/11/2025,D,
Workshop,24,Liddell Road,,London,NW6 2EW,03800202,1200028539360,,3/11/2025,D,
Unit 1,,Southside,,Birmingham,B5 4TP,06800021,1460002223330,,3/11/2025,D,
CLAREMONT EVENTIDE HOUSING ASSOCIAT,68,CAVENDISH ROAD,,MATLOCK,DE4 3GY,,48360803,50092,1/1/2027,,199399
,1-5,Lowther Street,,CARLISLE,CA3 8ES,03801631,1610031457093,2344,3/11/2025,E,
,,Coopers Way Yard,,Southend-on-Sea,SS2 5TE,03801201,1050000428901,60,6/8/2026,E,
,,Lindow Street,,Frizington,CA26 3PS,03801014,1610031099414,26562,15/10/2028,E,
,,,,,,,137759,137759,,,137759
,28,Liddell Road,,London,NW6 2EW,03800202,1200028539402,,3/11/2025,D,
,160,Main Street,,Street,BA16 9QU,04808210,2200022013809,,3/11/2025,E,
,"562,","BRISTOL ROAD,",,BIRMINGHAM,B29 6BE,03801007,1411571701007,45078,3/11/2025,E,
,,,,,,,162146,162146,,,162146
,205,Bramcote Lane,,Nottingham,NG8 2QJ,04031N12,1100005172990,65055,22/4/2026,E,
Macken Brothers,44,Turnham Green Terrace,,London,W4 1QP,04108H49,2000000463767,106627,3/11/2025,E,
,128,Old Christchurch Road,,Bournemouth,BH1 1NL,03800202,1200035044497,,3/11/2025,D,
,4,Block A,,LONDON,SW8 4BG,04808202,1200025298169,,3/11/2025,E,
300-302,,Hagley Road,,West Midlands,B17 8DJ,03801N14,1460000918069,75244,2/4/2026,E,
,83,Ilkeston Road,,Nottingham,NG7 3HA,03801N12,1100005757021,6129,21/10/2026,E,
,,,,,,,156308,156308,,,156308
Unit G,,"The Maltings, Station Road",,SAWBRIDGEWORTH,CM21 9JX,04811203,1012752343795,16754,23/10/2027,E,
4 Cloisters Business Centre,,Battersea Park Road,,London,SW8 4BG,03800202,1200025298150,,3/11/2025,D,
,18,Kirk Street,,Argyll,PA28 6BL,03801P06,1711913445106,1,2/5/2026,E,
,280,Hagley Road,,Birmingham,B17 8DJ,03801N13,1417420401006,322,3/11/2025,E,
,128,Old Christchurch Road,,Bournemouth,BH1 1NL,03800202,1200035044502,,3/11/2025,D,
,,,,,,,1200042262252,,,,
SHERBROOK BUSINESS CENTRE,UNIT 5,SHERBROOK ROAD,,,NG5 6AT,03801N14,1160000109868,86793,16/8/2027,E,
,,,,,,,161185,161185,,,161185
,24,Kirk Street,,Argyll,PA28 6BL,03801P06,1711913385803,2125,2/5/2026,E,
,128,Old Christchurch Road,,Bournemouth,BH1 1NL,03800202,1200035044511,,3/11/2025,D,
Harvest Hill Lodge,,Hoveringham Road,,Nottingham,NG14 7EE,04811N12,1160001032408,10151,20/6/2027,E,
,Unit 11,Highlands Road,,Solihull,B90 4NY,00845127,1423577100000,,10/1/2026,E,
,UNIT 29,The Market,,Carmarthen,SA31 1QY,03801200,2100040856494,131,18/10/2026,E,
,,,,,,,182497,182497,,,182497
,294,Hagley Road,,Birmingham,B17 8DJ,03801N12,1412520401002,16578,13/4/2026,E,
,104,North End Road,,London,W14 9EX,03800202,1200030599642,,3/11/2025,D,
Unicorn Industrial Estate,,Davenport Street,,Stoke on Trent,ST6 4RB,03800007,1417201910008,,3/11/2025,D,
,,265-267 Wood Lane,,Dagenham,RM8 3NH,03800203,1012504122500,,3/11/2025,D,
,55,St Mary's Place,,Nottingham,NG1 1PH,03801013,1100005315480,1061,3/11/2025,E,
"Suite 54, Beacon Buildings",,Leighswood Road,,Walsall,WS9 8AA,03801007,1412562850006,474,23/9/2026,E,
,33,Argyle Road,,Bognor Regis,PO21 1EB,03801H04,2000018543655,30129,19/3/2027,E,
Unit 4 Claymore,,Tame Valley Industrial Estate,,Tamworth,B77 5DQ,03800013,1100022310819,,3/11/2025,D,
,,,,,,,129568,129568,,,129568
R/O,666,Holloway Road,,London,N19 3NU,03801202,1200032219064,2211,3/11/2025,E,
,5,Broad Street,,Alresford,SO24 9AR,04065H19,2000017917260,31514,6/4/2026,E,
Churchgate Manor Hotel,,Churchgate Street,,HARLOW,CM17 0JT,04808203,1014569131047,,3/11/2025,D,
Claymore,,Tame Valley Business Park,,Tamworth,B77 5DQ,04800037,1100022310702,,3/11/2025,D,
,,,,,,,1300002226612,,,,
,,,,,,,104672,104672,,,104672
,121,Blackburn Road,,Accrington,BB5 0AA,04811004,1610022362602,138,9/11/2025,E,
,137,Histon Road,,Cambridge,CB4 3JD,00800204,1014571815607,,3/11/2025,D,
Metco Europe Limited,,,,Sheffield,S4 7LA,0380102A,2390000022604,1845,3/11/2025,E,
Unit 2,,Viking Park,,Tamworth,B77 5DQ,03800013,1100022796867,,3/11/2025,D,
Saith Seren,,Chester Street,,Wrexham,LL13 8BG,00900D04,1300011141540,,23/1/2026,E,
Spar Carrbridge,,(the Weaver),,Carrbridge,PH23 3AS,04030P64,1712307223202,38999,7/4/2026,E,
Loppingdales,,Gaunts End,,Bishop's Stortford,CM22 6DR,03800202,1012757409313,,3/11/2025,D,
Unit 1,,"Longmoor Garage, Shirlheath",,Leominster,HR6 9RQ,03801007,1417161602006,,3/11/2025,E,
,49,Elizabeth Road,,Bishop's Stortford,CM23 3RL,04807203,1012754316279,18019,3/11/2025,D,
Wadderton Conference Centre,37,,,Blackwell,B60 1BL,06800021,1412302002007,,3/11/2025,D,
Knott End Cafe,,,,Poulton Le Fylde,FY6 0AB,03801014,1610023163065,7749,28/9/2026,E,
THE WORKSHOP,,STOKE BOTTOM FARM,,RADSTOCK,BA3 5HW,03801110,2200043028633,152,3/11/2025,E,
1st Floor,5,Central Park,,Lutterworth,LE17 4PN,03801013,1100024318689,5737,31/1/2027,E,
Unit 10,,Insch Business Park,,Insch,AB52 6TA,00845P82,1700052652296,,30/4/2027,E,
,,,,,,,2100040796560,,,,
Mission Hall,,High Street,,Gloucester,GL1 4SP,03801007,1414214022000,1549,27/2/2026,E,
,15,Load Street,,BEWDLEY,DY12 2AE,05801N13,1425241200007,,19/8/2026,E,
,,Hammond Road,,Bedford,MK41 0RQ,00900204,1014570872604,,10/4/2026,E,
,,,,,,,1100003908568,,,,
,,Hempstead Lane,,HAILSHAM,BN27 3PR,03800202,1900014305590,,3/11/2025,D,
,4,Crittal Drive,,Braintree,CM7 2RT,03800202,1012491550245,,3/11/2025,D,
,,,,,,,1050000702920,,,,
Unit 11a,,Crittall Drive,,Braintree,CM7 2RT,03801201,1012491552544,1,3/11/2025,E,
Cottage Gifts,10,Castle St,,Beaumaris,LL58 8AP,03800D01,1300012360022,,3/11/2025,D,
,179,Weoley Castle Rd,,Birmingham,B29 5QH,03801N12,1418737711005,14976,12/4/2026,E,
,,Castle Street,,Beaumaris,LL58 8AP,06800D04,1300035431248,,3/11/2025,D,
,,,,,,,1700052056770,,,,
,,,,,,,1012913877850,,,,
,,,,,,,1610010886606,,,,
The Bungalow,,New Road,,Hengoed,CF82 7XJ,03801N13,2199989870736,14308,3/11/2025,E,
,9,BEAUMARIS,,GWYNEDD,LL58 8AP,00900D03,1300035430740,,3/11/2025,E,
GARAGE CHILDWELL ALLEY,,Magdalen Street,,COLCHESTER,CO1 2JX,04808202,1012613671733,,3/11/2025,E,
,3,Centurion Way,,ERITH,DA18 4AF,00845072,1200010167696,,16/4/2026,E,
Spinning Wheel Tea Rooms,1,Bulkeley Place,,Beaumaris,LL58 8AP,04044D02,1300012359417,6373,8/6/2027,E,
Mount Noddy,,Blackmill Lane,,Chichester,PO18 0LL,04800H19,2000019195000,,3/11/2025,D,
Unit 3A,,UNIT 3A,,Olney,MK46 5EA,04811N12,1100039660219,43901,16/4/2026,E,
,6,Beach Road,,Clacton-On-Sea,CO16 8TB,03801202,1012631783082,12144,3/11/2025,D,
,466,Dudley Road,,Wolverhampton,WV2 3AF,03801007,1416734770004,2239,26/2/2027,E,
,,"Aston Business Park, Shrewsbury Avenue",,PETERBOROUGH,PE2 7BF,03801202,1030054964945,7498,16/9/2028,E,
MILLSTONE MEWS,,Bridge Street,,Darwen,BB3 2AA,03801631,1610022873689,2694,17/4/2026,E,
,,U 11 And 12 Hutleys Parade,,Clacton On Sea,CO16 8SB,04807203,1012631784003,5114,3/11/2025,D,
,,"Unit 2, Factory",,COLCHESTER,CO6 2NS,00845072,1014572786203,,30/11/2025,E,
,,Cardington Gate,,Bedford,MK42 0LF,00845071,1030078269690,,3/11/2025,E,
,6,Mill Street,,Oakham,LE15 6EA,04800037,1100001746569,,3/11/2025,D,
Tylers Arms Hotel,,Heol Fawr,,TREHARRIS,CF46 6NW,03220N12,2199995119924,42956,18/4/2026,E,
Hove Western Road Co,,22 Western Road,,Hove,BN3 1AA,04157203,1900033371694,13782,15/8/2027,E,
,UNIT 2,8 COTSWOLD BUSINESS VILLAGE,,MORETON IN MARSH,GL56 0JQ,03801N12,1470000683863,20699,3/11/2025,E,
VODAFONE LIMITED,,127 HIGH STREET KINGS HEATH,,Birmingham,B14 7BW,00900N14,1423471100000,,19/4/2026,E,
,26,Harraton Terrace Durham Rd,,Chester Le Street,DH3 2QG,0380102A,1591059289552,1687,3/11/2025,E,
,,23b Mill Street,,Oakham,LE15 6EA,04800037,1100001746781,,3/11/2025,D,
Unit 2,,Apex Scaffolding,,Exeter,EX4 8HZ,03801110,2200040440100,1779,19/4/2026,E,
UNIT 3 8 COTSWOLD BUSINESS VILLAGE,,LONDON ROAD,,MORETON IN MARSH,GL56 0JQ,03801007,1470000683872,3792,3/11/2025,E,
41a,,Fieldgate St,,LONDON,E1 1JU,03800202,1200040891170,,3/11/2025,D,
,,Workshop,,Malton,YO17 9LA,0380102A,1591031558143,640,19/4/2026,E,
Bkidz,,Grooms Bakery,,KING'S LYNN,PE31 8HD,03801201,1050000458491,2020,23/4/2028,E,
"1, 99",,Fieldgate Street,,London,E1 1JU,03800202,1200020931484,,3/11/2025,D,
,12,"Rochester Airport Industrial Estate,",,ROCHESTER,ME1 3QX,03801202,1900031150583,2927,28/1/2026,E,
,195-197,Hilton Road,,Wolverhampton,WV4 6DE,04811N12,1415049470007,11050,25/2/2027,E,
,130,Lea Village,,Birmingham,B33 9SL,00900N13,1418146151003,,20/4/2026,E,
,,,,,,,2000024704430,,,,
,1,Empson Street,,London,E3 3LT,00845072,1200010161365,,3/11/2025,E,
Unit 2c,,Inchmuir Road,,BATHGATE,EH48 2EP,03500D02,1800020046365,4564,3/11/2025,E,
Holland Park,Unit 15,Bentley Road South,,WEDNESBURY,WS10 8LN,00900N13,1470000670776,,20/4/2026,E,
Berryhill Farm,,,,Kelso,TD5 7SX,03801D03,1800031005580,6978,20/4/2026,E,
Unit 2c,,Inchmuir Road,,BATHGATE,EH48 2EP,04516240,1800020046356,,3/11/2025,E,
Unit 5,73,Milton Street,,Walsall,WS1 4LA,03801007,1430000038254,52,3/11/2025,E,
Unit 20,,Harvest Drive,,Lowestoft,NR33 7NJ,03801201,1012701829581,640,11/9/2026,E,
,23a,Market Street,,Crewkerne,TA18 7JU,03801N12,2200014749975,2243,29/4/2026,E,
Unit 1-2 Spurling Works,,Pindar Road,,Hoddesdon,EN11 0DB,03800203,1012762756120,,3/11/2025,D,
,,Station Road South,,WARRINGTON,WA2 0QS,00900D04,1300035391844,,3/11/2025,E,
,Unit 4,HODDESDON INDUSTRIAL ESTATE,,Hoddensdon,EN11 0DD,03801202,1015682514813,23397,3/11/2025,E,
,,,,,,,2325162011218,,,,
UNIT 4,,CWMDU INDUSTRIAL ESTATE,,WEST GLAMORGAN,SA10 6RP,03801200,2199998817190,26570,3/11/2025,E,
Unit 15,,PINDAR ROAD,,HODDESDON,EN11 0DD,03801201,1015681387126,17247,9/9/2026,E,
,50,High Street,,Radstock,BA3 2DL,04818251,2200011913880,,3/11/2025,D,
Farburn Industrial Estate,6,Wellheads Road,,Aberdeen,AB21 7HG,00845P81,1714586472019,,3/11/2025,E,
Unit 2A,,Charlton Mead Lane,,Hoddeston,EN11 0DJ,05800204,1012762663200,,3/11/2025,D,
Horse & Jockey,32,Hope Street,,Wrexham,LL11 1BD,04044D04,1300011200337,26712,25/9/2026,E,
,52a,High Street,,Radstock,BA3 2DL,03801110,2200011919233,2333,3/11/2025,E,
JOSH INDIAN TAKEAWAY LIMITED,18A,VANSITTART ESTATE,,,SL4 1SE,03801H08,2000052980327,7118,3/11/2025,D,
,,2 Lakeside Court,,Cwmbran,NP44 3GA,03801N12,2100040795159,1463,3/11/2025,E,
,,Kiosk,,Croydon,CR0 4TQ,03801202,1900090178892,,3/11/2025,D,
,2a,High Street,,King's Lynn,PE31 7ER,04812202,1012651220387,4255,25/4/2026,E,
,,15A Bridge Street,,Denbigh,LL16 3LF,04811D01,1300009271471,212,5/2/2026,E,
The Quay Stores,,Yeatmans Old Mill,,Poole,BH15 1HA,04044H23,2000021528728,1358,15/2/2026,E,
Care Centre,,,,Redhill,RH1 6YY,00800071,1900036001194,,3/11/2025,D,
Flr2,,Newfoundland House,,Poole,BH15 1HJ,04800140,2000021528899,,3/11/2025,D,
,,170b Godstone Road,,Whyteleafe,CR3 0ED,03800202,1900019120606,,3/11/2025,D,
,,WEST KNOYLE,,WARMINSTER,BA12 6AG,04811H18,2000025506969,13197,25/4/2026,E,
71a,,Regent Street,,Cambridge,CB2 1AB,03801203,1012801495023,11340,3/11/2025,E,
,,,,,,,2200021801050,,,,
Rear of 4,,BRIDGE STREET,,STOURPORT ON SEVERN,DY13 8XD,03801007,1470001410038,17,3/11/2025,E,
,51a,Uttoxeter Road,,STOKE-ON-TRENT,ST3 1NY,,8817028007,17119,28/7/2026,,31386
,29c,Beam Street,,Nantwich,CW5 5NA,03801D01,1300007839456,61,18/7/2026,E,
,,Farringdon Hill Farm,,Bridgwater,TA5 1TJ,04800N13,2200021292403,,3/11/2025,D,
,,29b Beam Street,,Nantwich,CW5 5NA,03800D01,1300007839483,,3/11/2025,D,
,70A,Stafford Street,,Willenhall,WV13 1RT,03801007,1416356750002,6805,9/2/2026,E,
Dental Surgery,72,Beaumont Leys Lane,,Leicester,LE4 2BA,03801N12,1100012435636,6183,18/6/2026,E,
Unit 15,,Capital Ind Est,,Manorway South,DA17 6BJ,03800202,1200050419539,,3/11/2025,D,
,ASHVALE 1,ALEXANDRA WAY,,"ASHCHURCH, Tewkesbury",GL20 8NB,00845127,1420179100005,,3/11/2025,E,
,79,Stafford Street,,WILLENHALL,WV13 1RT,03800007,1413256750001,,3/11/2025,D,
The Testing House,,Matlock Green,,Matlock,DE4 3BT,02811003,1160000365642,1081,3/11/2025,E,
,114,North Parade,,Matlock,DE4 3NS,04811N12,1100009204839,15610,3/11/2025,E,
Ravenace Metals & Plastics Ltd,,Steelbright Road,,Smethwick,B66 2NW,00845127,1422387000009,,3/11/2025,E,
,Unit 7,Pine Close,,Newhaven,BN9 0DH,03801204,1900030307288,12618,1/5/2026,E,
Martins Yard,,Astonfields Road,,STAFFORD,ST16 3UF,00845N13,1460000543130,,2/4/2027,E,
,78,High Street,,BLACKBURN,BB1 4LA,03801014,1610021983229,8141,3/11/2025,E,
,,,,,,,55568908,55568908,,,466870
,,Beaumont Close,,BANBURY,OX16 7TQ,,50396307,175274,17/9/2027,,200337
Unit 1B,,Market Street,,Nantwich,CW5 5DG,00900D04,1300013469324,,1/5/2026,E,
,,124-126 North Parade,,Matlock,DE4 3NS,03800013,1100009204857,,3/11/2025,D,
,146,Ewell Road,,Surbiton,KT6 6HE,03800203,1900022021241,,3/11/2025,D,
,202,St Andrew's Road,,Bridport,DT6 3BS,00845540,2200030052593,,27/7/2026,E,
,,,,,,,2198765428914,,,,
UNIT 3 3-5,,NOTTINGHAM ROAD,,RIPLEY,DE5 3DG,03800013,1170000284469,,3/11/2025,D,
Office Over,,5A Grosvenor Road,,Ripley,DE5 3JE,03800013,1100008235720,,3/11/2025,D,
,2,Stockton End,,Sandy,SG19 1SB,00800071,1014568235428,,3/11/2025,D,
,Unit 24,Padgets Lane,,Worcestershire,B98 0RB,03801N14,1416934302000,,1/5/2026,E,
,,Unit 3,,MANSFIELD,NG18 5QP,03826013,1100004399600,,23/9/2028,E,
,42,Linden Grove,,London,SE15 3LF,03801202,1200034062626,5720,23/5/2026,E,
Hut next to unit 23,,Amber Business Park,,Alfreton,DE55 4BR,04800037,1100008289984,,3/11/2025,D,
Unit 3,14,Mill Hill Road,,Cowes,PO31 7EA,04811H17,2000019245947,950,1/3/2027,E,
,,,,,,,1300011866665,,,,
Amber Business Park,,Charity Road,,Alfreton,DE55 4BR,04811N12,1100008290057,3048,29/11/2026,E,
,,18-18A Bruton Place,,London,W1J 6LY,08801203,1200051903921,135391,27/8/2026,E,
,237-239,High Street,,Bromley,BR1 1NZ,03801202,1200037701212,38422,3/11/2025,D,
,11,Wallace Street,,Milton Kenyes,MK13 0AR,03811013,1100015041326,2086,2/5/2026,E,
,7,Moss Lane,,Manchester,M45 6QE,03801631,1610029188491,14095,10/12/2025,E,
,239,High Street,,Bromley,BR1 1NZ,03801202,1200037701230,,3/11/2025,D,
Shop,618,Kings Road,,London,SW6 2DU,04809201,1200041478254,7706,4/5/2026,E,
,94,Eastgate Street,,Gloucester,GL1 1QN,03800007,1411766912000,,3/11/2025,D,
63,,QUEEN STREET,,BLACKBURN,BB6 7QP,04812661,1610022030790,6479,5/5/2026,E,
,,Store 2,,St. Neots,PE19 2AF,04800203,1012442847050,,3/11/2025,D,
,1A,GATEHOUSE WAY,,AYLESBURY,HP19 8DB,03801201,1012458392523,1113,13/8/2026,E,
Clear Glaze Windows & Doors Ltd,Clear Glaz,Temple Road,,Leicester,LE5 4JG,04811N12,1100013348611,30610,3/11/2025,E,
,1,Crown Close,,LONDON,E3 2JH,,63328210,1,20/5/2026,,1
"Unit 12, BLOCK B",,"Temple Buildings, Temple Road",,LEICESTER,LE5 4JG,03801N13,1100013348694,14133,3/11/2025,E,
,,Wildmere Road,,BANBURY,OX16 3JZ,04800040,1416804871008,,3/11/2025,D,
Un,UNIT 2B-4B,"Beaver Industrial Estate, Midhurst Road",,LIPHOOK,GU30 7EU,04576140,2000017447972,2198,3/11/2025,E,
,31,High Street,,Sleaford,NG34 9DY,04811037,1100001905849,10054,20/10/2028,E,
1st Floor A,,No 2 Waterloo Street,,Birmingham,B2 5TP,03801N12,1460002061732,5575,3/11/2025,E,
UNIT 5B,,GREG STREET,,STOCKPORT,SK5 7BX,,8850145808,1,3/11/2025,,1996
,215,Glasgow Street,,Ayreshire,KA22 8JT,03801D02,1800029987854,2501,24/5/2027,E,
"GEISMAR UK LIMITED, UNIT 2B-4B, BEAVER I",UNIT 2B-4B,"Beaver Industrial Estate, Midhurst Road",,LIPHOOK,GU30 7EU,03500H09,2000017447981,44248,3/11/2025,E,
,12,Belgrave Close,,Leicester,LE67 4TN,04800037,1100018744218,,3/11/2025,D,
Unit 6,,Canterbury Road,,Worthing,BN13 1AL,00845073,1900009426335,,21/1/2027,E,
Lndlds Sply,,Watermoor Road,,Cirencester,GL7 1LF,04811H16,2000011623490,59,17/1/2027,E,
,1,Union Street,,Stratford On Avon,CV37 6QT,04811N13,1410447081004,15287,25/6/2028,E,
,,Shop 36 The Strand,,Dawlish,EX7 9PT,03800110,2200020416663,,7/12/2026,D,
,,,,MAYBOLE,KA19 7LB,03801D02,1800014942294,,3/4/2026,E,
Dawlish Taxis,43,The Strand,,DAWLISH,EX7 9PT,03801110,2200020416645,1452,22/1/2027,E,
Archduke Restaurant,153,Concert Hall Approach,,London,SE1 8XU,00845072,1200010197413,,21/10/2027,E,
Holy Island,,,,BERWICK-UPON-TWEED,TD15 2RX,04552241,1800020923764,,3/11/2025,E,
,62,Hinckley Road,,LEICESTER,LE3 0RD,04830037,1100014478171,20093,3/11/2025,E,
Main Building,9,Freebounes Court,,WITHAM,CM8 2BL,04205204,1012484059144,38842,3/11/2025,E,
TAJ,37,Victoria Road,,Mablethorpe,LN12 2AF,03826013,1100000611188,15050,3/11/2025,D,
,,64-66 Hinckley Road,,Leicester,LE3 0RD,03800013,1100014478223,,3/11/2025,D,
Unit 3,,Dawson Court,,BURNLEY,BB11 5UB,03800631,1610013935016,,3/11/2025,D,
,,,,,,,2380000002499,,,,
,13a,High Street,,Saltburn-by-the-Sea,TS12 2PE,0480702A,1591039191189,3387,3/11/2025,E,
,,1-7 Highlands Court,,Leigh-On-Sea,SS9 2SL,04100201,1012522272263,1287,23/10/2028,E,
AYLESHAM INDUSTRIAL ESTATE,H20 BUILDI,Brighouse Road,,Bradford,BD12 0NG,0084505A,2316510877014,,3/11/2025,E,
,3,Cleveland Street,,SALTBURN-BY-THE-SEA,TS13 4QU,0380102A,1591057636800,15207,17/11/2026,E,
,,Exchange Road,,Lincoln,LN6 3JZ,03800013,1100002230220,,3/11/2025,D,
1-7 Highlands Court,,London Road,,Leigh-On-Sea,SS9 2SL,04807201,1012522279621,1510,23/10/2028,E,
Unit 2,,Cibyn Industrial Estate,,Caernarfon,LL55 2BD,05800D03,1300013527669,,3/11/2025,D,
,,,,Lincoln,LN6 3JZ,03801013,1100002419682,,3/11/2025,E,
FIRTHS BOUTIQUE,98A,Main Street,,Keighley,BD22 8DP,0380102A,2312654351511,15982,24/10/2028,E,
,7,Forbes Court,,Burnley,BB11 5UB,03800631,1610013935178,,3/11/2025,D,
Unit 15A,,Cibyn Ind Est,,Caernarfon,LL55 2BD,03800D01,1300011815554,,3/11/2025,D,
First Floor Unit 4,,Minerva Business Park,,Peterborough,PE2 6FT,03800202,1012860573056,,3/11/2025,D,
,264 B,ROUNDHAY ROAD,,LEEDS,LS8 5RL,03800999,2380002551676,,3/11/2025,D,
Unit A 10,,Cibyn Industrial Estate,,Caernarfon,LL55 2BD,03801D01,1300011815475,,3/11/2025,E,
,,Forge Lane,,BURTON-ON-TRENT,DE13 0HL,03801013,1100011887202,,3/11/2025,E,
,68,Albert Road,,COLNE,BB8 0AG,04812004,1610014474575,6166,6/9/2026,E,
,21,Prescot Road,,Liverpool,L7 0LA,03801D01,1300001968680,10256,3/11/2025,D,
,Unit 2,EAGLE INDUSTRIAL ESTATE,,Leeds,LS9 7QL,0084505B,2346531190112,,3/6/2027,E,
,7,Low Lane,,BATLEY,WF17 9EW,0380102D,2352970351115,13803,21/10/2026,E,
,10,Bridge Sreet,,Bishop's Stortford,CM23 2JY,04138203,1012753427328,51762,8/2/2026,E,
,109,Prescot Road,,Liverpool 7,L7 0LA,04800D02,1300001968866,,3/11/2025,D,
SOCIAL CLUB,Non-PAF De,Edinburgh Way,,HARLOW,CM20 2DQ,04811202,1012747130842,43678,4/4/2028,E,
,31a,Shop 4,,SLEAFORD,NG34 9DY,04807N12,1100001905858,9405,20/10/2028,E,
Unit 2,,Torre Road,,LEEDS,LS9 7QL,03800999,2300000870071,,3/11/2025,D,
Menkind,3,Queen's Arcade,,Swansea,SA1 3QW,03801N13,2199998324423,,3/11/2025,E,
,6,Princess Street,,BURNHAM-ON-SEA,TA8 1EH,04818251,2200021886861,256,15/6/2028,E,
,,598-602 Hitchin Road,,Luton,LU2 7UG,00800201,1014569055609,,3/11/2025,D,
"5, Royal Parade",,Tilford Road,,Hindhead,GU26 6TD,03500H02,2000016271243,13057,9/7/2026,E,
,614,Hitchin Road,,Luton,LU2 7UG,03807201,1012381943055,2,3/11/2025,E,
,,GILESPORTS PLC,,Swansea,SA1 3QW,03800200,2199998324450,,3/11/2025,D,
44 Waverley Terrace,44,Waverley Terrace,,Tyne & Wear,SR4 6TA,0084505A,1592001121617,,1/11/2026,E,
,Unit 1,Lysander Mews,,London,N19 3QP,03801201,1200042391890,3203,3/11/2025,E,
,57,High Street,,BRIDGWATER,TA6 3BG,03801N12,2200021372175,8505,15/6/2027,E,
,,St. Davids Arcade,,SWANSEA,SA1 3QW,03801N13,2199998324520,12237,1/7/2027,E,
,,Stanmoor Road,,BRIDGWATER,TA7 0RX,03801110,2200040916303,7,4/2/2026,E,
,,618A Hitchin Road,,Luton,LU2 7UG,03800202,1012381944208,,3/11/2025,D,
,14,Chell Street,,Stoke-on-Trent,ST1 6BA,03801N12,1470001435886,4689,3/11/2025,E,
,6,Fieldhead Street,,Bradford,BD7 1LW,0380102B,2311013317010,6968,22/1/2026,E,
Hi-Rel Lids Limited,,Unit 4B,,Harleston,IP20 9EA,00845073,1014570861791,,1/11/2027,E,
,9,High Street,,Billericay,CM12 9BE,04811204,1012564606986,17722,17/9/2027,E,
,16,CHELL STREET,,STOKE-ON-TRENT,ST1 6BA,03801007,1413462710003,47874,3/11/2025,D,
,,Leicester Road,,HINCKLEY,LE10 3DR,03826N14,1100018591154,175653,3/11/2025,E,
8 Fieldhead Street,,Fieldhead Business Centre,,Bradford,BD7 1LW,0380102B,2311013311018,6037,22/1/2026,E,
,24,Chaul End Lane,,Luton,LU4 8EZ,03801202,1050002193531,5181,14/7/2027,E,
Unit 4E,,Snaygill Industrial Estate,,Skipton,BD23 2QR,0380102B,2314751514217,2032,3/11/2025,E,
Pavilion,,Broadway Road,,LIGHTWATER,GU18 5SJ,03801H01,2000003530219,58,26/9/2027,E,
,159,Hatfield Road,,ST. ALBANS,AL1 4LB,04807201,1012480750133,,3/11/2025,E,
Shop 1,2,Leagrave Road,,Luton,LU4 8HZ,03801201,1023545696070,7580,31/5/2027,E,
,Silverdale,Yockleton Stretton Heath,,Shropshire,SY5 9QQ,00845L04,1423270000001,,1/11/2027,E,
,,2a Kimberley Road,,Clevedon,BS21 6QJ,00900N13,2200030038260,,30/1/2026,E,
Kiosk 16,,Peel Street,,Accrington,BB5 1EA,03801631,1620001080756,2242,3/11/2025,E,
4 A,,Beaconsfield Road,,Hatfield,AL10 8BE,03801204,1012466963474,49738,5/3/2027,E,
,265,"Red Head Salon, Chillingham Road",,Newcastle Upon Tyne,NE6 5LL,0084502A,1591014403795,,22/2/2026,E,
Old Laundry Block,,Clevedon Hall Estate,,North Somerset,BS21 7RQ,03801110,2200040324389,7976,1/1/2026,E,
,109,Bunting Road,,NORTHAMPTON,NN2 6EE,03801N12,1100019225162,,1/11/2027,E,
,71,High Street,,St Albans,AL3 7LW,03800203,1012472487389,,3/11/2025,D,
The Assembly,,Spencer Street,,Leamington Spa,CV31 3NF,00845L04,1160001013423,,3/11/2025,E,
,60,Church Street,,Bilston,WV14 0AX,03801N12,1412995570000,9539,14/12/2025,E,
,UNIT 17,Foundry Lane,,Newcastle Upon Tyne,NE6 1LH,0380102B,1591050579341,6424,3/11/2025,E,
FLAT 1,5-7,Stonebank,,Welwyn Garden City,AL8 6NQ,03801202,1012462668911,,3/11/2025,D,
,3,Albert Place,,DARWEN,BB3 0QE,03801024,1610022124437,29916,1/11/2025,E,
,15,St. Peg Lane,,CLECKHEATON,BD19 3SA,0482902C,2325461311018,,12/10/2025,E,
,4,Spencer Street,,Leamington Spa,CV31 3NF,04800037,1100024228166,,3/11/2025,D,
Queensbury Baptist Chapel,,Chapel Lane,,Bradford,BD13 2PZ,0481102B,2390000012838,1795,3/11/2025,E,
SHOP;VILLAGE STORE,7-9,Albert Place,,DARWEN,BB3 0QE,03801024,1610022124455,64807,1/11/2028,E,
,2,New Road,,Welwyn Garden City,AL8 7TX,03800201,1012461919578,,3/11/2025,D,
Unit 2,161,"BARKBY ROAD,",,"LEICESTER,",LE4 9AB,00845058,1100039368097,,1/11/2027,E,
,Unit 18,Foundry Lane,,NEWCASTLE UPON TYNE,NE6 1LH,0380102B,1591055325524,5233,3/11/2025,E,
UNIT 8,,Benson Road Ind Est,,Birmingham,B18 5TS,03801007,1412257631001,1,3/11/2025,E,
,,Spencer Street,,Leamington Spa,CV31 3NF,04800037,1100024502501,,3/11/2025,D,
,,51A Wimpson Lane,,Southampton,SO16 4QF,03801H02,2000022697677,12396,21/12/2027,E,
Unit 9,9,Benson Industrial Estate,,Birmingham,B18 5TS,03800007,1413257631003,,3/11/2025,D,
,101,Barkby Thorpe Road,,Leicester,LE4 9LX,00845L03,1170001042086,,1/11/2027,E,
,6,Knightstone Rd,,Weston-super-mare,BS23 2AN,03800110,2200013383696,,3/11/2025,D,
,12-14,Adelaide Street,,BRADFORD,BD5 0EA,0380102A,2312708544110,1636,3/11/2025,E,
,100,Lorne Road,,Leicester,LE2 1YG,03801013,1100013697246,2446,29/1/2026,E,
Bradford M D C (s0125e),25,Hallfield Road,,Bradford,BD1 3RP,0380102B,2316102331517,17637,2/3/2028,E,
PANDA EXPRESS,247,Wash Lane,,BIRMINGHAM,B25 8PT,03801N13,1460001936110,14894,3/11/2025,E,
,,Ripley Road,,BRADFORD,BD4 7EX,0380102D,2380000348837,58479,2/4/2028,E,
,528,Filton Avenue,,BRISTOL,BS7 0QE,00900N14,2200030010830,,1/11/2027,E,
,16,Leagrave Road,,Luton,LU4 8HZ,04807203,1012372516732,,3/11/2025,D,
218-220,,Church Street,,Blackpool,FY1 3PT,03801631,1610004121911,3226,11/10/2026,E,
Unit 3C,,Temple Road,,Leicester,LE5 4JE,04032037,1100012333181,,3/11/2025,D,
,251,"Wash Lane, Yardley",,"Birmingham, West Midlands",B25 8PT,03873007,1415523441003,1557,3/11/2025,D,
69-71,,HIGH STREET,,WESTON-SUPER-MARE,BS23 1HE,00900N14,2200030036884,,1/11/2027,E,
,98,Stanley Street,,Blackburn,BB1 3BW,00800801,1630000274004,,3/11/2025,D,
,56,Leagrave Road,,LUTON,LU4 8HZ,04807203,1012372528231,,3/11/2025,E,
,,Ford Road,,Arundel,BN18 0BD,04811H19,2000018606171,,1/11/2027,E,
First Floor Offices,10,Church Street,,Alcester,B49 5AJ,04021010,1412697102000,,3/11/2025,D,
Cheers Hotel,50,Coronation Street,,Blackpool,FY1 4PD,04811004,1610004102788,3641,17/1/2027,E,
,4,Izons Lane Industrial Estate,,West Bromwich,B70 9BY,03801N12,1421457000000,,18/4/2026,E,
,,15a New Road,,Linslade,LU7 2LS,04807203,1012387490192,,3/11/2025,D,
,99,Shop & Flat,,Blackpool,FY1 3QX,03801144,1610003644938,,30/8/2027,E,
,98,Stanley Street,,Blackburn,BB1 3BW,03801131,1610021856405,,3/11/2025,D,
,66,Regent Street,,Cambridge,CB2 1DP,03800003,1012801492723,,3/11/2025,D,
,59,Gisburn Road,,BARNOLDSWICK,BB18 5HB,0380102D,2315652771010,42508,1/11/2028,E,
Warehouse 5,20,Rigg Approach,,London,E10 7QN,03801204,1200041280720,64499,2/11/2028,E,
,,Cherrycourt Way,,Leighton Buzzard,LU7 4UH,00900203,1014571075925,,3/11/2025,E,
B AMPLIVOX ULTRATONE HEARING CARE CENTRE,20,King Street,,Lancashire,FY1 3EJ,03800631,1610003589310,,3/11/2025,D,
7 Old Square,25,Digbeth Square,,Walsall,WS1 1PY,03800007,1414417950009,,3/11/2025,D,
,,,,,,,1200021507334,,,,
C C 0029,70,Regent Street,,Cambridge,CB2 1DP,03800202,1012801494562,,3/11/2025,D,
UNIT 7/8,,RELIANCE ENTERPRISE PARK,,MANCHESTER,M40 3AL,04811024,1610018253414,10074,2/7/2026,E,
,,,,,,,1412659571001,,,,
Pro Tech Precision,,Station Road West,,Aldershot,GU12 5QD,00845H89,2000027416350,,5/3/2026,E,
,,15a Wigwam Lane,,Nottingham,NG15 7TA,03801N14,1100005196139,14056,23/7/2026,D,
,8,Fir Vale Road,,Bournemouth,BH1 2JG,03801H07,2000021022316,27860,3/11/2025,E,
,8,"Enterprise Industrial Estate, Station Road West",,ALDERSHOT,GU12 5QJ,03801H07,2000016233460,436,15/7/2027,E,
,94,Regent Street,,Cambridge,CB2 1DP,03800203,1012801504227,,3/11/2025,D,
Unit B4 Imex Enterprise Park,,Wigwam Road,,Nottingham,NG15 7TA,04830N12,1100005188731,4192,3/11/2025,E,
SINGH STOP,13,The Parade,,Telford,TF2 8EB,04811N13,1417557110005,16078,11/1/2026,E,
,,,,,,,1100013512450,,,,
,309,London Road,,CAMBERLEY,GU15 3HE,03801H01,2000004778297,4024,3/11/2025,E,
First Floor,94,Regent Street,,Cambridge,CB2 1DP,04800203,1012801505141,,3/11/2025,D,
,,,,,,,1200025080336,,,,
Imex Enterprise Park,,"Unit G1,",,Nottingham,NG15 7SZ,03801013,1100051039990,7380,22/10/2027,E,
Albury House,6,Albury Road,,GUILDFORD,GU1 2BT,00900204,1900001383631,,25/8/2026,E,
The Shop,75,Annesley Road,,Nottingham,NG15 7DR,03800013,1100006300252,,3/11/2025,D,
,,100-102 Regent Street,,Cambridge,CB2 1DP,04808203,1012801507900,51176,3/11/2025,D,
,94,Regent Street,,Cambridge,CB2 1DP,03800203,1012801504919,,3/11/2025,D,
,46,Church Street,,LONDON,NW8 8EP,03801202,1200021306791,3965,3/11/2025,E,
,1378,London Road,,Leigh-On-Sea,SS9 2UH,03873204,1023467279042,35711,4/11/2025,E,
,47,Holly Road,,SUFFOLK,IP5 1HX,04124202,1012906712898,4428,10/11/2025,E,
,81,Annesley Road,,Nottingham,NG15 7DR,04830037,1100006300322,2923,3/11/2025,D,
,,8 Alexandra Road,,Farnborough,GU14 6DA,00900Q02,2000017236746,,31/5/2026,E,
,,Common Road,,ELY,CB6 2HZ,03800003,1012773414095,,3/11/2025,D,
,,,,,,,2000003749133,,,,
,24,Leslie Street,,BLAIRGOWRIE,PH10 6AH,03801P07,1717388815003,7874,2/11/2026,E,
,501,Kingsbury Road,,London,NW9 9EG,03801203,1012840215751,47328,28/8/2027,E,
,16,Church Lane,,Nottingham,NG16 5AB,03801013,1100007938510,,3/11/2025,D,
HALDEN HOUSE,59,WALTER ROAD,,SWANSEA,SA1 5PZ,04807201,2199998273595,,12/1/2026,E,
,40,Wilton Road,,Reading,RG30 2SS,03801H02,2000011521619,4079,3/11/2025,E,
,,,,,,,2100040856500,,,,
,25,High Street,,Haverhill,CB9 8AD,04812203,1012950788718,7606,3/11/2025,D,
"Wise Buys, The Mobile Group",228,Colne Road,,Burnley,BB10 1DY,03801014,1610014114780,1598,3/12/2025,E,
First Floor Offices,25,High Street,,Haverhill,CB9 8AD,04811201,1012950789172,2130,3/11/2025,E,
Suite 2C Langford House,40,Friar Lane,,Nottingham,NG1 6DZ,03800013,1100007343726,,3/11/2025,D,
,263,Oxford Road,,READING,RG1 7PY,00900456,2000055552140,,3/11/2025,E,
Broadwalk 1 Cyps Office,,1 Broadwalk,,Bristol,BS1 6EE,00800203,2200030012670,,3/11/2025,D,
,,LITTLE JOHNS FARM,,Reading,RG30 1LQ,04044H17,2000010484922,,13/3/2028,E,
,20,Churchill Way,,Cardiff,CF10 2DY,03801200,2199994159049,1265,15/8/2026,E,
Bristol Knowle,,12 Broadwalk Shopping Centre,,Bristol,BS4 2QU,03801110,2200015312828,,3/11/2025,E,
,5A,Thurlow Street,,Bedford,MK40 1LR,03136202,1012346308234,13653,3/11/2025,E,
,,Molefre,,Gwynedd,LL72 8NN,03801D03,1300011906894,19247,28/10/2026,E,
,8,Lansdowne Road,,Bedford,MK40 2BU,03801202,1012351990150,4219,3/11/2025,D,
,20,Churchill Way,,Cardiff,CF10 2DY,03801200,2199994159030,237,3/11/2025,E,
,,,,,,,2380000014731,,,,
"Unit 68/69, The Wulfrun Centre",,Cleveland Street,,WOLVERHAMPTON,WV1 3HH,03801N13,1470000408092,38480,11/8/2026,E,
,4,St. Barnabas Road,,READING,RG4 8RA,03801H02,2000009933043,85,22/10/2026,E,
Unit 24,,Braod Walk,,BRISTOL,BS4 2QU,03800110,2200015315615,,3/11/2025,D,
,26-28,Churchill Way,,CARDIFF,CF10 2DY,03801N13,2199994158880,,5/7/2027,E,
,73,Harpur Street,,Bedford,MK40 2SR,03800202,1012345822930,,3/11/2025,D,
Oakhill Medical Practice,,Oakhill Road,,Sheffield,S18 2EJ,0380102A,2300000489165,2098,19/11/2026,E,
Unit 28,,"White Bridge Farm Industrial Estate, Crays Hill,",,Billericay,CM11 2UL,03801201,1012567348127,659,17/6/2026,E,
1B,,Caxton Road,,Bedfordshire,MK41 0EH,00900204,1023527367699,,9/7/2026,E,
,19,The Green,,Hunstanton,PE36 5AH,04811201,1012645924179,20141,7/11/2025,E,
Unit 23C,,Whitesbridge FRM Industrial Estate,,BILLERICAY,CM11 2UL,03801201,1012567347202,230,24/10/2026,E,
Hill End Campsite,,Llangennith,,Swansea,SA3 1JD,03801200,2100040797476,35776,1/10/2026,E,
Unit 21 Houghton Street,,Houghton Street,,West Bromwich,B70 6BW,03800007,1417333860001,,3/11/2025,D,
,,Storforth Lane,,CHESTERFIELD,S40 2TU,03801N13,1100051190886,,1/11/2028,E,
,,,,,,,1100004467330,,,,
,53,Brunel Road,,Bedford,MK41 9TJ,03801201,1012358779062,16724,3/11/2025,D,
,19A,The Green,,Hunstanton,PE36 5AH,03801202,1012645924639,18966,7/11/2025,E,
,,,,,,,1300054767887,,,,
,,114b Penny Lane,,Liverpool 18,L18 1DQ,03800D01,1300003161746,,3/11/2025,D,
No Building Name,,Manor Way,,BOREHAMWOOD,WD6 1GW,03801204,1030021709938,4361,3/11/2025,E,
,29,Rose Lane,,Liverpool,L18 5EA,03800D01,1300003171540,,3/11/2025,D,
,135,Allerton Road,,Liverpool,L18 2DD,03800D01,1300003083716,,3/11/2025,D,
,,,,,,,1419356750008,,,,
Hamilton Leigh Ltd Unit 1,,Manor Way,,BOREHAMWOOD,WD6 1GW,03801204,1030021709706,3116,3/11/2025,E,
,,CHURCH INSTITUTE Rose Lane,,Liverpool,L18 5EA,04044D03,1300003171559,423,3/11/2025,E,
Landlords Flats,51,Cricklade Street,,Cirencester,GL7 1HY,03801H01,2000012789648,184,16/10/2026,E,
,Unit E,Dominion Way,,Littlehampton,BN16 3HQ,00845071,1900014001124,,2/12/2027,E,
LANDLORD SUPPLY,,ANNANDALE,,CROSBY,L23 8UG,03800D01,1300061072186,,3/11/2025,D,
UNITS 2-3 VALBRO HOUSE,,BARKBY ROAD,,LEICESTER,LE4 9LL,00845058,1170001419366,,16/10/2026,E,
,95,Church Road,,London,SE19 2TA,03801202,1200039242501,116280,3/12/2025,E,
,,,,,,,1900091076393,,,,
Ha'of Durran,,Steading,,Thurso,KW14 8TE,03801R54,1712510545002,25102,3/4/2027,E,
Hinckley Rugby FC Greene King Stadium,,Leicester Road,,Hinckley,LE10 3DR,03801N14,1170000747167,67152,18/9/2026,E,
,,,,,,,1416659571009,,,,
,227,High Street,,BROMLEY,BR1 1NZ,,1200037700974,,21/12/2026,E,
Charter House,,High Street,,Banbury Oxon,OX16 8EG,00900N13,1414564971008,,16/10/2026,E,
,,U101,,Leeds,LS11 8LU,0380202D,2341908122012,51290,23/12/2025,E,
Universal Foods,,32 Cedar Road,,Newcastle-Upon-Tyne,NE4 9XX,0380102B,1591030706893,,17/10/2024,E,
UNIT F,107,BARKBY ROAD,,LEICESTER,LE4 9LG,03801013,1170001375921,1283,30/10/2027,E,
,,,,,,,1012733460330,,,,
,,Unit 17,,EBBW VALE,NP23 4LU,00845300,2100040144981,,3/11/2025,E,
,,,,,,,1300011650991,,,,
,278,Station Road,,Harrow,HA1 2EA,03136204,1012853209377,13198,1/12/2026,E,
,,Lon Hen Felin,,CAERNARFON,LL55 2BD,00845G02,1300060181682,,23/12/2025,E,
,310,Leith Walk,,Edinburgh,EH6 5BU,04005D02,1800031790872,153904,17/10/2027,E,
Unit 9,,Mowlem Trading Estate,,London,N17 0QJ,04800203,1013069671804,,3/11/2025,D,
,Unit 3,Digbeth Arcade,,Walsall,WS1 1QZ,03801N12,1419327950000,4261,8/7/2026,E,
,281,Caledonian Road,,London,N1 1EF,03801204,1200021473794,8420,3/11/2025,D,
Shop,2,White Hart Lane,,LONDON,N17 8DP,03801201,1013070821805,23845,3/11/2025,E,
Construction Co Ltd,71,High Street,,Brackley,NN13 7BW,04811037,1100015873764,6129,9/12/2025,E,
"SHEPHERDS SHOE SHOP, S & J SHOES, 51",51,STREET LANE,,LEEDS,LS8 1AP,0380102B,2343305434511,5410,3/11/2025,E,
,8,White Hart Lane,,London,N17 8DP,03801202,1013070823876,22432,3/11/2025,E,
,,Thornbury Road,,PLYMOUTH,PL6 7PP,,11208507,167177,1/5/2027,,171628
,,Bridlington Road,,Filey,YO14 9RS,0380102D,2365285624028,29983,11/12/2025,E,
Unit D Watkins House,,Pegamoid Road,,London,N18 2NG,00845072,1050001572396,,25/1/2026,E,
,121,High Road,,London,N2 8AG,03801202,1012989807520,3,12/9/2026,E,
,71,Leicester Road,,Wigston,LE18 1NR,,1100013604701,18893,18/10/2026,E,
,,Cibyn Industrial Estate,,CAERNARFON,LL55 2BD,00900D03,1300011815155,,24/12/2026,E,
"Unit A1c, Cradley Business Park",,Overend Road,,CRADLEY HEATH,B64 7DW,04811N12,1470000310156,16563,1/11/2026,E,
Garage,,Cornbrook Road,,Manchester,M15 4WB,,1610006064479,37080,25/11/2027,1,
Rear Of,62,Croydon Road,,West Wickham,BR4 9HU,03801201,1900003232526,1423,12/12/2025,E,
"1314-1316, High Road",,London,,,N20 9HJ,03800003,1013018033584,,3/11/2025,D,
Unit A1,,Cradley Business Park,,Cradley Heath,B64 7DW,00900N14,1460001403122,,1/11/2026,E,
"1314-1316, High Road",,London,,,N20 9HJ,03800003,1013018034045,,3/11/2025,D,
Access Technologies Ltd,,Unit B1 Cradley Business Park,,Cradley Heath,B64 7DW,00845X34,1460000537730,,1/11/2026,E,
KIG MANUFACTURING LTD,,overend road,,cradley heath,B64 7DW,00845L02,1460000107066,,1/11/2026,E,
,115,High Road,,Benfleet,SS7 5LN,03801203,1023536778372,17284,5/9/2027,E,
,1334,HIGH ROAD,,LONDON,N20 9HJ,03136201,1013018039336,7199,3/11/2025,E,
Chaplins Drive Off Stratford Road,Unit 3,Stratford Road,,NORTHAMPTON,NN7 2NJ,01801001,1170000337925,28735,2/1/2026,E,
,1338,High Road,,London,N20 9HJ,08800204,1014568703701,,3/11/2025,D,
Unit 3,,Burma Drive,,Hull,HU9 5SD,0380102B,2365025348113,5256,14/12/2025,E,
,118,Garratt Lane,,London,SW17 0PY,03801204,1200039592566,20132,20/5/2026,E,
,6,Ock Street,,Oxon,OX14 5AW,,15775507,172262,1/8/2028,,193968
9-11,,DEAN ROAD,,SOUTH SHIELDS,NE33 3PS,0380102B,1591050183360,109002,14/12/2025,E,
Landlords Supply,,Flat 3a Cheapside,,London,N22 6HH,03800202,1050000016910,,3/11/2025,D,
,,,,,,,see attched,see attched,,,
Finchley Police Station,193,Ballards Lane,,LONDON,N3 1LZ,00800074,1023533570795,,3/11/2025,D,
,12,Frog Island,,LEICESTER,LE3 5BG,00845058,1100039374198,,14/12/2025,E,
,,,,,,,1610020774898,,,,
,221,Nether Street,,London,N3 1NT,03136203,1013009433653,,3/11/2025,D,
Hoo Village Institute,25,Main Road,,Rochester,ME3 9AA,04829204,1900031000099,81583,8/8/2028,E,
,,1a East End Road,,London,N3 3QE,04807201,1023495719230,10632,3/11/2025,E,
,,,,,,,1012685107669,,,,
,68,Liverpool Road,,Stoke On Trent,ST4 1BG,03801N12,1417097030007,846,11/10/2026,E,
Alexandar Buildings,5,Blackstock Road,,London,N4 2JF,03801202,1200039230729,1377,3/11/2025,E,
,,,,,,,1427364100007,,,,
Supply to Garage,21,Commondale Way,,BRADFORD,BD4 6SF,0084505A,2380000434868,,15/12/2025,E,
,418,Seven Sisters Road,,London,N4 2LX,03801201,1200025880912,,3/11/2025,E,
La Bettola Restaurant,,Market Place,,Ringwood,BH24 1AW,03107H31,2000026766934,,3/11/2025,E,
,,,,,,,2200023405813,,,,
,13,Thane Villas,,London,N7 7PH,03800202,1200020043534,,3/11/2025,D,
,26,Charnwood Road,,Loughborough,LE12 9QF,04811037,1100014013781,1879,21/10/2026,E,
Bar Lane Garage,,Boroughbridge Road,,Knaresborough,HG5 0LZ,0380002D,1591057787750,,1/4/2026,D,
,15,Thane Villas,,London,N7 7PH,03800202,1200020043580,,3/11/2025,D,
Unit 6,,Hoddesdon Industrial Centre,,Hoddesdon,EN11 0DD,03801201,1023471764731,1646,3/11/2025,E,
,,,,,,,1610003135259,,,,
,,,,,,,1100000637567,,,,
,,,,,,,1012672053092,,,,
,649,Green Lanes,,London,N8 0QY,04807201,1013085277769,3665,3/11/2025,E,
,659,Green Lanes,,London,N8 0QY,03800202,1013085280060,,3/11/2025,D,
,34,Bargate House,,Oakham,LE15 6AL,04812037,1100001740804,6933,21/10/2028,E,
,36,Barnsley Road,,PONTEFRACT,WF9 4PU,,66968105,106274,1/4/2028,,95300
,7,"Top Oth Meadow, Wooley Lane",,ACCRINGTON,BB5 2EA,03801014,1610022501408,22912,21/10/2026,E,
,659,Green Lanes,,London,N8 0QY,04800200,1013085280292,,3/11/2025,D,
,,,,,,,1012428155340,,,,
,27,St. Giles Street,,NORWICH,NR2 1JN,03801201,1030078778916,965,22/10/2026,E,
,659,Green Lanes,,London,N8 0QY,03800202,1013085280752,,3/11/2025,D,
Landlords Supply,16,Woodside Park Road,,London,N12 8RP,03801201,1050001084901,531,22/10/2027,E,
,,,,,,,1013058225168,,,,
Flat 4 2nd Floor,18,Goose Gate,,,NG1 1FF,03800013,1100007382804,,3/11/2025,D,
,,,,,,,2343961080914,,,,
"Unit 14, Ilford Site",,Ilford Trading Estate,,Basildon,SS14 3DR,03801202,1012557483654,9480,22/10/2027,E,
SPS POLISHING CO LIMITED,,OWEN ROAD,,WOLVERHAMPTON,WV3 0AL,,15107701,89941,1/11/2026,,97932
,15-17 BASE,STONEY STREET,,NOTTINGHAM,NG1 1LP,04800N12,1100005096008,,3/11/2025,D,
,242,"A, Portland Road",,Hove,BN3 5QT,04811202,1900030380998,9714,22/10/2027,E,
"Unit 5, Prospect Business Park",,Longford Road,,Cannock,WS11 0LG,04811N12,1415511340004,8970,19/12/2025,E,
Flat 3,2,Woodside Park Road,,London,N12 8RP,03801201,1050001311080,2741,24/10/2027,E,
,,,,,,,1900016187440,,,,
,54,Mercer Walk,,Ellesmere Port,CH65 0AP,,14097506,1,24/2/2026,,220274
,50,Avenue Road,,Birmingham,B6 4DY,00900127,1460002006420,,3/11/2025,E,
,,,,,,,304503/304402,304503/304402,,,
,2a,Bridge Square,,Farnham,GU9 7QR,03801H06,2000017103985,18164,20/12/2025,E,
,,,,,,,1410208920000,,,,
,UNIT 3,STONEY STREET,,NOTTINGHAM,NG1 1LP,04800037,1100005315781,,3/11/2025,D,
,15,Fore Street,,Chard,TA20 1PH,,8234100,62621,28/4/2026,,81659
4-6,,WOODSIDE PARK ROAD,,LONDON,N12 8RP,03801203,1013010434381,10555,1/11/2027,E,
,2,Woodside Park Road,,London,N12 8RP,04811201,1013010433927,666,24/10/2027,E,
Unit 5,,15/17 Stoney Street,,Nottingham,NG1 1LP,04800N12,1100005094942,,3/11/2025,D,
Lift supply,25,Stoney Street,,Nottingham,NG1 1LP,03800013,1100005315898,,3/11/2025,D,
First Floor,16,Woodside Park Road,,London,N12 8RP,03801201,1013010441050,12462,24/10/2027,E,
,141-147,Trinity Road,,LONDON,SW17 7HJ,04807204,1200028602700,125120,21/12/2025,E,
,,,,,,,1415832040007,,,,
Thurland Chambers,4,Thurland Street,,Nottingham,NG1 3DR,04874N12,1100005255440,100,1/7/2026,E,
"Innate, Stewart House",,Stewart Street,,WOLVERHAMPTON,WV2 4JW,00845127,1413837403001,,3/11/2025,D,
,CARLTON TE,STONEY STREET,,NOTTINGHAM,NG1 1LP,04800N12,1100005315763,,3/11/2025,D,
,,,,,,,1100001905644,,,,
,209,London Road,,Reading,RG1 3NU,03801H03,2000009882504,19922,24/10/2026,E,
,,,,,,,Various,Various,,,
Rmc House,,The Square,,Lightwater,GU18 5SS,00845H86,2000003529808,,24/10/2027,E,
,9,Holy Bones,,Leicester,LE1 4LJ,,48291900,363997,1/10/2026,,390313
,4,Thurland Street,,Nottingham,NG1 3DR,04831037,1100005255430,497,1/7/2026,E,
Solent Road,0,Havant,,,PO9 1DQ,00845H86,2000053890357,,26/12/2025,E,
,198,Fishponds Road,,Bristol,BS5 6PU,03801N12,2200017331274,5648,10/2/2027,E,
Unit 9,,Central City Industrial Estate,,Warwickshire,CV6 5RY,03801N13,1100023724394,25827,5/5/2027,E,
,,Unit 12,,WASHINGTON,NE38 8QP,0380102A,1580000057388,2645,23/10/2026,E,
,,,,,,,21486901,,,,
Methodist Church,,Fishponds Road,,Bristol,BS5 6PU,03046110,2200017331283,1448,10/12/2026,E,
"BASE & SHOP, 98A, NORTH END ROAD",98A,North End Road,,LONDON,W14 9EX,03007201,1200030599581,,8/2/2028,E,
,34,Clifton Road,,London,W9 1ST,03801202,1200032415657,5135,11/3/2028,E,
Horns Cross Repair,,,,BIDEFORD,EX39 5DH,03801N12,2200040111119,10879,27/10/2026,E,
Unit 10,,Central City Industrial Estate,,Coventry,CV6 5RY,03801N13,1100023724400,35343,5/5/2027,E,
,,20b Langton Road,,Bournemouth,BH7 6HS,03801H01,2000020540130,2101,8/10/2026,E,
Oak Farm,,Weston Road,,Bristol,BS49 5EB,03801110,2200013427712,1496,15/12/2026,E,
,,,,,,,1030073197048,,,,
Unit D & E,,Carlinghurst Road Business Park,,Blackburn,BB2 1PQ,03801274,1610022147391,37012,31/10/2026,E,
Pentecostal Mission Church,,Fishponds Road,,Bristol,BS5 6PU,03046110,2200017331292,690,10/12/2026,E,
Landlords Supply Communal Area,187-189,Edgware Road,,London,NW9 6LP,03801201,1023536842080,759,8/2/2027,E,
,26,Fairfax Road,,NEWTON ABBOT,TQ12 6UD,04807N12,2200020038918,11983,16/12/2026,E,
"UNIT 8, SKINILEAN LTD",,DOWNSBROOK TRADING ESTATE,,WORTHING,BN14 8NQ,00845071,1900048385379,,3/11/2025,E,
Heys Farm,,Dean Lane,,Clitheroe,BB7 9JJ,,1482542907,26412,11/8/2028,,29219
,11,Grafton Avenue,,Weymouth,DT4 9RZ,03801H02,2000025192590,6470,16/12/2027,E,
1 Beechwood Cottages,,Roman Road,,Blackburn,BB1 2LB,03801144,1610022131745,12451,2/11/2026,E,
H1 - 1 Baywell House,,Tucker Close,,Frome,BA11 5LS,03801H01,2000052380426,1871,24/12/2027,E,
,11,Frithwood Close,,MAIDSTONE,ME15 8UT,03801202,1900004204352,11087,11/3/2028,E,
,84,Barkby Road,,LEICESTER,LE4 9LG,04811N14,1100012628827,,3/11/2025,D,
Hightown Community Centre,,,,Luton,LU2 0EY,,9124296408,99976,1/4/2026,,128453
Village Curry House,129,Nelson Street,,Glasgow,G5 8DZ,,5044598902,520527,24/4/2028,,515087
Hartley Farm,,Hartley,,Bradford-on-Avon,BA15 2JB,00845H87,2000006209832,,4/11/2026,E,
,,2 Melbourne House,,Northamptonshire,NN17 5JG,04811037,1100020364584,1636,3/11/2025,D,
,19,Broad Street,,Oxford,OX1 3AS,04575140,2000007926141,17865,5/5/2027,E,
Grain Store,,Keers Farm,,Dunmow,CM6 1PQ,00900201,1030074223070,,12/3/2026,E,
,84,Regent Street,,Bristol,BS15 8HU,03801N12,2200017789075,22308,21/10/2026,E,
,,Unit 2,,LEICESTER,LE5 4JG,03801N12,1100012268745,4622,3/11/2025,E,
,Unit 14,Chaucer Industrial Estate,,Polegate,BN26 6JF,03801204,1900038295912,36907,8/11/2026,D,
,49,High Street,,Bristol,BS16 5HW,03801N12,2200017485434,13783,12/3/2028,E,
,1076,Stratford Road,,Birmingham,B28 8AD,03801007,1418564741008,,3/11/2025,D,
,,London Road,,HINDHEAD,GU26 6AG,,6298105,347949,14/11/2025,,1482328
"Ground Floor, Tailor",19,Broad Street,,Oxford,OX1 3AS,03500H01,2000007926150,11615,5/5/2027,E,
Unit 5,,Minster Ind Est,,Oxfordshire,OX29 0QS,04044H17,2000009047280,,16/12/2026,E,
16,,Gardner Street,,Glasgow,G11 5NG,04025D02,1800032753808,9695,9/2/2026,E,
1081 1083 STRATFORD ROAD,1081-1083,Stratford Road,,BIRMINGHAM,B28 8AD,03801N13,1414025551000,1258,7/7/2026,E,
Unit 1,161,Barkby Road,,Leicester,LE4 9LX,00845L02,1170001000467,,16/12/2027,E,
VANGUARD COMMUNITY CENTRE,65,BEVINGTON CLOSE,,LANCASHIRE,BB11 4SD,03801004,1620000182322,8225,21/11/2026,E,
Basement,78,Old Christchurch Road,,BOURNEMOUTH,BH1 1LR,03801H01,2000020860561,,3/11/2025,E,
New Club House,,Links Hey Road,,Wirral,CH48 1NB,04044D04,1300007356672,127034,25/6/2026,E,
UNIT 1B STAPYLTON ST IND EST,1,"BOLCKOW ROAD,BESSEMER COURT",,Middlesbrough,TS6 7BJ,0380102B,1591047095971,12654,6/5/2027,E,
Plot 1,,Ruffside Fell Farm,,Consett,DH8 9PE,0580102D,1580000783328,85367,25/11/2026,E,
,93,Browgate,,Shipley,BD17 6BY,0482902D,2311691040116,34400,12/3/2028,E,
,214,Aigburth Road,,LIVERPOOL,L17 9PE,03801D01,1300002989360,2502,10/2/2028,E,
,21,First Floor,,Cheltenham,GL50 1JZ,00900633,1412371071000,,16/12/2025,E,
Workshop,,Nelson Way,,Boston,PE21 8TS,03801N12,1100000251413,11147,12/3/2026,E,
,,Plot 1,,Wisbech,PE13 4SD,03801202,1030048469743,6149,11/2/2028,E,
McNeill's Stornoway,,13 Cromwell Street,,Stornoway,HS1 2DA,03094R69,1712786081200,37312,25/3/2028,E,
LUIGIS FL & SHOP,94,READING ROAD,,FARNBOROUGH,GU14 6NL,03801H01,2000017244756,7098,2/12/2026,E,
Bite Edge Precision,16,Potters Lane,,Milton Keynes,MK11 3HF,03801013,1100015058152,3008,10/3/2027,E,
The Swannings,,Stratford Road,,Northampton,NN7 2NJ,01801001,1100020112412,162,3/6/2026,E,
Dawkins Business Centre,,Dawkins Road,,Poole,BH15 4JY,03801H07,2000022060925,3635,9/10/2026,E,
"Shapers Fitness Centre, Anderson House",29,Coast Road,,WALLSEND,NE28 8DA,0090002D,1591058082492,,1/7/2026,E,
The Poplars Farm,,Tollerton Road,,York,YO61 1JD,0480702D,1591013725714,11809,16/12/2026,E,
"LOG CABINS, KIOSK",,SOUTH FORK FARM,,WISBECH,PE13 4SD,00845072,1050002264945,,11/2/2028,E,
,13,Walm Lane,,London,NW2 5SJ,,3301831701,307594,29/9/2027,,338763
New Farm Buildings,,Fernside,,Faversham,ME13 9LL,00900204,1900026426596,,18/12/2026,E,
,Unit 33,Bloomfield Road,,Tipton,DY4 9AH,00900N13,1429556000000,,6/5/2026,E,
,17,Victoria Road,,MABLETHORPE,LN12 2AF,04811037,1100000610964,4551,10/10/2026,E,
,19,Potters Lane,,Milton Keynes,MK11 3HF,03801N12,1100015058180,3911,10/6/2026,E,
"GNAW CHOCOLATE LTD,",64-65,"NORWICH LIVESTOCK MARKET, HALL ROAD",,NORWICH,NR4 6EQ,04808204,1012684944829,9470,13/3/2026,E,
,,,,,,,9087655803,9087655803,,,146015
,5,South Parade,,Horley,RH6 8BH,03801202,1900019338493,3512,19/12/2026,E,
,,G11 the Gate,,NEWCASTLE UPON TYNE,NE1 5TG,0084505B,1580000007527,,3/11/2025,E,
,,,,,,,74226101,74226101,,,1
1st Floor Offices,38,Rothesay Road,,Luton,LU1 1QZ,03801202,1012365654688,3136,3/11/2025,E,
Old Post Office,1,Compton Road,,London,SW19 7QD,00845071,1200029044484,,12/2/2026,E,
Barn,,N/s To Barn At Bodowyr Farm,,Llangaffo,LL60 6NH,03801D02,1300060199086,7776,20/12/2026,E,
Unit A2,35,Brunel Road,,Bedfordshire,MK41 9TJ,03801203,1012358777455,15960,12/2/2026,E,
,17,Farthing Grove,,Milton Keynes,MK6 4JH,04800037,1100015389744,,3/11/2025,D,
Unit 7,,Aston Road,,Nuneaton,CV11 5EL,03801013,1100022802475,,3/11/2025,D,
Somerton Hair & Beauty,,West Street,,SOMERTON,TA11 7PR,03801N12,2200013826662,2732,12/5/2026,E,
,113,High Street,,London,E13 0AD,00845204,1200010157085,,27/6/2026,E,
Lovat House,,Gavell Road,,Glasgow,G65 9BN,03801D03,1800019616801,7220,10/1/2027,E,
,,24-26 Knowl Piece,,Hitchin,SG4 0TY,03801204,1012820903116,23665,14/3/2026,E,
,,Unit 17,,Burntwood,WS7 3FS,00845N14,1421134000007,,19/3/2028,E,
,3,High Street,,Leek,ST13 5DZ,03800007,1419291930003,,3/11/2025,D,
Unit 5 Church Farm,,Church Farm,,Leckhampton Cheltglos,GL51 5XX,03802N12,1414095171002,5474,7/5/2027,E,
,,Bogside Farm,,Ayr,KA6 6HE,04001D02,1800014636014,10092,22/1/2027,E,
Edmond Shipway,2,Millennium Way West,,Nottingham,NG8 6AS,00845058,1100050935175,,7/1/2027,E,
Unit 7,,Church Farm,,Cheltenham,GL53 0QJ,04811010,1427068100004,7678,7/5/2027,E,
,5,High Street,,Leek,ST13 5DZ,03801007,1413391930008,72,3/11/2025,E,
,Site A4,Wearfield,,Sunderland,SR5 2TA,0084505A,1507660420043,,1/2/2027,E,
,,24-26 Knowl Piece,,Hitchin,SG4 0TY,04811203,1012820903570,8624,14/3/2026,E,
,56,High Street,,Middlesex,UB1 3DB,03801H02,2000002077250,28544,15/3/2028,E,
,,,,,,,1610013994926,,,,
Unit 5 Plot 5,,Bracewell Ave,,Lancashire,FY6 8JF,03801004,1610004349111,4200,1/2/2027,E,
Field House,,High Street,,Leek,ST13 5DZ,04800040,1417291930000,,3/11/2025,D,
,,Manor Farm Buildings,,Leighton Buzzard,LU7 9PQ,03801201,1012392894966,215,7/5/2027,E,
5,,South Street,,East Sussex,BN25 1HP,04158204,1900015315483,28980,3/11/2025,E,
,17,Dolphin Lane,,Boston,PE21 6EU,03801N12,1100000076345,31660,19/12/2027,E,
Brickmakers Arms,60,Yorkshire Street,,Burnley,BB11 3BT,04005024,1610013743079,32432,13/5/2027,E,
Manor Farm,,Eggington,,Leighton Buzzard,LU7 9PQ,04100204,1012392895199,38390,7/5/2027,E,
,76,Rhosmaen Street,,Llandeilo,SA19 6EN,03801200,2199998913810,265,3/11/2025,E,
Unit 13b,,Tanfield Ind Est,,Stanley,DH9 9UU,0084505A,1592007606801,,1/2/2027,E,
YAADGAAR (WALSALL) LTD,250,Wednesbury Road,,WALSALL,WS2 9QN,04811N13,1414439250000,11941,22/8/2027,E,
Newsagents,25,Wellsfield,,Telford,TF7 5LY,04811N14,1413353700003,60963,15/2/2027,E,
"UNIT;7,",,"CWMDU INDUSTRIAL ESTATE, CARMARTHEN ROAD,",,Swansea,SA5 8JF,03801200,2199998020810,759,9/4/2026,E,
Gurkha Palace,78,Farnborough Road,,FARNBOROUGH,GU14 6TH,03801H01,2000017249461,20280,7/2/2027,E,
,141,Lovely Lane,,Warrington,WA5 1UB,03801D01,1300004986593,9940,10/6/2026,E,
,110,Longlands,,HEMEL HEMPSTEAD,HP2 4ET,04138202,1012968461688,8571,3/11/2025,E,
Unit A,133,Rhosmaen Street,,Llandeilo,SA19 6EN,03801N12,2199998913304,2246,3/11/2025,E,
Tasty House,1,Station Hill,,Farnham,GU9 8AA,03801H02,2000017098703,11517,8/2/2027,E,
,3,Market Street,,Coalville,LE67 3DX,03801013,1100018779201,1515,7/5/2027,E,
D K S Stores,20,Church Street,,Sleaford,NG34 9RF,04830N14,1100001021115,31729,26/11/2027,E,
,4,Rowallen Parade,,Dagenham,RM8 1XU,03801203,1200039855020,4127,3/11/2025,E,
,,Priory Court,,CIRENCESTER,GL7 5JB,03801H02,2000012715112,12055,22/12/2026,E,
"OWENS WILLIAMS & W R JONES & CO,",15,Salem Street,,Amlwch,LL68 9BP,03801D01,1300011769447,1699,10/2/2027,E,
,139,Rhosmaen Street,,Llandeilo,SA19 6EN,03800200,2199998913252,,3/11/2025,D,
,,Wordsworth Road,,WORTHING,BN11 3NH,,8907994406,197992,15/12/2026,,214865
Nunnington Cvn Site,,Rookwood Road,,Chichester,PO20 8NA,03801H04,2000018892730,37063,22/12/2026,E,
Anglia House,,Shuttleworth Road,,BEDFORD,MK41 0EP,04811203,1012358080090,20318,11/10/2026,E,
,4215,Park Approach,,Leeds,LS15 8GB,0380102D,2380000558076,32164,3/11/2025,E,
Studio 3,,,,Redditch,B98 0NR,03811007,1414133302001,1179,3/11/2025,E,
S & J Signs & Graphics Ltd,,"Victoria New Works, Midland Road",,WEDNESBURY,WS10 8HE,,8920177204,59447,20/8/2027,,74472
,123,Bridge Walk,,Biringham,B27 6SN,03801N12,1414217141002,5183,14/2/2027,E,
77-79,,Hele Road,,Torquay,TQ2 7PR,03801N12,2200019578560,15490,19/11/2027,E,
UNIT 22,,Winyates Centre,,Redditch,B98 0NR,03801007,1415433302000,,3/11/2025,D,
Shahe Restaurant,30,Wansbeck Road South,,Newcastle Upon Tyne,NE3 3HQ,0480702C,1591028326333,19969,8/10/2026,E,
T/a The Lucky House,43,Salisbury Street,,Blandford Forum,DT11 7PX,03801H02,2000022192152,9552,23/2/2027,E,
222-224,,College Road,,Rochdale,OL12 6AF,03801014,1610012458190,12858,11/10/2026,E,
,192,Robin Hood Lane,,Birmingham,B28 0LG,03801N12,1417488651000,10784,20/2/2027,E,
,,Great Park Road,,Bristol,BS32 4RU,05803N24,2200030016717,115715,7/5/2026,E,
,1,Dads Lane,,Birmingham,B13 8PG,03801N14,1416050211000,42003,23/12/2026,E,
Round Tower Spares,,Arbury Road,,Nuneaton,CV10 7NQ,04800037,1100022503293,,3/11/2025,D,
,19,High Street,,LONDON,NW10 4NE,03801204,1200037674534,,19/11/2027,E,
Unit G,,Smarden Business Estate,,Ashford,TN27 8QL,04811202,1900013219772,10496,25/2/2027,E,
,,,,,,,8901779304,8901779304,,,1
Sheffield Cold Store,,Roman Ridge Road,,Sheffield,S9 1FF,0084505A,2336525402115,,24/12/2027,E,
West Yorkshire,BRADFORD,United Kingdom,,Bradford,BD1 3BN,0481102B,2316110441916,7352,20/2/2028,E,
,570-574,COMMERCIAL ROAD,,LONDON,E14 7JD,,3244910000,151239,26/3/2026,,149602
,,,,,,,50017609,50017609,,,109435
,,,,,,,17758001/1775,17758001/1775,,,
The Ambassador,24,Bank Street,,Irvine,KA12 0AD,03801D04,1800017337829,29158,1/3/2027,E,
,70,High Street,,STOKE-ON-TRENT,ST8 6AS,03801007,1418691830007,,24/3/2026,E,
,62,Hospital Street,,Nantwich,CW5 5RP,03801D01,1300060058818,,8/5/2027,E,
,,,,,,,2215205810,2215205810,,,29689
,5,High Street,,Worcestershire,WR11 4DA,00900N14,1419933081007,,23/12/2025,E,
Gallaghers,37,York Road,,Northampton,NN1 5QH,04811N12,1100019768317,2602,20/2/2027,E,
,224,Spendmore Lane,,Chorley,PR7 5BZ,03801204,1610020882282,22955,22/10/2026,E,
,11,Station Road,,LONDON,NW7 2JU,03801201,1013013568130,3407,22/3/2026,E,
,37,Brunswick Road,,Gloucester,GL1 1JQ,03800007,1419977912003,,3/11/2025,D,
The Rock Inn,,Rock Hill,,Braunton,EX33 1JW,00900N14,2200030077278,,1/3/2027,E,
,60,Queens Street,,Hants,PO1 3HW,03835H03,2000013619050,15092,25/9/2028,E,
,209,Green Lane,,LIVERPOOL,L13 6RH,04009D03,1300002642744,15858,9/5/2026,E,
,191,Edgware Road,,London,NW9 6LP,03801203,1012843409070,43413,3/11/2025,E,
,,Units 2 And 5 and 7,,,CM1 1PE,,1012929123630,1130,22/3/2026,E,
,,,,,,,21994808,21994808,,,118626
Horizon Specialist Contracting,259,Foxhill Road,,Nottingham,NG4 1PL,03801013,1100006923141,43,9/5/2026,E,
TERRY RUDD MOTORCYCLES LIMITED,,"BARRINGTON, FEN ROAD",,Spalding,PE12 8QD,04811N14,1100000522030,33613,3/11/2025,E,
Unit 5 The Aerodrome,,Stoke Road,,Cheltenham,GL52 7RS,03801N14,1410307661001,,9/3/2027,E,
,,Norwich Road,,Norwich,NR9 3DD,03801202,1012718264926,4970,25/12/2026,E,
127,,MAIN STREET,,LOUGHBOROUGH,LE12 6PF,03801N12,1100007110969,10048,21/2/2028,E,
Flat 1,8,Woodside Park Road,,London,N12 8RP,03801201,1050002101559,3452,23/11/2027,E,
,35,Sheen Lane,,London,SW14 8AB,03801203,1200042295930,8829,22/8/2026,E,
,,Lord Street,,BIRKENHEAD,L41 1HT,00845G01,1300035415413,,12/4/2026,E,
Workshop Rear Of,259,Foxhill Road,,Nottingham,NG4 1PL,03801N12,1100006923150,3150,9/5/2026,E,
Branch Lib,126,High Street,,Southend-On-Sea,SS3 0ET,03801201,1012608573095,2106,12/10/2026,E,
New Group Practice Surgery,,King Street,,Clitheroe,BB7 9SL,03801024,1610014213418,31555,16/3/2027,E,
42D,,PINBUSH ROAD,,LOWESTOFT,NR33 7NL,03801202,1012701826828,5525,21/2/2026,E,
"CONCEPT DOCUMENT RECOVERY, UNIT 5,",Unit 5,Waterside Bus Park,,Rugeley,WS15 1LJ,03801N14,1411804603006,31077,25/12/2027,E,
Flat 2,8,Woodside Park Road,,London,N12 8RP,03801201,1050002101568,3656,23/10/2027,E,
82-86,,Albion Street,,Cheltenham,GL52 2SE,00900N14,1421768100001,,24/3/2027,E,
"GROUND FLOOR,",,"5, RECTORY LANE,",,"BANSTEAD,",SM7 3PP,,1900092205908,1758,9/5/2026,1,
Unit 10A,,Crofty Industrial Estate,,SWANSEA,SA4 3RS,03801200,2100041636789,912,21/2/2028,E,
,32,Wansbeck Road South,,Newcastle Upon Tyne,NE3 3HQ,0380102B,1591015451266,7893,27/12/2025,E,
,1,Knightswick Road,,CANVEY ISLAND,SS8 9PA,04812202,1012595131431,7552,12/10/2027,E,
,8,Woodside Park Road,,London,N12 8RP,03801201,1050002101577,1967,23/10/2027,E,
Unit26,,Campbell Court,,Tadley,RG26 5EG,03801H09,2000018402360,26038,25/3/2027,E,
,6,High Street,,Shrewsbury,SY1 1SP,00900N13,1413916100001,,7/9/2027,E,
,26,Hospital Street,,NANTWICH,CW5 5RP,03801D01,1300037728938,1889,23/3/2027,E,
Unit 8,,Centre Park,,York,YO26 7QF,0380102A,2340981384011,418,3/11/2025,E,
54-56,,Windermere Raod,,Cheltenham,GL51 3PH,03801N14,1419350961007,52196,25/3/2027,E,
First Floor; Drivertime,18,Bark Street East,,Bolton,BL1 2BQ,03500131,1610029984530,2017,9/5/2026,E,
Laxmi Impex Limited,123,Barkby Road,,LEICESTER,LE4 9LG,00900N12,1100039202276,,17/1/2028,E,
,41,Ivatt Way,,PETERBOROUGH,PE3 7PN,03801203,1012873854638,12872,12/10/2026,E,
,Unit D1,Grafton Way,,Basingstoke,RG22 6HY,00845H87,2000027428211,,24/3/2028,E,
,20,Beeches Walk,,Sutton Coldfield,B73 6HN,00845N14,1418210521002,,26/3/2027,E,
Gee & Bee Stores,3,The Parade,,Bingley,BD16 1RP,0380102A,2310251821219,,3/11/2025,E,
,143,Main Street,,BRADFORD,BD15 0AQ,0380102A,2311052345910,2563,21/2/2028,E,
,43,Ivatt Way,,PETERBOROUGH,PE3 7PN,04807202,1012873854860,33479,12/10/2026,E,
Millbank Cottages,,,,BELPER,DE56 2SH,,1100008688657,8055,24/3/2028,1,
,362,Portswood Road,,Southampton,SO17 3SB,03801H01,2000023214630,2951,22/2/2028,E,
The Daneway Inn,,Daneway,,Cirencester,GL7 6LN,03811N14,1416825171009,59801,28/3/2027,E,
,18,The Lea,,STOKE-ON-TRENT,ST4 8DY,04807N13,1419758420008,17731,2/8/2026,E,
,5,The Parade,,Bingley,BD16 1RP,,2310251801018,8648,23/1/2026,1,
UNIT 2,,ST CATHERINE WALK,,CARMARTHEN,SA31 1QY,00900300,2100041040040,,3/11/2025,E,
GOWER STREET TRADING ESTATE,,GOWER STREET,,TELFORD,TF2 9HW,,1430000027509,,28/12/2026,E,
,SITE A,SITE A WILTSHIRE ROAD,,Hull,HU4 6PA,0084505B,2360515120019,,22/2/2027,E,
,,Church Street,,AMERSHAM,HP7 0DD,,1012955175273,23279,24/3/2027,E,
Techno Engineering Ltd,,Waterloo Industrial Estate,,Pembroke Dock,SA72 4RR,03801200,2199999665944,2683,28/2/2027,E,
The Elmer Hotel,89,Elmer Road,,Bognor Regis,PO22 6HD,,2000018986733,59474,1/4/2027,E,
,148,High Street,,BERKHAMSTED,HP4 3AT,03801202,1012960393055,6857,10/5/2026,E,
,,27A Honiton Way,,Warrington,WA5 2EY,04044D02,1300005796535,7179,23/2/2028,E,
Continental Jewellers,,23A New York Street,,Leeds,LS2 7DT,0380102A,2340136450412,4270,24/10/2026,E,
,,18-19 Edwards Walk,,Maldon,CM9 5PS,03801202,1012914038390,14234,9/5/2026,E,
Kingfisher Building,,Cooper Lane,,Ulverston,LA12 9RA,04811024,1610005507133,47687,1/4/2027,E,
,,Leighswood Road,,WALSALL,WS9 8AB,03801007,1413562850008,108,3/11/2025,E,
,33-35,Sawmills Road,,DISS,IP22 4GG,03801202,1050000336863,1984,10/5/2026,E,
Unit 4,,Gilbert House 406,,Woodford Green,IG8 8EY,,1200028253541,17192,14/10/2026,E,
,98,Hunter Avenue,,Ashford,TN24 0HG,03801202,1900007215000,9930,3/4/2027,E,
Unit 2-4,,Vikings Way,,Canvey Island,SS8 0PB,04811202,1012592688836,3013,25/3/2026,E,
Glamping Site Brook Farm,,Littleworth Lane,,Oakham,LE15 9JZ,03801N12,1170001528552,,23/2/2027,E,
Unit 26 Ind Est,,Bloomfield Park,,Tipton West Mids,DY4 9AH,04811010,1418342170003,1042,3/11/2025,E,
Sail Loft East,,Outer Harbour,,Pwllheli,LL53 5AY,03801D03,1300011987810,15430,29/12/2027,E,
,406,RODING LANE SOUTH,,WOODFORD GREEN,IG8 8EY,03801203,1200028253550,15825,14/10/2026,E,
The Parade,1,Hengrove Lane,,Bristol,BS14 9DB,04807N14,2200015395806,29193,12/6/2026,E,
,27,Queensway,,Stevenage,SG1 1DA,03136202,1012825174218,5622,23/2/2028,E,
,,,,,,,9702606,9702606,,,257750
Browns Woodworking,,Lancefield Place,,Corsham,SN13 0HZ,03801H07,2000006035928,6060,5/4/2027,E,
7 Davy Court,,"Castle Mound Way, Central Park",,Rugby,CV23 0UZ,03811N13,1100770405989,12656,17/1/2026,E,
,41,St Johns Hill,,Shrewsbury,SY1 1JQ,03801N12,1416471200005,6240,10/5/2027,E,
Witham Park House,,"Witham Park, Waterside South",,LINCOLN,LN5 7JN,04817N14,1100770472559,72370,3/11/2025,E,
,18,Leeming Street,,Mansfield,NG18 1NE,03801N14,1100004408966,57385,25/3/2026,E,
,34,Carlisle Street,,Stoke-on-trent,ST3 4HA,04811N14,1410679920003,50342,29/12/2026,E,
,104,Bromham Road,,Bedford,MK40 2QH,04800204,1012346460268,,3/11/2025,D,
,,Cottams Farm,,Accrington,BB5 5SB,00900424,1610022644453,,9/4/2027,E,
,230,Smithycroft Road,,Glasgow,G33 2QZ,03826D03,1800026192985,11169,3/11/2025,E,
Church View Fields Farm,,Leicester Road,,Leicester,LE9 8BB,,1100018004104,15164,7/11/2026,1,
,,Unit 6 Blaby Industrial Park,,Leicester,LE8 4GZ,00845058,1100039618661,,3/11/2025,E,
,209,High Road,,LONDON,E18 2PA,04811203,1200040934407,10997,24/2/2027,E,
Buckley Farm,,Maesbury,,Owsestry,SY10 8HB,04512236,1300034501443,96,26/3/2027,E,
,208,Watford Road,,Rickmansworth,WD3 3DD,04807203,1012424558830,14594,10/5/2027,E,
TEMPERSET LTD,,Hale Trading Estate,,Tipton,DY4 7QG,,5157104,178762,1/4/2028,,205872
,1,West Street,,Lincolnshire,PE10 9NB,03800013,1100001269981,,3/11/2025,D,
,,,,,,,1413756500005,,,,
Unit 9 Weston Works,,Paraid House,,Birmingham,B11 3RS,00845N14,1429127100003,,10/4/2027,E,
,46,Coombe Lane,,London,SW20 0LA,03801201,1200028366315,19373,24/2/2028,E,
Buckley Farm,,Maesbury,,Owsestry,SY10 8HB,03500D03,1300034501452,12152,26/3/2027,E,
Taw Mill Business Park,,Howard Avenue,,Barnstaple,EX32 8QA,03801110,2200014369814,3053,22/4/2027,E,
"Unit 1, Penny Corner",,Farthing Road,,IPSWICH,IP1 5AP,03801201,1012890653378,,19/8/2028,E,
Leighswood Road,,,,Aldridge,WS9 8AN,03801N13,1417762850006,20930,27/3/2028,E,
GLEWS HOLLOW BUSINESS ENTERPRISE SITE,,ANDERSEN ROAD,,GOOLE,DN14 6UD,,8818130306,44771,1/10/2026,,36111
,,Boode Farm,,Barnstaple,EX31 3LT,04583251,2200013992379,3730,24/4/2027,E,
,12,Otley Road,,Shipley,BD17 7HB,,2311590247312,2252,3/11/2025,D,
,,,,,,,8813731700 8813731700,,,,
"And Units 1, Unit 2",,"Mill Mead Industrial Centre, Mill Mead Road",,LONDON,N17 9QU,00845071,1014569269739,,1/1/2026,E,
7 De Grey Square,,De Grey Road,,Colchester,CO4 5YQ,03801203,1030061154931,25281,15/10/2026,E,
Rear,351,Blackgate Lane,,PRESTON,PR4 6JJ,00845801,1610021435516,,1/2/2026,E,
,48,Coombe Lane,,London,SW20 0LA,03801202,1200028366342,41227,24/2/2028,E,
"UNIT 9,",,DARTS BUSINESS PARK,,CLYST ST GEORGE,EX3 0QH,03801N12,2200043382978,6149,11/5/2026,E,
Unit 9A,,Butts Pond Industrial Estate,,Sturminster Newton,DT10 1AZ,04811H17,2000026487182,4065,3/11/2025,E,
,46,High Street,,Oakham,LE15 6AL,04828037,1100001741000,3387,14/5/2026,E,
,,Lurley,,Tiverton,EX16 9QS,04807N14,2200019404942,16687,24/2/2028,E,
Manor Wines Ltd,,Woodlands Manor,,Adisham,CT3 3LG,04004204,1900048183332,15158,1/5/2027,E,
,,"COUNTRY HOUSE HOTEL,LOVELADY LANE",,Alston,CA9 3LX,04005024,1610032140213,54537,27/3/2027,E,
Unit 6 Falcon Park,,Claymore,,TAMWORTH,B77 5DQ,03801N12,1100022310837,4832,12/3/2028,E,
,,1a Regent Street,,Cheltenham,GL50 1JZ,06800021,1420048100007,,3/11/2025,D,
,453,Roman Road,,London,E3 5LX,03801202,1200030821450,2791,3/11/2025,E,
,,,,,,,2000021825577,,,,
,94,Eastgate Street,,Gloucester,GL1 1QN,03800007,1410766912008,,3/11/2025,D,
Unit 1D,,Quarryfields Industrial Estate,,Warminster,BA12 6LA,04108H46,2000025575721,414,3/11/2025,E,
Plot B5,,Rudford Industrial Estate,,ARUNDEL,BN18 0BF,03801H01,2000057648480,685,22/10/2026,E,
,,,,,,,8912913506,8912913506,,,365570
,,Catherine Street,,ARBROATH,DD11 1RL,,50110700,163900,1/7/2027,,224302
Oastler Shopping Centre,218,John Street,,Bradford,BD1 3ST,0380102C,2300000975509,10362,3/11/2025,D,
,2,"(chinese Restaurant),The Boardwalk",,Glasgow,G75 0YW,,21436302,293744,3/11/2025,,283130
Kickabout Area,,Brunswick Street,,Lancashire,BB9 0HT,03800631,1610014255603,,3/11/2025,D,
,293-295,High Street North,,LONDON,E12 6SL,,9297326905,4793,3/11/2025,,9387
,67,High Street,,Witney,OX28 6HS,03801H01,2000008985050,1106,3/11/2025,E,
,57,Lunsford Road,,Leicester,LE5 0HW,04811037,1100014664400,2828,25/1/2028,E,
,,Cambridge Road,,LEICESTER,LE8 6LF,,9322095200,122042,1/4/2026,,174439
,59,Lunsford Road,,Leicestershire,LE5 0HW,04811037,1100014664385,1688,31/1/2026,E,
,,,,WIMBORNE,BH21 5ET,04065H19,2000026862884,34556,21/11/2027,E,
Estate Office,,Wyvern Yard,,Llandrindod Wells,LD1 6NB,02809101,2199990674505,13499,3/11/2025,D,
,3c,The Ridgeway,,Iver,SL0 9HW,04811H17,2000003921511,,23/4/2026,E,
,,Leeds Road,,Huddersfield,HD2 1UR,,71112306,292706,1/4/2026,,296782
,,Prescot Road,,Middlesbrough,TS3 0JJ,0084502D,1591012212712,,21/4/2028,E,
Hollins & Hollinshead,15,Beam Street,,Nantwich,CW5 5NA,04009D02,1300007839359,8402,2/9/2027,E,
TELFORD MANAGEMENT SERVICES,14,Halesfield,,Telford,TF7 4QR,,49870304,29,3/11/2025,,34
,57,Knowl Piece,,Hitchin,SG4 0TY,03801202,1012820911162,9499,17/1/2026,E,
Work & Leisure Shop,7,Arndale Shopping Centre,,Shipley,BD18 3QQ,0481202B,2315407951618,2451,3/11/2025,E,
,176,Gooch Street,,Birmingham,B5 7HE,00900N14,1418195121004,,1/9/2027,E,
,,,,,,,1100022310508,,,,
239-241,,AUDLEY RANGE,,LANCASHIRE,BB1 1UA,03801024,1610022062941,174576,15/7/2026,E,
,,,,,,,8450048501,8450048501,,,123475
ORFORD FRYER,,HOWSON ROAD,,WARRINGTON,WA2 9UB,03801D02,1300000278308,8579,29/1/2026,E,
Main Centre,,Bembridge Park,,Halifax,HX1 5JY,,1865150607,42064,1/7/2026,,96746
,389,Uxbridge Road,,Pinner,HA5 4JN,03136203,1012407206256,12923,23/1/2026,E,
Henbury Golf Club,,Henbury Road,,Bristol,BS10 7QB,00900N14,2200030010102,,28/8/2026,E,
Unit 1 Queensway House,,Kings Road,,CANVEY ISLAND,SS8 0QY,00900201,1012592670430,,3/11/2025,E,
,,,,,,,9157138906,9157138906,,,163370
,,,,,,,8816834501,8816834501,,,315570
,15,Olive Street,,SUNDERLAND,SR1 3PE,0084502D,1592001144562,,20/1/2027,E,
,,,,,,,49599709,49599709,,,1
,41,Bone Lane,,NEWBURY,RG14 5SH,,8824328706,44419,7/8/2027,,50065
South Beds Golf Club,,Warden Hill Road,,Luton,LU2 7AE,03136204,1012377131224,170594,1/11/2027,E,
,,,,,,,66683807,,,,
"Unit 12,Dalby Court",,Dalby Court,,Northwich,CW9 7TN,03801D01,1300051484046,2888,20/1/2027,E,
,,,,,,,57515302,57515302,,,123401
,37 - 39,Cambridge Street,,South Humberside,DN35 8HD,0380102A,2371431815416,3169,16/7/2026,E,
Block 18,,Amber Business Centre,,Alfreton,DE55 4BR,05801N12,1130000082630,11633,20/1/2027,E,
Unit 2,,Postley Road,,Bedford,MK42 7BU,,48633801,275225,1/4/2026,,246236
Indoor Bowling Club Limited,,Trent Road,,Grantham,NG31 7XQ,00845L02,1100001437078,,12/9/2026,E,
,9-10,Arndale Shopping Centre,,Shipley,BD18 3QQ,0481102B,2315408001815,506,12/9/2026,E,
,,Austin Sport & Social Club Ltd,,Birmingham,B31 2TB,,13114003,365618,11/7/2026,,365618
,,,,,,,8817129406,8817129406,,,23608
150-152,,Manningham Lane,,West Yorkshire,BD8 7DT,0084505B,2316513485519,,9/11/2025,E,
,,,,,,,56900109,56900109,,,293305
,,,,,,,9155542903,9155542903,,,361892
Unit 11,5-10,Mallard Buildings,,New Milton,BH25 6HY,03801H01,2000020043547,4915,3/11/2025,E,
,1,Harrison Close,,Milton Keynes,MK5 8PA,,9090891808,77137,1/1/2027,,97663
Kingshurst District & Labour Club,51,Clopton Crescent,,Birmingham,B37 6QU,00900127,1417119351005,,1/10/2027,E,
,42A,Aden Road,,Enfield,EN3 7SY,00845072,1014570850985,,3/11/2025,E,
,,,,,,,9214221602,9214221602,,,187038
,1,Staniland Way,,PETERBOROUGH,PE4 6NA,03136204,1012872021997,1918,1/11/2026,E,
,,,,,,,8817718605,8817718605,,,107994
,21,Sincil Street,,LINCOLN,LN5 7ET,03801N12,1170001074965,,29/1/2026,E,
,9,Harraton Terrace,,Birtley,DH3 2QG,0380102A,1580000650089,7601,20/9/2026,E,
,,,,,,,8820847306,8820847306,,,88415
,,,,,,,74834809,74834809,,,146682
,.,Coomber Way,,Croydon,CR0 4TQ,00845071,1900013128103,,24/1/2026,E,
,28,Victoria Road,,KIRKCALDY,KY1 1DS,00845D04,1800035276132,,15/5/2026,E,
,68,Queensway,,London,W2 3RL,03801201,1200032520547,2320,16/12/2026,E,
Thorndike Medical Court,,Longley Road,,ROCHESTER,ME1 2TH,00845071,1900033424672,,25/9/2027,E,
Ian Coley Shooting School,,,,CHELTENHAM,GL54 4AX,00900H86,2000054996746,,6/11/2025,E,
SAM TAYLOR HAIRDRESSER,,U 3 Hall Pk Centre,,LYTHAM ST. ANNES,FY8 4QF,03500144,1610004635934,5838,3/11/2027,E,
,,,,,,,47710507,47710507,,,961026
,,Herne Bay Road,,Whitstable,CT5 2LR,03801202,1900045157650,24577,11/11/2025,E,
,,Ettingshall Road,,WOLVERHAMPTON,WV2 2JP,,60207306,110114,10/5/2027,,115662
,37,Westbourne Road,,HUDDERSFIELD,HD1 4LQ,,8815270509,65180,31/3/2027,,33863
Crown Hotel,,North Scale,,BARROW-IN-FURNESS,LA14 3RP,03801274,1610005549602,79473,7/11/2027,E,
,,,,,,,15403705,15403705,,,27885
,14,Fancy Road,,POOLE,BH12 4QZ,03801H07,2000055403147,13378,1/4/2027,E,
Unit 1a,,"The Rose Estate, Osborn Way",,Hook,RG27 9UT,00845H86,2000027427157,,22/11/2025,E,
,,Chapel Street,,Cwmbran,NP44 1DL,03801N14,2199992254825,5508,7/7/2026,E,
"NATIONAL YOUTH AGENCY, EASTGATE HOUSE",19 - 23,HUMBERSTONE ROAD,,Leicester,LE5 3GJ,00845L02,1160000104354,,3/11/2025,E,
,,The Glyntwrog inn,,Caernarfon,LL55 4AN,00845D04,1300035431568,,18/11/2027,E,
Old Tam's Factory,,Sutherland Road,,Stoke-on-trent,ST3 1HZ,00845S04,1470000422316,,3/11/2025,E,
,7,Shropshire Street,,Market Drayton,TF9 3BZ,04811N14,1413029620000,30725,17/5/2027,E,
Burnham Beeches Golf Club,,Green Lane,,Slough,SL1 8EG,04024143,2000004964650,6718,1/10/2027,E,
,49,Pendre,,Cardigan,SA43 1JS,03801N13,2199999290787,27912,22/11/2027,E,
,10,Royal Crescent,,WESTON-SUPER-MARE,BS23 2AX,,8817499608,116821,1/12/2026,,140837
,79-81,Fergushill Road,,Kilwinning,KA13 7LW,03801D04,1800029943652,50923,25/11/2027,E,
GUILDFORD ROAD INDUSTRIAL ESTATE,,Guildford Road,,Farnham,GU9 9PZ,00845H86,2000027878556,,10/12/2025,E,
Dry Cleaners,,Station Parade,,Maidenhead,SL6 9BR,00845H86,2000027394635,,8/2/2028,E,
Raikes Clough Industrial Est,,Raikes Lane,,Bolton,BL3 1RP,03801631,1610029714113,148,22/12/2025,E,
Mona Buildings,,Station Road,,Llanfairfechan,LL33 0AP,03801D03,1300008965880,11647,21/12/2027,E,
Unit 18,,North Lane,,Aldershot,GU12 4QP,03801H02,2000052148953,11627,30/12/2025,E,
Auchengeich Road,,Moodiesburn,,Glasgow,G69 0JN,00900D04,1800035216685,,4/12/2027,E,
PRINCE OF WALES HOTEL,,Tavistock Road,,YELVERTON,PL20 6QF,00845N14,2200030130026,,26/9/2027,E,
EAST DARTMOOR BAPTIST CHURCH,,Hind Street,,NEWTON ABBOT,TQ13 9HT,03500110,2200020391734,2585,18/5/2028,E,
Unit 4 Anchor Buildings,,Battle Road,,Newton Abbot,TQ12 6RY,03801N14,2200020359615,56318,9/9/2026,E,
The Blue Lagoon,330,Kingsway,,Hove,BN3 4LW,04811203,1900026382948,52636,10/1/2028,E,
,83-84,Queen Street,,Exeter,EX4 3RP,00845N13,2200030061603,,1/1/2026,E,
Roundswell Business Park,3,Liberty Court,,Barnstaple,EX31 3FD,03801N12,2200041046905,10133,12/1/2026,E,
Unit 13-Phase 3,,Alvaston Business Park,,Natwich,CW5 6PS,03801D02,1300060018080,10721,18/1/2028,E,
,30-32,Courtenay Street,,NEWTON ABBOT,TQ12 2DT,04807N13,2200040246952,15498,3/11/2025,E,
RAVEN BUILDING,,LUPTON AVENUE,,Leeds,LS9 6ED,0380102B,2343635668910,13860,1/10/2027,E,
,35,Fore Street,,Totnes,TQ9 5HN,03801110,2200020819785,1004,30/10/2027,E,
,442,Chester Road North,,Sutton Coldfield,B73 6RG,03801007,1417787721008,1078,3/11/2025,E,
,1,The Studios,,Bolton,BL1 6AH,03801014,1620001625187,10201,30/1/2028,E,
,,,,,,,78022509,78022509,,,224009
Shop,12,East Street,,Newton Abbot,TQ12 1AG,03801N13,2200032055940,85246,3/11/2025,E,
,,Unit 3 Hagmill Road,,Coatbridge,ML5 4XD,03802D02,1800029369012,5139,20/1/2026,E,
,,Red Marsh Drive,,Thornton-Cleveleys,FY5 4HP,03801004,1610004790630,5246,7/2/2028,E,
,2,Station Road,,BOGNOR REGIS,PO21 1QE,03500H02,2000018804804,4040,27/1/2026,E,
,,Devon Square,,Newton Abbot,TQ12 2HN,04056N12,2200020596790,11348,21/3/2027,E,
Normanhurst,10,St. Margarets Road,,BIRMINGHAM,B8 2BA,00900N13,1414956431000,,14/2/2028,E,
PATEL GROCERS,220,Tonge Moor Road,,Bolton,BL2 2HN,03801014,1610029841406,3002,27/2/2028,E,
"Workshop Rear, Kens Den",21-23,Higher Market Street,,Bolton,BL4 8HQ,03873024,1610029301100,,4/2/2026,E,
,,Macclesfield Road,,MACCLESFIELD,SK10 4BJ,03801631,1610011610999,41,1/10/2027,E,
,14,Corsehill Road,,Ayr,KA7 2ST,00845D04,1800035236789,,7/2/2026,E,
,49,Sydney Road,,Sidcup,DA14 6RA,00845072,1200038255012,,18/6/2027,E,
"BOJANGLES,7",,SEA ROAD,,SUNDERLAND,SR6 9BP,0084502B,1591042376110,,5/3/2028,E,
MILLENNIUM RUBBER INTERNATIONAL LIMITED,,LONG LANE,,MACCLESFIELD,SK10 5SD,03801024,1610011469581,28165,22/2/2028,E,
Reade Signs,4,Holder Road,,ALDERSHOT,GU12 4RH,07873H74,2000027411360,115190,15/2/2026,E,
UNIT 4,,Daisyfield Ind Park,,Bury,BL8 2BD,03801024,1610028591141,12411,3/11/2025,E,
La Fontana,,Oxford Road,,Wantage,OX12 0HP,03801H08,2000009383630,40350,27/3/2028,E,
,80,Aldwick Road,,Bognor Regis,PO21 2PE,03801H03,2000018557523,,18/3/2028,E,
9,,WARDENTREE PARK,,SPALDING,PE11 3ZN,03801N14,1160000435315,,1/11/2027,E,
Sandgate Service Station,15,Lostock Road,,Manchester,M41 0SU,03801004,1610027158635,1921,3/11/2025,E,
,61,Deerdykes View,,Glasgow,G68 9HN,03801D02,1800019712584,7334,15/2/2026,E,
,253a,Ditchling Road,,BRIGHTON,BN1 6JD,03801201,1900091048466,133,18/2/2026,E,
,,,,,,,1800015795833,,,,
Tandoori Nights Ilfracombe Ltd,13,High Street,,Ilfracombe,EX34 9DF,04056N13,2200013954285,26836,29/3/2028,E,
,223,Shields Road,,Newcastle Upon Tyne,NE6 1DQ,0084502B,1591010779061,,1/2/2026,E,
,49,Ruthven Lane,,Glasgow,G12 9BG,03801D02,1800025307796,3588,1/10/2026,E,
,88a,Woodside Street,,COATBRIDGE,ML5 5NR,03801D02,1800015658393,6895,8/4/2028,E,
Workshop,1,Cundy Street,,Hyde,SK14 4AZ,03801131,1610003336361,39,26/4/2026,E,
,47,RUTHVEN LANE,,GLASGOW,G12 9BG,03801D01,1800025307740,,1/10/2026,E,
,19,High Street,,AIRDRIE,ML6 0DT,03826D04,1800029095087,29414,1/3/2026,E,
,361,Palatine Road,,Manchester,M22 4FY,04813004,1610028153717,7468,12/8/2028,D,
,4,Mowbray Drive,,Blackpool,FY3 7JR,03801024,1610003635241,8541,15/4/2028,E,
MANCHESTER FLORAL SUNDRIES,UNIT 88,Acorn Centre,,Oldham,OL1 3NE,03801024,1610001823691,45969,17/2/2027,E,
,7,York Street,,Bath,BA1 1NQ,04520251,2200012355128,6718,1/3/2026,E,
,55,RUTHVEN LANE,,GLASGOW,G12 9BG,03801D01,1800032737675,760,1/10/2026,E,
,11,Church Street,,Poulton-Le-Fylde,FY6 7AP,03801144,1610004323196,15715,16/4/2028,E,
,1/2 57,Ruthven Lane,,Glasgow,G12 9BG,03801D04,1800025307778,30303,1/10/2026,E,
Building,,Old Stockbridge Road,,Andover,SP11 7EF,03801H04,2000007766754,57562,2/3/2026,E,
,,39-49 Alexander Street,,Airdrie,ML6 0BA,03801D04,1800035118125,85663,17/4/2028,E,
,,,,,,,7604991602,7604991602,,,1701129
Unit 18,,The Avenue,,GLASGOW,G77 6EY,03801D01,1800028830540,5123,1/10/2026,E,
,13,Malvern Street,,Oldham,OL8 1TT,03801631,1610002333323,444,3/11/2025,E,
Troon Portland Bowling Club,,Shore Road,,Troon,KA10 6AG,03826D02,1800028891046,16979,7/5/2028,E,
Abbetgate House,,St. Johns Green,,Colchester,CO2 7HA,,14577902,471974,31/8/2026,,477200
,,,,,,,85924709,85924709,,,518842
,,Unit F1,,BASINGSTOKE,RG22 6HY,00845H86,2000027428141,,2/3/2026,E,
,359,Stockton Road,,HARTLEPOOL,TS25 1JX,0380102B,1591020510028,9133,1/10/2026,E,
,78,Brook Street,,Chester,CH1 3DN,03801D02,1300010246020,2753,6/3/2026,E,
,11,Fitzwilliam Street,,Hyland Common,S74 0NJ,0482902D,2333328420013,65612,11/5/2028,E,
Harveys Of Oldham,,Glodwick Road,,Oldham,OL4 1YU,00845801,1600000015169,,1/3/2028,E,
,,Sawyers Hall Lane,,Brentwood,CM15 9BX,,75695209,6076,21/7/2028,,7759
,N/A,,,WIDNES,WA8 8TL,,12797300,287506,22/3/2027,,339982
,388-390,Lees Road,,OLDHAM,OL4 5EP,03801131,1610001674898,13795,13/4/2027,E,
,359,Stockton Road,,HARTLEPOOL,TS25 1JX,0380102B,1591020510037,7647,1/10/2026,E,
,154,Church Road,,Hove,BN3 2DL,00900204,1900026428185,,21/3/2026,E,
CHADDERTON MILL,,FIELDS NEW ROAD,,CHADDERTON,OL9 8PB,00845074,1640000240010,,3/11/2025,E,
,,High Street,,Henfield,BN5 9DB,00900204,1900045384406,,27/5/2028,E,
Unit 5,,Dickinson Place,,Bognor Regis,PO22 2QU,03801H09,2000055171500,,1/6/2028,E,
,11,Watergate Row South,,CHESTER,CH1 2LE,03801D01,1300010507526,9680,1/10/2026,E,
THE HEALTH CLUB,570-574,COMMERCIAL ROAD,,LONDON,E14 7JD,03004204,1200039657976,84614,17/3/2026,E,
Sawmill,,Heathside Millstone Lane,,Nantwich,CW5 5PN,03801D04,1300007867212,25648,18/3/2026,E,
,,,,,,,50298004,50298004,,,153825
Irthing Vale Quality Foods Ltd,,Tyne Street,,Carlisle,CA1 2NP,00900424,1630000829222,,15/6/2028,E,
,2,Moorside Road,,STOCKPORT,SK4 4DT,03801004,1610019490163,8690,12/4/2027,E,
,,,,,,,8824695105,8824695105,,,6137
,,"A North Shore,Crawford Lodge",,Ardrossan,KA22 8PG,00900D04,1800035226220,,19/3/2026,E,
,,,,,,,47951103,47951103,,,106943
,56,Currier Lane,,Ashton-Under-Lyne,OL6 6TB,03801024,1610003581989,82181,28/1/2028,E,
,85,Lauchope Street,,Airdrie,ML6 8SW,03801D03,1800030343538,14671,18/6/2028,E,
,,189a Oxford Street,,Barrow-In-Furness,LA14 5QF,03801004,1610005800420,3671,22/3/2026,E,
Five Ways,,Kingsdown Park,,Whitstable,CT5 2DT,03801203,1900010175546,,21/6/2028,E,
(rear supply),1,Edwin Road,,Manchester,M11 3ER,00900424,1600000060143,,3/11/2025,E,
Park Manor Private Hotel,,Weydale Avenue,,Scarborough,YO12 6BB,0084505A,1591043610778,,1/7/2026,E,
,,,,,,,80540710,80540710,,,138598
Shop;5a,,,,Bognor Regis,PO21 4TW,03801H02,2000019175235,23099,23/3/2026,E,
,165b,Chapel Street,,AIRDRIE,ML6 6LH,03801D02,1800015054284,,14/7/2028,E,
44,,GEORGE STREET,,MANCHESTER,M1 4HF,00845801,1600000005286,,8/5/2028,E,
,4,Centre Mead,,Oxford,OX2 0ES,03801H08,2000008758105,9147,1/10/2026,E,
,0,Rose Avenue,,Tyne And Wear,NE16 4PF,0084502D,1591023846337,,1/4/2026,E,
Rear Of Tanerdy Garage,,Old Corona Factory,,Camarthen,SA31 2EY,03801200,2199998984500,2118,15/7/2028,E,
"Unit 9, Somerville Court",,Trinity Way,,BANBURY,OX17 3SN,,1419700471009,24851,9/7/2026,E,
Raywaite Accident Repairs,18,Cornwall Street,,Manchester,M11 2PS,03801131,1610001350230,14140,30/10/2026,E,
,,Unit 7,,Blackpool,FY4 5GU,03801014,1630000583968,11621,1/4/2026,E,
Canterbury Steak & Grill,10,St. Peters Street,,Canterbury,CT1 2AT,04829202,1900025172583,26330,20/7/2028,E,
,,,,,,,75744510,75744510,,,211255
Manor Park,3,Boleyn Court,,Runcorn,WA7 1SR,00900D03,1300005585911,,3/11/2025,E,
The Olive Branch,,Ashford Road,,Ashford,TN27 0EE,03801202,1900015220690,10270,26/7/2028,E,
,12,Cope Road,,Banbury,OX16 2EH,03801N12,1413247481004,3577,1/10/2027,E,
,,Northwich Road,,NORTHWICH,CW8 3EU,03801D04,1300008437028,39918,4/1/2028,E,
,,,,,,,8844513107,,,,
,7a,Brooks Lane,,MIDDLEWICH,CW10 0JH,04009D01,1300007799900,375,29/3/2026,E,
,164,Tonge Moor Road,,"Bolton, LANCASHIRE",BL2 2HN,,1610029841061,5546,1/4/2026,1,
,,The Old Vicarage Nursing Home,,CHESTERFIELD,S45 9AQ,,17981408,366093,1/10/2027,,375054
First & Second Floor,9,Queens Road,,BRIGHTON,BN1 3WA,03801202,1900031389495,2212,3/4/2026,E,
,,Wyndham Court,,Sidmouth,EX10 8BE,03801N13,2200018925251,14298,1/8/2026,E,
,57,Mansell Street,,London,E1 8AN,04810204,1200034864475,71550,20/7/2028,E,
Liverpool Arms,,Castle Street,,Gwynedd,LL58 8BB,00845D04,1300035430990,,16/8/2028,E,
"PRINCE OF WALES YOUTH CLUB,",,Military Road,,CANTERBURY,CT1 1YX,03801204,1900019171994,30216,28/7/2028,E,
,1,Pegasus Way,,Melksham,SN12 6TR,03801H09,2000006524556,25468,3/4/2026,E,
Ferro Fields,,Brixworth Industrial Estate,,Northampton,NN6 9UA,04811N14,1100019961068,,1/4/2030,E,
,,Boughton Green Road,,Northampton,NN2 7AG,00845N14,1100039218461,,2/4/2028,E,
,,,,,,,2440998004,2440998004,,,32630
Stairltg Ltg,6,Kenwood Court,,West Sussex,PO22 7EZ,,2000018601759,263,4/4/2026,1,
15-23,,Telford Road,,Glasgow,G67 2AX,,1800060714437,53126,19/8/2028,1,
Unit 5,,Minerva Business Park,,Peterborough,PE2 6FT,03801204,1012860574430,21168,1/10/2026,E,
Outbuilding,,Vicarage Farm,,Delabole,PL33 9DZ,04042210,2200022240503,92,15/4/2026,E,
Corner Cupboard Inn,83,Gloucester Street,,Cheltenham,GL54 5LX,00845N14,1417889013000,,20/8/2028,E,
,323,Shirley Road,,Southampton,SO15 3HW,03801H02,2000022618930,15132,1/10/2026,E,
Depot,,Reepham Road,,Norwich,NR9 5TB,04807204,1012739000118,46788,1/10/2028,E,
Library,,Lazer House,,Norwich,NR3 4JB,03136202,1012682558114,10443,1/5/2028,E,
RETAIL UNIT,,ASTON HOUSE,,CAMBRIDGE,CB1 2BP,,1030079912120,32377,1/10/2026,E,
,1b,Carradale Crescent,,GLASGOW,G68 9LE,00845G01,1800036574640,,21/4/2026,E,
M A Polishing Ltd,84,Hatchett Street,,Birmingham,B19 3NY,03801N14,1414278431008,66549,31/8/2028,E,
,23,Kilmarnock Road,,Prestwick,KA9 2RJ,04001D04,1800035113702,30674,27/4/2026,E,
,2,Wonastow Road,,MONMOUTH,NP25 5AH,03801N12,2199991618501,1102,10/2/2026,E,
,83-85,Adelaide Street,,BLACKPOOL,FY1 4LU,00900424,1600000022096,,8/9/2028,E,
,,,,,,,53139706,53139706,,,136157
,2,Mars Hill,,Lynmouth,EX35 6EF,04818251,2200014365642,,8/10/2028,E,
,,Rannoch Court,,,G67 4LS,03826D03,1800015483616,24757,29/4/2026,E,
,,,,,,,60103900,60103900,,,357235
,143,Wincheap,,Canterbury,CT1 3SE,03801201,1900047153249,3949,24/9/2028,E,
The Bell Inn,,Sapperton,,Cirencester,GL7 6LE,00900N14,1410066171004,,1/5/2026,E,
,,,,,,,49913408,49913408,,,1
Great Hookley Farm,,Hookley Lane,,Godalming,GU8 6JE,03500H02,2000016744748,16483,1/10/2028,E,
,,,,,,,8813387902,8813387902,,,144737
GARTSHERRIE ROAD,,,,COATBRIDGE,ML5 2EU,03801D03,1800015637826,15495,1/10/2028,E,
Lochend Farm,,Glasgow Road,,Newbridge,EH28 8PP,00800D02,1800035283618,,3/11/2025,D,
Worcester Lodge,32,Castle Road,,CLEVEDON,BS21 7DE,00845N14,2200013194320,,1/5/2026,E,
,61,Queen Street,,EDINBURGH,EH2 4NA,03801D03,1800023036810,17261,26/4/2027,E,
MOD,,148 Castle Street,,Angus,DD8 3HX,03095R69,1716733908154,31052,3/9/2027,E,
,38,Kensington Garden,,Brighton,BN1 4AL,03801201,1900027391340,4494,8/10/2028,E,
,49,Frederick Street,,Edinburgh,EH2 1EP,,1800035160800,,1/10/2027,1,
,3,Flansham Lane,,Bognor Regis,PO22 6AA,04108H48,2000019163709,,1/5/2026,E,
"Park Farm Tower, Gobowen",,Park House,,Oswestry,SY11 4AT,04800D02,1300051715370,,3/11/2025,D,
,,3 Lowman Green,,Tiverton,EX16 4LA,04807210,2200019295167,1633,3/11/2025,E,
,37,Victoria Centre,,Nottingham,NG1 3QE,03801013,1100005532488,,3/11/2025,D,
,91,Victoria Centre,,Nottingham,NG1 3QE,03801N12,1100007492613,17310,3/11/2025,E,
,684,Alum Rock Road,,Birmingham,B8 3NU,03801007,1419512731003,13181,3/11/2025,D,
,,,,,,,19179107,19179107,,,108464
Oaklands Residential Home,,Coed-Yr-Ynys Road,,Crickhowell,NP8 1NA,04102N14,2199990721519,,13/10/2028,E,
Coalport II,,Stafford Business Park,,Telford,TF3 3BD,00845127,1422410000007,,3/11/2025,E,
16 Crawford House,,West Avenue,,WIGSTON LEICESTERSHIRE,LE18 2FB,04811N12,1100013019374,24177,4/2/2026,E,
Above Travel Agent,126,High Street,,Smethwick,B66 3AP,03800007,1416795660004,,3/11/2025,D,
Guru Nanak Sikh Temple,130,High Street,,Smethwick,B66 3AP,04800010,1414023103000,,3/11/2025,D,
,250,Victoria Centre,,Nottingham,NG1 3QQ,03800013,1100005532966,,3/11/2025,D,
ENGEBRET LTD,,SANDWICK ROAD FILLING STATION,,Stornoway,HS1 2SL,03801P08,1712792951207,182497,1/10/2028,E,
Early Learning Centre,,Unit 33,,Nottingham,NG1 3QN,03800013,1100007492622,,3/11/2025,D,
Camelot Castle,,Tintagel,,,PL34 0DQ,03801N14,2200022226795,129568,20/5/2027,E,
,,,,,,,1610023592248,,,,
,130,High Street,,Smethwick,B66 3AP,04800010,1412795660007,,3/11/2025,D,
,,69-73 Derby Road,,Nottingham,NG1 5BA,03800013,1100005745718,,3/11/2025,D,
K T'arn,37,Horsemarket,,Barnard Castle,DL12 8LX,0380102D,1591023148065,36,24/10/2027,E,
,,Loxley Park,,Leek,ST13 7RU,03800007,1412876830007,,3/11/2025,D,
BUTLER'S COTTAGE,,OTTERBURN TOWER HOTEL,,Newcastle upon Tyne,NE19 1NS,0084505A,1592001104090,,2/1/2026,E,
,274,Malden Road,,NEW MALDEN,KT3 6AR,,47259910,180456,10/8/2027,,190851
3 Quarndon House,60,Leopold Road,,Felixstone,IP11 7NR,04811201,1012909659420,313,1/10/2027,E,
,,39/41 Wharncliffe Road,,Shipley,BD18 2AW,03800999,2315620561814,,3/11/2025,D,
,437,Bentley Road,,DONCASTER,DN5 9TJ,0380102A,2335257432212,80,29/9/2026,E,
,15,Wood Street,,Bolton,BL1 1EB,04511591,1610029818499,,3/11/2025,D,
,,,,,,,1600000044806,,,,
,3,West End Road,,IPSWICH,IP1 2DZ,03801204,1050001243067,91645,1/10/2026,E,
Unit 1,,Little Money Road,,NORWICH,NR14 6JD,00800073,1014568649880,,3/11/2025,D,
BLACKEY BUS CAFE,,THE CAR PARK AT THE VILLAGE HALL,,NORFOLK,NR14 8AE,,1050001055185,5823,3/11/2025,1,
Cattlemarket,,Whitefordhill Farm,,Ayrshire,KA6 5JW,03801D03,1800014884702,22543,20/1/2026,E,
CLUB LTD,0,Kirkham Street,,Paignton,TQ3 3AX,00900N14,2200030092480,,3/11/2025,E,
The Henry Lonsdale Trust,,Rose Hill residential home,,Carlisle,CA4 8AA,00845801,1600000014314,,27/10/2027,E,
C2,,Haviland Road,,Dorset,BH21 7RY,03801H02,2000021826784,1062,7/4/2026,E,
,,,,,,,2000013320456,,,,
69b,,High Street,,Witney,OX28 6JA,,2000008985096,2248,3/11/2025,E,
Sewage Plant,,Harling Road,,Norwich,NR16 2JU,03800203,1012983734140,,3/11/2025,D,
S TEK FABRICATIONS,,UNIT T3 SNETTERTON PARK,,NORWICH,NR16 2JU,03801202,1050002325906,6426,15/10/2027,E,
Global Optics UK Ltd,,"UNIT 6, BRANKSTONE BUSINESS PARK",,POOLE,BH12 1DW,03801H2C,2400000096765,9238,26/9/2027,E,
Courtyard House,,The Square,,Lightwater,GU18 5SS,00845H86,2000050554348,,28/1/2028,E,
Unit 5 Allaway Court,Unit 5,,,Thetford,IP24 1HZ,04807201,1012942838531,,1/10/2026,E,
,96,Fordhouse Lane,,Birmingham,B30 3AH,03801N12,1413400701003,7431,21/1/2026,E,
,55,Friern Barnet Road,,London,N11 3EG,03800203,1013023064600,,3/11/2025,D,
Sun Shing Chinese Take Away,94,Bridget Street,,Warwickshire,CV21 2BU,04828N13,1100025010566,11273,19/3/2026,E,
Unit 6,,Postmill Close,,Wymondham,NR18 0NL,03801201,1012718514701,1173,3/11/2025,E,
,,,,,,,2200012050380,,,,
,4,High Street,,Stoke-On-Trent,ST7 4RL,03801N14,1416404610000,18890,25/7/2027,E,
,40,St. Giles Street,,NORWICH,NR2 1LW,04807202,1012690624446,1046,3/11/2025,E,
Unit M2,,Cherry Court Way,,Buzzard,LU7 4UH,03801202,1012381369890,18793,3/11/2025,E,
,65,Chartwell Drive,,Leicester,LE18 2FS,00845H02,1100050882090,,1/10/2026,E,
,90,Staines Road,,TWICKENHAM,TW2 5AN,03801202,1900032005752,5499,22/1/2026,E,
The Ancient House,,Main Road,,Wells Next The Sea,NR23 1AD,03800203,1012647751525,,3/11/2025,D,
Bearwood Primary And Nursery School,,Barons Road,,Bournemouth,BH11 9UN,03801H09,2000021695864,65226,1/10/2027,E,
Woodburn Cottage,10,Ardmore,,Isle Of Skye,IV55 8GW,03500P06,1700051334534,13579,22/1/2026,E,
"Temple Buildings, Unit 25",,Temple Road,,LEICESTER,LE5 4JG,03801N14,1160001391021,24370,1/3/2027,E,
,80,HIGH STREET,,STOKE-ON-TRENT,ST7 1PY,03801N12,1419663210004,3113,3/11/2025,D,
The Ancient House,,Main Road,,Wells Next The Sea,NR23 1AD,04800200,1012647751757,,3/11/2025,D,
,,Cound,,Shrewsbury,SY5 6AF,05800021,1428521000001,,3/11/2025,D,
,,,,,,,882470007,882470007,,,882470007
,,,,,,,2199995851036,,,,
CATHEDRAL VIEW HOUSE NURSING HM,,KENWYN CHURCH ROAD,,TRURO,TR1 3DR,,81483303,30505,19/4/2028,,37508
,4-6,Trelawney Road,,Newquay,TR7 2DW,04800251,2200031840298,,3/11/2025,D,
The Bungalow,,Ingleby,,LINCOLN,LN1 2PQ,03801N12,1100002818940,,2/3/2027,E,
,UNIT 6,DALLOW ROAD,,LUTON,LU1 1TR,00845072,1023545644754,,1/10/2026,E,
,233,Sandon Road,,Meir,ST3 7BL,04811N14,1416720230009,28993,1/9/2026,E,
Ingleby Arms,,Amcotts,,Scunthorpe,DN17 4AJ,,2330459308713,12653,23/1/2026,E,
,12,Great Union Street,,Hull,HU9 1AL,0380102A,2365229535316,1466,3/11/2025,E,
Scales Farm,,Berrier,,Penrith,CA11 0XE,03801204,1610032022529,9918,8/11/2026,E,
"Factory T, Hersham Tradi",21,Lyon Road,,WALTON-ON-THAMES,KT12 3PU,00845071,1900008423360,,1/10/2026,E,
,,18-20 Haviland Road,,Wimbourne,BH21 7RG,00845H86,2000027446790,,24/1/2026,E,
Priory Middle School,,Britain Street,,Dunstable,LU5 4JA,00845072,1014572296307,,1/10/2026,E,
Unit 13,,Weybourne Road Industrial Estate,,Sheringham,NR26 8AF,03136203,1012733576025,,3/11/2025,D,
,146,Bridgeman Street,,Walsall,WS2 9PG,03800007,1410673060003,,3/11/2025,D,
Unit 6 Lincoln Road,,Pocklington Industrial Estate,,York,YO42 2NR,0380102B,2365591563011,,3/11/2025,E,
The Plough Inn,,Keyworth Road,,Nottingham,NG12 5QQ,04800037,1100007380904,,3/11/2025,D,
,82,Henderson Street,,Stirling,FK9 4HS,00900D03,1800036583273,,24/1/2026,E,
,18,Brook Street,,Cromer,NR27 9EY,03801201,1012735309765,,3/11/2025,E,
March Laboratories,,Goring Heath,,READING,RG8 7SB,,2000010416950,,1/11/2027,E,
UNIT J2,,LEESIDE ROAD,,LONDON,N17 0QJ,03801203,1013069673411,,1/10/2026,E,
,65,Sutton Road,,Birmingham,B23 6QJ,03801N12,1413933721001,8649,24/1/2026,E,
,,Kent Street,,BATTLE,TN33 0SD,,48841909,48841909,1/10/2028,,709174
,47,Main Street,,Selby,YO8 6LX,0481102B,2364391844112,13085,1/9/2027,E,
Island Farm,,Island Farm Road,,Reading,RG7 4ES,03500H03,2000011253036,,15/11/2026,E,
Unit 10D,,Folgate Road,,North Walsham,NR28 0AJ,03801201,1012729316192,2775,3/11/2025,E,
Longcliffe Farm,,Keyworth Road,,Nottingham,NG12 5QQ,03800013,1100007380870,,3/11/2025,D,
"Barns, Landlords Supply Supply Water E",,Supply Water End,,Milton Keynes,MK17 9EA,04808203,1012393720899,7118,25/1/2026,E,
First Floor Premises,72,Hallam Fields Road,,Ilkeston,DE7 4AZ,03801013,1100011532204,235,3/11/2025,E,
,189,Cleveland Street,,Birkenhead,CH41 3QN,,1300034452423,23831,25/1/2026,1,
,1c,Eshton Road,,SKIPTON,BD23 3SE,0380102B,2310174833011,7206,1/4/2028,E,
Unit H,84,Aylsham Road,,NORWICH,NR3 2HN,03136201,1012681227560,1191,3/11/2025,E,
,,Hallam Fields Rd,,Ilkeston,DE7 4AZ,04800037,1100050257625,,3/11/2025,D,
,,,,,,,44683706,44683706,,,1159
Unit 23,,Orion Business Park,,Tyne and Wear,NE29 7SN,0084505B,1580001397957,,1/10/2026,E,
UNIT 3B;CARL WOODHOUSE,,Hallam Fields Road,,Ilkeston,DE7 4AZ,03801013,1100011531878,,3/11/2025,D,
Eastheath House,,Eastheath Avenue,,Wokingham,RG41 2PR,03801H02,2000005184850,47760,3/11/2025,E,
"Unit 1, Langley Park Industrial Estate",,North Street,,NOTTINGHAM,NG16 4BS,03801N13,1100007996275,3710,1/10/2027,E,
Flat 478,,Finchampstead Road,,Wokingham,RG40 3RG,03801H01,2000005085529,2495,1/7/2028,E,
,,2 - 4 Links Road,,Peterhead,AB42 3PD,00099S12,1715040090713,,27/1/2026,E,
1st Floor,56,King Street,,Leicester,LE1 6RL,03801013,1100012571454,2326,1/11/2028,E,
Flat 23,,Marine Parade,,Great Yarmouth,NR30 2ES,04800007,1012673705410,,3/11/2025,D,
Shop,334,Wolseley Road,,Plymouth,PL2 2EA,03801N13,2200010287292,48027,3/11/2025,E,
Workshop,132,Gordon Road,,Great Yarmouth,NR31 0EA,03800202,1012671679576,,3/11/2025,D,
,139,Ayres Road,,Manchester,M16 9WR,03801631,1610027248740,3344,3/11/2025,E,
Cross Keys,87,Market Street,,St. Andrews,KY16 9NX,,1800032282365,45062,21/5/2026,1,
HOLBEACH PARISH COUNCIL,11,"COUBRO CHAMBERS, WEST END",,SPALDING,PE12 7LW,04811N12,1100000514439,2604,3/11/2025,E,
,,Bath Road,,READING,RG7 5RH,03801H02,2000011418309,3766,3/11/2025,E,
Royal Hotel,,Melville Square,,Crieff,PH6 2DN,,8818762905,294423,13/5/2027,,296753
TONYS MEATS LIMITED,,TIR LLWYD INDUSTRIAL ESTATE,,CONWY,LL18 5JA,00845D04,1300053272573,,3/11/2025,E,
"SHARP PLC,",,UNIT T1 SNETTERTON PARK,,NORWICH,NR16 2JU,03801203,1050002325881,23342,1/11/2026,E,
,35,Dundas Street,,Middlesbrough,TS1 1HR,0084502B,1591054152427,,22/2/2026,E,
New City Service Station,,Whaddon Way,,Milton Keynes,MK3 7DG,,1130000012703,86874,28/1/2026,E,
Trademark Car Sales,9,Brinell Way,,Yarmouth,NR31 0LU,04807202,1012671809526,4468,3/11/2025,E,
,53,Cowley Road,,UXBRIDGE,UB8 2AE,03801H06,2000001530110,5833,28/1/2026,E,
,,,,SNETTERTON CONCRETE,NR16 2JU,03801204,1012983636620,32655,1/10/2028,E,
Shop,46,Market Jew Street,,PENZANCE,TR18 2HY,00845N14,2200023122953,,3/11/2025,D,
The Boat Yard,,Treeve Lane,,Hayle,TR27 5BN,03801N12,2200023149040,10568,13/6/2027,E,
Unit 6,,Cooke House,,Great Yarmouth,NR31 0LU,04807203,1012671810674,11607,3/11/2025,D,
Nichol & Hill Limited,,Kellaw Road,,Darlington,DL1 4YA,0480702C,1591033221712,71518,30/1/2026,E,
,8,The Terrace,,Penzance,TR18 2TZ,00900N13,2200023122182,,14/6/2026,E,
Harfreys Storage Depot,,Harfreys Industrial Estate,,Great Yarmouth,NR31 0LX,03801202,1023525029976,16724,3/11/2025,D,
,100-102,Bridge Street,,Worksop,S80 1HZ,03801N12,1100003424920,1283,31/1/2026,E,
,44,Oswald Road,,Scunthorpe,DN15 7PQ,0090002D,2376552226118,,28/2/2027,E,
Bessemer Way,,Harfreys Storage Centre,,Norfolk,NR31 0LX,04807203,1012671784457,,3/11/2025,D,
Eltelec Works,,Chaul End Lane,,LUTON,LU4 8EZ,03801203,1012369176902,27386,1/2/2026,E,
,1,"FIRST AVENUE, PARKLANDS MOBILE HOMES",,Scunthorpe,DN17 1SX,0084505B,2376552682010,,11/10/2026,E,
Bessemer Way,,Harfreys Industrial Estate,,Great Yarmouth,NR31 0LX,03801202,1012671784689,,3/11/2025,D,
,B5,Station Yard,,THAME,OX9 3UH,04808204,1012450468566,20841,1/10/2026,E,
,197,Sneinton Dale,,Nottingham,NG2 4HU,03801013,1100005388015,6129,1/2/2026,E,
Top Floor,115,London Road North,,Lowestoft,NR32 1LZ,03801202,1012702277392,,3/11/2025,D,
"1st Floor, Thurland Chambers",4,Thurland Street,,Nottingham,NG1 3DR,03801013,1100005255459,191,3/11/2025,D,
Siverwood Workmen & Officials Club,,Silverwood Miners Welfare,,Rotherham,S65 3ES,0090002D,2336557456017,,1/4/2026,E,
"Unit C10, Thame Station Industrial Estat",,Station Yard,,THAME,OX9 3UH,00845072,1023530712358,,1/10/2027,E,
,,5-6 Beach Terrace Road,,Hunstanton,PE36 5BQ,,3059316510,128876,1/11/2027,,145695
149-151,,London Road North,,Lowestoft,NR32 1NB,03800202,1012702284752,,3/11/2025,D,
,44,Bridge Street,,Mexborough,S64 8AP,0482802C,2335870266112,15770,6/1/2027,E,
,2,Winton Street,,Saltcoats,KA21 5BN,03801D01,1800051762285,1815,3/11/2025,D,
UNIT 4,,CRADGE BANK,,SPALDING,PE11 3AQ,03801N13,1130000081831,14843,1/10/2026,E,
,,Rakehead Lane,,Bacup,OL13 0PB,03800631,1610022885258,,3/11/2025,D,
NORTH DENES CARAVAN PARK,,NORTH DENES,,Lowestoft,NR32 1UX,03800203,1012702460470,,3/11/2025,D,
,,,,,,,1100019224726,,,,
Unit 6,,Greenhough Road,,Lichfield,WS13 7AU,04811010,1412660840001,978,3/11/2025,E,
Heron Cottage,,Frostley Gate,,SPALDING,PE12 8SR,04031N14,1100000090093,117590,1/10/2026,E,
Musbury Fabrics,,Park Mill,,Lancashire,BB4 4NP,00845802,1600000096238,,17/2/2027,E,
"312, MESSINGHAM ROAD",,SCUNTHORPE,,SOUTH HUMBERSIDE,DN17 2QY,03800999,2390000140576,,3/11/2025,D,
,,19c Station Square,,Lowestoft,NR32 1BA,03800202,1012695467780,,3/11/2025,D,
Allaway Acoustics Old Police Station,1,Queens Road,,Hertford,SG14 1EN,03136204,1012758238697,75549,1/10/2026,E,
Maryland Farm,,Bonness On Solway,,Cumbria,CA7 5AG,04811024,1610031784306,31293,6/8/2027,E,
Dagmar House,19,Station Square,,Lowestoft,NR32 1BA,03800202,1012702260149,,3/11/2025,D,
WAREHOUSE,312,MESSINGHAM ROAD,,SCUNTHORPE,DN17 2QY,03800999,2380002597954,,3/11/2025,D,
,23,Greenhey Place,,Lancashire,WN8 9SA,03801014,1610010886401,21303,1/3/2027,E,
Virginia House,56,Warwick road,,Solihull,B92 7HX,00845N14,1425527100008,,1/2/2026,E,
,21,STATION SQ,,LOWESTOFT,NR32 1BA,03801201,1012702260609,771,5/3/2028,E,
,11,Market Street,,Newton-Le-Willow,WA12 9BQ,03873004,1610009461192,5121,3/11/2025,E,
,124,Cambridge Road,,HITCHIN,SG4 0JN,04807204,1050000692218,72604,1/10/2026,E,
,,"Unit 12,Forbes Building 311-321",,Middlesbrough,TS1 4AW,0380102A,1570000288842,1865,18/9/2026,E,
,29,29 Market Street,,Newton-Le-Willows,WA12 9BQ,03801131,1610009461262,6723,3/11/2025,D,
,19,Chester Street,,Chester,CH4 8BL,03801D02,1300010262280,9603,8/1/2028,E,
1st Floor,,19a Station Square,,Lowestoft,NR32 1BA,03800202,1012702258993,,3/11/2025,D,
Gardeners Corner,296-298,Hillmorton Road,,Rugby,CV22 5BW,04811N12,1100025084595,2399,2/2/2026,E,
Ryan Shopping Centre,4,Station Square,,Lowestoft,NR32 1BA,04807203,1012702262448,,3/11/2025,D,
,74,Narborough Road,,LEICESTER,LE3 0BS,03801N14,1100014215772,,3/11/2025,E,
Old Lamplight Works,,Ashcroft Road,,Liverpool,L33 7TW,03801D01,1300052601888,2432,3/6/2028,E,
,,14-15 Beauchamp Place,,London,SW3 1NQ,00845072,1200010251920,,19/9/2027,E,
,86-88,Narborough Road,,LEICESTER,LE3 0BS,03800013,1130000061533,,3/11/2025,D,
,8,New Mills Road,,HIGH PEAK,SK22 1BT,00900414,1600000044940,,16/3/2026,E,
143,,High Rd,,London,E18 2PA,03801202,1200040934211,5494,4/2/2026,E,
,3,Cooke Close,,Lowestoft,NR33 7NW,03801201,1012701817390,101,3/11/2025,E,
Unit 5,,Commondale Way,,Bradford,BD4 6SF,0380102D,2300000300728,22163,22/2/2027,E,
Waterside Mill,,Langholm,,,DG13 0DG,,57009601,139059,1/6/2026,,148771
,,Unit 5 Green Lane,,Tewkesbury,GL20 8HD,,1414823181001,,24/7/2026,1,
Flat 1,298,Hagley Road,,Edgbaston,B17 8DJ,03801N12,1415520401008,3564,13/4/2026,E,
,Unit B12,Crabtree Road,,Egham,TW20 8RN,03801H06,2000060056795,288,3/11/2025,E,
"Hill Farm Orchards Ltd , Hill Farm",,Droxford Road,,Southampton,SO32 2PY,03801H06,2000023846106,1329,3/11/2025,E,
Flat 2,298,Hagley Road,,Birmingham,B17 8DJ,03801007,1416520401000,,13/4/2026,E,
,41,North Audley Street,,LONDON,W1K 6ZP,03801204,1200030000626,77549,25/9/2026,E,
,Unit 5,Lion Barn Ind. Estate,,Needham Market,IP6 8NZ,04807202,1012975820079,3067,20/4/2026,E,
,,,,,,,115624,115624,,,115624
Vernon House ; 18,,Friar Lane,,Nottingham,NG1 6DQ,03801013,1100005972087,11302,20/4/2026,E,
FLAT 3 298 HAGLEY ROAD,298,"FLAT 3, 298, HAGLEY ROAD",,BIRMINGHAM,B17 8DJ,03801007,1417520401001,2640,13/4/2026,E,
,4,Bessemer Court,,Middlesbrough,TS6 7EB,0380102B,1591047937220,1506,3/11/2025,D,
Flat 4,298,Hagley Road,,Birmingham,B17 8DJ,03801007,1418520401003,2166,13/4/2026,E,
Unit 5-6,,Bessemer Court,,Middlesborough,TS6 7EB,0380102A,1591047939194,12962,22/5/2027,D,
,,,,,,,12143701,12143701,,,1
,,,,,,,49768201,49768201,,,178599
Brookleaze Trading Estate,,Stockwood Vale,,Bristol,BS31 2AL,03801110,2200015152623,5356,1/5/2026,E,
Frederick House,,Hurricane Way,,Wickford,SS11 8YB,04811202,1012569798310,21839,10/10/2026,E,
,1324,High Road,,London,N20 9HJ,03801204,1013018036344,10466,1/2/2026,E,
Flat 5,298,Hagley Road,,BIRMINGHAM,B17 8DJ,03801007,1419520401005,1653,13/4/2026,E,
MICROPROPAGATION SERVICES (E M) LTD,,KIRK LEY ROAD,,LOUGHBOROUGH,LE12 6PE,,9395208,13827,6/12/2026,,1010
"Shop, Station Yard",,Station Yard,,IPSWICH,IP6 8AS,04138202,1012975865840,46555,11/10/2026,E,
,60,Long Lane,,Halesowen,B62 9LS,03801N12,1413917790004,8579,2/9/2026,E,
,18,Bessemer Court,,CLEVELAND,TS6 7EB,,1591046026587,9911,3/11/2025,1,
,296,Hagley Road,,Edgbaston,B17 8DJ,03801N13,1413520401004,40528,13/4/2026,E,
,,12a Folgate Road,,Norfolk,NR28 0AJ,03801201,1012729318491,2670,3/11/2025,E,
Unit 5,,Gorton Shopping Centre,,Manchester,M18 8HE,04800661,1610001099477,,3/11/2025,D,
,90,Eastgate Street,,Glouester,GL1 1QN,,1414766912005,2,4/1/2026,1,
,409,Unit B1,,NORTHAMPTON,NN5 6PB,,1170000756747,36879,3/12/2027,E,
,,978a Stockport Road,,Manchester,M19 3NN,03800631,1620000718487,,3/11/2025,D,
Harlesden Methodist Church,25,High Street,,LONDON,NW10 4NE,03801201,1200037674701,208,3/11/2025,E,
Unit J The Maltings,,Station Road,,Sawbridgeworth,CM21 9JX,05800204,1014571238076,,3/11/2025,D,
,,RUSSELL WAY,,Brighouse,HD6 4LX,,8930270806,128437,1/5/2028,,139157
Unit 7,,"Egham Business Village, Crabtree Road",,EGHAM,TW20 8RB,03801H07,2000003647929,20360,3/7/2027,E,
Unit C2 409,,Harlestone Road,,Northampton,NN5 6PB,03801N14,1100019053273,141766,3/12/2027,E,
,2B,UPPER CHORLTON ROAD,,MANCHESTER,M16 7RN,03801631,1610027252931,2266,23/5/2026,E,
,2,Morris Road,,Leicester,LE2 6BR,04800037,1100012206260,,3/11/2025,D,
,18,Midland Road,,SCUNTHORPE,DN16 1DQ,0084505B,2374672959017,,7/3/2026,E,
Unit 16 St. Luke Court,,Clarke Way,,Swansea,SA1 7ER,03801N12,2199997705017,,12/10/2027,E,
,,Putney Close,,BRANDON,IP27 0PA,03801204,1012944178285,34401,22/4/2026,E,
PAMS FASHIONS WALL STREET,22,Bridgegate,,Irvine,KA12 8BQ,03801D01,1800017376242,64,3/11/2025,E,
,177,Prospecthill Road,,Glasgow,G42 9LQ,00900D04,1800035271941,,24/11/2026,E,
,2B,Upper Chorlton Road,,Manchester,M16 7RN,04800591,1610027252940,,3/11/2025,D,
LLOYDS BANK PLC,32,Gosforth Centre,,Newcastle Upon Tyne,NE31JZ,,9353793506,13359,3/11/2025,,11601
Manor Arms,,Middle Street,,Crewkerne,TA18 7SG,08026N14,2200030056116,15398,4/12/2025,E,
First Floor,,"Block 2, Adj Martin House",,Lincoln,LN6 3JZ,04812037,1100002308833,1857,3/11/2025,E,
(2nd Floor) Maybrook House,,46-60 Deansgate,,Manchester,M3 2FE,03801131,1610000029887,15085,3/11/2025,D,
Unit 3,,The Polden Business Centre,,Bridgwater,TA6 4AW,06800001,2200030372330,,3/11/2025,D,
,,,,,,,5040535801,5040535801,,,90341
,,,,,,,201733007,,,,
Unit 2A,,The Chalex Industrial,,Brighton,BN42 4NH,03801202,1900090299435,5351,3/11/2025,E,
1st Floor Studio,,Cuckoo Lane,,Witney,OX29 6PS,03801H02,2000009074130,590,1/10/2027,E,
Unit 9,9,"Walker Industrial Estate,Walker Road",,BLACKBURN,BB1 2QE,,5024901707,16485,22/9/2026,,29711
,,98 Whithington Road,,Manchester,M16 8FA,03801631,1610000175081,,3/11/2025,D,
,,,,,,,2000023940021,,,,
Unit 7,,Fountain Drive,,HERTFORD,SG13 7UB,00845074,1050001661372,,13/10/2026,E,
Unit 2,,Marsh Barton Farm,,Exeter,EX3 0QH,03800110,2200018361093,,3/11/2025,D,
,116,Withington Road,,Manchester,M16 8FA,03801131,1610000175240,14033,3/11/2025,D,
Bruntwood Limited,,New Bailey Street,,Manchester,M3 5EU,03800631,1620001055769,,3/11/2025,D,
,24,Oak Street,,KINGSWINFORD,DY6 9LS,00900633,1417179101005,,21/4/2027,E,
Unit 12,,Bridgwater Court,,Weston-Super-Mare,BS24 9AY,03801N12,2200012893598,9189,3/11/2025,E,
,2,St. Ann's Crescent,,London,SW18 2LR,02811001,1200040109349,10397,14/10/2028,E,
,5,Davis Way,,Fareham,PO14 1JF,03801H03,2000013703118,22850,6/12/2026,E,
,,Leigh Road,,RUGBY,CV21 1DS,,48672003,216335,29/4/2028,,222248
,88,Stafford Street,,Willenhall,WV13 1RT,04021N12,1414056750002,5550,3/11/2025,E,
,,5-11 REGENT STREET,,LONDON,SW1Y 4LR,03800202,1200039680799,,3/11/2025,D,
Unit,13,Birdgewater Court,,Weston-Super-Mare,BS24 9AY,03801N12,2200012893589,7087,3/11/2025,E,
Charles Green,309,Hale Lane,,Edgware,HA8 7AX,04811203,1013017899497,8609,31/10/2026,E,
Unit,,Rhosddu Ind Estate,,Wrexham,LL11 4YL,03801D02,1300051295597,28513,22/4/2026,E,
,,,,,,,1417968961000,,,,
,,Oldmixon Crescent,,Weston-super-mare,BS24 9AY,03800110,2200040102540,,3/11/2025,D,
"THIRD FLOOR, PICCADILLY HOUSE",33-37,Regent Street,,LONDON,SW1Y 4NB,03801202,1200026279352,,3/11/2025,D,
,,Traynor Way,,Peterlee,SR8 2RT,,9128225203,130751,24/7/2026,,135617
,55,High Street,,IPSWICH,IP7 5AB,04811203,1050000504483,38880,14/10/2026,E,
,117,Abercorn Street,,PAISLEY,PA3 4DH,,56668603,178389,7/9/2026,,215222
Grounded Coffee Company Limited,11,Whitechapel Road,,LONDON,E1 1DU,03006204,1200024381151,,3/11/2025,D,
,,,,,,,16013708,16013708,,,1
,,,,,,,19278300,19278300,,,159629
Unit 2,,Park Road,,Faringdon,SN7 7BP,03801H09,2000011897538,790,3/11/2025,E,
SECOND & THIRD FLOORS,45,BLACK LION HOUSE,,London,E1 1DU,00800071,1200010146793,,3/11/2025,D,
Unit A2,,Oldmixon Crescent,,Weston Super Mare,BS24 9AX,03800110,2200012893774,,3/11/2025,D,
,,,,,,,8820204903,8820204903,,,1
,,Ye Olde Crown;74-76,,Edenbridge,TN8 5AR,04829204,1900042000273,39107,3/11/2025,E,
Unit 15,,Lye Valley Industrial Estate,,Stourbridge,DY9 8HX,03801007,1415853980002,1718,9/6/2026,E,
"Plot C1, Unit 3",,Redgate Road,,WIGAN,WN4 8DT,00900414,1610010704713,,15/10/2027,E,
,228,Renfrew Street,,GLASGOW,G3 6TX,03500D04,1800025135123,32305,3/11/2025,E,
"UNIT 3 28, 65, WHITECHAPEL ROAD","UNIT 3 28,",,,London,E1 1DU,03801202,1200024381649,5736,3/11/2025,E,
,31,West Street,,BOURNE,PE10 9NB,04811N12,1100001270240,7732,16/10/2026,E,
,49,High Street,,SHERINGHAM,NR26 8DS,03801202,1012733464246,345,8/12/2025,E,
,228,Renfrew Street,,GLASGOW,G3 6TX,04516240,1800032677245,1084,3/11/2025,E,
,,Maesbury,,Oswestry,SY10 8HB,03801D04,1300012925035,31020,22/4/2026,E,
Air Care Products Ltd,111,Gosbecks Road,,Colchester,CO2 9JT,00845072,1012616956597,,2/12/2026,E,
NEW INN HOTEL,15,CHURCH ROAD,,PENTRE,CF41 7ED,04807201,2199994676729,20393,6/8/2026,E,
,353,Fulham Road,,London,SW10 9TW,03801202,1200025775800,9530,16/10/2027,E,
Magneta House,85,Whitechapel Road,,London,E1 1DU,03800202,1200028927388,,3/11/2025,D,
,,62A Bridge Road East,,Welwyn Garden Centre,AL7 1JU,03801202,1023509348114,4564,16/10/2028,E,
,,,,,,,2975059508,2975059508,,,90497
Magneta House,85,Whitechapel Road,,LONDON,E1 1DU,04800203,1200028927430,,3/11/2025,D,
,,Red Lion Garage,,Thursley,GU8 6NJ,03801H01,2000016583503,,23/5/2026,E,
,33,Dean Street,,Newcastle Upon Tyne,NE1 1PQ,0090002D,1591010557288,,17/10/2026,E,
,13,Castle Street,,Builth Wells,LD2 3BN,00845300,2199989652070,,8/12/2026,E,
Unit 2 Cobden Mews,90,The Broadway,,London,SW19 1RH,03801202,1200025341540,5884,25/6/2028,E,
TEMPORARY BUILDERS SUPPLY 8500009239,,DECONSTRUCTUK,,LONDON,SE1 1NP,00800084,1200061791300,,3/11/2025,D,
,,,,,,,9158695708,9158695708,,,212489
Unit 2,,Ipplepen Business Park,,Newton Abbot,TQ12 5UG,04803210,2200020908423,806,28/1/2028,E,
38/42,,Spital Hill,,Sheffield,S4 7LG,0380102C,2334310331717,17189,30/9/2026,E,
Mount Mellory Hotel,3,Hull Road,,Lancashire,FY1 4QB,03801014,1610004110273,19608,3/11/2025,E,
Unit 3,47,Spital Hill,,Sheffield,S13 8AU,03800999,2334310334513,,3/11/2025,D,
Paul Antony Mirrors,,Station Road,,Maldon,CM9 4LQ,05123204,1014572341387,33944,3/11/2025,D,
Brixton Plc,,Westbrook Trading Estate,,Manchester,M17 1AY,00845801,1600000070889,,9/12/2025,E,
Atlantic House,,Gates Way,,Stevenage,SG1 3HG,00800072,1014568653102,,3/11/2025,D,
,,,,,,,15449909,15449909,,,31447
Imperial Mill,,Lowerhouse Lane,,Burnley,BB12 6HZ,03800131,1610013931128,,3/11/2025,D,
Weybourne Industrial Estate,,Weybourne Road Industrial Estate,,Sheringham,NR26 8AF,03800202,1012733590057,,3/11/2025,D,
Unit 21,,Westbrook Trading Estate,,Manchester,M17 1AY,00845801,1600000070898,,9/12/2025,E,
,,,,,,,8855455108,8855455108,,,409716
Communal Supply,,59-60 St Mary Butts,,Reading,RG1 2LG,03800H06,2000052143705,,3/11/2025,D,
Unit A60 Northbridge Centre,,Elm Street,,Burnley,BB10 1PD,03800631,1610014800899,,3/11/2025,D,
,,,,,,,8819003607,8819003607,,,381696
,,,,,,,53596600,53596600,,,180959
Office Pixmore Avenue,,1-20 Bidwell Court,,Letchworth,SG6 1QR,04807201,1012813878459,1304,11/3/2028,E,
,4,Woburn Walk,,London,WC1H 0JL,03801201,1200020146889,17351,19/10/2026,E,
,,"Unit A,The Link Centre",,Weston-super-Mare,BS24 9AY,03801N12,2200012890685,6765,10/12/2026,E,
REFERENCE-12978,59-60,ST MARY BUTTS,,Berkshire,RG1 2LG,00845H86,2000027368148,,3/11/2025,E,
Pirtek,20a,Riverside Industrial Park,,Ipswich,IP2 8JX,04807203,1012887085380,16430,20/10/2026,E,
Landlords Supply,,Bidwell Close,,Letchworth,SG6 1QR,03801201,1012813885819,142,23/4/2026,E,
STABLES,213,Titchfield Road,,Stubbington,PO14 3EW,03801H08,2000027799587,15422,10/12/2026,E,
,13,Dean Road,,South Shields,NE33 3PS,0090002A,1591052421630,,3/11/2025,D,
Birmingham City Council,,192-226 St Vincent Street Wes,,Birmingham,B16 8RP,03802007,1418131801005,,3/11/2025,E,
Sprinkle Farm House,,,,Haverfordwest,SA62 4HL,03801N13,2199999653530,8804,21/10/2026,E,
KIOSK 1,8,STEEL CLOSE,,ST. NEOTS,PE19 8TT,03801201,1050002262822,1436,3/11/2025,E,
CENTRE CITY HOUSE,,HILL STREET,,BIRMINGHAM,B5 4HE,03800007,1414943011008,,3/11/2025,D,
,324-326,Wilmslow Road,,MANCHESTER,M14 6XQ,,79823201,340019,1/3/2028,,338563
Sprinkle Farm Buildings,,,,Haverfordwest,SA62 4HL,04811N14,2199999653540,2659,21/10/2026,E,
The Club House,,Hall Street,,Blackwood,NP12 1NY,03801N13,2199990066199,33868,11/12/2027,E,
,,232-234 Wednesbury Road,,Walsall,WS2 9QN,04811N14,1416539250000,28779,23/4/2026,E,
The Maltings,16,Mill Street,,Rutland,LE15 6EA,04807N12,1100001163840,6819,23/4/2026,E,
,91,Northfield Road,,Coventry,CV1 2BQ,04811N14,1100024044801,27670,21/10/2026,E,
,,,,,,,70775305,70775305,,,481093
Unit 7,,Holme Industrial Estate,,York,YO43 4AZ,0380102B,2364400190717,9355,21/10/2028,E,
"UNIT 25,BLOCK 7",,OLD MILL LANE IND ESTATE,,MANSFIELD,NG19 9BG,04811037,1100004561344,3286,3/11/2025,E,
,413,Stratford Road,,Birmingham,B11 4JZ,03801N12,1413186711009,5510,3/11/2025,E,
,,Willenhall Road,,Wolverhampton,WV1 2HR,08800021,1421949000002,,3/11/2025,D,
71-73,,BEECH ROAD,,STOCKPORT,SK3 8HD,,11062202,11062202,26/11/2028,,386378
,17,The Maltings,,Leicester,LE15 6EA,04812N12,1100001163859,6919,23/4/2026,E,
,,415-417 Stratford Road,,Birmingham,B11 4JZ,03801007,1428171100002,,3/11/2025,D,
,,13B Cleveland Street,,Wolverhampton,WV1 3HH,04800010,1418078080006,,3/11/2025,D,
"ARMYTAGE ROAD INDUSTRIAL ESTATE,",,Armytage Road,,BRIGHOUSE,HD6 1QF,,8822527107,185142,2/10/2017,,473547
,49,Lancaster Road,,Enfield,EN2 0BS,03801201,1013060264575,4269,21/10/2028,E,
,14,Cleveland Street,,WOLVERHAMPTON,WV1 3HH,04800010,1410178080007,,3/11/2025,D,
,12-14,osborne road,,blackpool,fy4 1hj,03801631,1610004048396,,11/9/2026,E,
,53,,,Oakham,LE15 6AJ,03800013,1100001741107,,3/11/2025,D,
,21,Blenheim Terrace,,Leeds,LS2 9HJ,0084505A,2346543020010,,24/4/2027,E,
,8,"Lysander Mews, Lysander Grove",,LONDON,N19 3QP,03801201,1200027820038,5121,9/7/2026,E,
,80,Kings Avenue,,CLACTON-ON-SEA,CO15 5EP,03136203,1012639081672,18447,25/4/2027,E,
Unit 61 Centenary Buisness Prk,,Hammonds Close,,Nuneaton,CV11 6RY,00900247,1160001106593,,6/6/2026,E,
Unit 17,,Cleveland Street,,Wolverhampton,WV1 3HH,,1413418213001,,3/11/2025,1,
"26A, WELLINGTON ROAD","26A,",26A Wellington Road,,Rhyl,LL18 1BN,03801D01,1300009823068,14720,3/11/2025,D,
,,,,,,,73583502,73583502,,,99950
,,,,,,,8892392602,8892392602,,,126404
The Royal Oak Inn,,Watery Lane,,Louth,LN11 8LZ,,8826835509,237854,14/5/2026,,224899
Unit 3,,Lysander Mews,,London,N19 3QP,03801202,1200027820056,4106,9/7/2026,E,
,1,BROAD STREET,,WOLVERHAMPTON,WV1 1JA,03801007,1417238080006,,3/11/2025,D,
7a,,,,Norwich,NR6 6BF,00900204,1030034747942,,24/4/2027,E,
,58,Whiteheart Road,,Old Portsmouth,PO1 2JA,,72631403,197085,13/5/2028,,225976
Unit 7,,"Lysander Mews, Lysander Grove",,LONDON,N19 3QP,03801202,1200027820029,4367,9/7/2026,E,
Mount Auto Repairs,,Mount Garage,,Wigan,WN2 1DA,03801024,1610010186578,64795,24/4/2026,E,
First Floor,19b,East Street,,BROMLEY,BR1 1QE,03801202,1200021803570,,7/5/2028,E,
Opp Fantasy Island,,Sea Lane,,Skegness,PE25 1PG,03801N12,1100000096625,6414,3/11/2025,E,
,,,,,,,12581501,12581501,,,552982
Old Curing House,,Sutton Road,,GREAT YARMOUTH,NR30 3NA,00900071,1014571431738,,22/10/2026,E,
One Stop Community Stores Ltd,278,Deans Road,,Wolverhampton,WV1 2AW,03800007,1413351180009,,3/11/2025,D,
Ground And Basement,,Victory House,,London,W1B 4EZ,00008072,1200037465680,,7/3/2026,E,
,,Sea Lane,,Skegness,PE25 1PG,03800013,1100000066338,,3/11/2025,D,
,23,Rookery Street,,Wolverhampton,WV11 1UN,03801007,1411557580007,2814,23/4/2027,E,
,187,Ayr Road,,PRESTWICK,KA9 1TP,00845G01,1800035306442,,3/11/2025,D,
,,,,,,,19834506,19834506,,,179466
Islamic Cultural Society Luton Mosque,2,Westbourne Road,,Luton,LU4 8JD,00845073,1050001170630,,14/12/2027,E,
New Market Hall,,,,Carmarthen,SA31 1QY,03800200,2100040856625,,3/11/2025,D,
,10,Broadway,,Wolverhampton,WV10 8EB,04800010,1416149380006,,3/11/2025,D,
UNIT 4 RAYNOR PARADE,,"RAYNOR PARADE, FALLINGS PARK",,Wolverhampton,WV10 9QY,03801N12,1419217180000,,3/11/2025,E,
,21,EUROWAY INDUSTRIAL ESTATE,,Bradford,BD4 6SF,0084507A,2380000380450,,3/11/2025,E,
S8 Market Hall,,s8,,Carmarthen,SA31 1QY,03801200,2100040856616,1957,3/11/2025,D,
,,17 - 19,,Merthyr Tydfil,CF48 3HB,03801N13,2100041137586,45633,22/10/2027,E,
Round Oak,,Bishopsgate Road,,Egham,TW20 0YW,00845Q04,2000027315225,,25/4/2027,E,
,54,Brooklands Parade,,Wolverhampton,WV1 2NE,03801007,1419230180009,,3/11/2025,E,
H S Shop,10,The Market,,Carmarthen,SA31 1QY,03800200,2199999036430,,3/11/2025,D,
Newport Auctions Limited,.,Usk Way,,NEWPORT,NP20 2BX,00845L02,2199991327543,,1/2/2028,E,
,,,,,,,48685405,48685405,,,211261
,,,,,,,59849005,59849005,,,136488
,,The Street,,Swindon,SN5 3LU,03801H02,2000012620301,1718,29/4/2026,E,
,19,Station Road,,New Milton,BH25 6HN,03801H01,2000020040778,1078,15/12/2026,E,
,,208-209 Staveley Road,,Wolverhampton,WV1 4RS,,1413383280009,,3/11/2025,1,
Piranel Ltd,,Stretton Hall Hotel,,Church Stretton,SY6 6HG,06800021,1428552200007,,3/11/2025,D,
"UNIT P,Mitek House",,"Grazebrook Industrial Park,Peartree Lane",,DUDLEY,DY2 0XW,,2463004105,262021,1/10/2027,,509311
Dpr Windows,19,Station Road,,New Milton,BH25 6HN,03801H01,2000020040750,4551,15/12/2026,E,
Church Road,,Leckhampton,,Cheltenham,GL53 0QJ,03801N12,1412095171009,14149,3/11/2025,E,
,7,Benedict Road,,Sunderland,SR6 0NX,0380102A,1591051375559,2765,4/4/2026,E,
,55,Brunel Road,,Bedford,MK41 9TJ,03801201,1012358779294,291,8/1/2026,E,
1 Laureate Industrial Estate,,,,Newmarket,CB8 0AR,03801203,1012791361454,19559,12/9/2026,E,
Ground Floor Shop,283,King Street,,London,W6 9NH,,1200038271895,3991,10/1/2026,1,
,,,,,,,1663503500,1663503500,,,14089
Plot 1,1,Camps Industrial Estate,,West Lothian,EH27 8DF,00845G02,1800061054082,,23/10/2026,E,
,3,Low Street,,Sutton-In-Ashfield,NG17 1DH,04830N14,1100003892615,50288,3/11/2025,E,
,1,,,Newmarket,CB8 0AR,03801203,1012791361686,11664,12/9/2026,E,
,,,,,,,19319400,19319400,,,19319400
"Plot 9, Ariel Buildings",,Temple Road,,LEICESTER,LE5 4JG,03801N12,1160001391059,5,12/9/2027,E,
Unit 9,,Prospect Court,,Sutton-In-Ashfield,NG17 2HW,04811037,1100004141705,452,3/11/2025,E,
Unit 5,,Abbey Wood Business Park,,Bristol,BS34 7JU,03802N14,2200031660983,37382,3/4/2026,E,
,,,,,,,8896303406,8896303406,,,231252
,42,Holderness Road,,Hull,HU9 1EF,0382602B,2365214439215,7677,10/1/2028,E,
Thorncliffe Farm Shop,,Westfield Lane,,Huddersfield,HD8 9SZ,0380102D,2300000906764,187379,23/10/2028,E,
Waste Disposal,,Sidings Road,,Nottingham,NG17 7JZ,03801N12,1100004232725,2966,18/4/2027,E,
,100,King George Road,,Ware,SG12 7DT,04807202,1012767603604,8143,23/9/2028,E,
,2,Forest Drive,,Epping,CM16 7EY,03801204,1012514685713,35423,3/9/2027,E,
,,,,,,,8824360601,8824360601,,,98970
,,,,,,,71996203,71996203,,,323676
,,Whitley Road,,DEWSBURY,WF12 0LZ,,45980706,1,1/6/2026,,1
,53,Sycamore Drive,,Sleaford,NG34 8BN,04811N14,1100001856164,28277,23/11/2026,E,
,Non-PAF De,"Jon Davey Drive, Treleigh Industrial Estate",,REDRUTH,TR16 4AX,00845570,2200040365117,,10/9/2026,E,
PARKWOOD CHRISTIAN FELLOWSHIP,,PARKWOOD GREEN,,GILLINGHAM,ME8 9PN,03801202,1900001152231,8070,3/4/2026,E,
,14,Bridge Street,,Mansfield,NG18 1AN,03800013,1100004313204,,3/11/2025,D,
,92,High Street,,MILFORD HAVEN,SA73 1TF,03801N12,2199999629120,9661,12/9/2026,E,
FRANK SMITH HOME ELECTRICAL CENTRE,4,Regent Street,,Mansfield,NG18 1SS,04033037,1100004467163,12793,3/11/2025,E,
,9,The Fold,,Birmingham,B38 9BL,00900N14,1424871100003,,3/4/2026,E,
,,The Brickmakers Arms,,Windlesham,GU20 6HT,00845H87,2000003483108,,22/10/2027,E,
,,,,,,,701105810,701105810,,,23673
East Store Mid Camp,,Raw Camps Industrial Est,,Kirknewton,EH27 8DF,03801D04,1800020219675,,11/1/2026,E,
,,,,,,,7875605,7875605,,,68
Stewarts Jewellers,18,Regent Street,,Mansfield,NG18 1SS,04800037,1100004467298,,3/11/2025,D,
,50,CLEVELAND STREET,,BIRKENHEAD,CH41 6LF,00845G02,1300006210963,,3/11/2025,E,
Unit 98,,Kelleythorpe Industrial Estate,,Driffield,YO25 9DJ,0380102A,2365575490212,1553,10/4/2026,E,
,,,,,,,19242705,19242705,,,124518
Sutton Corner Garage,,Sheep Pen Lane,,Seaford,BN25 4QR,03801202,1900045279232,6503,24/10/2026,E,
East Midlands Electricity,,Ratcliffe Gate,,Mansfield,NG18 2PJ,03800013,1100003908897,,3/11/2025,D,
White House Farm,,Moss House Lane,,Preston,PR4 4TD,03801144,1610020498941,5472,13/9/2027,E,
,59,Tower Bridge Road,,London,SE1 4TL,03801202,1200037412632,5615,30/7/2027,E,
,52,High Street,,KINGSTON UPON THAMES,KT1 1HN,05802201,1900012425652,76932,3/11/2025,E,
,325,Reepham Road,,Norwich,NR6 5AD,04811204,1012688630110,67383,1/7/2026,E,
Sutton Corner Garage En,,Sheep Pen Lane,,Seaford,BN25 4QR,,1900045279241,114,24/10/2026,E,
Unit 5,,Kirkland Avenue,,Mansfield,NG18 5QP,04800037,1100004399638,,3/11/2025,D,
,176,Somerford Road,,Christchurch,BH23 3QG,03801H02,2000020241988,6127,11/4/2026,E,
Shop,15,Rumbridge Street,,Southampton,SO40 9DQ,03801H01,2000024857526,10021,13/9/2026,E,
Kirkland Avenue,,INTAKE BUSINESS CENTRE,,Mansfield,NG18 5QP,03801N13,1100003897970,3,3/11/2025,E,
,,ROMAN WAY,,Birmingham,B46 1HQ,00845127,1416870513004,,5/8/2026,E,
Unit 19,,Downton Ind Est,,Salisbury,SP5 3HU,03801H01,2000027004855,715,11/1/2027,E,
,,,,,,,8821585206,8821585206,,,36196
Unit B2,,Mosley Street,,MANCHESTER,M1 4AH,04811024,1620001739520,33744,12/1/2026,E,
HIGHLINE PRECISION ENG,,HALLAM WAY,,MANSFIELD,NG19 9BG,04800037,1100003874147,,3/11/2025,D,
,21,St Owen Street,,Hereford,HR1 2JB,03801N12,1413251881001,10231,14/9/2027,E,
Unit 4 Abbey Shopping Centre,2,Abbey Street,,Accrington,BB5 1EB,03801631,1610022531990,670,12/1/2028,E,
,3,Westow Street,,LONDON,SE19 3RY,03801204,1900010098750,25330,24/10/2028,E,
,,,,,,,21430907,21430907,,,185294
Fairway,,Crew Lane,,Southwell,NG25 0TX,03801013,1100003333593,1917,14/9/2027,E,
Harris & Moss,13,Scotland Road,,Nelson,BB9 7UT,03801004,1610014344644,6575,19/12/2027,E,
Shop House Of Allington,,The Borough,,Wedmore,BS28 4EB,03801110,2200013672114,4214,24/10/2028,E,
,,,,,,,19571410,19571410,,,474647
,134,Cricklewood Lane,,London,NW2 1HS,00900204,1014571169760,,24/10/2027,E,
,63,Market Place Burnham Market,,King's Lynn,PE31 8HD,04807201,1012646694902,306,3/11/2025,E,
,,,,,,,81506704,81506704,,,218579
,140,London Road,,SHEFFIELD,S2 4LT,0481102B,2330143302410,4664,3/11/2025,E,
Landlord,70,Furtherwick Road,,Canvey Island,SS8 7AJ,03801201,1050002033971,44,3/11/2025,E,
,,,,,,,9099262306,9099262306,,,160299
Shop,44,Sandy Park Road,,Bristol,BS4 3PF,03801110,2200032182745,212,25/10/2028,E,
,71/71,Primrose Street,,Tonypandy,CF40 1BQ,03220N12,2199994593392,7054,15/9/2026,E,
Mansfield Co,,14 Church Street,,Mansfield,NG18 1AA,00800247,1100039363629,,3/11/2025,D,
,32,Barnton Avenue,,Edinburgh,EH4 6JH,00845G01,1800035164813,,1/10/2027,E,
,37,GROSVENOR ROAD,,RIPLEY,DE5 3JE,03801N12,1100051008500,3451,14/1/2028,E,
Unit 11,,Milmead Industrial Centre,,London,N17 9QU,03800202,1013077408540,,3/11/2025,D,
,1,Radford Avenue,,Kidderminster,DY10 2ES,04811N12,1415476691000,3260,5/4/2026,E,
L & S Accountancy Services,64,High Street,,Belper,DE56 1GF,04811N12,1100008831671,4714,15/9/2028,E,
,693,Wimborne Road,,Bournemouth,BH9 2AT,03801H04,2000020874012,36380,14/1/2027,E,
,132,High Street,,Berkhamsted,HP4 3AT,04807202,1012960394893,5543,3/10/2026,D,
,MEMORIAL A,VICTORIA EMBANKMENT,,NOTTINGHAM,NG2 2JY,03800N12,1100005302018,,3/11/2025,D,
,150,Westley Road,,BIRMINGHAM,B27 7UR,03801N12,1415456051005,4007,5/4/2026,E,
,,,,,,,78876610,78876610,,,428872
,4,Church Green,,COLCHESTER,CO6 1UD,,70198506,112905,3/7/2027,,116660
2-3,,"TYTHERINGTON SHOPPING CENTRE,BROCKLEHURST WAY",,MACCLESFIELD,SK10 2HB,03801004,1610011925879,13439,14/1/2026,E,
,,Unit L,,Norwich,NR14 6JD,03801202,1050001720994,11316,16/9/2027,E,
,,James Carter Road,,BURY ST. EDMUNDS,IP28 7DE,03801201,1012947009358,55,4/7/2027,E,
"Garden Services & Tree Surgery, Royle Fa",,Caldwell Road,,BURTON-ON-TRENT,DE15 9TU,00845L02,1100011742232,,5/4/2027,E,
Trent Bridge Medical,68,Bridgford Road,,WEST BRIDGFORD,NG2 6AP,04811037,1100006711560,1,3/11/2025,E,
Quarryfield Ind Est,,Mere,,Wiltshire,BA12 6LA,04044H21,2000025575606,56,25/10/2026,E,
Sandybank Garage,,Bacup Road,,Rossendale,BB4 7JE,06808054,1600000031471,,1/10/2028,E,
,25,James Carter Road,,Bury St. Edmunds,IP28 7DE,03801203,1012947008201,10136,4/7/2027,E,
,l2,Little Money Road,,Norwich,NR14 6JD,03801202,1050001721000,8030,16/9/2027,E,
Unit 1B,,Quarryfield Industrial Estate,,Warminster,BA12 6LA,04811H16,2000025575624,36,25/10/2026,E,
Unit 8,,Clarke Way,,West Glamorgan,SA1 7ER,03801200,2199997705123,232,3/11/2025,E,
Rufford Hotel,53,Melton Road,,West Bridgeford,NG2 7NE,04828037,1100007274453,,3/11/2025,D,
THE HARECASTLE,,Liverpool Road,,STOKE-ON-TRENT,ST7 1EA,,71712600,164505,13/6/2018,,117199
Top Knot Hair Fashions,119,Sherwood Street,,Mansfield,NG20 0JU,03800013,1100005021838,,3/11/2025,D,
Quarryfield Ind Est,,Mere,,Wiltshire,BA12 6LA,03801H01,2000025575615,3515,25/10/2026,E,
,8,Woodford Road,,London,E7 0HA,03801202,1200034053073,20561,1/4/2028,E,
Fengate Fasteners Limited,,Putney Close,,Brandon,IP27 0PA,04811202,1012944178513,18064,17/9/2026,E,
,29-30,Pearson Park,,HULL,HU5 2TD,,48915104,293937,12/1/2028,,293291
,,,,,,,9088023905,9088023905,,,44307
Quarryfields Industrial Estate,,,,WARMINSTER,BA12 6LA,03801H06,2000025575759,33843,25/10/2026,E,
,1374,London Road,,Leigh-On-Sea,SS9 2UH,03801203,1012524045560,25147,15/1/2028,E,
,,Crew Lane,,Southwell,NG25 0TX,04800037,1100039375759,,3/11/2025,D,
,94,Horsenden Lane North,,GREENFORD,UB6 7QH,04044H18,2000001026060,1426,6/4/2027,E,
Quarryfield Ind Est UN A2,,Mere,,Wiltshire,BA12 6LA,04045H22,2000025575795,8350,25/10/2026,E,
,53,Villette Road,,Sunderland,SR2 8RD,0084502D,1591055002458,,24/7/2028,E,
Quarryfield Ind Est,,Mere,,Wiltshire,BA12 6LA,03801H06,2000025575633,720,25/10/2026,E,
,,Muckton,,LOUTH,LN11 8NU,0380102B,2375811995919,6752,17/9/2026,E,
,,Blundell Lane,,SOUTHAMPTON,SO31 1AA,00845H86,2000027463908,,16/1/2027,E,
,62,Bunting Road,,Northampton,NN2 6EE,04807037,1100019224780,2898,16/1/2026,E,
Millbrook Medical Conferences,8,Midland Court,,Lutterworth,LE17 4PN,03801N13,1100024222484,22627,6/4/2026,E,
The Bell Inn,,Bath Road,,Marlborough,SN8 1QD,04812H17,2000007602959,,28/2/2026,E,
Quarryfield Ind Est,,Mere,,Wiltshire,BA12 6LA,04044H23,2000025575800,14208,25/10/2026,E,
,20,Regent Street,,LEAMINGTON SPA,CV32 5HQ,03801N13,1100024479571,57636,17/9/2026,E,
NORTH STREET WORKING MENS CLUB,70-72,North Street,,COALVILLE,LE67 5HA,04031N14,1100018959262,1300,16/6/2026,E,
Quarryfield Ind Est,,Mere,,Wiltshire,BA12 6LA,04044H24,2000025575829,31764,25/10/2026,E,
,,,,,,,1591039676466,,,,
ARMY CAMP FLOODLIGHTING,,LOW FIELDS,,FULBECK,NG32 3JF,03801013,1100002801556,6848,22/7/2026,E,
Richmond House,,brant road,,Grantham,NG32 3JF,04800037,1100001111521,,3/11/2025,D,
Un B7 B8 & B9,,Quarryfield Ind Est,,Warminster,BA12 6LA,03801H09,2000025575810,22362,25/10/2026,E,
,110,Pall Mall,,Chorley,PR7 2LB,03801131,1610020698484,21389,3/11/2025,D,
"Unit 5, Block 13",,Greenhill Industrial Estate,,Alfreton,DE55 4BR,03801013,1100008290127,66,17/1/2027,E,
Quarryfield Ind Est,,Mere,,Wiltshire,BA12 6LA,04811H19,2000025575786,54455,25/10/2026,E,
,3,The Maltings,,Burton upon Trent,DE14 1SE,00800058,1100039213384,,3/11/2025,D,
,,Station Road,,Grantham,NG33 4RA,,1100001527466,12277,3/11/2025,D,
The Brewhouse,,Dorney Court,,Windsor,SL4 6QP,00900Q03,2000055636891,,25/10/2026,E,
,,,,,,,75153610,75153610,,,431863
Unit 1 & 2,,The Point,,Sleaford,NG34 8GN,03800013,1160000210692,,3/11/2025,D,
,,,,,,,8840754603,8840754603,,,266653
,54,Mill Street,,BRIDGNORTH,WV15 5AG,03801007,1414131513004,373,18/1/2027,E,
Unit 5,,George Reynolds Ind Estate,,County Durham,DL4 2RB,0084505B,1591039543288,,26/10/2026,E,
,33,High Street,,Leiston,IP16 4EL,04138201,1012712996314,14034,18/1/2028,E,
"Automated Gates, Leaton Industrial Estat",,,,SHREWSBURY,SY4 3AP,03801007,1416590600000,1442,7/4/2026,E,
,,Beach Road,,Norfolk,NR29 4HS,00845071,1014571321334,,19/9/2028,E,
,,,,,,,2200011645493,,,,
"Unit 13,Diamond Point",1,Diamond Road,,Norwich,NR6 6AW,03801201,1050001960191,4881,3/11/2025,E,
,,,,,,,63748603,63748603,,,292071
,2,Bridge Street,,STOURPORT-ON-SEVERN,DY13 8XD,03801007,1413775591006,2814,23/1/2028,E,
,129,Chester Road,,Sunderland,SR4 7HG,0380102D,1591060263233,,9/4/2026,E,
,,57-61 Faulkner Street,,Manchester,M1 4FF,,12765702,520294,1/10/2028,,486341
,,,,,,,8815534910,8815534910,,,1
,,5A Alkmaar Way,,Norfolk,NR6 6BF,03801202,1030022068967,16973,13/3/2028,E,
28-29,,Poplar Drive,,Birmingham,B6 7AD,03801N12,1410809331007,4277,26/10/2026,E,
,Unit 7,Crabbe Street,,Stourbridge,DY9 7BJ,03801007,1419010101001,1,19/9/2026,E,
,,,,,,,1418703,1418703,,,1238405
Abril Industrial Waxes Ltd,,Sturmi Way,,Bridgen,CF33 6BZ,00845L02,2199989640580,,1/4/2028,E,
,,,,,,,8848065306,8848065306,,,329261
,81,Stafford Street,,Willenhall,WV13 1RT,03801N12,1418156750005,6766,19/1/2027,E,
Ross House,,The Square,,CHELTENHAM,GL54 1AF,04811N12,1413675871003,6167,9/4/2026,E,
Riverside,,Hawley Road,,Camberley,GU17 9EP,03801H02,2000050350085,13504,26/10/2026,E,
,241,High Street West,,Sunderland,SR1 3DE,0084505A,1591059348836,,20/9/2026,E,
,,CRAIGEND ROAD,,TROON,KA10 6HD,00900D04,1800035217085,,1/4/2028,E,
,8,Spinnaker Road,,Gloucester,GL2 5FD,03801N14,1412855812002,19625,26/10/2028,E,
,56,Grey Street,,Newcastle upon Tyne,NE1 6AF,0090005A,1591058635871,,1/1/2027,E,
Workshop No,2,Beech Drive,,Norwich,NR6 6RN,03801201,1012681526102,895,3/11/2025,E,
"Storage Unit, Hill Farm",,Droxford Road,,SOUTHAMPTON,SO32 2PY,00845H86,2000051417800,,1/2/2026,E,
,,,,,,,15080808,15080808,,,16940
Ross House,,The Square,,CHELTENHAM,GL54 1AF,04811N12,1415575871001,6242,9/4/2026,E,
Offices;f10,4,Scott Lane,,Woodbridge,IP12 1TJ,00845071,1023508636038,,3/11/2025,E,
Temporary Address,,Rear Of,,London,NW11 0QB,06801204,1050000449957,,3/11/2025,D,
2 EMMA'S COURT,74,MARKET PLACE,,KING'S LYNN,PE31 8HD,03801201,1023499098853,1214,9/4/2026,E,
HAMMOND CLOSE CENTENARY BUSINESS CENTRE,UNIT 11,ATTLEBOROUGH FIELDS IND ESTATE,,NUNEATON,CV11 6RY,04808037,1100022056122,63,3/11/2025,E,
Grange Farm Ormesby Hall,,,,Middlesbrough,TS7 9AT,,1591012212759,,18/1/2026,1,
Un M3,,Rudford Ind Estate,,Arundel,BN18 0BF,04044H21,2000018560720,6433,27/10/2026,E,
,,,,,,,68566903,68566903,,,8141
Royal Oak,1117,Finchley Road,,London,NW11 0QB,04800204,1015680224704,,3/11/2025,D,
Bryncoch Farm,,,,CARMARTHEN,SA32 8DX,03801200,2199998867145,2842,18/1/2027,E,
,,21A Peel Street,,Accrington,BB5 1EA,03801131,1610022416588,8615,29/4/2026,E,
,,,,,,,21285700,21285700,,,55063
,63,West Street,,BOURNE,PE10 9NB,03826N13,1100001270480,19508,9/4/2026,E,
,,Withymills Farm,,Timsbury,BA2 0EY,03801N13,2200041230865,,27/10/2026,E,
Landlords Supply Block 7,,25/32 Chandos Way,,London,NW11 7HF,04807202,1012988356914,,3/11/2025,E,
,154,Thelwall Lane,,WARRINGTON,WA4 1LU,03801D01,1300005084571,608,10/4/2026,E,
Dolphine Site 14946,,Chandos Way,,London,NW11 7HF,03800202,1023482637526,,3/11/2025,D,
,23,Brunel Way,,Thetford,IP24 1HP,03801202,1012942197523,15189,22/8/2026,E,
Unit 2,,Boulevard,,Hull,HU3 4AY,0380102B,2360510812913,3818,25/9/2027,E,
Unit 2 Tarlings Yard,,Bishops Cleeve,,Cheltenham,GL52 8RN,04811N12,1419698661000,3181,20/1/2026,E,
,496,Wallisdown Road,,Bournemouth,BH11 8PT,00845H87,2000027447942,,17/6/2027,E,
Vodafone Cell Site,,Golders Green Depot,,Chandos Way,NW11 7GF,03800202,1012988354847,,3/11/2025,D,
Unit 2,,Light Industrial Units,,Rhyl,LL18 6DD,03801D01,1300009318039,2711,3/11/2025,E,
,1,VICTORIA EMBANKMENT,,NOTTINGHAM,NG2 2JY,03801N13,1100005301690,23789,2/3/2028,E,
,167,Edgware Road,,LONDON,NW9 6LP,00900071,1012843402864,,10/4/2026,E,
,,,,,,,1170001044989,,,,
,5,Kestrel Park,,Brentwood,CM13 1TN,,1012589060585,3856,28/10/2026,E,
,622A-622C,Finchley Road,,London,NW11 7RR,03801201,1012989168350,4010,3/11/2025,E,
,,,,,,,1100021954558,,,,
,51,High Street,,WITNEY,OX28 6JA,04800140,2000008984604,,3/11/2025,D,
,1b,Barnes High Street,,London,SW13 9LB,04011200,1200030768814,18657,13/3/2026,E,
Gas Weiss Plumbing & Heating Ltd-Unit 2,Unit 2- 3,Idea Construction Services Ltd-Unit 3,,London,NW2 1BG,03800202,1050000253454,,3/11/2025,D,
,30,High Street,,Blackburn,BB1 4LA,03801631,1610021983060,613,21/1/2028,E,
U13 Claremont Way,,Claremont Way,,LONDON,NW2 1BG,03800202,1012994474685,,3/11/2025,D,
,30,High Street,,Blackburn,BB1 4LA,04807661,1610021983070,,21/1/2028,E,
,Unit 3,"Millbrook Business Park,",,Waltham Abbey,EN9 2RJ,03801202,1023509336155,2316,29/10/2026,E,
Unit 2 Ten Acres End,1082,Pershore Road,,Birmingham,B30 2YG,03801N12,1414585111003,3812,3/11/2025,E,
,13-14,Broad Street,,Oxford,OX1 3BP,03801H04,2000007926035,5467,13/9/2026,E,
,79,Nuneaton Road,,Bedworth,CV12 8AP,04828N12,1100022152764,11953,18/12/2025,E,
Nails Envi,38,Kingsbury,,Aylesbury,HP20 2JE,03801203,1012458453939,7189,5/2/2026,E,
,,,,,,,48678610,,,,
,,,,,,,2000006303215,,,,
654,,OLD EDINBURGH ROAD,,GLASGOW,G71 6HQ,03801D03,1800018688406,21800,1/4/2027,E,
,36,Oakdale Road,,London,SW16 2HL,03801202,1200038387720,4075,3/11/2025,E,
Unit 9 10 Clock Court,,Campbell Way,,SHEFFIELD,S25 3QD,0380102D,2380001016066,7972,11/3/2026,E,
,28,Glenburnie Road,,London,SW17 7PT,03801202,1200027135703,4575,17/2/2026,E,
Block B - 2nd Floor,,Abbey Park Street,,Leicester,LE4 5AF,04800037,1100012406547,,3/11/2025,D,
,48,Calderbrook Road,,LITTLEBOROUGH,OL15 9HL,03801004,1610012831200,8298,1/4/2027,E,
,139,Chantry Gardens,,Trowbridge,BA14 9QP,03801H02,2000006282070,6033,7/2/2026,E,
3rd Floor Block B,,Abbey Park Street,,Leicester,LE4 5AF,04800037,1100012406565,,3/11/2025,D,
,103,Lowther Street,,Coventry,CV2 4GL,04812N13,1100023757813,12198,8/8/2027,E,
C J B PLANT & MATERIALS,Unit 6,Riverside,,LEICESTERSHIRE,LE16 7PT,03801013,1100020785394,15823,9/2/2026,E,
Units 1 & 2,,Middlemore Lane West,,Aldridge,WS9 8BG,,59547808,90519,11/9/2026,,59547808
Unit 1a,,Abbey Park Street,,Leicester,LE4 5AF,03800013,1100012276417,,3/11/2025,D,
,630,Bath Road,,HOUNSLOW,TW5 9TL,03801H01,2000003114285,1303,7/2/2026,E,
,2,Claremont Road,,Seaford,BN25 2AY,04004201,1900013316625,997,1/4/2026,E,
Bolton Woods,,Powell Road,,Shipley,BD18 1BD,0380202D,2315312452412,,10/2/2026,E,
,99,Uxbridge Road,,London,W12 9DT,03801202,1200032983914,3639,18/9/2026,E,
No Building Name,,Beach Road,,Great Yarmouth,NR29 4HS,03801202,1012665394828,6808,10/2/2026,E,
Sangra Building,,Abbey Park Street,,Leicester,LE4 5AF,04800037,1100012406342,,3/11/2025,D,
Carpenters Arms,91,Black Lion Lane,,London,W6 9BG,03801204,1200038234670,62431,8/10/2026,E,
CSANGRIA BUILDING,,Abbey Park St,,Leicester,LE4 5AF,04800037,1100050147852,,3/11/2025,D,
Stockingford Community Ctre,,Haunchwood Road,,Nuneaton,CV10 8DY,,1100050148829,10740,10/2/2026,1,
Block A,,Abbey Park Street,,Leicester,LE4 5AF,04800037,1100012406644,,3/11/2025,D,
,1,Tower Street,,Coventry,CV1 1JS,06801N12,1100039357848,5181,11/9/2026,E,
Ground Floor Block C,,Abbey Park Street,,Leicester,LE4 5AF,04800037,1100012406653,,3/11/2025,D,
Unit X,,2nd Floor Westminister Buildings,,Leeds,LS2 7DT,0380102A,2300000004617,,10/5/2026,E,
,88,Borough High Street,,London,SE1 1LL,00800071,1200010187052,,3/11/2025,D,
,,,,,,,8883509304,8883509304,,,342084
Retail Unit,24,Queen Street,,Portsmouth,PO1 3HN,03801H06,2000053656887,7772,24/6/2028,E,
Block A - Ground Floor,,Shonki Building,,Leicester,LE4 5AF,04800037,1100012406592,,3/11/2025,D,
,,Fengate Trading Estate,,Peterborough,PE1 5XB,03801204,1023530690049,9528,3/11/2025,E,
,4,Southgate,,Eckington,S21 4FT,03801N12,1100008608572,6121,14/2/2026,E,
,,,,,,,48017206,48017206,,,421423
,,CATTLEGATE ROAD,,ENFIELD,EN2 9DW,03801202,1023471337626,1652,11/1/2028,E,
,34,Loampit Hill,,London,SE13 7SW,,1200036688838,17636,9/7/2027,E,
Shonki Building,,Abbey Park Street,,Leicester,LE4 5AF,04800037,1100012406690,,3/11/2025,D,
,334A,Lewisham High Street,,London,SE13 6LE,04874203,1200021885280,34691,27/3/2026,E,
Balmer Lawn Garage,,Unit 2,,New Milton,BH25 6SJ,04044H21,2000020017148,914,1/10/2026,E,
,,,,,,,8903849904,8903849904,,,187812
,Unit No 2,Abbey Park Street,,Leicester,LE4 5AF,04800037,1100012406389,,3/11/2025,D,
,238,Gleadless Road,,Sheffield,S2 3AH,0380102A,2333042824113,2794,21/2/2026,E,
,397,Lewisham High Street,,London,SE13 6PG,03801204,1200021886098,19381,30/9/2027,E,
(BUREAU VERITAS C P S UK LTD),31,KINGSLAND GRANGE,,WARRINGTON,WA1 4RW,,87258001,91367,3/11/2025,,91367
Unit 4C,,Abbey Park Street,,Leicester,LE4 5AF,04800037,1100012406412,,3/11/2025,D,
,,Broad Walk,,Bristol,BS4 2QU,00900L02,2200040953555,,3/11/2025,E,
,,1A GARRATT CLOSE,,CROYDON,CR0 4PW,03801201,1900060189119,15104,1/10/2028,E,
FIRST FLOOR Unit 4c,,Abbey Park Street,,Leicester,LE4 5AF,03811013,1100012406538,17884,3/11/2025,D,
,13,"Kings Parade, King Street",,STANFORD-LE-HOPE,SS17 0HR,03801202,1012552923449,6172,22/2/2026,E,
,231,Violet Lane,,Croydon,CR0 4HN,03801204,1900029109780,26716,1/7/2026,E,
,,,,,,,80478103,80478103,,,62384
Unit 6b,,Sangra Buildings,,Leicester,LE4 5AF,03800013,1100012406290,,3/11/2025,D,
Truline,7,Wellington Place,,Milton Keynes,MK3 5NA,03801N12,1100015548616,,24/2/2026,E,
First Floor,,3A Mitcham Road,,Croydon,CR0 3RU,03801202,1900070808185,12316,21/4/2028,E,
Alutrade Products Ltd Unit 205,,"Pointon Way,HAMPTON LOVETT",,DROITWICH,WR9 0LW,00845127,1460000230043,,1/4/2026,E,
LONDON CAPITAL CLUBS,15,Abchurch Lane,,LONDON,EC4N 7BB,,78119603,54456,26/12/2027,,66070
,,,,,,,1800028830568,,,,
"Unit 9a, Third Floor",,Abbey Park Street,,Leicester,LE4 5AF,04800037,1100012406459,,3/11/2025,D,
,15,High Street,,Lymington,SO41 9AA,00845H88,2000027466963,,1/4/2027,E,
52,,IVATT WAY,,PETERBOROUGH,PE3 7PN,03801201,1012873856705,2946,3/11/2025,E,
,,Poynders Road,,London,SW4 8NX,,1200034357253,4537,4/7/2027,E,
Unit 34/35,,The Avenue Shopping Centre,,Glasgow,G77 6EY,03826D03,1800028830692,90462,2/8/2028,E,
126,,TUCKTON ROAD,,BOURNEMOUTH,BH6 3JX,03801H01,2000020329620,2746,1/4/2027,E,
Unit 15A - 4th Floor,,Abbey Park Street,,Leicester,LE4 5AF,03800013,1100012406510,,3/11/2025,D,
,,,,,,,2200019104590,,,,
,,,,,,,1422577100009,,,,
PMA House,7,Free Church Passage,,St. Ives,PE27 5AY,03800202,1012432031070,,3/11/2025,D,
,17-23,Lancing Road,,Croydon,CR0 3EN,00900204,1900043000646,,1/10/2026,E,
,,,,,,,7259504,7259504,,,18071
"Unit 1,",,Wandle Trading Estate,,Mitcham,CR4 4HW,03800203,1900013081183,,3/11/2025,D,
Shop,3,High Street,,Belper,DE56 1GF,04811N12,1100008831281,5040,1/3/2026,E,
Techno Engineering Limited,,Waterloo Industrial estate,,PEMBROKE DOCK,SA72 4RT,00900N14,2199989633086,,1/3/2026,E,
,7,Free Church Passage,,St Ives,PE27 5AY,04800200,1012432031309,,3/11/2025,D,
Shop,,Maiden Lane,,Stamford,PE9 2AZ,03801013,1160001176953,151,3/11/2025,D,
,1-3,KINGSTON ROAD,,PORTSMOUTH,PO1 5RX,04044H19,2000052513681,35212,20/8/2026,E,
,60-62,Wicker,,SHEFFIELD,S3 8JD,,8906578409,668618,10/1/2028,,752896
,,Limberline Road,,PORTSMOUTH,PO3 5JF,04044H22,2000014298350,10777,3/6/2027,E,
1st & 2nd Floor Flats,3,Maiden Lane,,Stamford,PE9 2AZ,04830037,1100001080876,,3/11/2025,D,
Unit 14,,Putney Exchange,,London,SW15 1TW,03801202,1200031041614,9261,1/3/2026,E,
C,,Waterloo Industrial Estate,,Pembroke Dock,SA72 4RR,00900N14,2199989649884,,1/3/2026,E,
ROSEMOUNT WORKS,,HUDDERSFIELD ROAD,,ELLAND WEST YORKSHIRE,HX5 0EG,,9158163809,5227,3/11/2025,,4586
,,,,,,,8816834703,8816834703,,,462086
SEASON ELECTRONICS LTD,UNIT 600,NEST BUSINESS PARK,,HAVANT,PO9 5TL,00845H87,2000027401869,,1/1/2027,E,
Oldwood,,Oldwood Sty Michaels,,Ternbury Wells,WR15 8TB,04800040,1411904012008,,3/11/2025,D,
,39,Brunswick Road,,Gloucester,GL1 1JS,03801N12,1414087912002,13315,1/4/2026,E,
Unit 47,,"Mill Mead Industrial Centre, Mill Mead Road",,London,N17 9QU,03801203,1013077406240,28156,2/3/2026,E,
,,Amhall Business Park,,Westhill,AB32 6UF,,8909064101,409371,5/4/2027,,342282
Lower Plowsters,,,,Ludlow,SY8 4DG,04800010,1415937502003,,3/11/2025,D,
,,Rope Walk,,Southampton,SO31 4HB,,2000027463777,,1/10/2027,1,
"Unit 3, Empress Heights",,College Street,,Southampton,SO14 3LA,03801H02,2000056048905,7763,20/10/2026,E,
Unit 3,,Throstle Street,,Blackburn,BB2 1TQ,03801631,1610021618008,2081,25/9/2027,E,
Unit 4,,Haldens Parkway,,Kettering,NN14 4QS,00845058,1100050432321,,1/4/2027,E,
Pennies From Heaven,17,Maiden Lane,,Stamford,PE9 2AZ,04811037,1100001973412,2565,11/9/2026,E,
,3,Boileau Parade,,LONDON,W5 3AQ,03801H02,2000000784696,1934,13/5/2026,E,
,,Church Street,,Wednesfield,WV11 1SS,,1419274580007,9990,3/3/2026,E,
,,,,,,,1887495103,1887495103,,,505873
,,,,,,,18518906,18518906,,,341805
,,Parkway,,DEESIDE,CH5 2NL,,47711206,510230,1/4/2027,,478247
The Star Inn,,Bucknell Road,,Bicester,OX26 2DG,03800H32,2000008422642,,3/11/2025,D,
Bow Triangle Business Centre,5,Eleanor Street,,LONDON,E3 4UR,03801201,1200038996184,7986,3/11/2025,E,
Top Flat,39,Sheep Street,,Northampton,NN1 2NE,03801013,1100019661342,12670,3/11/2025,D,
17 Hornsby Square,,Southfields Industrial,,Basildon,SS15 6SD,04811202,1012562740077,300,21/3/2026,E,
,,,,,,,9328196405,9328196405,,,1
TEESIDE WAREHOUSE,,FLECK WAY,,STOCKTON-ON-TEES,TS17 9JZ,,9099973407,382789,1/10/2026,,486233
,2-4,WATTS LANE,,TEDDINGTON,TW11 8HQ,03801202,1900043007882,20256,1/12/2026,E,
,,,,,,,50142309,50142309,,,148792
Northampton Ex Servicemens Clu,47,Sheep Street,,Northampton,NN1 2NE,04800037,1100019661398,,3/11/2025,D,
,184,Park Avenue,,LONDON,NW10 7XL,00845071,1014570226070,,1/10/2026,E,
,15,High Street,,Newmarket,CB8 8LX,03636201,1012791990969,3371,7/3/2026,E,
,15,High Street,,Newmarket,CB8 8LX,04632200,1012791991191,54,7/3/2026,E,
Un 2,,Minster Ind Est,,Oxfordshire,OX29 0QS,03801H07,2000009047252,6703,11/7/2027,E,
,11-15,Unit 3,,London,NW10 6PT,03801H09,2000027294610,38041,4/6/2026,E,
,,Church Street,,Burnley,BB11 2DL,03801631,1620001506763,2162,3/11/2025,E,
,,,,,,,49025300,49025300,,,296430
,,,,,,,1900014412247,,,,
,,,,,,,8935143802,8935143802,,,219838
,100,High Street,,Thame,OX9 3EH,03801202,1012450710529,1059,8/3/2026,E,
"Unit 5, Marlin House",,Marlins Meadow,,WATFORD,WD18 8TE,00800202,1014570143041,,3/11/2025,D,
,34,Royal Industrial Estate,,JARROW,NE32 3HR,0380102C,1591036955160,,10/3/2026,E,
"Hot Grill,",564,Huddersfield Road,,DEWSBURY,WF13 3HH,,1866358008,186506,21/10/2027,,205686
,10,New Broadway,,Worthing,BN11 4HP,04811201,1900039410461,1038,3/11/2025,E,
,29,Gordon Avenue,,STANMORE,HA7 2RL,04138204,1014572225928,157622,1/1/2026,E,
Lady Hawkins' School,,Main School,,Kington,HR5 3AR,00900127,1426772200009,,1/4/2026,E,
,72-77,Lower Tower Street,,BIRMINGHAM,B19 3NF,,8812921902,60007,3/11/2025,,59766
,,,,,,,1900017425364,,,,
,82,East Barnet Road,,Barnet,EN4 8RQ,03801202,1012994117952,,10/3/2026,E,
,,,,,,,8824799308,8824799308,,,326908
,4,Manor Road,,London,W13 0LH,03801H02,2000000924477,4461,3/11/2025,E,
,2,Southgate,,Sheffield,S21 4FT,04811N12,1100008608554,15363,2/4/2027,E,
,,,,,,,44699205,44699205,,,564844
Ex Wiltshire Veg,,Hopton Ind Est,,Devizes,SN10 2EU,00900Q03,2000027492848,,14/3/2026,E,
,133,Chase Side,,LONDON,N14 5HD,04811203,1012998786958,3768,13/6/2028,E,
Cannon Commercials Ltd,,Fairfax Road,,Newton Abbot,TQ12 6UD,03802N13,2200020038875,39722,2/4/2026,E,
Dean Court,,Thislebarrow Road,,Bournemouth,BH7 7AF,,8915556007,539009,1/4/2026,,561082
,122,Maidstone Road,,ROCHESTER,ME1 3DT,04811202,1900010151980,5332,2/4/2027,E,
,,Outer Harbour,,PWLLHELI,LL53 5AY,04011D03,1300000468144,27271,3/11/2025,E,
,120,Harrowdene Road,,WEMBLEY,HA0 2JF,,1012835978460,21578,6/5/2028,E,
,,,,,,,2200024045867,,,,
Addtl Landlord Supply,101,Station Road,,Llanelli,SA15 1YS,03801200,2100040837525,226,21/2/2026,E,
,55,York Street,,Middlesex,TW1 3LP,03801203,1900022002889,11975,3/11/2025,E,
Fron Oleu,,,,Dolgellau,LL40 2PS,04811D01,1300010023952,2494,3/11/2025,E,
,,"1,Eldon Row",,Dolgellau,LL40 1PY,03801D03,1300010028019,,3/11/2025,E,
,3,Hamilton Parade,,Feltham,TW13 4PJ,03801H02,2000002477804,14817,2/9/2026,E,
Covelec Ltd,150,Church Hill Road,,Thurmaston,LE4 8DH,,58436109,215262,20/9/2027,,210668
,54,Pinbush Road,,LOWESTOFT,NR33 7NL,03801203,1023491056908,15813,20/3/2026,E,
,329,Oldham Road,,Manchester,M24 2DN,03801631,1610002458779,4,24/10/2027,E,
,,Coburg Road,,LONDON,N22 6UB,03801204,1030066399390,30568,14/9/2027,E,
Manse Care Home,,The Manse Care Kirkgate,,"Kirkham, Preston",PR4 2TN,,83247503,183065,1/10/2027,,300019
Garage,,Rochdale Old Road,,Bury,BL9 7SD,03800631,1610028915777,,3/11/2025,D,
TOTTENHAM SPORTS HALL,,SELBY ROAD,,LONDON,N17 8JL,03136203,1013070483249,20388,1/4/2027,E,
New Nursery,,Lake Lane,,BOGNOR REGIS,PO22 0AD,03105H38,2000051334679,14270,21/3/2026,E,
,14,Warley Hill,,Brentwood,CM14 5HA,03801203,1012590691749,11725,21/3/2026,E,
Coundon Social Club,,Shorncliffe Road,,Coventry,CV6 1GP,00845058,1100039356199,,2/4/2027,E,
,262,Lock Up Shop,,Kessingland,NR33 7SB,04811201,1023545873206,1763,3/11/2025,E,
"Unit 32, New Albion Industrial Estate",,Halley Street,,GLASGOW,G13 4DJ,03801D01,1800025526230,,3/11/2025,D,
Workshop,,Glebe Farm,,Spalding,PE12 0JA,04807N12,1100000929690,11824,25/11/2026,E,
Unit 30,,Pinbush Road,,Lowestoft,NR33 7NL,04811201,1023523093376,8,3/11/2025,E,
St Mary's Erpingham,,St. Marys Plain,,Norwich,NR11 6PL,03136202,1012733229416,3803,1/5/2028,E,
,107,St Georges Road,,Bristol,BS1 5UW,03801110,2200015833731,1724,7/5/2026,E,
,267,Alcester Road South,,Birmingham,B14 6EB,03801007,1417055501007,8628,3/11/2025,E,
Retail Unit,34,St. Nicholas Street,,Bristol,BS1 1TG,00900203,2200042428902,,31/12/2027,E,
DORSET COUNTY COUNCIL,,JOLLIFFE AVENUE,,POOLE,BH15 2HF,,8821078200,160582,1/10/2026,,151229
,,,,,,,18684003,18684003,,,135024
,6,Jackson Street,,Coalville,LE67 3LT,03801013,1100018773487,2161,18/10/2026,E,
,13,Jansel Square,,Aylesbury,HP21 7ES,03801202,1012460704480,,3/11/2025,D,
,57,OLD MARKET ST,,BRISTOL,BS2 0ER,03801N12,2200017240617,5441,14/6/2028,E,
Kuumba Imani Millenium Centre,4,Princes Road,,Liverpool,L8 1TH,00900D04,1300053084655,,18/2/2026,E,
,780,Mandarin Court,,WARRINGTON,WA1 1GG,00845K01,1300054168465,,26/12/2025,E,
,31,Broadwalk Shopping Centre,,Bristol,BS4 2QU,03801N14,2200015315651,5553,3/11/2025,E,
,12,Albany Road,,WEYMOUTH,DT4 9TH,03801H06,2000025783024,16187,17/3/2027,E,
The White Lion Inn,,Startops End,,Tring,HP23 4LJ,00845201,1012391512208,,3/11/2025,E,
,28,High Street,,Princes Risborough,HP27 0AX,04811202,1012453166697,7799,7/8/2026,E,
Depot Short Street,,Albert Cresent,,Bristol,BS2 0SU,03801N12,2200017974220,16613,31/8/2026,E,
The Gatehouse,,Gate House,,Hitchin,SG4 0TY,04100203,1012820882645,26591,28/12/2026,E,
,56,Kingsbury,,Aylesbury,HP20 2JE,04807202,1012458456007,,22/7/2028,E,
Hoe Farm,,Hoe Lane,,GUILDFORD,GU5 9SU,03801203,1900046060995,10878,25/11/2027,E,
,117A,High Street,,Berkhamsted,HP4 2DJ,03801201,1012960370971,3121,3/11/2025,E,
2,,TOWER ROAD,,BIRKENHEAD,CH41 1FN,,49056603,261717,16/7/2027,,473077
"Unit 14,Byron House",,Hall Dene Way,,Seaham,SR7 0PY,0380102A,1591052142914,2295,1/6/2027,E,
Stevenage Co,,Units 22 And 23,,Stevenage,SG1 1QR,03800202,1012825214233,,3/11/2025,D,
CJs Stores,76,Front Street,,Haswell,DH6 2BL,0380102C,1591042828786,46323,30/5/2027,E,
,53,Heaton Road,,Newcastle Upon Tyne,NE6 5HE,0380102C,1591030373184,25677,26/11/2027,E,
24-26,,Albany Road,,WEYMOUTH,DT4 9TH,03801H08,2000025783380,,1/10/2026,E,
,9,Higham Road,,Chesham,HP5 2AF,03800202,1012957915950,,3/11/2025,D,
,12,West Street,,WARE,SG12 9EE,04800007,1012768057852,,3/11/2025,D,
,,,,,,,1416320880006,,,,
,18,The Friars,,Canterbury,CT1 2AS,04829202,1900025172157,24406,26/11/2027,E,
Old Perfumery,24,Higham Road,,Chesham,HP5 2AF,06800204,1050000016120,,3/11/2025,D,
,1,Canal Street,,Sheffield,S4 7ZE,0090005A,2300000702154,,15/7/2026,E,
,1043,Bulls Head,,BOLTON,BL2 6PY,04005024,1610029759684,50247,1/5/2027,E,
,6,Coopers Way,,SOUTHEND-ON-SEA,SS2 5TE,03801204,1012532278643,33016,26/11/2025,E,
Unit 128,,Percy Street,,SHEFFIELD,S3 8BT,0380102B,2333909466815,575,3/11/2025,E,
,30-32,Higham Road,,CHESHAM,HP5 2AF,03800201,1012957915728,,3/11/2025,D,
,,,,,,,2451383202,2451383202,,,15832
,,Highfield Farm Access,,Sandy,SG19 2AF,,1030073500870,,3/11/2025,E,
,,36a Tontine Street,,Stoke On Trent,ST1 1LY,03801N13,1410879610007,1838,3/11/2025,E,
,6a,Coopers Way,,Southend-on-Sea,SS2 5TE,03801202,1023485044244,44353,26/11/2025,E,
Unit 6,,Farthing Road,,Ipswich,IP1 5AP,05801204,1014571385737,,3/11/2025,D,
29a,,Hermitage Road,,Hitchin,SG5 1BY,03801201,1012821642330,1638,3/11/2025,E,
,19,Figtree Lane,,Sheffield,S1 2DJ,03800999,2331611458911,,3/11/2025,D,
,,"2,Hobbs House",,Harrow,HA1 3EX,03801203,1012854358682,10727,28/9/2026,E,
Devonshire Business Centre,25,High Street,,ROYSTON,SG8 9AA,04811204,1012769835061,67295,1/10/2026,E,
,6b,Coopers Way,,Southend-on-Sea,SS2 5TE,03801204,1023485044476,98841,26/11/2025,E,
,,,,,,,1300009090950,,,,
,5,Elmfield Road,,NEWCASTLE UPON TYNE,NE3 4AY,0380102B,1591058550298,6397,6/1/2027,E,
Landlord,10-16,Bidwell Close,,Letchworth Garden CIty,SG6 1QR,04811201,1012813878680,,3/11/2025,E,
,28,High Street,,Royston,SG8 9AG,03801201,1012769836906,10742,17/2/2026,E,
David Inman (Opticians) Ltd,902,Ecclesall Road,,Sheffield,S11 8TR,0380102B,2331000842711,22890,2/2/2027,E,
,1/2,Westgate,,West Yorkshire,BD18 3QU,0380102A,2315410193014,930,28/9/2026,E,
,7,Elm Road,,Leigh-On-Sea,SS9 1SW,04807204,1012523264714,35136,27/11/2025,E,
,7,Gatley Road,,Cheadle,SK8 1LY,00900424,1600000074493,,1/5/2027,E,
Slough Trading Estate - Zone E,,Bldg 906 Yeovil Road,,Slough,SL1 4JG,03801H02,2000054303168,8566,3/11/2025,E,
,29,Blackstock Road,,Sheffield,S14 1AB,0380102B,2333142892119,5412,3/11/2025,E,
Blue Anchor Hotel,,BLUE ANCHOR,,Minehead,TA24 6JP,00900N14,2200021752003,,4/4/2026,E,
Dental Practice,63,Eastern Road,,Romford,RM1 3PB,03801203,1050000053568,15772,1/8/2026,E,
622-624,,Abbeydale Road,,Sheffield,S7 2BA,0380102B,2330230562817,13312,27/1/2026,E,
,15,High St,,Leiston,IP16 4EL,03800202,1012712992861,,3/11/2025,D,
,65-67,Edgware Road,,LONDON,W2 2HZ,00900204,1200060743193,,3/11/2025,E,
Banards Gallery,15,Queens Road,,Llandudno,LL30 1AZ,04009D01,1300008907920,9771,1/5/2026,E,
Unit U1,,Rudford Ind Est,,West Sussex,BN18 0BF,04044H23,2000018560846,12629,31/12/2026,E,
Western House,,Hadleigh Road,,Ipswich,IP2 0HP,05801204,1014570202618,,3/11/2025,D,
,663,Chesterfield Road,,SHEFFIELD,S8 0RY,0380102A,2333340502816,13002,3/11/2025,E,
Second Floor,,Western House,,Ipswich,IP2 0HP,03800202,1012890569887,,3/11/2025,D,
Busy Bee Nursery Ltd,,Brading Road,,ISLE OF WIGHT,PO33 1QG,00845H87,2000019892467,,1/5/2026,E,
Un 7B,,The Heston Centre,,Hounslow,TW5 9NJ,03800H06,2000003184050,,19/2/2015,D,
,4,THE ROWS,,HARLOW,CM20 1BX,00845073,1030008531161,,28/11/2026,E,
,,,,,,,1100012216000,,,,
Uppingham Road Baptist Church,,Uppingham Road,,Leicester,LE5 0QE,03801N12,1100012762267,3849,3/11/2025,E,
Third Floor Offices,,Hadleigh Road,,IPSWICH,IP2 0HP,03800202,1012890568962,,3/11/2025,D,
Unit 02A,,Parkway Development,,Sheffield,S9 4WN,0380102D,2300000740007,70172,1/7/2028,E,
,,Cherrycourt Way,,Leighton Buzzard,LU7 4UH,03801202,1012381368511,,30/5/2015,E,
THE PLOUGH INN,,KEYWORTH ROAD,,NOTTINGHAM,NG12 5QQ,00900N14,1160001169060,,29/9/2026,E,
SHEFFIELD AERO CLUB,,Netherthorpe Aerodrome,,Worksop,S80 3JQ,0380102D,2331774985714,18097,25/10/2027,E,
,,Snow Hill,,Wolverhampton,WV2 4AD,03800007,1411378080000,,1/6/2015,D,
,,Dairycoates Avenue,,HULL,HU4 6PH,,2360516760916,,26/3/2026,1,
"UN 5,DURBAN PARK",,DURBAN ROAD,,BOGNOR REGIS,PO22 9QT,03801H09,2000018726208,42567,1/10/2027,E,
Unit 14A,,Brookleaze Trading Estate,,Bristol,BS31 2AL,03801110,2200040935556,12,29/9/2027,E,
,155,Marsh House Lane,,Warrington,WA1 3QZ,03801D02,1300051356770,4333,3/11/2025,E,
,,,,,,,2200041783441,,,,
,127,Fairleigh,,SHEFFIELD,S2 1LB,0380102C,2331333112918,11197,4/7/2027,E,
"Unit 1-2, Block 1",,"Amber Business Centre, Greenhill Lane",,Alfreton,DE55 4BR,04811N12,1100008086137,11923,23/6/2015,E,
,1-6,Station Road,,London,NW7 2JU,03801203,1013013565608,6868,31/10/2026,E,
,26,North Parade,,Matlock Bath,DE4 3NS,04811N13,1100009204519,29761,3/5/2028,E,
,32,Portmans Walk,,Ipswich,IP1 2DW,03801201,1012890097697,2682,3/11/2025,E,
Trelavour Stores,,St.dennis,,St. Austell,PL26 8AR,03800N12,2200022456436,,3/11/2025,D,
Unit 9 West Mayne,,Bramston Way,,Basildon,SS15 6TP,03801202,1030066351097,,11/8/2015,E,
,,1A Kitchener Road,,Leicester,LE5 4AU,00845058,1160000931794,,6/1/2026,E,
Unit,1,Station Yard,,Ipswich,IP6 8AS,03801201,1012975866301,57260,11/6/2027,E,
The Manor Arm,13,Mitcham Lane,,London,SW16 6LQ,03006204,1200028863352,,3/10/2015,E,
IPSWICH06,0,West End Road,,Ipswich,IP1 2DS,03800202,1012890092634,,3/11/2025,D,
,,Bank Top Car Centre,,BLACKBURN,BB2 1TQ,00845801,1600000027990,,1/10/2026,E,
,400,Roding Lane South,,WOODFORD GREEN,IG8 8EY,00845072,1200010134618,,30/9/2026,E,
,4,New Market,,MORPETH,NE61 1PS,0084502D,1591060253936,,3/11/2025,E,
,151,PARKER DRIVE,,LEICESTER,LE4 0JP,03801N12,1100014645080,10806,3/11/2025,E,
Barnet and Southgate College,,Unit 1 Baird Road,,Enfield,EN1 1SJ,00845071,1014571661275,,30/9/2027,E,
,,"Waverledge Business Park, Waverledge Street",,BLACKBURN,BB6 7LS,03801631,1610022009414,2568,2/5/2028,E,
Castle Hill,,Knightsdale Road,,Bury St. Edmonds,IP1 4JQ,03800202,1030038680023,,3/11/2025,D,
,,Unit 16,,SOLIHULL,B90 4NY,00846L04,1418619931006,,30/11/2026,E,
SYNSEAL EXTRUSIONS,,COMMON ROAD,,HUTHWAITE,NG17 6AD,00845H04,1100039605389,,1/4/2016,E,
Phatehials Launderette,85,Parliament Road,,Middlesborough,TS1 4JF,0380102B,1591014707869,21345,1/10/2028,E,
Block B,170a,Lincoln Road,,PETERBOROUGH,PE1 2NW,03801202,1030076739047,20906,2/5/2026,E,
,151,PARKER DRIVE,,LEICESTER,LE4 0JP,04033N12,1100014645090,3775,3/11/2025,E,
Cotswold Business Village,4,Cotswold Link,,Moreton-In-Marsh,GL56 0JU,03801N13,1460001714294,10623,30/11/2027,E,
,4,Brunel Way,,THETFORD,IP24 1HP,03801203,1012942200051,28923,28/8/2026,E,
,2,Coast Road,,East Sussex,BN24 6ED,03800202,1900009294680,,15/7/2016,D,
,145,London Road North,,LOWESTOFT,NR32 1NB,00845071,1014572307571,,30/9/2026,E,
Shop,338,Kilburn Lane,,London,W9 3EF,03802202,1200051159598,95380,1/12/2027,E,
,16-18,Market Street,,Cinderford,GL14 2RX,00900N14,1418285522001,,10/9/2026,E,
,145,Parker Drive,,LEICESTER,LE4 0JP,00846L02,1160000151683,,3/11/2025,E,
,,Annabell Court,,Weston-Super-Mare,BS22 7AA,00845570,2200042011105,,1/12/2025,E,
3-5,,Thane Villas,,London,N7 7PH,06800204,1200010092710,,4/11/2016,D,
Unit 21 Bartlett Court,,Sea King Road,,Yeovil,BA20 2NZ,04044H16,2000025948148,631,30/9/2026,E,
Mr Mister,,25-29 Dalkeith Street,,BarrowIn-Furness,LA14 1ST,03801004,1610005648400,6464,2/5/2027,E,
Whistle And Flute,,Mill Lane,,Biggleswade,SG18 8AZ,03136203,1012445770818,32262,7/2/2026,E,
Kens,131,Station Road,,Amersham,HP7 0AH,03801202,1012954678016,262,1/12/2025,E,
,,,,,,,2200010433174,,,,
Brunel Business Court,5,Brunel Way,,Thetford,IP24 1HP,04807202,1012942201890,529,3/11/2025,E,
,1,NORTHGATE ROAD,,MIDDLESBROUGH,TS5 5NW,0480702B,1591015107142,,1/12/2016,E,
,410,Eaton Road,,Liverpool,L12 3HG,03800D01,1300002519650,,3/11/2025,D,
,53,Harpur Street,,Bedford,MK40 2SR,03801203,1050001816099,15526,1/12/2026,E,
,309,REEPHAM ROAD,,NORWICH,NR6 5AD,04166201,1012688628733,275,12/4/2017,D,
"Unit 7, Cullen Park",,"Snaygill Industrial Estate, Keighley Roa",,SKIPTON,BD23 2QR,0084505A,2314781550012,,1/10/2026,E,
,26a,Lyon Road,,Walton-on-thames,KT12 3PU,00845204,1900026032432,,5/7/2026,E,
,79,Southampton Row,,LONDON,WC1B 4ET,,62503803,95943,2/1/2028,,112361
Unit 33,,Nine Mile Point Industrial Estate,,NEWPORT,NP11 7HZ,03801N12,2199990254683,394,22/8/2026,E,
National Hotel,,High Street,,Dingwall,IV15 9HA,00845P81,1710092342017,180674,4/5/2017,E,
,16,St. Cuthberts Street,,BEDFORD,MK40 3JG,03801203,1012345739900,2410,3/11/2025,E,
,IVY HOUSE,KEIGHLEY ROAD,,SKIPTON,BD23 2QR,0084505A,2380002619925,,1/10/2026,E,
American Imports,7,Mayflower Way,,Harleston,IP20 9EB,03801201,1012707408698,129,30/10/2026,E,
74-75,,Marine Parade,,Great Yarmouth,NR30 2DH,04139204,1012673724501,177819,1/11/2027,E,
"Station Taxi's, Unit 9p",,Riverside Road,,Sunderland,SR5 3JG,0084505A,1591045902420,61070,28/8/2017,E,
,173,Newland Avenue,,HULL,HU5 2EP,0382602D,2362612583312,62800,3/11/2025,E,
,15c,Hillside Road,,BURY ST. EDMUNDS,IP32 7EA,03801201,1030016611983,480,17/4/2027,E,
Unit 5,,Kingsbury Works,,London,NW9 8UP,03801203,1012839783123,10602,3/11/2025,E,
Deshias Flower House,118,Bolton Road West,,Bury,BL0 9PD,03801004,1610028763341,1579,16/5/2026,E,
Vauxford MOT Centre Ltd,123,FENHAM ROAD,,London,SE15 1AE,03801203,1200026202378,3979,12/11/2025,E,
"STONEBRIDGE CROSS BU, UNIT 501",,POINTON WAY,,DROITWICH,WR9 0LW,00900L02,1460001418192,,1/10/2026,E,
,15,Bridge Street,,Heywood,OL10 1JB,03801004,1620000663075,1586,12/10/2027,E,
Burnham Football Club,,Wymers Wood Road,,Slough,SL1 8JG,00845H87,2000052880570,,1/12/2025,E,
,,Maybury Hill,,WOKING,GU22 8AB,00900072,1900016055238,,1/11/2017,E,
Corenso House,2,Patriot Drive,,MILTON KEYNES,MK13 8PU,,4018308007,181991,25/4/2027,,156012
,297,Birchfield Road,,Birmingham,B20 3BX,03801007,1412411221004,96176,1/10/2026,E,
,UNIT 1,FARMBROUGH CLOSE,,AYLESBURY,HP20 1DQ,00845074,1023508958030,,3/11/2025,E,
,,,,,,,1428771200001,,,,
Unit 2,89,Soundwell Road,,Bristol,BS16 4QR,03801N12,2200017670671,3442,7/5/2028,E,
,88,Southgate,,Eckington,S21 4FT,04811N12,1100008609200,,1/4/2018,E,
,1a,Basset Road,,Camborne,TR14 8SE,03801110,2200023576750,4377,9/10/2026,D,
Virginia House,56,,,Olton,B92 7HX,03801N12,1460000753939,8623,1/10/2026,E,
Unit 21 Central City Ind Est,,Red Lane,,Coventry,CV6 5RY,03801013,1100023724482,3606,1/12/2027,E,
East Leake Hall,,Station Road,,Leicestershire,LE12 6LQ,07800081,1100039373273,,3/11/2025,D,
"Unit 2, Vincent Court",89,Soundwell Road,,Bristol,BS16 4QR,03801110,2200017670690,,7/5/2026,E,
,88,Southgate,,Eckington,S21 4FT,03801N14,1100008609326,,1/4/2018,E,
Unit 3,,Symons Terrace,,Redruth,TR15 1AA,03801110,2200023613700,658,18/6/2028,E,
Cannontek Ltd,Unit R,Penfold Works,,Watford,WD24 4YY,03801202,1012420031285,,20/4/2018,E,
ATC 1279 SQDN,,Saxby Road,,Melton Mowbray,LE13 1BP,03801N12,1100001637805,372,3/11/2025,E,
,,7 & 9,,Beaumaris,LL58 8AP,00800D01,1300035430884,,3/11/2025,D,
,,41 MARKET PLACE,,Richmond,DL10 4QL,0380102B,1591059764684,,1/10/2019,E,
Azime Court,,Rock Road,,Wadebridge,PL27 6NW,03801N13,2200022126682,22130,1/8/2026,E,
Unit 6,,Keighley Road,,Skipton,BD23 2UR,0380102D,2300000067955,35013,1/12/2026,E,
Old Hall,2,Church Street,,Oakham,LE15 9JU,04800037,1100002068763,,3/11/2025,D,
,34,Liberty Close,,WIMBORNE,BH21 6SY,03801H09,2000026951080,64615,1/1/2026,E,
,17,Axbridge Road,,Bristol,BS4 2RU,00900N12,2200030012615,,3/5/2026,E,
UNIT 3/4,,CLAYMORE,,TAMWORTH,B77 5DQ,04811N12,1100022310697,36010,1/10/2026,E,
Belton House Retirement Home,2,Littleworth Lane,,OAKHAM,LE15 9JZ,03034013,1100770597912,611,3/11/2025,E,
,5,Ridge Way,,Aylesbury,HP18 9BF,00900204,1023529634347,,17/6/2027,E,
,244,Portland Road,,HOVE,BN3 5QT,04811202,1900026382752,,2/7/2027,E,
"SHOP 1,15A",,Water Lane,,Southampton,SO40 3DP,03801H08,2000053510956,,16/8/2026,E,
,6,High Street,,Oakham,LE15 6AL,04800037,1100001740390,,3/11/2025,D,
INNOVATION HOUSE,39-41,NUFFIELD WAY,,,OX14 1RL,00070H89,2000057689469,,1/8/2026,E,
,,,,,,,1900001386800,,,,
Unit 2,,Trojan Business Centre,,London,NW10 9ST,03801202,1200036313230,7892,11/7/2026,E,
Halling Community Centre,,High Street,,Rochester,ME2 1BS,00900071,1900060080226,,3/5/2026,E,
,,"Unit 7, Walmsley Court",,ACCRINGTON,BB5 5JP,04811014,1610022625910,10265,1/10/2026,E,
,Unit 8,Manor Way,,Borehamwood,WD6 1GW,03801202,1030021709478,,2/10/2023,E,
,Non-PAF De,High Street,,OAKHAM,LE15 6AL,04800N12,1100001740414,,3/11/2025,D,
SHINE KNOWLEDGE & INNOVATION PARK,UNIT 5,ST MARK STREET,,,HU8 7FB,0380102B,2380000002531,14097,4/5/2027,E,
Rockfish (Poole) Ltd,,The Quay,,Poole,BH15 1HJ,00845H87,2000021528658,,1/10/2027,E,
,,SPARROW PIT,,BUXTON,SK17 8ES,04800661,1610012067570,,3/11/2025,D,
,6,High Street,,Oakham,LE15 6AL,04800037,1100001740423,,3/11/2025,D,
,5,"Bankside, The Watermark",,GATESHEAD,NE11 9SY,0380102B,1580000496452,10149,2/10/2023,E,
,425,HIGH ROAD,,LONDON,NW10 2JN,03801202,1200038528036,23213,23/6/2026,E,
,,THE NEW TOWER HOTEL,,NEATH,SA10 6JL,00845L03,2199998807119,,6/8/2027,E,
The Nail Fairy,68,Eastgate Street,,GLOUCESTER,GL1 1QN,04811010,1416866912004,11742,10/12/2025,E,
,149,Granville Road,,LONDON,N22 5LS,03801201,1013074691325,10642,7/12/2026,E,
Shop,27,Villette Road,,SUNDERLAND,SR2 8RH,02B,1591032574935,10515,1/11/2023,1,
Entrance Hall A,6,High Street,,OAKHAM,LE15 6AL,04800N12,1100001740380,,3/11/2025,D,
,1725,London Road,,Essex,SS9 2SW,03801203,1012522245818,18971,5/5/2026,E,
,,,,,,,2000018606144,,,,
Seven Stars Public House LLP,,Foots Cray High Street,,Sidcup,DA14 5HJ,03004203,1200036799818,51487,2/12/2026,E,
Davy Sports & Social Club,630,Prince of Wales Road,,SHEFFIELD,S9 4ER,0380102D,2336587912013,35537,1/10/2026,E,
,,22a High Street,,Oakham,LE15 6AL,04811037,1100001740594,132,3/11/2025,D,
,,,,,,,1100002355620,,,,
Triple Crown Garage,,Tyntyla Road,,Tonypandy,CF40 2SX,,2199994635731,,6/5/2026,E,
19-21,,MARKET PLACE,,WHITEHAVEN,CA28 7JB,04005024,1610030974675,32694,25/3/2026,E,
Off Quay Building,6,Foundry Lane,,Newcastle Upon Tyne,NE6 1LH,0480702A,1591052963998,561,20/2/2026,E,
UNIT 25 THE OFF QUAY BUILDING,,FOUNDRY LANE,,NEWCASTLE UPON TYNE,NE6 1LH,0380102B,1591050396274,6592,3/11/2025,E,
Patricia House,,Bodmin Road,,Coventry,CV2 5DG,04817N14,1100025711430,17964,19/4/2027,E,
,,34b/34c High Street,,Oakham,LE15 6AL,04800037,1100001740799,,3/11/2025,D,
Unit 1,,High Street,,Birmingham,B14 7AR,00845X11,1422402100008,,1/10/2026,E,
,1416,Shettleston Road,,Glasgow,G32 9AL,03826D01,1800026387204,27956,1/10/2026,E,
Unit 2b,,Greenhough Road,,Lichfield,WS13 7AU,03811N12,1413560840008,3117,5/5/2027,E,
,509,HIGH ROAD,,Wembley,HA0 2DH,00900204,1012831463566,,3/7/2027,E,
"FARADAY WORKS, unit 18",,Temple Road,,Leicester,LE5 4JE,00845058,1100039672640,,3/11/2025,D,
,35,Passey Place,,London,SE9 5DA,00845072,1200050245944,,3/12/2025,E,
,,1a Regent Arcade,,Cheltenham,GL50 1JZ,03800007,1415661071005,,3/11/2025,D,
,,Church Road,,CHELTENHAM,GL53 0QJ,03801007,1413095171000,10340,3/11/2025,E,
,34,Stowell Street,,NEWCASTLE UPON TYNE,NE1 4XQ,0380102D,1591036601919,93378,25/4/2027,E,
Unit K,10,Regent Street,,Cheltenham,GL50 1JZ,03800007,1419171071002,,3/11/2025,D,
,Non-PAF De,Nunn Close,,SUTTON-IN-ASHFIELD,NG17 2HW,00900N14,1100039362801,,3/11/2025,E,
Ground Floor,30,Clarendon Road,,WATFORD,WD17 1JJ,03801202,1012414248622,1328,3/11/2025,E,
,,Regent Arcade Shopping Cr,,Cheltenham,GL50 1JZ,05800021,1420009100009,,3/11/2025,D,
Annex,511,Holden Road,,LEIGH,WN7 2JJ,03801004,1640000678631,3269,25/4/2026,E,
Unit K,14,Regent Arcade,,Cheltenham,GL50 1JZ,03800007,1413271071007,,3/11/2025,D,
,,708-712 Great Horton Road,,Bradford,BD7 4EY,0380202B,2311317202610,34388,10/6/2027,E,
,712,Great Horton Road,,Bradford,BD7 4EY,0380102A,2311316535312,149,10/6/2027,E,
Unit 19,,Newton Mearns Shopping Centre,,Glasgow,G77 6EY,03801D02,1800028830559,6280,22/8/2026,E,
"THE POST OFFICE, 58",,"MARKET PLACE, BURNHAM MARKET",,KING'S LYNN,PE31 8HD,03801202,1050002384530,4363,25/4/2027,E,
Cotswold Business Village,,London Road,,Moreton-In-Marsh,GL56 0JQ,,1460001622856,9354,25/4/2026,E,
,231,Sandon Road,,Stoke On Trent,ST3 7BL,,1417720230000,16882,2/11/2026,E,
Satellite House,,Bessemer Way,,Great Yarmouth,NR31 0LX,00845072,1014570805440,,11/1/2026,E,
East Chevington Social Club,,Hadston Road,,Morpeth,NE65 9SF,0090002D,1591023596222,,25/4/2027,E,
,,,,,,,1050000191259,,,,
Lower Meadow Recreation Centre,,Lower Meadow,,Harlow,CM18 7RD,03136202,1012745759582,6383,3/11/2025,E,
,41,High Street,,London,NW10 4NE,,1200050508808,58501,3/11/2025,1,
Reedsholme,,Burnley Road,,Rossendale,BB4 8EW,03801631,1610022340947,360,3/11/2025,E,
EASTFIELD JOINERY,,MOORLAND WAY,,LINCOLN,LN6 7JW,00845L02,1100039238885,,26/4/2027,E,
,31,Abbey Road,,Smethwick,B67 5RA,03800007,1410312960000,,3/11/2025,D,
Stove Solutions,6,High Street,,Beccles,NR34 7HB,04139201,1012702134106,5411,29/7/2027,E,
,119-121,Rochdale Road,,Bury,BL9 7BA,03801131,1610028882536,66512,3/11/2025,E,
,317,Lincoln Road,,Peterborough,PE1 2PH,04811204,1012882828314,168080,3/5/2026,E,
,37,Abbey Rd,,Smethwick,B67 5RA,03800007,1415212960003,,3/11/2025,D,
HOTEL WROXHAM,,Riverside Centre,,NORWICH,NR12 8AJ,00845204,1014569547576,,3/11/2026,E,
,1,Ranmore Road,,Dorking,RH4 1HD,03801203,1900032064001,21717,26/4/2027,E,
,1,Station Approach,,Kent,BR7 5NN,,1200034503933,30038,26/4/2027,E,
BURY TRADE FURNITURE,119-121,Rochdale Road,,Bury,BL9 7BA,04807661,1610028882545,,3/11/2025,E,
,,The White House,,Radstock,BA3 4UU,03801110,2200041919801,4595,3/11/2025,E,
,22,The Lea,,Stoke-On-Trent,ST4 8DY,04800010,1412858420000,,3/11/2025,D,
Unit 10,,Priory Court,,Cirencester,GL7 5JB,03801H02,2000051267180,7657,5/10/2026,E,
Plovers Hill,,Bruern Road,,Chipping Norton,OX7 6HB,03801H03,2000008885044,15682,26/4/2026,E,
,,Bernard Road,,Wrexham,LL13 8EL,,1300011117886,1618,14/8/2026,E,
,,Forge House,,BROADWAY,WR12 7DP,04811010,1414859571006,5698,15/8/2027,E,
,32,High Street,,Broadway,WR12 7DT,03800007,1417759571006,,3/11/2025,D,
Clearance House,,Beach Road,,Great Yarmouth,NR29 4HS,03136202,1012665392750,7496,27/4/2026,E,
,58,High Street,,Broadway,WR12 7DT,03801007,1412459571000,3887,19/5/2026,E,
,64,High Street,,Broadway,WR12 7DT,03800007,1416359571002,,3/11/2025,D,
Peterman Associates Ltd,8,The Promanade,,EDGWARE,HA8 7JZ,03801202,1013011740552,7964,5/11/2027,E,
Unit 23,,West Gate,,,SG1 1QR,03801201,1050001459219,3362,5/11/2027,E,
,,High Street,,Broadway,WR12 7DT,04800040,1416859571000,,3/11/2025,D,
Wrightune,Unit G,Whiteley Road,,Oxford,OX10 9RG,03801H06,2000010218555,97,3/11/2025,D,
Unit 4,,Clarke Way,,West Glamorgan,SA1 7ER,03801200,2199997705179,2224,14/1/2026,E,
"UNIT 3 NEWTOWN STEAM MILLS,",UNIT 3,,,Gloucestershire,GL14 2JD,03801007,1418797422001,67,3/11/2025,E,
Unit 5,,Beech Drive,,Norwich,NR6 6RN,03801201,1012681527480,1417,28/4/2026,E,
Unit 5,,Newton Road,,Gloucestershire,GL14 3JD,03801007,1410897422002,5,3/11/2025,E,
The Philharmonic,76-77,ST MARY STREET,,CARDIFF,CF10 1FA,00845300,2199989679718,,6/11/2025,E,
,7,Astley House,,Chipping Norton,OX7 5SR,03801H01,2000008815311,,3/11/2025,E,
Suffolk County Counc,,27B High Street,,Suffolk,CB9 8AD,03801202,1012950790327,6850,26/2/2028,E,
Alfriston House,,High Street,,Polegate,BN26 5SY,04811201,1900018301312,4526,28/4/2026,E,
,,,,,,,1300035381800,,,,
,,Crosshall Road,,St. Neots,PE19 7GE,04811202,1012441148500,1712,28/4/2026,E,
,89,Old Christchurch Road,,Bournemouth,BH1 1EP,03801H07,2000021019829,13114,28/1/2026,E,
Stall 39,,General Market,,NEATH,SA11 1DP,03801200,2199998659452,,21/7/2026,E,
Stall 41,,Green Street,,Neath,SA11 1DP,03800N13,2199998659443,,3/11/2025,D,
Hair Salon,14,High Street,,Bristol,BS31 1DQ,03801N13,2200015139580,12751,3/11/2025,E,
"SOLAR PRESS LIMITED, UNIT 1F",,Ravenstor Road,,MATLOCK,DE4 4FY,00900247,1100009235456,1059,3/2/2026,E,
Stall 53,,Neath Market,,Neath,SA11 1DW,03800200,2199998659328,,3/11/2025,D,
,50,King Street,,Alfreton,DE55 7DD,04031037,1100008354427,21293,30/4/2026,E,
,,Coachworks Camps Ind Estate,,Kirknewton,EH27 8DF,03801D01,1800030934639,2,7/11/2025,E,
,,,,,,,11690905,11690905,,,298701
STAINCLIFFE ADVERTISING,938,Leeds Road,,Bradford,BD3 8EY,0380102A,2314501165014,,3/11/2025,D,
Unit 19,,Crofty Penclawdd,,Swansea,SA4 3RS,03801200,2199997488510,71822,3/11/2025,D,
,,5A Rumbridge Street,,Southampton,SO40 9DQ,04811H17,2000024857330,3359,16/7/2026,E,
Unit V2,,Blaby Industrial Park,,Leicester,LE8 4GZ,04811N14,1100013039690,101287,7/11/2026,E,
Prospect House,,Little Money Road,,Norwich,NR14 6JD,00845071,1014569164168,,30/4/2028,E,
Unit 20a,,Crofty Industrial Estate,,SWANSEA,SA4 3RS,03801N13,2199997488440,6715,3/11/2025,E,
,,"Suite 56,Beacon Buildings",,Walsall,WS9 8AA,04811010,1411562850004,64,12/6/2026,E,
UNIT 22,,CROFTY IND ESTATE,,PENCLAWDD,SA4 3RS,03801200,2199997488370,39637,3/11/2025,D,
Isoma Conveyors,,George Holmes Way,,Swadlincote,DE11 9DF,00845L02,1100039382409,,30/4/2026,E,
Yogi Eye Care Limited,90,High Street,,Chichester,PO20 0QG,03801H02,2000018651564,1862,8/11/2026,E,
Boxing Gym,,Welfare Road,,Doncaster,DN6 7PP,0380202D,2335958657910,41522,30/4/2027,E,
UNIT 50,,Crofty Industrial Estate,,Penclawdd,SA4 3RS,03801200,2199997488343,,3/11/2025,D,
Broughton Craggs Hotel,,Broughton Park,,Cockermouth,CA13 0XW,00900424,1600000049371,,8/11/2027,E,
,unit 22B,Crofty Industrial Estate,,"Penclawdd, Swansea, West Glamorgan",SA4 3RS,03800200,2199997488380,,3/11/2025,D,
ADJACENT,17,Station Road,,MALDON,CM9 4LQ,03801203,1023545641586,19599,9/11/2025,E,
,94,St Aldates,,Oxford,OX1 1BT,03800H07,2000008728467,,3/11/2025,D,
,Non-PAF De,Henry Wells Square,,HEMEL HEMPSTEAD,HP2 6BJ,04811204,1012966379260,,1/5/2028,E,
,,Stourdale Road,,CRADLEY HEATH,B64 7BG,00845127,1460000730300,,3/11/2025,E,
,99,St Aldates,,Oxford,OX1 1BT,04800141,2000008728607,,3/11/2025,D,
26 Oxford Road,,Penmill Trading Estate,,Yeovil,BA21 5HR,04076144,2000026164015,,3/11/2025,D,
,11,St Peters Square,,Ruthin,LL15 1DH,03801D01,1300009848860,16523,3/11/2025,E,
J & J Wilson,40-44,Queen Street,,BUDE,EX23 8BB,03801N12,2200011645270,12528,1/5/2027,E,
Hardware Shop,,Market Place,,Saxmundham,IP17 1AG,03801202,1012715229840,3322,1/5/2027,E,
,,Main Street,,Keighley,BD20 8TT,03800999,2314357441714,,3/11/2025,D,
Gables Manor Care Home,,Ingleby,,LINCOLN,LN1 2PQ,,1100002301234,132175,1/5/2027,1,
2600 Parkway Court,,John Smith Drive,,Oxford,OX4 2JY,03801007,1413540431003,5065,3/11/2025,E,
Stopsley Baptist Church,,St Thomas's Road,,Luton,LU2 7XP,00900071,1014572317231,,1/5/2027,E,
,128-130,Maidstone Road,,ROCHESTER,ME1 3DT,04811204,1900014152659,75427,28/9/2026,E,
Unit 6,,Lye Valley Industrial Estate,,Stourbridge,DY9 8HX,00845L02,1470000345140,,10/11/2025,E,
Unit 1,,Claymore,,Tamworth,B77 5DQ,04800037,1100022310679,,3/11/2025,D,
,Non-PAF De,Wansbeck Road,,NEWCASTLE UPON TYNE,NE3 2LR,,1592001016364,,11/11/2025,E,
,,Stoke Holy Cross,,NORWICH,NR14 8PA,03136203,1012723184627,121109,1/5/2026,E,
THE SPENCER CLUB,,EQUIPMENT SHED,,London,SW18 3HG,03801201,1200040811830,2791,20/5/2026,E,
,2,Hilton Road,,Glasgow,G64 2PN,,18120506,0,3/11/2025,,189378
Funeral Directors,40,Main Street,,Ayr,KA6 7QL,03801D01,1800014905247,1517,2/9/2026,E,
,231,Church Road,,Bristol,BS5 9HL,04807N12,2200017945600,29390,10/4/2027,E,
42-44,,Plumstead Common Road,,London,SE18 3TN,03801201,1200030207439,,14/8/2026,E,
Unit,5,Upper Rose Lane,,DISS,IP22 1AP,03801202,1012977571527,12364,26/9/2026,E,
,247,Southwick Road,,Sunderland,SR5 2AB,0380102B,1591029166654,8345,5/11/2025,E,
,,,,,,,3801110,3801110,,,3801110
,7,Timbercroft Lane,,London,SE18 2SB,00900203,1200027648546,,23/10/2026,E,
5-6 PALMER BUSINESS COURT,,MANOR HOUSE ROAD,,NOTTINGHAM,NG10 1LZ,,1160000900500,56860,1/7/2027,E,
,,,,,,,4583251,4583251,,,4583251
156-158,,Blackburn Road,,Accrington,BB5 0AE,03801631,1610022414303,2073,2/9/2026,E,
,40,Pandy Road,,Bridgend,CF32 9PP,,47689408,288164,23/7/2028,,319435
,,,,,,,4004204,4004204,,,4004204
Doctors Surgery,,Miller Way,,Rochester,ME2 4LP,03801203,1900005144270,11683,1/7/2027,E,
,640,Downham Way,,BROMLEY,BR1 5HN,03801203,1200041161891,69847,3/11/2025,E,
,,"Canal Side, Awsworth Road",,ILKESTON,DE7 8HH,03801N12,1100011424331,4669,9/6/2027,E,
THE GRAPES,164,WHITLEY ROAD,,WHITLEY BAY,NE26 2LX,0380102C,1591050371934,64605,20/10/2027,E,
,8,"Vernon Place, Northern Court",,NOTTINGHAM,NG6 0DE,03801013,1100007477270,11,9/12/2026,E,
,,,,,,,4811014,4811014,,,4811014
,52,Main Street,,Ayr,KA6 7QL,03801D02,1800014905283,3179,2/4/2026,E,
,,,,,,,8854456004,8854456004,,,8306
,,,,,,,49703408,49703408,,,176637
,,,,,,,4005024,4005024,,,4005024
,680,Attercliffe Road,,South Yorkshire,S9 3RP,0481102C,2334551296212,15243,3/2/2027,E,
,217-219,,,,E14 0ED,03801202,1200020021266,10458,3/11/2025,E,
,36,Church Street,,London,NW8 8EP,03801201,1200041310862,6095,1/4/2026,E,
E G Glass,106,Bunting Road,,Northampton,NN2 6EE,03801013,1100019225144,78,3/11/2025,E,
,,"The Man At Arms, The Green",,Lutterworth,LE17 4SB,04546N12,1100025702286,53024,3/9/2026,E,
,30,Hertford Road,,London,N1 5QT,00900204,1200061095597,,8/10/2027,E,
,,"Unit 4,Norfolk Bridge Business Park",,Sheffield,S4 7YW,0481102B,2380000974923,,16/5/2026,E,
,,,,,,,4005171,4005171,,,4005171
Basement,1,St. Thomas Street,,London,SE1 9RY,03800202,1200030800307,,3/11/2025,D,
,42,St Andrews Road,,Sheffield,S11 9AL,0380102B,2330253434810,8377,23/4/2026,E,
,37,High Street,,Haverhill,CB9 8AD,00845071,1014570387307,,1/4/2026,E,
,,"The Man At Arms, The Green",,Lutterworth,LE17 4SB,04546N13,1100018302940,87411,3/9/2026,E,
,,,,,,,845074,845074,,,845074
,41,Lion House,,Leeds,LS1 2ED,0380102C,2340270871417,8650,12/3/2026,E,
,69,King's Cross Road,,LONDON,WC1X 9LN,03801202,1200026761222,5573,2/9/2026,E,
,,,,,,,4811000,4811000,,,4811000
,53,Bedford Hill,,LONDON,SW12 9EZ,03801201,1200028713639,341,11/4/2028,E,
,,,,,,,3500144,3500144,,,3500144
E H Middleton & Son Decorators Ltd,986a,Abbeydale Road,,Sheffield,S7 2QF,0380102C,2331720670719,370,3/11/2025,E,
Chelmsford Tan 1,,Unit 7 Regina Road,,Chelmsford,CM1 1PE,00845072,1014568818244,,3/5/2024,E,
,13,Cross Street,,Galston,KA4 8AA,03801D04,1800017964867,,1/7/2029,E,
,,,,,,,845071,845071,,,845071
,35,Carolgate,,Retford,DN22 6BZ,,1100003314119,20872,16/4/2026,E,
,126- 130,Infirmary Road,,Sheffield,S6 3DH,0084505B,2380002475909,,4/9/2026,E,
Nuclear & Mechanical Services,,Stanley Street,,WORKINGTON,CA14 2JD,,8818206706,195392,14/8/2026,,227138
Pss (London) Limited,124,Mile End Road,,London,E1 4UN,03801204,1200029072589,58007,14/3/2026,E,
Golden Lion,42,Beeston Road,,Leeds,LS11 8RP,0380102D,2346552500810,7386,18/11/2025,E,
C2 Railway Triangle,,Walton Road,,Portmouth,PO6 1TW,03801H09,2000014447863,78182,3/11/2025,E,
,9,Luke Street,,LONDON,EC2A 4PX,03801201,1200042533162,730,6/6/2026,E,
,85,CASTLE ROAD,,SALISBURY,SP1 3RW,,68390409,173380,29/3/2028,,200254
,,Tong Road,,Leeds,LS12 4QG,0480004A,2340532940423,,3/11/2025,D,
,,,,,,,4811203,4811203,,,4811203
,78,Newland,,Lincoln,LN1 1YA,03801013,1100002540175,6995,4/9/2028,E,
,,,,,,,4829203,4829203,,,4829203
,253,Ditchling Road,,BRIGHTON,BN1 6JD,04811202,1900007375886,,16/12/2025,E,
148,,HANSON LANE,,HALIFAX,HX1 5PQ,0084505A,2326532948012,,1/7/2027,E,
"Wecock,Community Centre",,Kite Close,,Waterlooville,PO8 9UU,00900H86,2000052538082,,26/5/2028,E,
,121b,Peckham High Street,,London,SE15 5SE,03801201,1200039673737,932,3/11/2025,E,
,,,,,,,3801200,3801200,,,3801200
,116-118,Roman Road,,LONDON,E2 0RN,04874202,1200033366683,3984,21/8/2026,E,
,,,,,,,4829202,4829202,,,4829202
,168,Pavilion Road,,LONDON,SW1X 0AW,03800202,1200033328641,,3/11/2025,D,
UNIT 14,,HALLAMWAY,,MANSFIELD WOODHOUSE,NG19 9BG,03801N13,1170000545593,25872,6/9/2026,E,
,,,,,,,4511091,4511091,,,4511091
66a,,Charlotte Road,,London,EC2A 3PE,03801202,1200060199807,3609,18/3/2026,E,
Unit 2 Brentford Lock,,High Street,,Brentford,TW8 8AQ,03801H07,2000051913490,12022,3/11/2025,E,
,,,,,,,4800251,4800251,,,4800251
Second Floor,16-18,Whitechapel Road,,LONDON,E1 1EW,03801203,1200024381259,336,3/11/2025,E,
239,,BROMLEY ROAD,,LONDON,SE6 2RA,03801202,1200034029257,2451,22/3/2027,E,
,30,East Street,,LONDON,SE17 2DN,03801202,1200042010400,2302,3/11/2025,E,
244,,UPPER TOOTING ROAD,,LONDON,SW17 7EX,03801201,1200051050446,12565,1/6/2026,E,
,,,,,,,900203,900203,,,900203
,,,,,,,1801010,1801010,,,1801010
Unit,5,Wandle Way,,Mitcham,CR4 4NB,00845073,1200031817659,,3/11/2025,E,
,,Thames Road,,Barking,IG11 0ND,04808202,1200037503253,8501,28/10/2027,E,
Beech House,,Freeman Road,,Lincoln,LN6 9AP,00845058,1100039657759,,7/2/2026,E,
,42,High Street,,Hull,HU1 1PS,0380102A,2362004297814,1091,19/5/2026,E,
,1179,High Road,,ROMFORD,RM6 4AL,03801204,1200042002437,41046,27/2/2026,E,
,,,,,,,3800999,3800999,,,3800999
,3,Hammersmith Road,,LONDON,W14 8XJ,03801204,1200042354105,40267,21/11/2026,E,
,24,Green Lane,,Dagenham,RM8 1XU,03801202,1200039855466,,12/7/2026,E,
,,,,,,,69141303,69141303,,,67988
,,,,,,,3136203,3136203,,,3136203
,,Unit 6,,IPSWICH,IP6 8NZ,03801202,1012975820307,3686,12/4/2026,E,
Eastern Avenue,,East Road,,Romford,RM6 6YJ,03136203,1012507552266,7609,29/5/2027,E,
Unit 8,,Orion Way,,NORTH SHIELDS,NE29 7SN,0480702C,1580000474040,17299,1/10/2026,E,
,260,Martin Way,,Morden,SM4 4AW,04807203,1200028113000,,6/10/2027,E,
Brookside Pavilion,,Brookside Road,,HAYES,UB4 0PL,03801H03,2000002144702,3481,3/11/2025,E,
,,,,,,,4139204,4139204,,,4139204
,,,,,,,845058,845058,,,845058
WESTGATE APARTMENTS,14,WESTERN GATEWAY,,LONDON,E16 1FD,03801C64,2000053723841,19153,6/7/2027,E,
Car Wash;162A,,Chigwell Road,,London,E18 1HA,03801201,1200050384452,8718,18/6/2027,E,
Devonshire Lodge,,Devonshire Avenue,,Leeds,LS8 1AY,0380102C,2343264724919,15833,8/9/2026,E,
,,25 Frith Street,,LONDON,W1D 5LB,03802202,1200035720570,11265,18/10/2028,E,
,,,,,,,3802203,3802203,,,3802203
,50,The Glades Shopping Centre,,Bromley,BR1 1DD,03801202,1200032970250,,21/2/2028,E,
,51,High Street,,WITNEY,OX28 6JA,04811H18,2000008984613,,16/10/2026,E,
4th Floor Flat,185,Wardour Street,,LONDON,W1F 8ZA,04811202,1200033549714,,3/11/2025,E,
Forty Two The Calls,42,The Calls,,Leeds,LS2 7EW,0090002D,2346532811116,,3/11/2025,E,
,,,,,,,800071,800071,,,800071
,,,,,,,21788704,21788704,,,104784
Unit 26,,Claycliffe Business Park,,SOUTH YORKSHIRE,S75 1JU,0380102D,2380000751091,24051,8/11/2027,E,
The Shop,127,Rhosmaen Street,,Llandeilo,SA19 6EN,03801200,2199998913369,1319,8/9/2026,E,
,6,Bell Yard,,LONDON,WC2A 2JR,03801204,1200040850402,,1/12/2027,E,
,,,,,,,4874203,4874203,,,4874203
,145,Aylward Street,,LONDON,E1 0QW,03801202,1200033034405,15095,3/11/2025,E,
,447,Lady Margaret Road,,SOUTHALL,UB1 2QB,00845H86,2000051965382,,30/11/2025,E,
Flat Above,127,Rhosmaen Street,,Llandeilo,SA19 6EN,04106201,2199998913378,12,8/9/2026,E,
,,,,,,,88967507,88967507,,,298956
,,,,,,,3800203,3800203,,,3800203
,,,,,,,1012476631986,,,,
Bezzells Farm,,Woodrow Road,,MELKSHAM,SN12 7RE,04044H17,2000006144325,3366,1/2/2027,E,
"Unit 4, Swallowfield Centre",,Swallowfield Way,,HAYES,UB3 1AW,03801H04,2000003225256,68884,16/5/2026,E,
,,,,,,,800202,800202,,,800202
Isabella House,1d,Station Yard,,THAME,OX9 3UH,04811204,1012450471090,38593,1/4/2026,E,
Unit 2,332-334,Walworth Road,,London,SE17 2NA,00845204,1200041202243,,3/12/2026,E,
Loftus House,,Colima Avenue,,SUNDERLAND,SR5 3XB,,8823257008,201864,14/7/2026,,226402
China Hong (UK) Ltd.,,1-5 Staines Road,,Hounslow,TW3 3HH,00800H86,2000027305148,,3/11/2025,D,
,9c,Station Yard,,THAME,OX9 3UH,04811204,1012450470403,101453,1/4/2026,E,
,,,,,,,4138204,4138204,,,4138204
Videx Ltd,,"Kingsbury Trading Estate, Church Lane",,LONDON,NW9 8AU,03801204,1012840136170,38347,9/9/2026,E,
,,,,,,,5801203,5801203,,,5801203
,26-28,Staines Road,,Hounslow,TW3 3JS,00900Q04,2000053922655,,3/9/2028,E,
,,47-47a Villa Street,,London,SE17 2EL,00845072,1200051356943,,15/11/2026,E,
The Nutthall,,Nottingham Road,,Nottingham,NG8 6AX,,3484210,442585,1/10/2027,,429617
,10,Market Square,,St. Austell,PL26 6UD,03801N12,2200022572071,17433,1/10/2026,E,
,,,,,,,845072,845072,,,845072
,18,Upper Oldfield Park,,BATH,BA2 3JZ,03800N13,2200012758221,,3/11/2025,D,
Unit 15,,Westbrook Trading Estate,,Manchester,M17 1AY,04811004,1610027200250,9876,9/9/2026,E,
,564,London Road,,ISLEWORTH,TW7 4EP,03801H03,2000002953521,41894,6/11/2026,E,
,10,Camberwell Church Street,,London,SE5 8QU,04807203,1200029008662,1265,21/9/2026,E,
,26,High Street,,Hertfordshire,SG8 9AG,03136203,1012769835293,36317,1/4/2026,E,
,3,Crombie Road,,Aberdeen,AB11 9QQ,00845P82,1714463284000,,1/8/2027,E,
,36,HIGH STREET,,LONDON,SW19 2AB,03801202,1200038019164,3464,16/2/2026,E,
,,,,,,,4808202,4808202,,,4808202
,31,Market Street,,KINGSWINFORD,DY6 9JS,03801N13,1415930190008,,3/11/2025,E,
,,,,,,,3802202,3802202,,,3802202
Market Kiosk,,Peel Street,,Accrington,BB5 1EA,03801631,1610022418098,2704,9/9/2026,E,
Regent Bridge Bar,30,Regent Quay,,Aberdeen,AB11 5AH,03801P06,1714739292507,14021,29/5/2026,E,
,,,,,,,3800201,3800201,,,3800201
,,,,,,,1335867509,1335867509,,,288798
Offices,48,Richmond Road,,KINGSTON UPON THAMES,KT2 5EE,03801202,1900014024210,16750,4/5/2026,E,
,20-22,Wellington Street,,Luton,LU1 2QH,04811203,1012365572110,1489,26/6/2026,E,
,285,Watling Street,,RADLETT,WD7 7LA,04807203,1012428157180,8828,1/4/2026,E,
,7,Staple Inn,,LONDON,WC1V 7QH,03801202,1200037022690,2475,3/11/2025,E,
,21,Worship Stree,,London,EC2A 2DW,03801204,1200052253983,8813,3/11/2025,E,
,91,High Road,,London,N2 8AG,04100202,1012989790503,8492,10/9/2027,E,
,10-15,Market Passage,,Cambridge,CB2 3PF,00845072,1015685275049,,6/6/2026,E,
,,,,,,,4807202,4807202,,,4807202
PREMIER GROUP SUPPLY 2,UNIT 6,ANGLESEY BUSINESS PARK,,CANNOCK,WS12 1NR,00845N13,1425734000007,,1/4/2027,E,
,8,Morning Lane,,LONDON,E9 6NA,03801202,1200060890205,33080,25/8/2027,E,
,,,,,,,3006203,3006203,,,3006203
,,Bridgeman Street,,WALSALL,WS2 9PG,,1426985000007,,10/9/2026,1,
Supply to 647,643-649,High Road Leyton,,LONDON,E10 6RA,03800201,1200023696972,,3/11/2025,D,
,,,,,,,54816604,54816604,,,9801
Unit 18,,Kepler,,Tamworth,B79 7XE,,1100021954317,4571,10/9/2027,1,
PART A;,84,LILLIE ROAD,,LONDON,SW6 1TL,03801201,1200036137957,6468,3/11/2025,E,
Commercial Unit,35-37,High Street,,SHEFFIELD,S1 2GA,0084505B,2380002384970,,11/9/2026,E,
The Barn Fruit Farm,,Ely Road,,Chittering,CB25 5PH,00900202,1023503251505,,15/4/2028,E,
,,,,,,,3007202,3007202,,,3007202
,2,High Street,,CAMBRIDGE,CB23 1HN,04138204,1012782673666,31012,16/6/2026,E,
,,,,,,,13647802,13647802,,,12
52-54,,Whalebone Lane South,,Dagenham,RM8 1BB,,1012506323378,5892,1/4/2026,E,
,,,,,,,4800203,4800203,,,4800203
Lion House,3,Plough Yard Road,,London,EC2A 3LP,03800202,1200028459713,,3/11/2025,D,
,,,,,,,1900002117247,,,,
Unit 2 Rear 82 96,,Bordesley Green,,Birmingham,B9 4TS,03801007,1415909551000,13,28/6/2026,E,
,,,,,,,8815909905,8815909905,,,376590
,,,,,,,4807204,4807204,,,4807204
,90,Cranbrook Road,,Ilford,IG1 4NH,03801201,1200023889212,7328,9/4/2026,E,
1,,"QUEENS PARADE,GREEN LANES",,LONDON,N8 0RD,03136202,1013085379888,35431,11/9/2026,E,
,,,,,,,5801201,5801201,,,5801201
,84,HIGH STREET,,LONDON,E17 7LD,,1200034387141,3042,12/4/2027,E,
Ground Floor,39,Marlborough Road,,Castle Bromwich,B36 0EH,,1419053151004,4486,2/8/2027,1,
,31,Holding Cocknage,,Stoke On Trent,ST3 4AG,04811N12,1411471420005,7515,19/9/2027,E,
,,Unit 2,,Halifax,HX3 5AT,,2326530003012,,1/4/2026,E,
,409,High Road,,Woodford Green,IG8 0XG,,1200038456783,4096,14/8/2026,E,
,,,,,,,9120676600,9120676600,,,835365
,,,,,,,3835201,3835201,,,3835201
,105,Coventry Street,,BIRMINGHAM,B5 5NY,00845127,1441003077004,,1/8/2027,E,
The Nut Tree Inn,34,Ebdon Road,,Weston-Super-Mare,BS22 6UN,00845570,2200030037309,,3/11/2025,E,
Unit 21B,,Lower Darwen Mill,,DARWEN,BB3 0QE,03800631,1610022124836,,3/11/2025,D,
213-217,,Lozells Road,,BIRMINGHAM,B19 1RJ,,9153626809,136691,28/2/2027,,180878
,,,,,,,8857187108,8857187108,,,154287
,,,,,,,3800998,3800998,,,3800998
N/A,2,"Cathedral Lanes Shopping Centre, Broadgate",,COVENTRY,CV1 1LL,,60176209,205282,28/7/2027,,231405
Unit 15,,"Claremont Way Industrial Estate, Claremont Way",,LONDON,NW2 1BG,00800072,1023536920055,,3/11/2025,D,
Unicorn Industrial Estate,,Davenport Street,,Stoke On Trent,ST6 4HS,08800021,1424051000009,,3/11/2025,D,
,290,Coalway Road,,WOLVERHAMPTON,WV3 7NP,03801N13,1415697770003,17993,1/9/2028,E,
Unit 23,,Lower Darwin Mill,,DARWEN,BB3 0QE,03800631,1610022124827,,3/11/2025,D,
Unit 19,,"Claremont Way Industrial Estate, Claremont Way",,LONDON,NW2 1BG,03800202,1012994471230,,3/11/2025,D,
Royal Hotel,,Ablewell Street,,Walsall,WS1 2EL,,11983303,6323,3/11/2025,,37690
,7,King Street,,NEWCASTLE,ST5 1EH,03801007,1417837920006,147,3/11/2025,D,
Restaurant & Flat,4,Keens Lane,,Chinnor,OX39 4PF,03136201,1012451821652,28497,24/3/2026,E,
,280,Prince Regent Lane,,London,E16 3JH,03801202,1200036795716,2101,3/11/2025,E,
,27,High Street,,Glastonbury,BA6 9DR,04807210,2200022059520,2866,19/5/2026,E,
Site.8a,Unit 8a,Festival Way,,BASILDON,SS14 3WB,00845071,1023484578262,,3/11/2025,D,
Second Floor Rear,159,Brent Street,,London,NW4 4DH,03800202,1013004046820,,3/11/2025,D,
,280,Prince Regent Lane,,London,E16 3JH,03801201,1200036795725,331,3/11/2025,E,
WIDCOMBE SOCIAL CLUB,,WIDCOMBE WHARF,,BATH,BA2 6AA,03801N14,2200042408989,56625,25/3/2026,E,
,455,STRATFORD ROAD,,BIRMINGHAM,B11 4LD,03800007,1416876711005,,3/11/2025,D,
,106,Warren Farm Road,,BIRMINGHAM,B44 0QN,03801007,1418467921001,1104,3/11/2025,E,
Third Floor,159,Brent Street,,London,NW4 4DH,03800202,1013004046138,,3/11/2025,D,
,280,Prince Regent Lane,,London,E16 3JH,03801202,1200036795734,3730,3/11/2025,E,
,,,,,,,8875505805,8875505805,,,69359
,31-33,Oxford Street,,BRIDGEND,CF32 8DD,03801N12,2199989657245,4499,5/8/2028,E,
Unit 2,,Malmesbury Road,,Cheltenham,GL51 9PL,,1413509361000,,25/3/2026,1,
Unit,10,Second Drove,,PETERBOROUGH,PE1 5XA,,1012881047885,4928,30/10/2026,1,
Scania,,North Road,,ELLESMERE PORT,CH65 1AB,,8883343902,433602,2/5/2026,,307046
Accomodation,51-53,Church Road,,London,NW4 4DU,03800203,1013005858074,,3/11/2025,D,
,,,,,,,1100006671800,,,,
23A TOP FLAT,,Oxford Street,,Bridgend,CF32 8DD,03801200,2199996293730,62,3/11/2025,E,
,,,,,,,50147802,50147802,,,217967
,20,Second Drove Industrial Estate,,Cambridgeshire,PE1 5XA,03801202,1012881052714,372,23/7/2026,E,
,51-53,Landlords Supply,,LONDON,NW4 4DU,03801201,1023509512101,,3/11/2025,D,
Abcare House,2,Hownsgill Industrial Park,,Consett,DH8 7NU,,16250004,1,3/11/2025,,1
,,,,,,,12534604,12534604,,,89012
,,,,,,,915411104,915411104,,,915411104
,38,St Helens Road,,Swansea,SA1 4AY,03801200,2199998301685,,3/11/2025,D,
Flat B,53,Church Road,,LONDON,NW4 4DU,03801201,1023545920887,,3/11/2025,E,
,,31-32 Second Drove Industrial Estate,,Peterborough,PE1 5XA,03801201,1012881049260,2784,3/11/2025,E,
35-37,,Park Royal Road,,LONDON,NW10 7LQ,00845H86,2000053427554,,1/5/2027,E,
,22,Walter Road,,SWANSEA,SA1 5NN,03801200,2199998274400,37510,3/11/2025,D,
Unit 48,,Second Drove Industrial Estate,,Peterborough,PE1 5XA,03801201,1012881016371,353,3/11/2025,E,
,,,,,,,11323103,11323103,,,287394
,57,Church Road,,London,NW4 4DU,03801201,1013005859227,,3/11/2025,E,
,14,Spencer Street,,Leamington Spa,CV31 3NF,04811037,1100024502404,2243,1/9/2028,E,
,26,Walter Road,,Swansea,SA1 5NN,03801N12,2199998274330,6749,5/3/2026,E,
,,,,,,,21074810,21074810,,,851658
,269,Kingsbury Road,,London,NW9 8UG,03801201,1012840166077,41978,3/11/2025,E,
,,,,,,,2333340900016,,,,
"4,Foxcombe Court",,Wyndyke Furlong,,Abingdon,OX14 1DZ,00845H88,2000057151826,,1/9/2028,E,
,,,,,,,49633402,49633402,,,51423
,28,Fryers Entry,,OXFORD,OX1 2BY,03801H08,2000008607897,14770,3/11/2025,D,
75,,ROMAN RIDGE ROAD,,SHEFFIELD,S9 1GB,0380102D,2334632340714,59338,3/9/2028,E,
Briardene,39,Osborne Road,,Blackpool,FY4 1HQ,03801004,1610004048581,3381,31/3/2026,E,
,,Banbury Road,,Banbury,OX16 7RX,05800021,1427400200001,,3/11/2025,D,
"Springs Health Club, SDI Fitness (DW)",,Timber Beach Road,,Sunderland,SR5 3XG,0084505B,1592001075323,,1/4/2029,E,
5th Floor,,2-4 Park Grove,,Cardiff,CF10 3PA,03800200,2199994156952,,3/11/2025,D,
,,,,,,,48117401,48117401,,,273926
,107,MOSTYN STREET,,LLANDUDNO,LL30 2PD,03801D02,1300013434767,4725,3/11/2025,E,
Network House,,Station Yard,,Thame,OX9 3UH,03800204,1012450492026,,3/11/2025,D,
Fourth Floor Deri House,,2-4 Park Grove,,Cardiff,CF10 3BN,03800200,2199994156925,,3/11/2025,D,
12956,,Sunderland Fawcett St,,Sunderland,SR1 1RS,0084505A,1591017427130,,1/4/2026,E,
ST HELENS HOSPICE,,PORTICO LANE,,ST HELENS,L34 2QT,,8818706906,596162,1/6/2027,,646745
Top Flat,2,Brook Street,,Cromer,NR27 9EY,04808201,1012735306541,17824,6/9/2027,E,
,107,High Road,,Benfleet,SS7 5LN,04807201,1012596528685,2585,6/9/2026,E,
,111,Mostyn Street,,LLANDUDNO,LL30 2PD,00845D03,1300008900623,,1/2/2027,E,
,,,,,,,79936304,79936304,,,56334
Newcastle Silverlink,,Unit F1,,Newcastle,NE28 9ND,0084505B,1580000248758,,1/4/2029,E,
,,,,,,,13536602,13536602,,,583386
,,,,,,,8829225508,8829225508,,,302240
,,UNIT B;363,,LEEDS,LS8 4BU,0084505B,2380002199422,,1/4/2029,E,
,,,,,,,304110,304110,,,0
Unit 13,,Heston Industrial Mall,,Hounslow,TW5 0LD,03801H07,2000003066747,1786,3/11/2025,E,
,,Wilson Road,,LIVERPOOL,L36 6AD,,8888205803,13,3/11/2025,,14
,26,Russell Court,,CAMBRIDGE,CB2 1HW,04139204,1012803738903,,1/7/2030,E,
,,,,,,,1639427208,1639427208,,,238038
,323,Lincoln Road,,PETERBOROUGH,PE1 2PF,03136202,1012882830387,11605,24/10/2026,E,
REAR OF,349,LINCOLN ROAD,,PETERBOROUGH,PE1 2PF,,1200062021727,262,3/11/2025,E,
Sands House,,Market Place,,Kings Lyn,PE31 8HD,,1012646695599,4631,3/11/2025,E,
,,Unit 2 The Swan Shopping Centre,,Birmingham,B26 1AD,03801N12,1470000421260,7637,1/4/2026,E,
UNIT 1,,THE MOOR,,SHEFFIELD,S1 3FP,0084505B,2380001935340,,1/4/2029,E,
Sands Pharmacy,,Market Place,,Kings Lynn,PE31 8HD,03801202,1012646695367,,3/11/2025,E,
New England Recreation Ground,,Lincoln Road,,Peterborough,PE1 1HF,03800202,1012882851085,,3/11/2025,D,
,3,Wellington Place,,Milton Keynes,MK3 5NA,03801N14,1100015548564,,7/3/2026,E,
Unit 2,,Felthambrook Way,,FELTHAM,TW13 7DU,03801H01,2000055447775,17562,3/11/2025,D,
,,,,,,,45250904,45250904,,,329957
SHEER GLAMOUR COSMETICS,28,ST. JOHNS STREET,,PETERBOROUGH,PE1 5DD,04138201,1012880703349,761,3/11/2025,D,
Shelbourne Limited,115,Parker Drive,,LEICESTER,LE4 0JP,03801013,1100012257060,,10/9/2028,E,
120 Queens Road,,,,Brighton,BN1 3WB,03801203,1900045351066,13540,3/11/2025,E,
,,,,,,,17213710,17213710,,,184140
,24,St Johns Street,,Woodbridge,IP12 1EB,03500203,1012905650060,11430,11/9/2028,E,
Western Union,7,Stonehills,,WELWYN GARDEN CITY,AL8 6NA,04811202,1012462656720,,1/4/2026,E,
,36,Wood Lane,,NOTTINGHAM,NG15 6LR,,57849309,263319,2/8/2028,,259697
,125,QUEENS ROAD,,BRIGHTON,BN1 3WB,04800203,1900013391845,,3/11/2025,D,
,,,,,,,74284306,74284306,,,60437
,24,St Johns Street,,Woodbridge,IP12 1EB,04632200,1012905650292,,11/9/2028,E,
Woolton,,19A Woolton Street,,Liverpool,L25 5NH,03801D02,1300003587225,4811,1/4/2026,E,
FANELA LTD,Unit 21,SNIBSTON DRIVE,,COALVILLE,LE67 3NQ,,9123009901,240563,16/9/2027,,9123009901
,,,,,,,8866020701,8866020701,,,1053967
,,,,,,,65214205,65214205,,,198348
,125,QUEENS ROAD,,BRIGHTON,BN1 3WB,00845071,1900019390768,,20/3/2028,E,
UNIT 1c,,111 Chertsey Road,,Byfleet,KT14 7AX,00845072,1900060706398,,12/9/2027,E,
,305,Uxbridge Road,,London,W3 9QU,,46710502,133491,27/5/2027,,140144
,,,,,,,8873991404,8873991404,,,441474
Khushboo,73,High Street,,Brackley,NN13 7BW,04811N12,1100015873782,18719,13/9/2028,E,
"LANDLORD SUPPLY,",,"FLAT 1A, DOLPHIN LANE",,"BOSTON,",PE21 6EU,03801013,1170001440943,,1/5/2026,E,
,,48,,Redcar,TS10 3DR,0090002D,1591036396239,,1/4/2029,E,
,,,,,,,9972905,9972905,,,55774
Martin Pilley Services,3,Wick Industrial Estate,,Hampshire,BH25 6SJ,03801H02,2000020017157,7286,16/1/2027,E,
,,,,,,,49925101,49925101,,,1085389
,146,Tuckton Road,,Bournemouth,BH6 3JX,03801H02,2000020330120,3880,15/4/2027,E,
Chetwynde School,,Rating Lane,,BARROW INFURNESS,LA13 0NY,00845074,1630000198054,,1/4/2026,E,
,461,London Road,,ISLEWORTH,TW7 4BX,03801H01,2000002962010,93,9/6/2026,E,
Fernleigh,37,Tamworth Road,,ASHBY-DE-LA-ZOUCH,LE65 2PW,,79844108,171470,1/2/2027,,178475
Shop,308,Kilburn Lane,,London,W9 3EF,04800201,1200041724531,,3/11/2025,D,
MARTIN PILLEY SERVICES,6,Martin Pilley Service,,NEW MILTON,BH25 6SJ,,2000020017184,5413,16/1/2027,E,
"Unit 4, Norfolk House",,"Williamsport Way, Lion Barn Industrial Estate",,Ipswich,IP6 8RW,03801202,1023531537360,3425,14/9/2028,E,
,134,High Street,,SOUTHEND ON SEA,SS3 0ET,00845071,1023466313047,,1/4/2029,E,
,41,Saffron Court,,Basildon,SS15 6SS,03801201,1012562771819,729,3/11/2025,E,
,,Bristol Road,,Highbridge,TA9 4HH,00900N14,2200021869616,,14/9/2028,E,
Martin Pilley Services,8,Uni 6- 11 Wick One Ind. Est,,New Milton,BH25 6SJ,03801H08,2000020017193,13642,16/1/2027,E,
Ground First Floors,310,Kilburn Lane,,London,W9 3EF,04800201,1200041724578,,3/11/2025,D,
The Penny Black,,Marchants Way,,Burgess Hill,RH15 8QY,00845072,1900031360770,,1/4/2026,E,
,56,Stepney Street,,Llanelli,SA15 3TG,03801200,2199996812561,1,13/8/2026,E,
Shop,184,Somerford Road,,Christchurch,BH23 3QG,03801H01,2000020242040,1778,15/9/2028,E,
,3,Lampits Hill,,STANFORD-LE-HOPE,SS17 9AA,03801201,1012554752402,,27/2/2027,E,
SHOP GROUND FLOOR,338,Kilburn Lane,,London,W9 3EF,03800202,1200041725048,,3/11/2025,D,
Cuan Mor,60,George Street,,OBAN,PA34 5SD,,1146621406,226271,1/4/2028,,223078
,56,Stepping Street,,Llanelli,SA15 3TG,03800200,2199996812570,,3/11/2025,D,
Unit A,,Brook Park East,,Shirebrook,NG20 8RY,04034N14,2200019887030,34937,1/4/2029,E,
Rear Of,81,Lampits Hill,,Standford-Le-Hope,SS17 9AA,,1012554778163,,3/11/2025,D,
Neville Klein And,5,The Approach,,London,NW4 2HS,03800203,1013004527980,,3/11/2025,D,
,26,St. James Street,,Weston Super Mare,BS23 1ST,03801110,2200012992094,12144,3/11/2025,E,
,,,,,,,71575706,71575706,,,1
,,,,,,,48759902,48759902,,,540605
Birtley Home Bakery,14,Harraton Terrace,,Chester Le Street,DH3 2QG,,1591029202337,19617,16/9/2028,1,
Staircase Lighting,438,London Road,,Portsmouth,PO2 9LD,03801H01,2000013930026,1,3/11/2025,E,
LANDLORDS SUPPLY,,24-26 QUEEN STREET,,Newton Abbot,TQ12 2EF,03801110,2200042203747,121,1/4/2029,E,
Focus Youth Centre,,Short Street,,Southend on Sea,SS2 5BY,04800203,1012534159353,,3/11/2025,D,
,,,,,,,19693200,19693200,,,217609
Birtley Home Bakery;14,,Harraton Terrace,,Chester Le Street,DH3 2QG,0480702C,1591129202332,6515,16/9/2028,E,
,22-26,St James Street,,Weston-Super-Mare,BS23 1ST,03801110,2200012992058,,3/11/2025,D,
Unit 6B,,Exchange Shopping Centre,,Putney,SW15 1TW,04808201,1200031041377,63743,1/4/2029,E,
Wessex,,27 Guildhall Walk,,Portsmouth,PO1 2RY,00845H86,2000027396891,,3/11/2025,E,
,.,"272, N/A",,BRISTOL,BS10 5EW,,47925607,116172,1/11/2027,,108992
,12,Grainger Road Industrial Estate,,Southend-on-Sea,SS2 5DD,03801201,1012534059301,22,1/10/2026,E,
,,,,,,,19987004,19987004,,,61780
,,,,,,,51945409,51945409,,,368013
,,22-26 St. James Street,,Weston-Super-Mare,BS23 1ST,03801110,2200012992067,,3/11/2025,D,
,,22-26 St. James Street,,Weston Super Mare,BS23 1ST,03801110,2200012992085,,3/11/2025,D,
First Floor Offices,,Hippadrome House,,Portsmouth,PO1 2RY,03801H06,2000051255821,163,3/11/2025,D,
Hobby Horse Chin Takaway; 6-8,,Broad Street,,Alresford,SO24 9AQ,03801H03,2000017917288,24870,16/9/2027,E,
West Derby,,573 West Derby Road,,Liverpool,L13 8AE,04811E02,1300002598546,9260,1/4/2026,E,
,26,Blacklands Way,,ABINGDON,OX14 1DY,03801H03,2000009379110,17284,8/12/2026,E,
24-26,,St. James St,,WESTON SUPER MARE,BS23 1ST,03801110,2200012992076,12944,3/11/2025,D,
,,654-662 Sutton Road,,Southend-On-Sea,SS2 5PX,03800203,1012532215165,,3/11/2025,D,
Evangelical Free Church,,,,Pontyclun,CF72 8HR,03220200,2199994420245,3474,19/9/2028,E,
FAIRHOLM NURSING HOME,,Roskear,,Camborne,TR14 8DN,,12509302,586475,1/10/2028,,618948
"Unit 5A, High House Farm",,Barling Road,,Southend On Sea,SS3 0LZ,03801202,1012608271790,,3/11/2025,D,
13537,,Burnley St James,,Burnley,BB11 1NH,00845801,1600000032590,,1/4/2026,E,
West & Sons,,Osney Mead,,Oxford,OX2 0ES,03801H02,2000008757991,41047,3/11/2025,E,
,67,Haddon Road,,Leeds,LS4 2JE,,80977705,205192,21/4/2027,,231139
,121,Holborn,,London,EC1N 2TD,00845072,1200010042783,,1/10/2026,E,
,31,St James Street,,Weston Super Mare,BS23 1ST,03800110,2200012991550,,3/11/2025,D,
,,9-11 Kenilworth Street,,Leamington Spa,CV32 4QS,04811037,1100024413678,20020,1/4/2029,E,
Mr McKee of McKee Electricals,38,St James Street,,Weston Super Mare,BS23 1ST,03800110,2200012992137,,3/11/2025,D,
,,,,,,,65031410,65031410,,,88990
,,,,,,,21307201,21307201,,,100
,15,Purdeys Way,,Rochford,SS4 1ND,03800202,1023537500347,,3/11/2025,D,
,,Riverside House,,Oxford,OX2 0ES,00070001,2000055144766,,3/11/2025,E,
Towergate House,20,Ellerbeck Court,,MIDDLESBROUGH,TS9 5PT,0084505A,1580000489428,,19/9/2028,E,
,177-181,Montague Street,,Worthing,BN11 3DA,04811204,1900043413010,,9/10/2027,E,
The Eagle at Barrow,,Clitheroe Road,,CLITHEROE,BB7 4NH,,9159418103,216275,1/10/2026,,188752
1,,23,,Cirencester,GL7 1JH,03800H07,2000012789285,,1/4/2029,D,
"MONTE CARLO,",38,St. James Street,,Weston Super Mare,BS23 1ST,00900203,2200030036174,,3/11/2025,D,
,8,Brunel Road,,Essex,SS7 4PW,,1012598869628,,3/11/2025,1,
Rising Main Pumping Station,,Billington Road,,Burnley,BB11 5UB,03800631,1610013934963,,3/11/2025,D,
Finway,,Dallow Road,,Luton,LU1 1TR,00900071,1014569395318,,1/9/2026,E,
Unit 4,,Weber Court,,Burnley,BB11 5SZ,03801004,1610014722460,5003,3/11/2025,E,
Centenary Business Centre,,Hammond Close,,NUNEATON,CV11 6RY,04811037,1100022056424,93,3/11/2025,E,
"Unit C, Fleets Point",,Willis Way,,POOLE,BH15 3SS,00845H87,2000050733759,,1/4/2026,E,
Unit 1,1,Heath Road,,Skegness,PE25 3ST,03801013,1100770448653,,3/11/2025,D,
,,,,,,,8815247301,8815247301,,,205240
Centenary Business Centre Unit 27,,Hammond Close,,Nuneaton,CV11 6RY,04812037,1100022056293,4673,3/11/2025,E,
2a,,Merryland,,St Ives,PE27 5ED,04811202,1012432069029,,3/11/2025,E,
Tamygraig Farm,,Tan Y Craig,,Corwen,LL21 9LD,03801D01,1300010199832,18023,20/9/2027,E,
,,,,,,,16263204,16263204,,,127716
Unit 2 / Forbes Court,,Billington Road,,Burnley,BB11 5UB,03801131,1610013935131,,3/11/2025,E,
Savoy Park Hotel,16,Racecourse Road,,Ayr,KA7 2UT,,9606408,326109,7/12/2026,,381820
,,,,,,,1012632828664,,,,
8 MERRYLAND,,,,ST. IVES,PE27 5ED,03801202,1050001618730,77,28/4/2026,E,
,,Troed Yr Aut,,Corwen,LL21 9LD,03801D02,1300010199790,5180,20/9/2027,E,
,,"Unit 37, Centenary Business Centre",,NUNEATON,CV11 6RY,04812037,1100022056406,704,25/7/2026,E,
Ty Newydd,,Carrog,,Corwen,LL21 9LD,03801D02,1300010199805,18148,20/9/2027,E,
Apex 5-8,8,Harborne Road,,BIRMINGHAM,B15 3AA,03801N13,1470000481108,24799,19/6/2027,E,
Unit 1D,,High Street Arcade,,Stone,ST15 8AU,04811010,1415828120005,2241,3/11/2025,E,
,,West End,,HAILSHAM,BN27 4NN,04811202,1900030308608,10058,1/4/2026,E,
,,,,,,,9209299704,9209299704,,,217737
New Red Lion Farm,,Jolt Lane,,Haughton,ST18 9JG,04811N14,1414358803007,33627,2/4/2026,E,
Unit 21,,Cottage Leap,,Rugby,CV21 3XP,00845058,1100039375410,,3/11/2025,E,
,,,,,,,8884767500,8884767500,,,136077
A/c 4 CLUMBER CHAMBERS,8,Thurland Street,,Nottingham,NG1 3DR,03801013,1100007382159,,21/9/2028,E,
,,,,,,,1200029632149,,,,
,4,Staniland Court,,Peterborough,PE4 6NA,03800202,1012872023140,,3/11/2025,D,
,10,Harborne Road,,Birmingham,B15 3AA,03800007,1418015401003,,3/11/2025,D,
Office,,59B Seamoor Road,,Bournemouth,BH4 9AE,04635141,2000021062657,,3/11/2025,E,
,9,Hylton Road,,Sunderland,SR4 7AF,0380102A,1591060702970,,5/1/2027,E,
Apex 6,10,Harborne Road,,Birmingham,B15 3AA,00800127,1424293100007,,3/11/2025,D,
,,,,,,,1100025337229,,,,
,9,Cooke Close,,Lowestoft,NR33 7NW,03801201,1012701816936,969,21/9/2028,E,
,,,,,,,47693904,47693904,,,507829
Office,,59B Seamoor Road,,Bournemouth,BH4 9AE,03500H01,2000021062666,208,3/11/2025,E,
Unit 1,,The Arena,,York,YO32 2RH,0084505A,1580000303248,,1/10/2028,E,
,25,Vikings Way,,Canvey Island,SS8 0PB,03801202,1050002156460,12473,6/11/2027,E,
,,24-26 Harborne Road,,Birmingham,B15 3AA,03800007,1413058401006,,3/11/2025,D,
,3-4,Baxter Gate,,LOUGHBOROUGH,LE11 1TG,04811037,1100013176875,6729,3/4/2026,E,
,71,High Street Wimbledon,,London,SW19 5EE,04807203,1200027467253,28164,19/3/2027,E,
,,,,,,,18767602,18767602,,,47737
,,61A Seamoor Road,,Bournemouth,BH4 9AE,04576140,2000021062718,10351,3/11/2025,D,
,,,,,,,4166357901,4166357901,,,403560
,28,Harborne Road,,Birmingham,B15 3AD,04800010,1416058401001,,3/11/2025,D,
,23-24,Vikings Way,,Canvey Island,SS8 0PB,03801201,1012592693669,,3/11/2025,E,
,,,,,,,1012424593560,,,,
"COMFORT INN, HYLTON RETAIL PARK",10,"TIMBER BEACH ROAD, SUNDERLAND ENTERPRISE PARK",,SUNDERLAND,SR5 3XG,0084505A,1580000524445,,13/12/2025,E,
,3,Drum Mains Park,,GLASGOW,G68 9LD,,44847003,435094,13/2/2027,,445119
,,,,,,,2514831302,2514831302,,,217019
Master Autoglass,3,Rochester Airport Ind,,Rochester,ME1 3QX,03801201,1900033150558,7402,3/11/2025,E,
Unit 9,,Upcott Avenue,,Barnstaple,EX31 1HN,03802110,2200014268540,2585,3/11/2025,E,
,,Commerce Way,,Edenbridge,TN8 6ED,00845071,1900043000957,,28/3/2026,E,
,,Stoke Bottom Farm,,Bath,BA3 5HW,03801110,2200012122900,2565,4/4/2026,E,
,37,Market Hall,,Doncaster,DN1 1NG,0380102C,2333568753913,19291,3/11/2025,D,
,,,,,,,13014807,13014807,,,52496
Central Lodge,2,Hull Road,,Blackpool,FY1 4QB,04511591,1610004088965,44,20/4/2026,E,
Landlords,23,High Street,,Nottingham,NG10 1HY,03801013,1170001546481,688,3/11/2025,E,
Kent,ROCHESTER,United Kingdom,,,ME1 3QX,03873203,1900033150567,22949,23/9/2028,E,
Glyn Clydach Hotel,,Longford Road,,Neath,SA10 7AJ,00845300,2199989650611,,19/2/2026,E,
,,,,,,,51969008,51969008,,,80111
"Unit 14, Jupiter Business Park",,Bentley Road,,DONCASTER,DN5 9TJ,0084502A,2380001643564,,28/6/2026,E,
,,Boulton Road,,Solihull,B91 2JU,03801007,1417643051000,4870,2/10/2027,E,
Diamonds,263,Bradford Road,,Shipley,BD18 3AB,,2315707771219,3217,28/3/2026,1,
,60,Stockport Road,,Manchester,M12 6AL,03801131,1610000439853,8601,3/11/2025,D,
CHELMSFORD NURSING HOME,,EAST HANNINGFIELD ROAD,,CHELMSFORD,CM2 7TP,00845074,1030059035481,,23/5/2027,E,
,8,Davis Way,,Fareham,PO14 1JF,04076140,2000013703048,,3/11/2025,D,
Inn at the Park Hotel,4,Deemount Terrace,,ABERDEEN,AB11 7RX,03801R54,1714756260311,48683,28/3/2027,E,
Cundy Abbeyfields Farm,,Newstead Abbey Park,,Nottingham,NG15 8GE,04811N12,1100003893121,874,29/3/2026,E,
Quarry Banks Farm,,Newstead Abbey Park,,Nottingham,NG15 8GE,04807N12,1100004270776,7549,29/3/2026,E,
,81,Thorne Road,,Doncaster,DN1 2ES,0084505A,2380001055232,,26/9/2026,E,
,,"Unit 1, Shogan House",,Fareham,PO14 1JF,03801H06,2000013703093,3449,3/11/2025,E,
Flat 2,36,CENTRAL AVENUE,,NOTTINGHAM,NG7 7AF,01801001,1100005648401,16774,3/11/2025,E,
,173,Ballards Lane,,HENDON,N3 1LP,,1013005271110,5529,15/4/2026,1,
The Street,,Rockland St. Mary,,Norwich,NR14 7AH,04808203,1012723867723,,27/10/2026,E,
,20,High Street,,Poole,BH15 1BP,03801H09,2000021529378,26631,29/3/2026,E,
,,,,,,,9081997610,9081997610,,,475157
,6,Cooke Close,,Lowestoft,NR33 7NW,04807201,1012701815551,4209,5/2/2028,E,
,,17A Station Road,,,BH25 6HN,03801H01,2000054860878,413,12/4/2028,E,
Unit 8,,Fountain Drive,,Hertford,SG13 7UB,00845204,1023512949223,,27/9/2028,E,
Pennine House,,Roman Ridge Road,,Sheffield,S9 1GB,0380102B,2333911619010,18938,30/3/2028,E,
,16,The Pavement,,London,SW4 0HY,03801201,1200037125118,13545,5/2/2026,E,
,12,The Pavement,,London,SW4 0HY,03801202,1200037125020,,3/11/2025,D,
,90,High Street,,Blackburn,BB1 4LA,03801014,1610021983308,12408,27/9/2028,E,
,15,The Pavement,,London,SW4 0HY,03801202,1200037125093,17091,1/3/2026,D,
,17-19,High Street,,LONDON,NW10 4NE,03801202,1200037674525,292,13/5/2026,E,
Unit B5,,Blaby Industrial Park,,Leicester,LE8 4GZ,04811N12,1100013039593,9711,28/9/2027,E,
,117,High Street,,YARM,TS15 9BB,0380102A,1591047427114,1977,13/4/2028,E,
"YARD ADJ TO, 7A",,GILSTON ROAD,,SALTASH,PL12 6TW,03801110,2200043234115,,3/11/2025,E,
Unit 11-12,,"Energy,Development Centre",,Aberdeen,AB23 8GD,03801P07,1700052276706,15806,28/9/2028,E,
,87,Etnam Street,,Leominster,HR6 8AE,03801N12,1414727602000,7387,30/3/2026,E,
,0,L/Lord Supply,,MARKET HARBOROUGH,LE16 9AA,04811B1C,2700000250465,6535,21/3/2026,E,
Unit 7,,SELLICK IND UNITS,,Saltash,PL12 6TW,03800110,2200016238635,,3/11/2025,D,
Coneygreaves Farm,,Coneygreaves,,Stoke on Trent,ST10 2NS,00900N14,1410257040004,,13/4/2026,E,
,34,Nene Valley Business Park,,Peterborough,PE8 4HN,03801N12,1100020423724,4093,13/4/2026,E,
Unit 3,,Burma Drive,,HULL,HU9 5SD,0084505A,2366530522012,,29/9/2026,E,
,87,Etnam Street,,Leominster,HR6 8AE,03801007,1413727602008,6308,30/3/2026,E,
BASEMENT OFFICE,23,GREEN PARK,,BATH,BA1 1HZ,03800110,2200043169974,,3/11/2025,D,
Unit 2,,Hopton Court,,Devizes,SN10 2EU,03801H07,2000006603906,2847,3/11/2025,E,
Central Waste Limited,,Wigwam Lane,,Nottingham,NG15 7TA,00845L02,1170001352845,,14/4/2026,E,
COMMUNITY CENTRE,1,Chippenham Mews,,London,W9 2AN,03802204,1200029406155,35624,30/9/2027,E,
,13,Southside Street,,Plymouth,PL1 2LA,03800110,2200010300190,,3/11/2025,D,
,,,,,,,1414414931003,,,,
,29,Woolton Street,,Liverpool,L25 5NH,03093D02,1300034435171,23863,20/5/2026,E,
,170,Anderton Road,,Birmingham,B11 1ND,04811N14,1415254311009,53522,25/7/2028,E,
,13,Southside Street,,Plymouth,PL1 2LA,03801N14,2200041139081,,3/11/2025,D,
,,58/59 Southside Street,,Plymouth,PL1 2LA,03800110,2200031951366,,3/11/2025,D,
,,,,,,,1591121589993,,,,
Old Civic Centre Car Park,,Black Horse Lane,,Ipswich,IP1 2EF,03136202,1012894163633,10008,16/4/2027,E,
,76,METROCENTRE,,GATESHEAD,NE11 9YR,0580102D,1591058087472,30867,3/11/2025,E,
,2,MOORLANDS ROAD,,Merriott,TA16 5NF,,72788908,104930,4/8/2026,,126134
,,Pk Road,,Spalding,PE12 7EE,04811037,1100000509173,,3/11/2025,D,
Burley Coach House,,The Cross,,Ringwood,BH24 4AB,03801H06,2000026585623,351,31/3/2026,E,
Park Hall,,Park Road,,Spalding,PE12 7EE,03801013,1100000508861,310,3/11/2025,D,
Plot 1,8,Birmingham Road,,Walsall,WS1 2NA,03801N13,1460001809412,10826,31/3/2027,E,
Portals Bar,17,Castle Street,,Aberdeen,AB11 5BQ,00800S13,1714740191950,,3/11/2025,D,
,68,HILL STREET SHOPPING CENTRE,,MIDDLESBROUGH,TS1 1TB,0680702C,1591058041023,19750,3/11/2025,E,
Unit 1,,unit 1,,WELLS,BA5 1RQ,00900N13,2200030034353,,16/4/2026,E,
Unit 2A,,Badminton Court,,Amersham,HP7 0DD,03801204,1012955174359,40979,3/11/2025,E,
,UNIT N21,LINTHORPE ROAD,,MIDDLESBROUGH,TS1 5BU,0580102D,1591030800300,24337,3/11/2025,E,
,22,Load Street,,Bewdley,DY12 2AE,03801N12,1415918491003,8291,31/3/2027,E,
,269,Alcester Road South,,Birmingham,B14 6EB,03801007,1418055501009,3422,16/4/2027,E,
,,CLARENCE STREET,,DUDLEY,DY3 1UP,03800007,1413751490008,,3/11/2025,D,
,452,Marton Road,,Middlesbrough,TS4 3AA,0380102A,1591052472040,2025,1/10/2027,E,
,4-5,High Street Wimbledon,,LONDON,SW19 5DX,00845072,1200010211272,,17/4/2026,E,
Bournemouth 227,111,Old Christchurch Road,,Bournemouth,BH1 1EP,04076144,2000020861430,,31/3/2026,E,
Bournemouth 227,111,Old Christchurch Road,,Bournemouth,BH1 1EP,03801H06,2000020861440,12108,31/3/2026,E,
FLAT ABOVE SHOP,,CLARENCE STREET,,DUDLEY,DY3 1UP,03800007,1414751490000,,3/11/2025,D,
11A Woodside Place,,,,Wembley,HA0 1UW,03801201,1012833136351,1881,3/11/2025,E,
,12,John Street,,BRADFORD,BD1 3JS,0380102A,2316106771810,8383,18/8/2026,E,
,107,Catherine Street,,Warrington,WA5 0LA,03801D02,1300004874670,6973,31/3/2026,E,
,41,Orchard Park,,Camarthen,SA33 4TL,03801N12,2199999091820,2992,17/4/2026,E,
,,Unit 11a Abbey Industrial Estate,,Wembley,HA0 1NR,03800202,1012833136583,,3/11/2025,D,
,60,JAMES CARTER ROAD,,BURY ST. EDMUNDS,IP28 7DE,00845073,1014572806677,,1/10/2027,E,
Bay 4,Unit 20a,Abbey Industrial Estate,,Wembley,HA0 1NR,04810201,1012833139575,18019,3/11/2025,E,
Torrys Diy,,30-34 West Street,,Warwick,CV34 6AN,04811N12,1100024645593,14626,31/3/2027,E,
,53-55,"Ground Floor,University House",,London,N1 6AH,04811202,1200030109411,9902,29/4/2026,E,
,49-51,East Road,,London,N1 6AH,03801201,1200030109397,1180,29/4/2026,E,
UNIT 3,,ABBEY INDUSTRIAL ESTATE,,WEMBLEY,HA0 1NR,03801203,1012833143483,27792,3/11/2025,E,
"UNIT 26, ABBEY INDUSTRIAL ESTATE",,Mount Pleasant,,WEMBLEY,HA0 1NR,03800203,1012833143020,,3/11/2025,D,
,,,,,,,1800032326250,,,,
,20,Nuffield Way,,ABINGDON,OX14 1RL,00845H86,2000027355380,,3/11/2025,E,
,,Walford Road,,ROSS-ON-WYE,HR9 5PQ,04024040,1418285881006,,3/11/2025,D,
,,Lonsdale Road,,LONDON,SW13 9QN,03801204,1200051196952,57916,1/10/2027,E,
1/3,14,Park Circus,,Glasgow,G3 6AX,04800225,1800037910012,,3/11/2025,D,
,,,,,,,55737501,55737501,,,175803
,171,Comptons Lane,,HORSHAM,RH13 6BW,00845J07,2500001855659,,1/4/2026,E,
,,,,,,,8857607306,8857607306,,,99642
1/3,14,Park Circus,,Glasgow,G3 6AX,04800D02,1800037910021,,3/11/2025,D,
Sturden Lodge,,Pye Corner,,Bristol,BS16 1SQ,03801N12,2200040925497,7705,18/4/2026,E,
,41,Bedford Square,,London,WC1B 3HX,00845072,1200037798373,,20/3/2027,E,
Shillakers Farm,,North Drove Bank,,Spalding,PE11 3JU,04811N13,1100000824542,14986,18/4/2027,E,
Golden Lion,,Menherion,,Redruth,TR16 6NW,00845N14,2200023819120,,13/6/2026,E,
,38/39,LANCASTER GATE,,LONDON,W2 3NA,03005204,1200040573999,30766,1/4/2026,E,
Unit 1,,Marstone Business Park,,"Rudgate, Tockwith",YO26 7QF,0380102A,2300000465642,,3/11/2025,E,
,,Avenue Road Extension,,Leicester,LE2 3EJ,00845058,1100039350824,,9/1/2028,E,
,38/39,LANCASTER GATE,,LONDON,W2 3NA,03801204,1200040574005,43597,1/4/2026,E,
,38/39,LANCASTER GATE,,LONDON,W2 3NA,03006203,1200040574014,31110,1/4/2026,E,
,UNIT 14,MARSTON MOOR BUSINESS PARK,,YORK,YO26 7QF,0481102B,2380002344347,,3/11/2025,E,
,46,Bridgford Road,,Nottingham,NG2 6AP,03801N12,1100006711515,5818,1/10/2027,E,
YI Ban Ltd,1012,Dockside Road,,LONDON,E16 2QT,,9150436800,745203,1/6/2026,,819258
,19,High Street,,Dereham,NR19 1DZ,04811202,1012741936983,3552,1/10/2026,E,
,154,Myrtle House,,Accrington,BB5 0AE,03801014,1610022414330,6877,24/4/2028,E,
Golden Palace,52,North Street,,Bourne,PE10 9AB,04828N12,1100001258136,22152,19/4/2026,E,
Round Oak Annexe,,Bishopsgate Road,,Egham,TW20 0YW,04044H19,2000003348019,22546,1/4/2027,E,
Unit 04,,Marston Business Park,,York,YO26 7QF,0380002A,2300000860199,,3/11/2025,D,
,135,Central Parade,,Herne Bay,CT6 8SS,03800202,1900031176527,,3/11/2025,D,
,30,Blacklands Way,,ABINGDON,OX14 1SX,03801H09,2000009379156,67908,20/4/2026,E,
,803-805,Melton Road,,Leicester,LE4 8EE,04032N13,1100012576693,,2/10/2027,E,
Prospect House,24,Ellerbeck Court,,MIDDLESBROUGH,TS9 5PT,0084505C,1580000367330,,1/10/2028,E,
,6,Lees Road,,Ashton-under-lyne,OL5 0PF,03801631,1610002703370,7,3/11/2025,D,
,32,Blacklands Way,,ABINGDON,OX14 1SX,03801H09,2000009379174,40251,20/4/2026,E,
,61,Queen Street,,BLACKBURN,BB6 7QP,03801131,1610022030781,12632,30/10/2026,E,
,17,Blackstock Road,,London,N4 2JF,03801204,1200052325078,25251,1/12/2025,E,
St Edburgs Church,,Church Street,,Bicester,OX26 6AY,00845H86,2000054582083,,29/10/2027,E,
,,29-35 Main Street,,Irvine,KA11 4AQ,00900D02,1800035212040,,15/7/2026,E,
"2, QUEENSWAY HOUSE, KINGS ROAD",2,Queensway House,,Canvey Island,SS8 0QY,03801202,1012592670661,5100,15/8/2026,E,
,30-38,STEYNE GARDENS,,Worthing,BN11 3DZ,,48833910,197641,1/9/2026,,245388
,339,Kentish Town Road,,London,NW5 2TJ,,1200030337341,155685,10/10/2027,1,
,36,Broadway,,Leigh On Sea,SS9 1AJ,04807202,1012523394431,159,23/8/2026,E,
,19-20,Great Sutton Street,,London,EC1V 0DR,00900204,1200050509244,,3/2/2026,E,
,16,Queen Street,,Newton Abbot,TQ12 2EF,04808N12,2200019886996,25016,15/7/2027,E,
Unit 25,,"Izons Industrial Estate, Oldbury Road",,WEST BROMWICH,B70 9BS,03801N13,1413857460004,22835,12/6/2027,E,
Unit 6,,Wyvern Estate,,New Malden,KT3 4PH,,8821489008,25364,1/10/2026,,248
Unit A,11,Cibyn Industrial Estate,,Caernarfon,LL55 2BD,03801D01,1300011815484,1306,3/11/2025,E,
,,"White Horse Yard, Church Street",,WHITBY,YO22 4BW,0084502D,1591041883030,,30/10/2026,E,
,2,Whalley Road,,Accrington,BB5 5DT,03801004,1610022658650,2944,15/7/2027,E,
,,Florida Close,,Stoke-on-Trent,ST6 2DJ,06800021,1427841000000,,3/11/2025,D,
27-29,,Mitcham Lane,,London.,SW16 6LQ,03800202,1200028863539,,3/11/2025,D,
,,,,,,,9092402709,9092402709,,,9092402709
"Jacks, Thurland Chambers",4,Thurland Street,,NOTTINGHAM,NG1 3DR,03801N13,1100005255421,7068,31/10/2026,E,
8-14,,TALBOT SQUARE,,LONDON,W2 1TS,00845071,1200010047718,,1/10/2026,E,
,,27-29 Mitcham Lane,,London,SW16 6LQ,03800201,1200028863548,,3/11/2025,D,
,,"Saxon Way, Priory Park",,HESSLE,HU13 9PB,,8867541510,1,3/11/2025,,1
,391,Dudley Road,,Birmingham,B18 4HD,02807004,1418296501000,16280,7/8/2028,E,
,,,,,,,1200039248043,,,,
Unit 11,,Fleet Business Park,,Fleet,GU52 8BF,03801H02,2000027413020,9193,31/10/2026,E,
Yatton Village Hall,,The Causeway,,Bristol,BS49 4HL,04060N13,2200030139534,29692,31/10/2028,E,
,,U 2 Market Place,,Garstang,PR3 1ZA,00900831,1610023214116,,3/11/2025,E,
"Unit 33, The I O Centre",,Armstrong Road,,LONDON,SE18 6RS,00900071,1200052005221,,27/3/2026,E,
27-29,,Mitcham Lane,,London.,SW16 6LQ,03800202,1200028863557,,3/11/2025,D,
,7,Howick Place,,LONDON,SW1P 1AA,04811204,1200060924592,,24/9/2028,E,
,168-170,Londonderry Lane,,SMETHWICK,B67 7EN,04811N14,1417408170003,25280,2/7/2026,E,
70a,,East Barnet Road,,Barnet,EN4 8RQ,03801201,1012994112893,1561,16/7/2027,E,
Typhoon International Ltd,,Limerick Road,,Redcar,TS10 5JU,0084505B,1591017059633,,3/11/2025,E,
,,Pikehelve Street,,West Bromwich,B70 0TU,03801N12,1417902070009,,18/11/2028,E,
,,The Sterling Complex,,Ipswich,IP1 5AP,03802202,1023498593313,,10/11/2027,E,
Brixton Seventh-Day Adventist,,Santley Street,,LONDON,SW4 7QG,03800202,1200036336910,,3/11/2025,D,
,53,Leopold Road,,Felixstowe,IP11 7NR,03801203,1012909656438,11980,16/7/2026,E,
Lowes Electrical,,Freeman Road,,Lincoln,LN6 9AP,03801013,1100002882467,1088,16/7/2026,E,
ROBERT HOPKINS ENVIRONMENTAL,,BULLOCK STREET,,WEST BROMWICH,B70 7HE,00845H02,1470000270344,,5/4/2026,E,
,16-17,Chancel Way,,Halesowen,B62 8SE,04811N13,1414391190008,828,20/11/2025,E,
Brixton Seventh-Day Adventist,,Santley Street,,London,SW4 7QG,03801202,1200036336895,,3/11/2025,D,
Unit A3-3,8,Festival Way,,Basildon,SS14 3WB,00845072,1050000891100,,3/11/2025,E,
,2a,Priory Street,,BIRKENHEAD,CH41 5JH,04043D02,1300006425624,9611,25/3/2027,E,
,2,Market Street,,Highbridge,TA9 3BW,04574251,2200021851869,,3/11/2025,D,
,155,Hylton Road,,Sunderland,SR4 7YF,0380102C,1591041427971,15598,17/7/2027,E,
,,251-255 Linthorpe Road,,Middlesbrough,TS1 4AS,,1591059560775,36316,12/11/2025,E,
Rollinson House Farm,,Little Scotland,,Bolton,BL6 5LN,04510304,1610011454060,95920,1/10/2026,E,
,7,Market Street,,Highbridge,TA9 3BW,03800110,2200021852019,,3/11/2025,D,
Unit 10,,Upcott Avenue,,Pottington Business Park,EX31 1HN,03801110,2200014281569,1676,12/11/2026,E,
,,,,,,,18602109,18602109,,,74384
,,Pottery Road,,Newton Abbot,TQ13 9JJ,03801N13,2200020367981,20007,28/3/2027,E,
Landlords Supply,17,Bigg Market,,Newcastle Upon Tyne,NE1 1UN,0380102A,1591042111227,455,7/11/2025,E,
,103,Blackmoor Lane,,Leeds,LS17 9DZ,04800999,2345481323711,,3/11/2025,D,
Boundary Court,,Heaton Chapel,,Stockport,SK4 5GA,00845074,1620001259906,,17/7/2028,E,
Class 7 MOT Bay,,Pottery Road,,Newton Abbot,TQ13 9JJ,03801N12,2200041855014,4048,28/3/2027,E,
,,,,,,,1023466172280,,,,
Bookwise Ltd,566 568,Coventry Road,,BIRMINGHAM,B10 0UN,03801N12,1415852241008,10690,4/5/2026,E,
Pavilion Tucker Park,,Park Road,,FARINGDON,SN7 7BP,03105H38,2000011897797,14338,17/7/2027,E,
,,,,,,,2000024370428,,,,
The Hollybush Hotel,,Station Lane,,Saltburn-By-The-Sea,TS12 2LR,0080002A,1591058618788,,3/11/2025,D,
,,,,,,,1012707407310,,,,
The Cut,264,Milton Road,,,BS22 8EN,03801110,2200013143609,2045,9/6/2026,E,
,291,Warrington Road,,WARRINGTON,WA3 5LF,00845801,1600000080479,,20/8/2027,E,
,11,Ellerbeck Court,,MIDDLESBROUGH,TS9 5PT,0380102B,1580000771049,3919,3/11/2025,E,
Barrow Moor Farm,,Dog Lane,,Ashbourne,DE6 3EH,04817N13,1100008683621,54522,18/7/2026,E,
Fairburn Engineering LTD,73-79,Clarence Street,,Hull,HU9 1DH,0380102D,2390000069505,26818,18/7/2026,E,
,33-35,High Street,,LONDON,NW10 4NE,04809203,1200037674890,13404,3/1/2026,E,
,141,Weoley Castle Road,,Birmingham,B29 5QH,00900N13,1421773100004,,17/1/2026,E,
,28A,HIGH STREET,,ROYSTON,SG8 9AG,03801201,1012769837360,6790,15/11/2025,E,
UNIT 8-9,,BRUNTS BUSINESS CENTRE,,MANSFIELD,NG18 2AH,03801N12,1100003916355,6632,23/7/2026,E,
Chemwaste Ltd,,Ladywood Way,,Dewsbury,WF13 3SG,0380102C,2355572467117,4241,18/8/2028,E,
Batley Rafa,,Cambridge Street,,Batley,WF17 5JH,0382602C,2353473595910,13539,18/6/2026,E,
,UNIT 1,"JUNCTION COURT , 9 STATION ROAD",,WATFORD,WD17 1AP,03801202,1050001182478,7511,15/11/2025,E,
,80,LANCASTER STREET,,BIRMINGHAM,B4 7AR,03801N14,1412228111002,,3/11/2025,D,
Unit 3 New Court Business Park,,Perry Road,,HARLOW,CM18 7NS,03801202,1012750588894,1712,27/5/2026,E,
,UNIT 2,JUNCTION COURT,,,WD17 1AP,03801202,1050001182469,1092,15/11/2025,E,
,,,,,,,1339765802,,,,
10G,,Folgate Road,,North Walsham,NR28 0AJ,03801201,1012729321253,1574,25/7/2027,E,
,,,,,,,9159331607,9159331607,,,214988
,,,,,,,2341908199015,,,,
,,,,,,,58121510,58121510,,,42322
,11,Mallard Close,,NORTHAMPTON,NN6 0JF,,58582906,59108,1/5/2026,,62615
,,,,,,,52874305,52874305,,,1
Bus Station Cafe,,Albion Street,,Castleford,WF10 1EG,03800999,2355530743211,,3/11/2025,D,
,41-45,Prontaprint,,Birmingham,B6 4HT,03801N14,1414032431002,66073,2/7/2026,E,
Shepwell Green Social Club,,BILSTON LANE,,WILLENHALL,WV13 2QF,03031007,1414602203003,15495,3/11/2025,D,
,57,Barnsley Road,,Wakefield,WF1 5LE,0380102D,2350790163010,41706,1/3/2028,E,
,611,Walsall Road,,Birmingham,B42 1EH,03801007,1417508421000,11405,10/5/2026,E,
,44,Bilston Lane,,Willenhall,WV13 2QF,03800007,1460000670023,,3/11/2025,D,
,,,,,,,1423519000002,,,,
,654-655,Washwood Heath Road,,BIRMINGHAM,B8 2HJ,00845127,1420916100002,,1/5/2026,E,
,226,Kingsway,,Bristol,BS5 8NS,04800251,2200017864323,,3/11/2025,D,
30095C St Mary & St John's Church,,Snow Hill,,"Wolverhampton, West Midlands,",WV2 4AD,03801007,1419278080009,,3/11/2025,D,
Welcome Change Community Hub,316,Kitts Green Road,,Birmingham,B33 9SB,,1410872151005,5546,1/4/2026,E,
,45,Centenary Street,,CAMBORNE,TR14 8HP,04042N13,2200023439821,8153,25/10/2026,E,
,,Cherrycourt Way,,Leighton Buzzard,LU7 8UH,,1012381380244,6145,21/7/2026,E,
,790,Mandarin Court,,WARRINGTON,WA1 1GG,03801D03,1300054168456,32275,24/1/2026,E,
Unit 2,,The Common,,Norwich,NR14 8AE,03801203,1012721035046,15557,21/7/2026,E,
,,Shorts Gardens,,London,WC2H 9AU,,1200010036140,,3/11/2025,E,
Trevanion House,,Trevanion Road,,Wadebridge,PL27 7PA,03801110,2200022263486,44020,31/5/2027,E,
Cassiobury House,11-19,Station Road,,Watford,WD17 1AP,03800202,1012414146735,,3/11/2025,D,
,107,Unit E,,Leicester,LE4 9LG,03801013,1170001375912,3013,3/11/2025,E,
Westmoor Bakery,10,Armstrong Drive,,Newcastle Upon Tyne,NE12 7EB,0380102B,1591041685424,10090,1/8/2027,E,
Unit 31,,Westbrook Trading Estate,,Manchester,M17 1AY,04800591,1610027200108,,3/11/2025,D,
,32,High Street,,Broadway,WR12 7DT,03801N13,1418859571003,83525,21/7/2028,E,
,,Unit 2,,Leicester,LE8 6HP,03801N14,1100039622817,,1/10/2027,E,
Unit Z,,Rudford Industrial Estate,,Arundal,BN18 0BF,03801H09,2000054501447,80478,18/11/2026,E,
Hall Livesley Brown,25,Chester Street,,WREXHAM,LL13 8BG,00900D01,1300011141610,,3/11/2025,E,
,1202,WALKER ROAD,,NEWCASTLE UPON TYNE,NE6 3JN,0084502C,1591053761702,,1/4/2027,E,
Unit 5,,unit 5 Brindley Road,,Coventry,CV7 9EP,03800013,1100023647386,,3/11/2025,D,
Greenbank Pensioners Club,,Greenbank Avenue,,Whitehaven,CA28 9QT,03801014,1610030999703,8331,18/11/2025,E,
,413-415,High Road,,WEMBLEY,HA9 7AB,04808204,1012831432744,,16/11/2025,E,
,25a,Chester Street,,WREXHAM,LL13 8BG,03801D02,1300000472744,2579,21/7/2026,E,
"Salad Days,Unit 9a-9e",,Tanfield Lea Industrial Estate North,,Stanley,DH9 9UU,0380102B,1591060590175,1112,29/7/2027,E,
,18,Nuffield Way,,ABINGDON,OX14 1RL,00845H88,2000027355325,,2/1/2027,E,
,21,Leazes Pk Road,,Newcastle upon Tyne,NE1 4PF,0380102B,1591060290496,17545,1/10/2028,E,
METRO CENTRE,Unit 14,The Watermark,,Gateshead,NE11 9SY,0380102B,1580000496391,,19/11/2025,E,
Kings Priory School,,Huntingdon Place,,North Shields,NE30 4RF,0084505B,1592001035367,,1/4/2026,E,
,,2-4 High Street,,Beckenham,BR3 1AZ,00845072,1200010182072,,13/11/2025,E,
,58,Brunswick Street,,Nelson,BB9 0SL,03801004,1610014257257,6264,19/11/2026,E,
,228,Merton Road,,London,SW19 1EQ,04808201,1200027818321,22952,22/7/2026,E,
,Unit 6,Maitland Road,,Ipswich,IP6 8NZ,04807203,1012975820539,10595,21/11/2026,E,
24 Leisure Park,,Western Road,,Hove,BN3 1AF,03800202,1900004193462,,3/11/2025,D,
,26,South View,,STANLEY,DH9 7UD,0480702B,1591020977240,7303,1/7/2028,E,
Landlords Supply,,,,Waltham Abbey,EN9 2RJ,03801201,1023535239672,16724,27/1/2026,E,
Queens Arms,55,Southside Street,,Plymouth,PL1 2LA,03801N13,2200010299702,21428,22/7/2026,E,
Oxhill Central Club,1,Eden Terrace,,Co.Durham,DH9 7LW,0380102A,1591023659031,,21/8/2026,E,
,,28-29 Western Road,,Hove,BN3 1AF,03800202,1900025373543,,3/11/2025,D,
Ings View Service Station Ltd,,Shipton Road,,YORK,YO30 5RB,0780102C,1591052532753,,3/8/2026,E,
,UNIT 2,"Snaygill Industrial Estate, Keighley Road",,SKIPTON,BD23 2QR,0481102D,2314751628011,33033,21/11/2026,E,
2nd Floor,28,Western Road,,Hove,BN3 1AF,03800202,1900026373340,,3/11/2025,D,
,53,Mott Street,,Birmingham,B19 3HE,03801007,1418495531004,1038,1/1/2026,E,
62a,,Front Street,,Stanley,DH9 0HU,0380102A,1591059072157,3927,7/11/2027,E,
3rd Floor,,28-29 Western Road,,Hove,BN3 1AF,03800202,1900013373846,,3/11/2025,D,
King Gearge Store,100,King George Road,,WARE,SG12 7DT,04874201,1012767603836,1917,22/11/2027,E,
,,Unit 12 Radford Fields,,Oswestry,SY10 8HA,,1300012703767,,3/11/2025,1,
The Yard,,Bird In Eye Hill,,Uckfield,TN22 5HA,03801202,1900009272091,3035,3/11/2025,E,
,,Cross Guns,,WOLVERHAMPTON,WV11 1TW,03801N14,1415584580003,32633,30/1/2027,E,
,29,Swinegate,,York,YO1 8AZ,0380102D,1591016352751,155967,5/3/2027,E,
Claremont Lodge,,Fontwell Avenue,,CHICHESTER,PO20 3RY,00845H86,2000054210967,,22/7/2026,E,
,407,Hagley Road West,,Birmingham,B32 2AD,03801N12,1412945121000,6020,22/11/2026,E,
,,,,,,,1100003335164,,,,
,53,All Saints Road,,Wolverhampton,WV2 1EG,00900N14,1412791770008,,25/9/2027,E,
,89,London Road,,Sheffield,S2 4LE,0380202A,2330150328715,36376,23/7/2026,E,
,10,Turnham Green Terrace,,London,W4 1QP,03801H02,2000000464005,7204,18/2/2027,E,
,407,Hagley Road West,,Birmingham,B32 2AD,03801N12,1411945121009,5633,22/11/2026,E,
Racehorse Inn,,Wellbrook Street,,Tiverton,EX16 5JW,00845N13,2200030083012,,27/5/2028,E,
,,,,,,,1900026425858,,,,
,,,,,,,45303304,45303304,,,142946
,,,,,,,63892801,63892801,,,152311
,5-7,Fenham Road,,Newcastle upon Tyne,NE4 5AE,0380102B,1591048185730,,3/11/2025,E,
,,,,,,,47948900,,,,
,11,Fenham Road,,Newcastle Upon Tyne,NE4 5AE,0380102A,1591046880725,3011,11/4/2028,E,
Unit 3,,Old Co-Op Buildings,,Newcastle Upon Tyne,NE5 5HL,0380102A,1591032026780,21058,13/11/2027,E,
Bird in Hand,,Marybrook Street,,BERKELEY,GL13 9BA,,51415604,126418,28/7/2028,,118476
,,,,,,,9095351700,9095351700,,,129791
,,,,,,,17615304,17615304,,,160451
,,"Unit 9, Theobald Business Centre",,Hitchin,SG4 0TY,04811201,1012820907946,5306,2/2/2026,E,
Ashford Manor Golf Club,,Fordbridge Road,,Ashford,TW15 3RT,03801H09,2000002196570,173077,4/7/2026,E,
Strawberry Bank Hotel & Restau,72,Main Road,,Coventry,CV7 7NF,,46112504,350215,1/5/2026,,413248
,,,,,,,9125356708,9125356708,,,13055
,117,Bury New Road,,Manchester,M45 6AA,03801014,1650000026570,25518,8/2/2026,E,
,17,Potts Street,,Newcastle upon Tyne,NE6 1ED,,1591056615206,,3/11/2025,E,
,71,Mansfield Road,,NOTTINGHAM,NG1 3FN,03801N12,1100005502492,5645,3/11/2025,E,
,8,Benwell Shopping Centre,,Newcastle Upon Tyne,NE4 8BE,0380102A,1591057576462,10515,3/11/2025,D,
,61,Keighley Avenue,,SUNDERLAND,SR5 4BS,0380102B,1591040002400,,3/11/2025,D,
,,,,,,,3074939904,3074939904,,,627104
Knighton Heath Golf Club Ltd,,Francis Avenue,,Bournemouth,BH11 8NX,,8816151506,8816151506,1/3/2029,,74182
,,,,,,,48502404,48502404,,,390181
,,,,,,,77487807,77487807,,,86441
,30,North Street,,SALISBURY,SP2 0HJ,,68199801,55623,16/4/2027,,73791
LA Toscanina,25,Derwent Street,,Sunderland,SR1 3NU,0380102D,1591038651530,59376,28/4/2026,E,
"R LONGSTAFF & CO,",2,West End,,Spalding,PE12 7LW,04811N12,1100000514369,2888,5/2/2026,E,
,15,Eccleston Street,,London,SW1W 9LX,03801204,1200038531368,98509,1/10/2026,E,
,,Troydale Lane,,PUDSEY,LS28 9LD,0481102D,2313509465019,78199,3/11/2025,E,
,,,,,,,49157710,49157710,,,233520
Unit 6,,Pump Lane,,Hayes,UB3 3NB,,71830606,1,25/6/2028,,71830606
,,,,,,,8825310209,8825310209,,,46795
,,"Penfold Works,",,WATFORD,WD24 4YY,04811203,1014570210896,977,3/2/2027,E,
,,21A Olive Street,,Sunderland,SR1 3PE,0380102B,1591043226718,1537,3/11/2025,D,
,15,Fawcett Street,,SUNDERLAND,SR1 1RH,0090002D,1591056951170,,3/11/2025,E,
,207,WEST GRANTON ROAD,,EDINBURGH,EH5 1PD,,1104740009,339238,26/9/2028,,343851
The Workshop,,159c Hylton Road,,Sunderland,SR4 7YF,0380002B,1591059145814,,3/11/2025,D,
,,,,,,,67332401,67332401,,,190561
,,,,,,,53349605,53349605,,,293681
Lulu's Coffee House,20,Top Floor,,,SR1 3JE,0480702C,1591040033409,1934,3/11/2025,D,
Restorante Fratelli,,Bell Villas,,Newcastle Upon Tyne,NE20 9BE,0084505C,1580000696507,,31/3/2026,E,
,,28b Holmeside,,Sunderland,SR1 3JE,0480702C,1591052868509,6021,3/11/2025,D,
,.,"Eastland Road, Flat 88",,Somerset,BA21 4EX,,11035805,445052,1/10/2027,,439309
,40,Holmeside,,Sunderland,SR1 3JE,03800998,1591059703264,,3/11/2025,D,
HEATHERTON SPORTS PARK,,ST. FLORENCE,,TENBY,SA70 8RJ,00845300,2199999901062,,1/10/2026,E,
Mason Amusements,44,Holmeside,,Sunderland,SR1 3JE,0090002C,1591126255856,,25/4/2026,E,
Hodgsons,,25- 26 Holmside,,Sunderland,SR1 3JE,05800998,1591027720540,,3/11/2025,D,
,3,Mill Road,,Eastbourne,BN21 2LY,,14890805,187441,1/5/2026,,189889
Alf Smith Butcher,19,Villette Road,,Sunderland,SR2 8RH,03800998,1591037586670,,3/11/2025,D,
,.,"AZTEC WEST, UNIT 1410",,,BS32 4RT,,4184894110,52451,1/5/2026,,40815
,,Unit 23,,Swansea,SA4 3RS,03801N13,2199989617632,33990,7/4/2028,E,
SHOP1,260,Hillmorton Road,,RUGBY,CV22 5BW,03801N13,1100025596184,8175,5/2/2026,E,
1st Floor,7,Vine Place,,Sunderland,SR1 3NE,0380102B,1591059422374,55293,3/11/2025,D,
,86,Longbrook Street,,Exeter,EX4 6AP,03801N12,2200018083432,26364,6/2/2026,E,
,15,Hylton Road,,Sunderland,SR4 7AF,0383502A,1591014248367,2050,3/11/2025,E,
EVESHAM HOTEL CO,,COOPERS LANE,,EVESHAM,WR11 1DA,,9708102,473755,1/9/2027,,459386
Grove House,,Moor Road,,Chesterfield,S45 0AQ,,21856807,185040,18/12/2027,,118695
"Unit 2, Aspect House",,Maes Y Clawdd,,Oswestry,SY10 8NN,03801D02,1300060523640,9466,21/2/2026,E,
Westacre,,Sleepers Hill,,WINCHESTER,SO22 4NE,,49767210,462172,1/9/2027,,466057
,87,Sea Road,,Sunderland,SR6 9BW,0380102A,1591059192897,5204,8/7/2026,E,
,,,,,,,76089206,76089206,,,209684
,,26-34 Cameron Walk,,Gateshead,NE11 9YE,0080007B,1592001055656,,3/11/2025,D,
,6,Rowallen Parade,,Dagenham,RM8 1XU,04811202,1200039855085,5224,3/11/2025,E,
,,,,,,,8816622800,8816622800,,,96260
(kitchen Equipment) Limited,,Glenfuir Works,,FALKIRK,FK1 4QY,00845G02,1800035209916,,1/11/2027,E,
Unit 11,,Langley Park Industrial Estate,,Nottingham,NG16 4BS,03801N12,1100007996354,,7/2/2027,E,
,,,,Liverpool 2,L2 0PP,,1300051536387,,,1,
Wellington Buildings,,The Strand,,Liverpool,L2 0PP,03800D01,1300001463379,,3/11/2025,D,
,,Redcote Close,,SOUTHAMPTON,SO18 5SU,,8818980208,11637,29/8/2027,,242933
Fifth Floor,,Wellington Buildings,,Liverpool,L2 0PP,03800D01,1300001463341,,3/11/2025,D,
,,,,,,,63078303,63078303,,,1
First Floor,,Wellington Buildings,,Liverpool,L2 0PP,03800D01,1300001463397,,3/11/2025,D,
Unit 19,,Newton Mearns Shopping Centre,,Glasgow,G77 6EY,03801D01,1800033975150,226,22/8/2026,E,
,,,,,,,9189310808,9189310808,,,1
UNIVERSAL COATINGS LTD,31-37,WATERY LANE,,WILLENHALL WEST MIDLANDS,WV13 3SL,,19970110,139486,4/4/2026,,135857
Ground Floor,,Wellington Buildings,,Liverpool,L2 0PP,03800D01,1300001463411,,3/11/2025,D,
Cook House,,Brunel Drive,,Newark,NG24 2FB,06800081,1100039238529,,3/11/2025,D,
,105,,,Newcastle Upon Tyne,NE2 1JT,0090002B,1591048920548,,8/2/2027,E,
,,,,,,,10513002,10513002,,,123200
Strand Securities Ltd,,Landlords Supply,,LIVERPOOL,L2 0PP,03800D01,1300001463271,,3/11/2025,D,
,,,,,,,9089990008,9089990008,,,108028
,,St. James's Road,,BLACKBURN,BB1 8ET,00845074,1600000028488,,1/8/2028,E,
,48,LEADENHALL MARKET,,London,EC3V 1LR,,61872100,165934,2/4/2026,,178747
,3,Great Elms Road,,Hemel Hempstead,HP3 9TJ,03136201,1012970548248,10745,8/2/2026,E,
22-23,,Blenheim Terrace,,Leeds,LS2 9HD,03800999,2342202704419,,3/11/2025,D,
,43,St. Pauls Street,,Leeds,LS1 2JG,0380102A,2340267988815,878,3/11/2025,E,
,27,Blenheim Terrace,,Leeds,LS2 9HE,0481102B,2342202679418,70544,17/11/2026,E,
,,,,,,,74184010,74184010,,,1
,,,,,,,61599108,61599108,,,105956
,53,Newport Road,,Middlesbrough,TS1 1LB,0090002C,1591058897009,,3/11/2025,E,
Shop,74,Grand Parade,,London,N4 1DX,04811204,1013090009323,125899,8/2/2026,E,
,,Kings Road,,Canvey Island,SS8 0RA,00845071,1014572377490,,8/2/2026,E,
,,,,,,,9193329401,9193329401,,,168479
,,,,,,,62834209,62834209,,,157402
,,"Turnpike Industrial Estate, Turnpike Road",,NEWBURY,RG14 2LR,00900Q04,2000027346135,,11/9/2027,E,
METAL COATING SERVICES LTD,,ROTTERDAM ROAD,,HULL,HU7 0XD,,77322707,995666,1/11/2028,,1026345
,39,"FORBES BUILDINGS, LINTHORPE ROAD",,Middlesbrough,TS1 4AW,0380102A,1591057473465,41,7/4/2026,E,
First Floor,,7-9 Union Street,,Stratford Upon Avon,CV37 6QT,03801007,1411547081001,399,3/11/2025,E,
,194,Linthorpe Road,,Middlesbrough,TS1 3RF,04800998,1591054567952,,3/11/2025,D,
,,,,,,,73098405,73098405,,,186655
,,,,,,,9195166308,9195166308,,,9195166308
Fradley Business Park,,Lancaster Road,,Lichfield,WS13 8RY,,9101712806,311586,1/9/2027,,279444
25 A,,25a Norfolk Place,,Middlesborough,TS3 7PA,0380102A,1591032105796,2087,3/11/2025,E,
Nicholsons Sealing Technologies Ltd,,Amos Drive,,Stanley,DH9 7YE,,8824411704,317084,3/10/2026,,492434
MEEESHELLS (flat above ),448,Marton Road,,Middlesbrough,TS4 3AA,,1591059396608,3527,3/11/2025,1,
,,,,,,,9129685703,9129685703,,,263240
,,,,,,,49078602,49078602,,,109908
"COMMERCIAL UNION ASSURANCE CO, FLOOR 1",58,Albert Road,,Middlesbrough,TS1 1QD,0380102B,1591047182621,12418,3/11/2025,D,
Enterprise House,,Billington Road,,BURNLEY,BB11 5UB,00845414,1600000032856,,10/2/2026,E,
Court Y Park,,,,Ledbury,HR8 2RW,,1416077681003,,24/8/2028,1,
,,M E M Centre,,Sheerness,ME12 1AU,00900073,1900030425423,,1/9/2026,E,
The Pavilion,,"Dukes Meadow, Dan Mason Drive",,LONDON,W4 2SH,,60944408,168794,21/10/2027,,148641
,,,,,,,2380002859345,,,,
Scout Hq,,Allendale Road,,Middlesbrough,TS7 9LF,0380102A,1591011699071,2157,3/11/2025,D,
,58,Church Street,,Berwick-Upon-Tweed,TD15 1DU,03801D01,1800031175779,17829,6/5/2027,E,
Unit 3,,Northway Lane,,Tewkesbury,GL20 8JG,03800007,1460001494272,,3/11/2025,D,
Boa Catering Ltd,2,Bridge Yard,,Bradford-on-Avon,BA15 1EJ,00845H86,2000054867800,,28/5/2027,E,
,111,Town Street,,MALTON,YO17 7HD,0090002D,1591012276497,,15/5/2028,E,
,34,King Street,,Clitheroe,BB7 9SL,,1610014213357,31262,1/6/2027,1,
,11,Atherton Way,,Brigg,DN20 8AR,0380102D,2376551160219,31227,16/6/2026,E,
Lock Up Shop,14,North Street,,Emsworth,PO10 7DG,,2000015246654,29483,7/6/2027,1,
,56,East Street,,Chichester,PO19 1JG,03801H02,2000018882110,3897,5/6/2027,E,
,,Hall Drive,,Middlesbrough,TS5 7EZ,,1591021052392,22429,28/8/2027,E,
Clanville Garage,,Clanville,,Andover,SP11 9HZ,,2000007837555,15478,10/6/2027,1,
,,,,,,,6252204,6252204,,,302786
,91,Fleet Road,,FLEET,GU51 3PJ,03801H02,2000017392445,25861,12/6/2027,E,
,,The Mount,,Newquay,TR7 1AT,03500110,2200022285071,3351,21/8/2026,E,
,17,Bank Street,,Irvine,KA12 0AJ,03801D01,1800017336338,2910,19/6/2027,E,
,,,,,,,14872702,14872702,,,3
,,Arabesque School Of Dance,,Chichester,PO19 8NY,03801H01,2000050486450,3689,23/6/2027,E,
Day Nursery Adjacent Ponthir School,,Off Caerleon Rd,,Newport,NP18 1GD,03801N13,2100040487939,23330,12/7/2027,E,
Unit 15,,Rydons Industrial Estate,,Newton Abbot,TQ12 3SJ,03801N12,2200020043528,5309,16/4/2026,E,
Youth Centre,,Sullivan Road,,Hampshire,RG22 4EH,03801H02,2000017948142,35209,26/6/2027,E,
,3,Peter Street,,ALTRINCHAM,WA14 2DZ,03801204,1610027488044,27291,18/4/2027,E,
Rowden Surgery,,Rowden Hill,,Chippenham,SN15 2SB,03801H09,2000006830433,53692,28/6/2027,E,
,,,,,,,82551804,82551804,,,14271
,,,,,,,5822910,5822910,,,253314
,,Church Street,,Manchester,M30 0EW,00900424,1600000068764,,29/12/2026,E,
,,,,,,,14037701,14037701,,,1
,,,,,,,58371006,58371006,,,34323
,.,"QUEEN STREET, 2",,,LN8 3EH,,50780106,134517,1/3/2026,,137333
Ship Inn,,Wincle,,Macclesfield,SK11 0QE,,1610011696880,30232,1/7/2027,1,
,,54 Oldfield Road,,Salford,M5 4LZ,,1610018901730,,3/11/2025,D,
,,,,,,,46154105,46154105,,,151550
,1,Portview Road,,BRISTOL,BS11 9LS,03801N14,2200016627666,76771,28/8/2026,E,
,,Stephenson Way,,Crawley,RH10 1TN,00900204,1900016348648,,19/7/2027,E,
,,,,,,,16261009,16261009,,,170188
,788,Oldham Road,,Manchester,M35 9FE,03801004,1610023796592,6940,9/4/2028,E,
,4,Tame Road,,Birmingham,B6 7DS,,1414900321003,3596,24/7/2027,E,
Unit 30,,Irlam Business Centre,,Manchester,M44 6GP,,1630000638233,3687,10/4/2026,E,
,,,,,,,9210170703,9210170703,,,10693
Bridge House,,Green Hills,,Canterbury,CT4 6LE,,1900017203553,35851,28/7/2027,1,
Matform Business Centre,,Terminus Road,,Chichester,PO19 8UL,03801H02,2000018466949,108177,4/8/2027,E,
,,,,,,,47025604,47025604,,,39022
Conservative Working Mens Club,15,Queen Street,,Louth,LN11 9AU,0380202C,2371112630519,25323,3/1/2026,E,
,,"Newby Road Industrial Estate, Newby Road",,STOCKPORT,SK7 5DA,00845074,1620001095831,,1/11/2026,E,
,,,,,,,9088528004,9088528004,,,97292
,1339,Ashton Old Road,,Manchester,M11 1JT,03801004,1610001363994,9250,1/8/2026,E,
Tynte Arms Pub,,Enmore,,Bridgwater,TA5 2DP,03801110,2200021381383,15571,7/8/2027,E,
,,,,,,,15006201,15006201,,,1259100
,,THE STREET,,Steyning,BN44 3WE,,51082502,62064,10/11/2026,,67589
,,,,,,,9168988308,9168988308,,,9168988308
PORTA VIA,179,BANK STREET,,COATBRIDGE,ML5 1HA,03826D04,1800015652587,26760,9/8/2027,E,
,31,West Street,,Blandford Forum,DT11 7AW,03801H06,2000050607799,20645,10/8/2027,E,
,72,Market Street,,Hyde,SK14 1ES,04813154,1610003396529,,3/11/2024,E,
J Greeley Butcher,27,Winter Hey Lane,,Bolton,BL6 7AD,,1610030329099,96410,11/8/2027,1,
,,249-251 Dickson Road,,Blackpool,FY1 2JH,,1610003700087,11737,12/8/2027,E,
THE GRANGE NURSING H,72,Upper Northam Road,,SOUTHAMPTON,SO30 4EB,00801H86,2000054424536,,1/2/2028,E,
46a,,Rastrick Common,,Brighouse,HD6 3DR,0380102B,2324661591112,9734,24/10/2027,E,
Fleetwood Dental Laboratories,145,Poulton Road,,Fleetwood,FY7 7AP,03801004,1610004894603,4699,15/8/2027,E,
Folly Hall Mills,,ST THOMAS ROAD,,HUDDERSFIELD,HD1 3LT,,2380001455186,5678,3/9/2027,1,
,,,,,,,49140603,49140603,,,4893
Launderette,8,Grosvenor Road,,Aldershot,GU11 1DP,03801H07,2000016979594,13287,16/8/2027,E,
,,,,,,,48784901,48784901,,,71893
Peveril Of The Roak,127,Great Bridgewater Street,,Manchester,M1 5JQ,04811024,1610000089520,53768,4/8/2027,E,
,40,Glenacre Road,,Glasgow,G67 2NX,00900D04,1800035242338,,25/8/2027,E,
,11-15,Hallcraig Street,,Airdrie,ML6 6AH,03801D01,1800015056069,15629,27/8/2027,E,
Cancer Research Campaign,217,High Street,,Northallerton,DL7 8LW,0084502D,1591014767798,,10/2/2026,E,
,,,,,,,8180204,8180204,,,266745
,125,High Street,,NORTHALLERTON,DL7 8PQ,0090002D,1591021389930,,1/7/2027,E,
,200a,Bury Road,,BURY,BL8 3DX,03801014,1610028694663,12615,1/9/2027,E,
,9,CHARLOTTE STREET,,,ZE1 0JL,,1712913265209,17,11/8/2026,E,
Atlas,8,St. Davids Road South,,Lancashire,FY8 1TB,04005024,1610004555270,41961,7/9/2027,E,
Facade Hoists,,Coombend,,Radstock,BA3 3AS,00845L02,2200012005800,,6/5/2026,E,
The Holmes,,Clarbeston,,Dyfed,SA63 4QU,03801N14,2199999741123,42801,23/2/2027,E,
Jan Wilkinson And Son Ltd,334,Park Lane,,Poulton Le Fylde,FY6 0LU,00845074,1620001136540,,13/9/2027,E,
"Unit 2, Alliance Court",,Eco Park Road,,Ludlow,SY8 1FB,03801N13,1460001462703,25306,3/11/2025,E,
First Floor,2,,,Brunswick Road,BN3 1DG,03801203,1900045335979,12364,26/9/2027,E,
Hanley Swan,,Malvern,,Worcs,WR8 0EQ,07800021,1429869100002,,3/11/2025,D,
UNIT E4,,3 GRAFTON WAY,,BASINGSTOKE,RG22 6HY,03801H01,2000017851501,4183,1/10/2027,E,
,27,Hest Bank Lane,,LANCASTER,LA2 6DG,03801024,1610023119562,50152,6/12/2026,E,
,,,,,,,8817705304,8817705304,,,271309
12A,,CHURCH STREET,,WARWICK,CV34 4AB,03801N13,1100024227687,,24/1/2031,E,
,5,Castlecroft Road,,Chester,CH4 7QD,,1300010255488,16469,1/10/2027,E,
,85,Donnington Park,,CHICHESTER,PO20 7DU,04811H18,2000018474754,39329,1/10/2027,E,
Unit D,5,Parade,,Exmouth,EX8 1RS,03801110,2200040241059,1564,3/11/2025,E,
Apollo Business Park,,Radclive Road,,BUCKINGHAM,MK18 4BL,,8919721701,374636,1/10/2028,,453600
,42,Atlantic Way,,BIDEFORD,EX39 1JD,00900N14,2200030079451,,1/10/2027,E,
,,,,,,,53121507,53121507,,,3369
,,,,,,,57231905,57231905,,,1
81-83,,Cato Street,,Birmingham,B7 4TS,03801N12,1411525831005,6005,1/10/2027,E,
,127,Forefield Lane,,LIVERPOOL,L23 9SL,03801D02,1300000898288,,3/11/2025,E,
,,,,,,,75265307,75265307,,,857095
The Roundhouse,25,Church Street,,MELKSHAM,SN12 6LS,04044H17,2000006126479,768,2/10/2027,E,
,2,SYDENHAM AVENUE,,LIVERPOOL,L17 3AX,04045E01,1300003071525,48291,1/10/2027,E,
,102,The Esplanade,,Weymouth,DT4 7EB,00845H86,2000050277373,,20/3/2026,E,
,62,West Harbour Road,,EDINBURGH,EH5 1PW,,1104769101,70466,11/2/2027,,68488
,,"Milking Parlour,Oxen Park Farm",,Ilfracombe,EX34 9RG,04056N14,2200041108367,197979,3/10/2027,E,
,35,Andover Road,,Andover,SP11 9LU,03801H02,2000027768560,14085,7/10/2027,E,
,,,,,,,50072202,50072202,,,32517
,2,Hollandhurst Road,,COATBRIDGE,ML5 2EG,03801D01,1800015728456,5965,16/10/2027,E,
Park Club Institute,,Gurth Avenue,,Doncaster,DN3 2LP,0380102D,2331557331912,34779,30/4/2028,E,
UNITY YOUTH & COMMUNITY CENTRE,49,Dove Street,,LIVERPOOL,L8 0UT,03801D03,1300002033538,7463,11/4/2026,E,
Unit 1a,,Watchmoor Road,,Camberley,GU15 3AJ,,2000004714586,39678,19/10/2027,E,
Manor House,,Arksey Lane,,Doncaster,DN5 7TR,0380102A,2334967460914,52835,15/6/2026,E,
Oakleigh,,Wragmire Bank,,Carlisle,CA4 0BL,04811004,1610031581687,2668,28/10/2027,E,
,37,Rodney Street,,Liverpool,L1 9EN,,1300034418520,10787,14/3/2027,E,
Moore's Bakery Ltd,6,Jubilee Road,,Doncaster,DN1 2UF,0084505A,2336592525516,,19/3/2026,E,
,220,Sheffield Road,,Barnsley,S70 4PF,0350002B,2330917170910,13638,1/11/2027,E,
,,,,,,,64980702,64980702,,,39055
Old Brewery,,Shore Street,,Barrow In Furness,LA14 2UB,03801004,1610005665985,20122,2/11/2027,E,
,,,,,,,47108209,47108209,,,47108209
,18,Newtown,,Barnoldswick,BB18 5UQ,0487402D,2315852841510,32325,20/7/2026,E,
REAR OF,143,North Street,,Romford,RM1 1ED,03800203,1012512162387,,3/11/2025,D,
,2,Woolley Bridge Road,,Glossop,SK13 2NR,03801004,1610006016777,7628,20/5/2027,E,
The Beulah Apartments,,Meadfoot Road,,Torquay,TQ1 2JP,,2200019775135,,3/11/2025,1,
,,,,,,,79692706,79692706,,,301580
,24,Fawcett Street,,Sunderland,SR1 1RH,0380102C,1591060839911,,3/11/2025,E,
Shop,48,Cargo Fleet Lane,,MIDDLESBROUGH,TS3 0PL,0380102D,1591012205399,50092,21/5/2026,E,
,10,The Plains,,Totnes,TQ9 5DW,04800251,2200020274867,,3/11/2025,D,
Alexander House,3,Hillside Road,,BURY ST. EDMUNDS,IP32 7EA,00900203,1023529547172,,22/5/2026,E,
,28,Queen Street,,Newton Abbot,TQ12 2EF,03800110,2200019887085,,3/11/2025,D,
Dowran,,St. Just,,Cornwall,TR19 7RS,03800110,2200023060571,,3/11/2025,D,
Silvermere Golf Centre,,Redhill Road,,COBHAM,KT11 1EF,,8815730001,328918,1/4/2030,,370449
,UNIT 23,HARLING ROAD,,NORWICH,NR16 2JU,,1030049247604,6893,22/5/2026,1,
Export,,4 Sloway Lane,,Highbridge,TA9 3RJ,00845581,2200042361727,,3/11/2025,E,
,,,,Perranporth,TR6 0AE,04800251,2200023550681,,3/11/2025,D,
,431,Hagley Road West,,Birmingham,B32 2AD,03801N12,1412155121004,2574,22/5/2026,E,
Hunday Manor Hotel,,,,Workington,CA14 4JF,00845801,1600000049576,,30/8/2026,E,
,982,Stockport Road,,Manchester,M19 3NN,03801014,1610000958635,27033,23/5/2027,E,
Spar Stores,7-9,Abbey Lane,,SHEFFIELD,S8 0BJ,0090002D,2336532691210,,23/5/2026,E,
Henheys house,,29a Market Street,,Somt,TA18 7JU,04800210,2200014749993,,3/11/2025,D,
"Unit 5, Block 18",,"Amber Business Centre, Greenhill Lane",,ALFRETON,DE55 4BR,,1160001022428,,10/10/2026,E,
,374,Court Oak Road,,BIRMINGHAM,B32 2DY,03800007,1415837911008,,3/11/2025,D,
,,28 Southbury Road,,Enfield,EN1 1SA,04811203,1013029372819,10087,23/5/2027,E,
,366,Court Oak Road,,Birmingham,B32 2DY,03800007,1418737911008,,3/11/2025,D,
,368,Court Oak Road,,Birmingham,B32 2DY,03801007,1411837911000,,3/11/2025,E,
,,Unit 9,,Wolverhampton,WV9 5EU,00900N13,1417697213007,,14/10/2026,E,
Sky Chinese Cuisine Limited,,20-28 Stowell Street,,Newcastle Upon Tyne,NE1 4XQ,05800998,1570000314100,,3/11/2025,D,
,69,Whitchurch Road,,Shrewsbury,SY1 4EE,03801007,1415466300007,15495,3/11/2025,D,
,30,Bank Street,,"Kilmarnock, Ayrshire",KA1 1HA,00900D04,1800035242189,,3/11/2025,E,
,299,HALE LANE,,EDGWARE,HA8 7AX,03801201,1013017897426,,31/10/2026,E,
,,29-31 Sackville Street,,Manchester,M1 3LZ,04800661,1610000061988,,3/11/2025,D,
Unit A1,,"Sunset Business Centre, Manchester Road",,Bolton,OL1 4EB,03801204,1610001824792,7300,14/2/2027,E,
Baker Brook Ind Est,,Wigwam Lane,,Nottingham,NG15 7SZ,03801N13,1100005225082,,24/5/2027,E,
,242-244,Dalton Road,,BARROW-IN-FURNESS,LA14 1PN,03801014,1610005661768,9692,3/11/2025,E,
,,Unit 3,,ENFIELD,EN3 7XF,00845072,1014571201049,,24/5/2026,E,
Cafe Princess;Trisians Family,21,Princess Parade,,Bury,BL9 0QL,03801014,1610028879756,37250,21/5/2026,E,
Mccannas,511,Holden Road,,Leigh,WN7 2JJ,03800631,1610009285075,,3/11/2025,D,
"Unit 12, Schooner Park",,Schooner Court,,DARTFORD,DA2 6NW,03801203,1900090322865,44722,3/11/2025,E,
"CROSS GUNS, AVONCLIFF",,BRADFORD-ON-AVON,,WILTSHIRE,BA15 2HB,03104H37,2000006245130,28209,31/3/2026,E,
,94,Shop,,London,W14 9EX,00900072,1200030599475,,16/8/2027,E,
,,Helenston Farm,,Arbroath,DD9 7BD,,1700052768799,,3/11/2025,E,
Brownmuir Farm,,Lochwinnoch,,Renfrewshire,PA12 4JN,03801D01,1800033984270,,3/11/2025,D,
Videk Ltd,,"Kingsbury Trading Estate, Church Lane",,LONDON,NW9 8AU,03801202,1023488576817,20969,30/8/2026,E,
Unit 3-4,,Raw Camps Industrial Estate,,Kirknewton,EH14 8DF,03801D01,1800030934578,393,3/11/2025,E,
"Unit 18, Station Road Industrial Estate",,Valley Road,,BARNSLEY,S73 0BS,0380102C,2332809808013,22810,25/5/2027,E,
Unit 7-8,,Camps Industrial Estate,,KIRKNEWTON,EH27 8DF,03801D01,1800020219550,9473,3/11/2025,E,
Unit 11,,Camps Industrial Estate,,Kirknewton,EH27 8DF,03800D01,1800020219781,,3/11/2025,D,
Top Floor Front,25,High Street Wimbledon,,London,SW19 5DX,03801202,1200027466296,1122,3/11/2025,D,
Ground Floor Office,10,Derwent Street,,Sunderland,SR1 3NT,0380102B,1591147604514,13299,11/6/2026,E,
,,10A Derwent Street,,Sunderland,SR1 3NT,,1591158502893,14904,11/6/2026,E,
,,,,,,,61845007,61845007,,,138747
,,43a Vicrage Lane,,London,E15 4HG,01800001,1200020928871,,3/11/2025,D,
Petals,924,City Road,,Sheffield,S2 1GQ,0380102B,2336052451815,7446,4/2/2026,E,
,95,Fenham Road,,London,SE15 1AE,03800202,1200026202225,,3/11/2025,D,
Ground Floor Unt 15,,Putney High Street,,London,SW15 1TW,03801202,1200031041650,,3/11/2025,D,
,95,Fenham Road,,London,SE15 1AE,03800202,1200026202234,,3/11/2025,D,
,95,Fenham Road,,London,SE15 1AE,03800202,1200026202243,,3/11/2025,D,
ST. CATHERINES COURT,46-48,Portsmouth Road,,Guildford,GU2 4DU,00845071,1900060537774,,1/10/2027,E,
Unit 15a,,"Putney Exchange, Putney High Street",,LONDON,SW15 1TW,03801201,1200031041632,7622,3/11/2025,E,
Unit 23,,"Putney Exchange, Putney High Street",,LONDON,SW15 1TW,03801201,1200031041749,1470,3/11/2025,E,
Unit L,55,Ver House,,St Albans,AL3 8JP,04811202,1012390957212,9062,28/5/2026,E,
,60,Parkway,,London,NW1 7AH,03800202,1200034593858,,3/11/2025,D,
,60,Parkway,,London,NW1 7AH,03800202,1200034593885,,3/11/2025,D,
,130,Central Parade,,HERNE BAY,CT6 8SS,00900204,1900039426258,,28/5/2026,E,
,128/129,Central Parade,,HERNE BAY,CT6 8SS,07801204,1900043426941,80051,28/5/2026,E,
,132/134,Central Parade,,HERNE BAY,CT6 8SS,00900204,1900035426166,,28/5/2026,E,
,72,Parkway,,London,NW1 7AH,03005201,1200034594105,,5/9/2027,E,
,132/134,Central Parade,,HERNE BAY,CT6 8SS,00900204,1900035426175,,28/5/2026,E,
,,17A High Street,,Royston,SG8 9AA,03801202,1012769833686,,3/11/2025,D,
,36,New Street,,Mold,CH7 1NZ,03801D01,1300009542665,1605,3/11/2025,E,
,,,,,,,70171710,70171710,,,165524
,243-245,MAIN ROAD,,KING'S LYNN,PE34 4AG,04808202,1012663889934,57208,15/6/2028,E,
"Unit 14,Whitebridge Farm Industrial Esta",,Crays Hill,,Billericay,CM11 2UL,03801202,1012567344210,5937,29/5/2027,E,
New C I S,28-44,New Street,,MOLD,CH7 1NZ,,1300009542674,2195,3/11/2025,E,
,,Public Conveniences New St Car Park,,Mold,CH7 1NZ,04800D02,1300009542692,,3/11/2025,D,
,Non-PAF De,North Main Street,,FALKIRK,FK2 8HZ,00845D04,1800036583050,,23/2/2026,E,
,67,Middlewich Road,,Sandbach,CW11 1HU,03801D01,1300008234238,14290,12/5/2026,E,
The Kebab Centre;201,,North Lane,,Aldershot,GU12 4SY,03801H04,2000016256315,30238,25/9/2029,E,
,104,North End Road,,London,W14 9EX,03800202,1200030599651,,3/11/2025,D,
M G L Floor Coverings,3,Northenden Road,,SALE,M33 2DH,03801631,1610028053074,3845,15/2/2026,E,
Suite 5,27,,,Norfolk,NR2 1JN,03801202,1030078779830,27070,6/7/2026,E,
brambles,22,Cliff Road,,LEIGH-ON-SEA,SS9 1HJ,03807204,1050000995723,72883,27/4/2028,E,
,,,,,,,52065608,52065608,,,9214
MASTER SUPER SWEETS,129,Legrams Lane,,Bradford,BD7 2AA,,2311007901111,2072,3/11/2025,1,
,2,Ritherdon Road,,London,SW17 8QD,03801201,1200025581990,3267,3/11/2025,E,
,10,Kennet Road,,DARTFORD,DA1 4QN,03801204,1200034612641,50731,25/5/2026,E,
257-259,,Somercotes Hill,,Alfreton,DE55 4HX,03801013,1100008343550,1003,3/11/2025,E,
Suite 6,27,St Giles,,Norfolk,NR2 1JN,03801201,1030078778456,3161,6/7/2026,E,
Phoenix Dryers & Engineering,,Carlinghurst Road,,Blackburn,BB2 1PN,05808054,1620000789238,87981,29/5/2026,E,
,250,Barkerend Road,,Bradford,BD3 9DB,0380102B,2314403601213,7570,3/11/2025,E,
,2,Ritherdon Road,,London,SW17 8QD,03801201,1200025582006,550,3/11/2025,E,
,,,,,,,21315705,21315705,,,143352
,40,Whitehill Road,,Coalville,LE67 1EL,04031N14,1100018824705,34841,6/7/2026,E,
,7,Esther Court,,Ashington,NE63 8AP,0380102B,1580000268382,7724,3/11/2025,E,
Unit 3C,,Monk Road Ind. Est,,Alfreton,DE55 7RL,04800037,1100008381379,,3/11/2025,D,
,69,Lever Street,,Lancashire,BL3 2AB,04511091,1610029543910,,1/7/2027,E,
,Unit 23,Pitcliffe Way,,Bradford,BD5 7SG,,2312517147510,25357,1/6/2026,E,
,,Monk Road Ind Est,,Alfreton,DE55 7RL,03800013,1100008381388,,3/11/2025,D,
,,,,,,,2000017448187,,,,
,2,Ritherdon Road,,London,SW17 8QD,03801202,1200025582015,3587,3/11/2025,E,
Lincolnshire,GRANTHAM,United Kingdom,,,NG33 4RZ,04032N13,1100001480853,31430,30/4/2028,E,
,232,Ashton Road,,OLDHAM,OL8 1QN,03801131,1610002351119,42,3/11/2025,E,
,20,Rose Green Road,,Bognor Regis,PO21 3ET,,2000019016800,5334,1/6/2026,E,
,17a,Bridge Street,,Denbigh,LL16 3LF,04811D01,1300009271490,8,3/6/2026,E,
Unit 7,,Monk Road,,Alfreton,DE55 7RL,03800013,1100008070768,,3/11/2025,D,
,Unit 13,"Beaver Industrial Estate,",,LIPHOOK,GU30 7EU,03801H07,2000017448196,458,26/3/2026,E,
,7,Cartwright Road,,STEVENAGE,SG1 4QJ,04807204,1012831294056,23147,15/7/2026,E,
London Borough of Lambeth,,Blocks 5 6 Blenheim Gdns Site,,London,SW2 5DE,03800202,1200039387829,,3/11/2025,D,
,19,Promenade,,CHELTENHAM,GL50 1LP,04811N12,1419191071007,32478,4/6/2026,E,
Paint Store,,Viola Street,,Bolton,BL1 8NG,04811004,1610030059155,6556,1/2/2027,E,
,42,Wheata Road,,Sheffield,S5 9FL,0481102C,2332520507819,3171,3/11/2025,D,
Unit 8,,Cartwright Road,,Stevenage,SG1 4QJ,03801203,1012831294288,7080,15/7/2026,E,
Unit 16,,Hoddesdon Industrial Centre,,Hoddesdon,EN11 0DD,03801202,1012762757276,8840,1/8/2026,E,
London Borough of Lambeth,,Blocks 5 6 Blenheim Gdns Site,,London,SW2 5DE,03800202,1200039387847,,3/11/2025,D,
Unit 6D,,Castle Street Ind Est,,Alloa,FK10 1EU,03801D02,1800019304773,8268,25/6/2026,E,
,89,"Condor Close ,Woolsbridge Industrial Estate",,Wimbourne,BH21 6SU,03801H02,2000026951578,9338,16/6/2027,E,
,65,Hadlow Road,,WELLING,DA16 1AX,03801202,1200021483792,5528,3/11/2025,E,
,,BISHOPS NYMPTON,,SOUTH MOLTON,EX36 4PS,03801110,2200014135812,2472,30/4/2026,E,
Unit 7B,,Castle Way,,Caldicot,NP26 5PR,03801N13,2199991592304,848,29/6/2026,E,
Alderney Plating(1986) Ltd,,Thrush Road,,Poole,BH12 4NP,00845H86,2000027448139,,19/4/2026,E,
,,70a Longmead Drive,,Sidcup,DA14 4NZ,03801202,1200031839192,4567,3/11/2025,E,
,,DABELL AVENUE,,NOTTINGHAM,NG6 8WA,00900058,1100039208161,,22/11/2025,E,
St. Peter's Church,,Main Street,,Kettering,NN14 3BX,03826N12,1100021232815,1677,4/6/2026,E,
Ground Floor Front Office main meter,,Redburn House,,Newcastle-upon-Tyne,NE5 1NB,0380102D,1591046926886,17577,1/4/2028,E,
Cotswold Hills Golf,,Ullenwood,,Cheltenham,GL53 9QT,00845N14,1419153171006,,1/7/2026,E,
Waste Transfer Site,14,St Georges Avenue,,Poole,BH12 4ND,,2000053202032,,1/12/2026,1,
,10,Openwoodgate,,Belper,DE56 0SD,04812037,1100008817082,2072,3/11/2025,E,
Unit 18,,"Hoddesdon Industrial Centre, Pindar Road",,HODDESDON,EN11 0DD,03801201,1012762752213,41898,5/6/2027,E,
,1,Brunel Way,,Thetford,IP24 1HP,00900201,1014570426861,,7/7/2026,E,
"UNIT 17,311-321 FORBES BUILDING",,LINTHORPE ROAD,,MIDDLESBROUGH,TS1 4AW,,1570000288851,946,1/5/2028,E,
Widemouth Manor Hotel,,Widemouth Bay,,Bude,EX23 0DE,00845570,2200011714809,,2/7/2026,E,
Unit 36,,Dawkins Road Industrial Estate,,Poole,BH15 4JD,03801H07,2000022060961,7060,2/10/2027,E,
Methodist Chapel,,Openwoodgate,,BELPER,DE56 0SD,03801013,1100008817134,5951,3/11/2025,E,
,86,The broadway,,London,SW19 1RH,00900204,1200025341442,,5/6/2027,E,
,,Unit P,,LEIGHTON BUZZARD,LU7 4UH,00900204,1014570187892,,7/7/2027,E,
,,Primrose Street,,Tonypandy,CF40 1BQ,03220N12,2199994593383,26980,1/5/2026,E,
,,Main Road,,CHELTENHAM,GL51 4XJ,03801N12,1418763271000,12360,2/7/2026,E,
,,Poole Arms,,Poole,BH15 1HJ,03801H03,2000021528588,49631,19/8/2026,E,
,,8-10 Third Avenue,,Nottingham,NG7 6JH,04800037,1100005696362,,3/11/2025,D,
St.Lukes Church Cntr,,Victoria Road,,Cambridge,CB4 3DZ,04811202,1012800787777,19432,1/5/2028,E,
,,,,,,,9099277106,9099277106,,,52742
Unit 3 Cobden Mews,90,The Broadway,,London,SW19 1RH,03801202,1200025341559,12196,7/7/2026,E,
Unit 1,565,Blandford Road,,Poole,BH16 5BW,03801H06,2000022286234,4185,15/7/2026,E,
Unit 11a-11b,,Ackhurst Road,,Chorley,PR7 1NH,03801014,1620001134490,21294,15/7/2026,E,
,,8-10 Third Avenue,,Nottingham,NG7 6JH,04828037,1100005696380,,3/11/2025,D,
Queens Head,26,Churchgate Street,,HARLOW,CM17 0JT,03136204,1012743537325,25176,10/11/2026,E,
,4,Foxholes Road,,Leicester,LE3 1TH,03801N12,1100051149327,615,7/7/2026,E,
,,,,,,,12871207,12871207,,,187870
T.n.robinson Ltd,,Westbury Street,,Cheshire,SK14 4QP,,11930809,91401,7/6/2026,,117326
,1288,Wimborne Road,,Bournemouth,BH10 7AJ,03801H01,2000020879828,1109,21/2/2026,E,
,40,Hornsby Square,,Basildon,SS15 6SD,00900203,1012562745368,,3/11/2025,E,
"FOY & CO, 102, BRIDGE STREET, WORKSOP",Worksop,102,,Nottinghamshire,S80 1HZ,03800013,1100003424930,,3/11/2025,D,
Unit 8A,,Charles Industrial Estate,,Stowmarket,IP14 5AH,03801202,1012971509649,1492,2/7/2026,E,
FILLING STATION,,Gosford Road,,BECCLES,NR34 9QP,04139204,1012706731570,138736,1/5/2026,E,
Chester Fields,,Chester Bridge Road,,Chester,CH2 4JR,03801D04,1300060106807,138395,1/8/2026,E,
,,,,,,,46531109,46531109,,,117391
Reg:Winchester,,83 High Street,,Winchester,SO23 9AP,03801H02,2000024617308,6159,30/6/2027,E,
Unit 1,,Shore Street,,,LA14 2UB,03801004,1610005665888,2176,25/7/2026,E,
,35,York Road,,Northampton,NN1 5QH,03800013,1100019768283,,3/11/2025,D,
Unit 18 Kingsbury Trading Estate,,Church Lane,,London,NW9 8AU,04811204,1050002075164,16328,1/12/2023,E,
,23,Lampits Hill,,Stanford-Le-Hope,SS17 9AA,03801201,1012554757697,2057,6/6/2028,E,
Bowling Club,,Queen Elizabeth Park,,Stonehaven,AB39 2RD,,16015903,125087,4/4/2027,,156351
Just Tasty,49,Ferry Road,,Barrow In Furness,LA14 2QF,03801004,1610005598511,20857,2/8/2026,E,
New Sports Hall,,Chequers Way,,Reading,RG5 3EL,00845H86,2000027850480,,23/8/2027,E,
Station Garage,,,,Wareham,BH20 4AS,03801H08,2000022327801,13531,17/6/2026,E,
,940,Stockport Road,,Manchester,M19 3NN,03801004,1610000958820,5912,3/11/2025,E,
Castle Gate News,11,Union Road,,LINCOLN,LN1 3BJ,03801N12,1100002642337,47578,8/7/2027,E,
,1,Peel Avenue,,Blackpool,FY3 7AQ,,1610003641574,3159,15/8/2026,E,
LL supply,,mateo drive,,Bournemouth,BH9 2FD,03801H01,2000020932598,,29/7/2026,E,
Regis Business Centre,,Durban Road,,BOGNOR REGIS,PO22 9QT,00845H88,2000051759181,,1/5/2028,E,
,50,Manse Road,,Wishaw,ML2 9AX,03801D04,1800018479988,30777,6/6/2026,E,
,,,,,,,9116464800,9116464800,,,183067
Eagle Lodge,,Stanhope Avenue,,WOODHALL SPA,LN10 6SP,00845L02,1170000190926,,8/7/2026,E,
,.,Adelaide Street,,BOLTON,BL3 3NY,00845801,1600000085732,,15/8/2026,E,
,1,Kings Road,,Bristol,BS4 3HH,04800251,2200015272547,,3/11/2025,D,
49,,STOURBRIDGE ROAD,,WEST MIDLANDS,DY9 7DH,03801007,1470000534683,2403,3/11/2025,E,
Penketh Health Centre,,Honiton Way,,Warrington,WA5 2EY,03800D04,1300034449607,,3/11/2025,D,
,,,,,,,3329734902,3329734902,,,155062
,,Hopton Industrial Estate,,Devizes,SN10 2EU,04811H16,2000006604120,543,9/1/2027,E,
Unit 7,,Harris Road,,Calne,SN11 9PT,03801H07,2000006786341,12176,1/9/2026,E,
,74,Green Road,,Bournemouth,BH9 1EB,03800H01,2000020700399,,3/11/2025,D,
,479,London Road,,ISLEWORTH,TW7 4BX,03801H01,2000002961842,,3/11/2025,D,
,51,Barking Road,,London,E6 1PY,03801201,1200041506033,15129,3/11/2025,E,
"Unit 1, 176a",,Blackburn Road,,Accrington,BB5 0AE,00900831,1600000030102,,17/9/2026,E,
SMALL GROVE,,SEA LANE,,SKEGNESS,PE25 1PG,04812N12,1100000538537,,1/5/2027,E,
,18,Frodsham Street,,Chester,CH1 3JL,03801D02,1300010316810,6437,1/9/2026,E,
,9,Redcatch Road,,Bristol,BS4 2EP,03801110,2200015312508,3828,1/4/2026,E,
,,,,,,,2373854320611,,,,
PLOT FLAT LLRD,479A,LONDON ROAD,,ISLEWORTH,TW7 4BX,03801H01,2000060048873,785,3/11/2025,E,
Faraday,,Sea Lane,,SKEGNESS,PE25 1PG,04811N12,1100025672481,6725,1/5/2027,E,
Old House Farm,,Hanbury Road,,Bromsgrove,B60 4BU,00811127,1419931302002,,8/7/2026,E,
,128,High Street,,BRISTOL,BS16 5HH,04042210,2200017470181,,3/11/2025,E,
,,Higher Suffenton Farm,,Bodmin,PL30 3LN,04808N12,2200022161029,9507,4/9/2026,E,
,,,,,,,2373854310613,,,,
The Villager,,Sea Lane,,SKEGNESS,PE25 1PG,04828N14,1100000538402,204392,1/5/2027,E,
"5, Royal Parade",,Tilford Road,,Hindhead,GU26 6TD,04576140,2000016271234,,9/7/2026,E,
Cattle Mart,,,,Stirling,FK7 7LS,00845G01,1800035143159,,28/6/2027,E,
Unit 1,9,Leigh Road,,Havant,PO9 2ES,03801H01,2000027723063,1678,5/9/2026,E,
,,,,,,,21941001,21941001,,,1
,,,,,,,1100014216359,,,,
,9,Woodthorpe Road,,Ashford,TW15 2RL,04800140,2000002207770,,3/11/2025,D,
Unit 1,,Pakenham Street,,LONDON,WC1X 0LA,03006203,1200020201616,14039,3/11/2025,E,
The Lamplighters,,Station Road,,Bristol,BS11 9XA,00900N14,2200030000920,,26/1/2026,E,
,259,Neath Road,,Neath,SA11 2SL,03800N13,2199998565325,,3/11/2025,D,
The Villager,,Sea Lane,,SKEGNESS,PE25 1PG,04828N14,1100000538528,47955,1/5/2027,E,
VICTORIA INN,,WEST MARDEN,,Chichester,PO18 9EN,04108H44,2000019088770,49877,26/4/2026,E,
,,Workshop,,LEICESTER,LE8 4GZ,04811037,1100013039751,13977,9/7/2026,E,
,,,,,,,9212958004,9212958004,,,78889
,38,Church Road,,HIGHBRIDGE,TA9 4RL,00845N13,2200030042559,,8/9/2026,E,
,,Quarry Steps Clifton,,Bristol,BS8 2UD,03801110,2200016370885,2132,3/1/2026,E,
,62,Second Drove,,PETERBOROUGH,PE1 5XA,03801201,1050000169077,,6/3/2026,E,
,123,Aldersgate Street,,London,EC1A 4JQ,03800202,1200036111114,,3/11/2025,D,
,,18d Pony Road,,Oxford,OX4 2SA,03801H06,2000054851190,828,9/7/2027,E,
Jokers Arcade,,Sea Lane,,Skegness,PE25 1NU,04032N14,1100000538519,23406,1/5/2027,E,
,3,Farm Road,,Hove,BN3 1FB,04829201,1900015374220,16613,8/9/2026,E,
,,,,,,,15550909,15550909,,,115472
,10,Abbotsford Road,,Bristol,BS6 6HB,03801110,2200016326840,3402,16/11/2026,E,
,123,Aldersgate Street,,London,EC1A 4JQ,03800202,1200036111123,,3/11/2025,D,
,,,,,,,48737701,48737701,,,195925
,61,Second Drove Industrial Estate,,Peterborough,PE1 5XA,03801201,1012881075483,2115,6/3/2026,E,
,,,,,,,149506,149506,,,362647
White Elephant,96,Brownshill Green Road,,Coventry,CV6 2DT,04811N12,1100023310420,3610,9/7/2026,E,
,,1B The Cross,,Buckley,CH7 2ED,03802D01,1300009208771,755,8/9/2026,E,
,35,Seamoor Road,,Bournemouth,BH4 9AE,03801H03,2000021062132,9115,1/5/2027,E,
,10a,High Street,,Shoeburyness,SS3 9AH,03801201,1012530208412,,3/11/2025,E,
,,58-62 Bristol Hill,,Bristol,BS4 5AB,03801110,2200015197777,8171,7/11/2026,E,
,48,Poplar Road,,Birmingham,B14 7AG,03800N12,1418000311003,,3/11/2025,D,
2,,Cross Street,,Polegate,BN26 6BN,,1900026297479,4030,1/5/2026,1,
,9a,Gate Lane,,Sutton Coldfield,B73 5TR,03801007,1419186621001,663,11/9/2026,E,
Unit 7,,Heron Industrial Estate,,Wickford,SS11 8DL,03801202,1012570017041,4210,3/11/2025,E,
,,Maurice House,,BISHOP'S STORTFORD,CM23 3DH,00845071,1014569778958,,7/8/2026,E,
,,Novers Park Road,,Bristol,BS4 1RN,03801N13,2200015564615,56430,15/12/2025,E,
,,Show Room 2,,London,SW19 5EE,03801201,1200051789252,1390,8/6/2026,E,
Buckinghamshire,HIGH WYCOM,United Kingdom,,,HP12 7HJ,03801H09,2000051701553,194642,1/5/2026,E,
Unit 21,,Maitland Road,,Ipswich,IP6 8NZ,04807201,1023458863114,13649,2/4/2027,E,
Redford Sawmill,,Redford,,Arbroath,DD11 2RD,,1716708123224,57545,12/9/2026,E,
,508,Wimborne Road,,Bournemouth,BH9 2EX,04576140,2000020872210,,6/9/2026,E,
,,,,,,,9885203,9885203,,,109613
,,Cattlegate Road,,ENFIELD,EN2 9DS,03800201,1013043264582,,3/11/2025,D,
Unit 22,,Maitland Road,,Ipswich,IP6 8NZ,04807202,1023458863346,8690,10/7/2027,E,
,,The Canal Club,,London,E2 9HP,03801203,1200038097543,,3/11/2025,E,
,25,Bailgate,,Lincoln,LN1 3AP,03801N12,1100002324621,4703,9/5/2028,E,
Second Floor,154,Putney High Street,,London,SW15 1RS,03801203,1200033205017,174,3/11/2025,E,
"34-36, Exmouth Market",,,,London,EC1R 4QE,,8820431802,187448,1/2/2027,,195639
Izaak Walton,257,Green Street,,ENFIELD,EN3 7SH,03136203,1013041518193,,15/10/2026,E,
,,22 Potters Lane,,Milton Keynes,MK11 3HF,,1100014946232,3083,2/5/2028,1,
,,Whig Street,,Forfar,DD8 2NN,00900P82,1716698991518,,14/12/2025,E,
,724,Christchurch Road,,Bournemouth,BH7 6BZ,03104H34,2000020463479,65311,6/5/2026,E,
,,17-19 St. Stephens Road,,Norwich,NR1 3SP,03136203,1012685108583,20802,9/6/2028,E,
T & A Motors,,Unit 7C Treenwood Industrial Estate,,Bradford On Avon,BA15 2AU,03801H02,2000006225737,7285,15/9/2026,E,
M K Pumps And Motors Ltd,23,Potters Lane,,Milton Keynes,MK11 3HF,03801N12,1100015058213,11100,2/5/2028,E,
Red Lion Cottages,4,Red Lion Square,,AMBLESIDE,LA22 9SS,,8912941601,154903,1/10/2028,,165430
,68,Mill Street,,Alloa,FK10 1DY,,1800035295117,,16/9/2026,1,
,69,Regent Street,,BRISTOL,BS15 8LQ,03801110,2200017792750,13565,3/11/2025,E,
FIRST FLOOR,,47-57 MARYLEBONE LANE,,LONDON,W1U 2NT,03800202,1200060625189,,3/11/2025,D,
,,,,,,,8862804109,8862804109,,,79843
.,67,Lancaster Road,,Barnet,EN4 8AS,04800203,1012994202828,,3/11/2025,D,
,,,,,,,59368303,59368303,,,1
,24,Potters Lane,,Milton Keynes,MK11 3HF,,1100015058222,13737,2/5/2028,E,
,18-20,Shellard Hotel,,BLACKPOOL,FY4 1AU,,1610004052588,15899,11/7/2026,E,
,20,Grange Road,,STOURBRIDGE,DY9 7LE,00845N14,1424960100000,,10/6/2026,E,
,325,Bury Road,,BOLTON,BL2 6BB,03801631,1610029803066,4169,19/9/2026,E,
,16,Rose Street,,Wokingham,RG40 1XU,03801H02,2000005373499,2401,24/11/2026,E,
,2-4,Wood Street,,SWINDON,SN1 4AB,,67672201,196917,21/1/2028,,232646
,158,Putney High Street,,London,SW15 1RS,03800202,1200033205141,,3/11/2025,D,
,107a,Lancaster Road,,Barnet,EN4 8AS,04811201,1012994206042,230,30/10/2028,E,
,,Kingsdale Business Centre,,CHELMSFORD,CM1 1PE,03801204,1050000033507,39563,11/7/2028,E,
Unit 6 Forbes Court,,Billington Road,,Burnley,BB11 5UB,,1640000070030,,2/5/2026,1,
,20,Cliff Road,,LEIGH-ON-SEA,SS9 1HJ,03137204,1012524448060,63519,4/5/2028,E,
,87,Cliveden Road,,CHESTER,CH4 8DS,,1300010273149,4040,20/9/2026,E,
,55,High Street,,Bristol,BS16 5HD,00900N13,2200017485461,,10/1/2027,E,
First Floor Unit 3,22,East Barnet Road,,Barnet,EN4 8RQ,03800202,1023500305664,,3/11/2025,D,
,,Buzzard Works,,LEIGHTON BUZZARD,LU7 4TN,,1012381277894,,11/7/2026,E,
The Thatchers Farm,,Moorland,,Bridgewater,TA7 0AN,04060N14,2200013782331,8066,29/9/2026,E,
,9,Weller Drive,,Wokingham,RG40 4QZ,03801H04,2000005058631,67762,5/5/2027,E,
,36,Dollis Valley Way,,BARNET,EN5 2UJ,03800203,1013007909907,,3/11/2025,D,
LEIGHTON COACHWORKS,,Buzzard Works,,LEIGHTON BUZZARD,LU7 4TN,03801203,1012381278587,15374,11/7/2026,E,
Royal Vincent Hotel,22-30,Hull Road,,Blackpool,FY1 4QB,03801131,1610004110370,1937,3/11/2025,E,
,,22(1) High Oaks,,St Albans,AL3 6DL,03801202,1012476639345,4591,7/5/2027,E,
,145,Victoria Road,,Aldershot,GU11 1JW,03801H02,2000016977834,5945,30/9/2026,E,
"Unit 4, Orpheus House",,,,Reading,RG7 8TA,00845H86,2000011379722,,20/9/2026,E,
,,22-30 Hull Road,,Blackpool,FY1 4QB,03801131,1610004110399,2806,3/11/2025,E,
,105,Rose Green Road,,Bognor Regis,PO21 3ED,04044H17,2000019017724,13097,30/9/2026,E,
,7,Northgate Street,,Ipswich,IP1 3BX,04134200,1014572159683,43923,7/5/2028,E,
,,,,,,,53406,53406,,,53406
,738,Oxford Road,,Reading,RG30 1EH,00900Q03,2000027372534,,18/7/2028,E,
,13/14,Service Bay,,HARLOW,CM18 7NW,03136201,1012750582917,20976,24/7/2026,E,
Smith and Mulley,7,Northgate Street,,Ipswich,IP1 3BX,04124204,1012894490929,18274,7/5/2028,E,
Higher Garstang House Farm,,Chapel Lane,,CHORLEY,PR6 8TB,04811004,1610021258487,9133,1/10/2026,E,
,4,Bridgewater Close,,Reading,RG30 1JT,00845H86,2000027371976,,4/7/2026,E,
"UNIT 720,METEOR BUSINESS PARK",,CHELTENHAM ROAD EAST,,GLOUCESTER,GL2 9QL,00900N14,1460000359874,,1/10/2026,E,
6th - 7th Floor,1,Olympic Way,,Wembley,HA9 0NP,03800202,1012838443149,,3/11/2025,D,
"Unit 8, Tramsheds Industrial Estate",,Coomber Way,,CROYDON,CR0 4TQ,03801202,1900060580724,16064,8/5/2027,E,
,,,,,,,4762902,4762902,,,383859
,,,,,,,601621103,601621103,,,1
Pasture House Farm,,Neds Lane,,Preston,PR3 6HT,03500014,1610023197659,10320,1/10/2026,E,
QUEENS THEATRE LTD,,SHAFTESBURY AVENUE,,LONDON,W1V 8BA,,9892301,634615,1/10/2026,,581398
,155,Whiteladies Road,,Bristol,BS8 2RF,04042210,2200016373609,7226,3/10/2026,E,
,70,Normandy Street,,Alton,GU34 1DE,03800H32,2000018169268,,3/11/2025,D,
,17,Dean Street,,Blackpool,FY4 1AU,03801631,1610004050961,10455,11/6/2027,E,
,12,ARMSTRONG ROAD,,BENFLEET,SS7 4PW,03801204,1012598865711,,8/5/2028,E,
,,,,,,,1300008913989,,,,
Vorwerk House,6,Ashville Way,,WOKINGHAM,RG41 2PL,03801H04,2000054687938,22771,29/5/2026,E,
Units 34-35,,Dawkins Road,,Poole,BH15 4JW,06802H71,2000050586181,,5/6/2026,E,
Grosvenor House;,36,North Lane,,Aldershot,GU12 4QG,00845H87,2000027411403,,1/10/2026,E,
,,3B John Street,,Harrogate,HG1 1JZ,0480902A,1591059992718,197,3/11/2025,E,
,54,Stepney Street,,LLANELLI,SA15 3TG,04811N14,2199996812678,30347,16/7/2026,E,
,1-7,THE BROADWAY,,WICKFORD,SS11 7AD,04100202,1012569030577,,9/5/2027,E,
,9-11,Beltinge Road,,Herne Bay,CT6 6DB,04811204,1900005178730,45278,2/10/2026,E,
,,"The Promenade, Clifton Down",,BRISTOL,BS8 3NJ,03801N14,2200015860503,26685,8/5/2027,E,
Overgate Centre,,,,Dundee,DD1 1UQ,03094P27,1700051032421,30410,3/11/2025,D,
,,,,,,,53866300,53866300,,,62630
SILVERSCREENS,1,Wesley Yard,,Newquay,TR7 1LB,03801N12,2200022108293,4261,23/4/2026,E,
,4,Townsend Piece,,Aylesbury,HP19 8BQ,,1012459349788,289,24/6/2028,E,
,,,,,,,91835606,91835606,,,167634
,,10a Cavendish Street,,Skipton,BD23 2AB,0380102A,2315253835514,755,16/7/2026,E,
,,,,,,,9305977507,,,,
,,,,,,,7474205,7474205,,,226284
,117,Sydney Street,,London,SW3 6NR,03801203,1200025733224,5491,1/10/2026,E,
,,21 Dodworth Road,,Barnsley,S70 6DW,,2331317440018,2273,6/10/2026,E,
Balcony Cafe 3,,Overgate Shopping Centre,,Dundee,DD1 1UQ,03801P06,1700052397020,,3/11/2025,E,
,,,,,,,12910808,12910808,,,437469
Bourne Leisure,,1st Floor Bryanston Court Selden Hill,,Hemel Hempstead,HP2 4TN,00800072,1014572658789,,3/11/2025,D,
,108,Burley Road,,Leeds,LS3 1JP,0380102A,2341233389515,14201,13/7/2026,E,
,177,Montagu Road,,London,N18 2NA,,1013054076653,14826,10/5/2028,E,
,,,,,,,1200040109400,,,,
,Unit 2,The Courtyard,,Sutton Coldfield,B75 7BU,,1460001476681,8492,7/10/2026,1,
Miners Arms,136,Mina Road,,Bristol,BS2 9YQ,03801110,2200017215105,,3/11/2025,E,
,,17A BEAR STREET,,BARNSTAPLE,EX32 7BX,03801110,2200014002918,,3/11/2025,D,
First Floor,5,Bigg Market,,Newcastle Upon Tyne,NE1 1UN,0380002B,1591048294207,,3/11/2025,D,
,13,Howlett Way,,THETFORD,IP24 1HZ,03801203,1012942216159,17053,10/5/2028,E,
Unit 12 Faygate Business Ctr,,Faygate Lane,,Horsham,RH12 4DN,04158202,1900005334025,20879,15/10/2026,E,
Barum Video Shop,63,Newport Road,,Barnstaple,EX32 9BQ,03800110,2200014324831,,3/11/2025,D,
Unit 7,,Leaton Industrial Estate,,Shrewsbury,SY4 3AP,03801007,1419399203008,512,12/6/2026,E,
,93,Magdalen Way,,Great Yarmouth,NR31 7AA,03136204,1012670261856,57633,1/2/2028,E,
,17,VICTORIA RD,,BARNOLDSWICK,BB18 6UN,0380102C,2316054611016,15196,20/10/2026,E,
,,Layton Road,,LEICESTER,LE5 0PU,03816N12,1100012774420,,3/11/2025,E,
29-31,,29-31 Monument Street,,London,EC2R 8BT,00845071,1200050547295,,21/10/2026,E,
Lancashire,CLITHEROE,United Kingdom,,,BB7 2AW,03801024,1610014565994,76435,13/7/2027,E,
"Care Home, Park Farm House",,Parkfield,,BRISTOL,BS16 9NS,01801010,2200017648142,32143,31/5/2026,E,
,,Main Street,,Falkirk,FK2 0QP,03801D01,1800030731254,1893,3/11/2025,E,
Stirling House,,Denny End Road,,CAMBRIDGE,CB25 9PB,,48632103,281904,2/2/2028,,378961
,,,,,,,45037702,45037702,,,1
,86b&c,C Crewe Road,,Stoke On Trent,ST7 2JA,03801D04,1300008308962,155492,20/10/2026,E,
Office,14,King Street,,Bristol,BS1 4EF,03801N14,2200017157109,29144,27/3/2027,E,
,10F,SOLENT ROAD,,HAVANT,PO9 1JH,03801H07,2000055994234,17098,14/7/2026,E,
"NEW ALBION INDUSTRIA, GATE HOUSE",,HALLEY STREET,,GLASGOW,G13 4DJ,03801D01,1800032815419,1112,18/1/2026,E,
University House,,53-55,,LONDON,N1 6AH,03801201,1200030109388,1066,13/6/2026,E,
,17,Vine Street,,Evesham,WR11 4RE,00900N14,1415233081001,,12/5/2026,E,
,,HOLTON ROAD,,Poole,BH16 6LE,,1586904,33859,1/10/2026,,91930
Unit 4 New Court Business Park,,Perry Road,,HARLOW,CM18 7NS,04139202,1012750589355,215,27/5/2026,E,
Wishaw Golf Club,,Bulls Lane,,Sutton Coldfield,B76 9QW,00900N12,1460001879039,,29/5/2026,E,
"Unit 7, Bartlett Court",,Sea King Road,,Yeovil,BA20 2NZ,03801H02,2000025947998,,14/11/2025,D,
Unit 7,,Hoe Lane,,Waltham Abbey,EN9 2RJ,00845072,1023509337070,,16/6/2027,E,
,3,Jupiter Court,,NORTH SHIELDS,NE29 7SE,0084505B,1580000563940,,1/10/2026,E,
,27/43,laker road,,Rochester,ME1 3QX,04812203,1900043151692,1423,3/11/2025,E,
The Wishaw Golf Club Limited,,Bulls Lane,,Wishaw,B76 9QW,03801N14,1410840731003,64493,15/5/2026,E,
Keystone Restoration Ltd,39,Station Road,,Longfield,DA3 7QD,03801201,1900017130834,2428,17/6/2028,E,
,,,,,,,15947207,15947207,,,65797
,,Bagshot Park,,BAGSHOT,GU19 5PJ,,60305003,1,1/4/2026,,216915
"Unit 8, Bartlett Court",,Sea King Road,,Yeovil,BA20 2NZ,03801H02,2000025948004,,14/11/2025,D,
Unit 15B,,Greenway,,Caerphilly,CF83 8DW,00900N14,2199994938546,,4/2/2026,E,
Unit 25,,Bartlett Court,,Yeovil,BA20 2NZ,,2000025948193,393,3/11/2025,1,
,37,"Forbes Buildings, Linthorpe Road",,MIDDLESBROUGH,TS1 4AW,0380102A,1591050479780,4912,13/5/2027,E,
,21,HORN CROSS ROAD,,PLYMOUTH,PL9 9BU,00845203,2200030074630,,1/10/2026,E,
267A,,Acklam Road,,Middlesbrough,TS5 7BP,0090002D,1591056592598,,13/5/2026,E,
The Barnaby Rudge,52,Albion Street,,Broadstairs,CT10 1NE,04829202,1900020191234,54516,1/10/2026,E,
,114,Snakes Lane East,,Woodford Green,IG8 7HY,03801201,1200038503139,5321,3/11/2025,E,
Quantum House,,Hobson Industrial Estate,,Newcastle upon Tyne,NE16 6EA,,17821004,109379,2/10/2026,,103421
,1,Wharf Road,,Birmingham,B11 2DX,04811010,1411602041000,,3/11/2025,D,
,,,,,,,8853402907,8853402907,,,72074
,6,Albyn Place,,EDINBURGH,EH2 4NL,04001D04,1800035165384,86771,1/10/2027,E,
,116,Snakes Lane East,,Woodford Green,IG8 7HY,03801202,1200038503157,1819,3/11/2025,E,
,,,,,,,20129007,20129007,,,48837
,,,,,,,64081207,64081207,,,8560
Unit 7,,Venture Court,,WISBECH,PE13 2XQ,03801202,1023496723878,3384,13/5/2027,E,
,,,,,,,8871556510,8871556510,,,158430
"Ostrich Inn,",,High Street,,SLOUGH,SL3 0JZ,,16513706,281895,15/10/2026,,316952
,,,,,,,49834008,49834008,,,1
,26,Market Square,,Cambridgeshire,PE19 2AF,04807203,1012442840612,7090,13/5/2027,E,
,353,Uxbridge Road,,Pinner,HA5 4JN,03136204,1012407196360,54740,2/10/2027,E,
,,MARKET PLACE,,UTTOXETER,ST14 8HN,04800037,1100025424573,,3/11/2025,D,
T/A Sunshine Stores,93,Upr Bristol Road,,Weston Super Mare,BS22 8DN,04800210,2200013152603,,3/11/2025,D,
,26,Market Square,,Huntingdon,PE19 2AF,,1012442840844,,13/5/2027,1,
,,,,,,,91803705,91803705,,,268114
Unit 2,2,Bridgeman Street,,Walsall,WS2 9PG,03801007,1413773060004,4159,21/6/2027,E,
,63,Bedford Street,,Warwick,CV32 5DN,04828037,1100024321370,31640,3/11/2025,D,
Indus Restaurant,688,Attercliffe Road,,Sheffield,S9 3RP,0380102A,2334551287919,25625,6/9/2027,E,
,25,Kirkgate Street,,Wisbech,PE13 3QR,,1012868938843,3518,11/10/2026,1,
,,Leicester Road,,Hinckley,LE10 3DR,,2436301602,88368,20/12/2027,,85700
,59,Middle Street,,Yeovil,BA20 1LQ,04800140,2000026022107,,3/11/2025,D,
,,,,,,,13756908,13756908,,,36548
Elite 2,13,Cleveland Street,,Wolverhampton,WV1 3HH,03801N13,1415078080000,31227,10/10/2027,E,
,13,Broad Street,,Stoke-on-Trent,ST1 4HS,03800007,1411274303005,,3/11/2025,D,
,451-459,Stratford Road,,Birmingham,B11 4LD,03801N14,1415876711003,51444,14/5/2027,E,
,9,Park Lane,,Southwold,IP18 6HL,03801202,1012704811071,3008,27/6/2026,E,
,31,Broad Street,,Stoke-On-Trent,ST1 4HS,03800007,1414648810003,,3/11/2025,D,
,,U 43 Second Drove Ind Est,,Peterborough,PE1 5XA,04874201,1012881056852,900,14/5/2026,E,
,552,Wimborne Road,,Bournemouth,BH9 2ER,04065H18,2000020872530,6976,3/11/2025,E,
,421,Stratford Road,,Birmingham,B11 4JZ,03801N12,1460000906755,14967,27/6/2028,E,
BUCKINGHAM GOLF CLUB LIMITED,,Tingewick Road,,Buckingham,MK18 4AE,,69089608,131409,1/8/2028,,128244
,,,,,,,9999005,9999005,,,49400
Blunts Shoes,43,Broad Street,,Staffordshire,ST1 4HS,05800021,1419648810002,,3/11/2025,D,
,35B,Churchgate,,Retford,DN22 6PA,03801N14,1170000007382,36008,20/2/2027,E,
Unit 1,,Nunn Close,,Sutton-in-Ashfield,NG17 2HW,04811N12,1100003950870,12563,15/5/2026,E,
,27,Welsh Row,,Nantwich,CW5 5ED,03801D01,1300007885806,22590,2/10/2027,E,
Street Library,,1 Leigh Road,,Street,BA16 0HA,03801110,2200021066377,1,28/6/2027,E,
,24,"Kepler, Lichfield Road Industrial Estate",,TAMWORTH,B79 7XE,03801N12,1100021954335,16730,9/5/2026,E,
Unit 2,,Nunn Close,,Sutton-in-Ashfield,NG17 2HW,00900N14,1100003950880,,15/5/2026,E,
Street Library,,1 Leigh Road,,Street,BA16 0HA,03801110,2200021066386,1901,28/6/2027,E,
,94,High Street,,BRISTOL,BS20 6AJ,03801N12,2200013332390,10762,2/10/2026,E,
,,High Street,,Llangollen,LL20 7EH,,1300011570370,,20/2/2026,E,
Meltex House 61,,Lichfield Industrial Estate,,Tamworth,B79 7XE,03800013,1100770099670,,3/11/2025,D,
Menorah Primary School,1-3,The Drive,,LONDON,NW11 9SP,00845072,1023535215069,,1/11/2026,E,
Unit C,,Mortimer Road,,Leicester,LE19 2GA,04800037,1100018409419,,3/11/2025,D,
M & S Hairstylists & Barbers,104,Milton Street,,Walsall,WS1 4LA,04811010,1419221550003,4625,28/6/2027,E,
,329,Penn Road,,WOLVERHAMPTON,WV4 5QF,03801N14,1428639000001,,23/6/2028,E,
,Non-PAF De,Saxon Way,,ROYSTON,SG8 6DN,00845072,1014569199356,,22/2/2027,E,
,227,Nether Street,,London,N3 1NT,04809201,1013009438020,4155,3/11/2025,E,
Ullesthorpe Garden & Aquatics Centre,,Lutterworth Road,,Lutterworth,LE17 5DR,03801013,1100018089320,,3/11/2025,D,
,,,,Burgess Hill,RH15 8QY,03801203,1900041361511,10344,4/10/2026,E,
,,Julias Way,,NOTTINGHAM,NG17 7RB,,8923452507,31912,20/10/2026,,31851
,2,The Crescent,,Yeovil,BA20 1XQ,03801H02,2000026014630,15097,3/11/2025,D,
,25,Queen Street,,NEWCASTLE UPON TYNE,NE1 3UG,0480702B,1591057945159,,16/5/2026,E,
,,U 7 Taylor Street,,Darwen,BB3 1DQ,03800131,1610022781985,,3/11/2025,D,
DUISDALE HOTEL,,ISLE ORNSAY,,Isle of Skye,IV43 8QW,03094R69,1712675010508,,1/10/2026,E,
,,,,,,,47701910,47701910,,,34676
,,,,,,,1800060202582,,,,
,96,High Street,,Milford Haven,SA73 1TF,03801N12,2199999629078,,3/10/2024,E,
,,U 9-11 Taylor Street,,Blackburn,BB3 1DQ,,1610022781994,,3/11/2025,1,
Unit 21,,Weybourne Road,,Sheringham,NR26 8AF,03801204,1012733577863,6439,16/5/2027,E,
Ground Floor,34,Clifton Road,,London,W9 1ST,03801202,1200050814234,10190,2/7/2028,E,
,5,Albion Arcade,,Carmarthen,SA31 3AB,03801N12,2199998997128,381,3/10/2026,E,
,8,Victoria Road,,Shipley,BD18 3LA,0380102C,2300000142780,10362,3/11/2025,D,
Dukes,,The Esplanade Sidmouth,,Devon,EX10 8AR,,2200018925553,,1/10/2026,E,
Unit 7-8,,Brinell Way,,Great Yarmouth,NR31 0LU,03801201,1012671806766,360,17/12/2026,E,
,,,,,,,8890040504,8890040504,,,92171
,,Mill Mead House,,London,N17 9QU,03801202,1023465324508,295,3/11/2025,E,
,20,Burnley Road,,Burnley,BB12 8BX,03801131,1610014134839,,3/11/2025,D,
Walsingham House;35,,Seething Lane,,London,EC3N 4AH,06800204,1200060641951,,3/11/2025,D,
,121,High Road,,Benfleet,SS7 5LN,04809203,1012596532593,,18/6/2027,E,
,.,St John Street,,Shropshire,SY13 1QT,04044D03,1300008672113,23243,4/10/2027,E,
,16,Wolverhampton Road,,Stafforf,ST17 4BP,03800007,1460001466771,,3/11/2025,D,
Unit 13,,Hoddesdon INDUSTRIAL CENTRE,,Hoddesdon,EN11 0DD,03801201,1015680946679,3130,4/7/2028,E,
,73,Whitchurch Road,,Shrewsbury,SY1 4EE,03801N12,1410566300003,13501,3/11/2025,E,
,54,Morfydd St,,Swansea,SA6 8BU,00900N14,2199989674375,,4/10/2026,E,
JP Auto's,1,Arch Hill Street,,Dudley,DY2 9QE,03800007,1414417303000,,3/11/2025,D,
,2,Baxter Gate,,Loughborough,LE11 1TG,03801013,1100013176866,575,29/10/2026,E,
TUTOR FIRST,430,OXFORD ROAD,,WEST,BD19 4LB,0481102B,2380001569910,879,3/11/2025,E,
,,,,,,,63410004,63410004,,,88407
,12,Palace Gates Road,,London,N22 7BN,04130203,1013073596060,29962,3/11/2025,E,
"SHOP, A",241,Mere Road,,Leicester,LE5 5GS,04800037,1100012981059,,3/11/2025,D,
,29,High Street,,Biddulph.,ST8 6AW,03801N12,1414202830003,4149,14/5/2028,E,
,,,,,,,16035707,16035707,,,155220
Coles Electroacoustics Ltd,,Pindar Road,,Hoddesdon,EN11 0BZ,00845071,1014568031183,,5/10/2026,E,
,,Car Sales Site,,Diss,IP22 4GG,03801202,1050000035772,7224,17/5/2026,E,
,313,Castleford Road,,Normanton,WF6 2HL,04800999,2355730438019,,3/11/2025,D,
Unit 8,,,,Brierley Hill,DY5 1QA,03800007,1415510880008,,3/11/2025,D,
Phase 1 Industrial Estate,,Unit 11 & 12 Wallows Road,,Brierly Hill,DY5 1QA,03800007,1411810880007,,3/11/2025,D,
Shed Opp Golden Rule,26,Main Road South,,Berkhamsted,HP4 1QX,,1012391495411,847,5/10/2026,E,
,42,HIGH STREET,,OAKHAM,LE15 6AL,03801N12,1100001740920,,20/5/2026,E,
Unit A,,Hanworth Lane,,Chertsey,KT16 9JX,00845071,1900046000514,,7/7/2028,E,
,1,Mill Street,,Warrington,WA3 3QJ,04800661,1610009387219,,3/11/2025,D,
,130,New Walk,,Leicester,LE1 7JA,03800013,1100013713679,,3/11/2025,D,
,42,High Street,,OAKHAM,LE15 6AL,04811037,1100001740939,197,20/5/2026,E,
,3,Abbey Park Street,,Leicester,LE4 5AS,03801N14,1160000372765,,7/7/2028,E,
Rear Bankfield House,132,New Walk,,Leicester,LE1 7JA,03800013,1100013713730,,3/11/2025,D,
,69-75,Church Road,,Northolt,UB5 5AJ,03800H02,2000051387388,,3/11/2025,D,
,49,Wellington Street,,Luton,LU1 2QH,03801203,1050002417024,16433,30/5/2026,E,
Unit 4,,Marlow Road,,Leicester,LE3 2BQ,04811N12,1100014240227,4628,3/11/2025,E,
,,,,,,,8813024102,8813024102,,,537469
,,,,,,,8824602004,8824602004,,,35614
,,Marston House,,CHIPPING NORTON,OX7 5SR,03801H02,2000008815394,8653,7/7/2028,E,
Unit 1D,,Gregory Road,,Bury St. Edmunds,IP28 7DF,03801201,1012947015333,124,1/7/2026,E,
,10,Arran way,,Birmingham,B36 0QG,03800007,1418369251008,,3/11/2025,D,
,248,High Street,,Birmingham,B23 6SN,03801007,1418775721000,11559,3/11/2025,D,
Warehouse and Office,80,Derby Road,,HEANOR,DE75 7QJ,03801N12,1100008161565,18548,8/7/2028,E,
,12,Arran Way,,Birmingham,B36 0QG,03800007,1417369251006,,3/11/2025,D,
"Unit 2, Tattenham Works",,Leigh Road,,WIGAN,WN2 4SZ,03801004,1610011271719,7740,29/1/2026,E,
,,,,,,,9156206005,9156206005,,,9156206005
Unit 1,,,,Faringdon,SN7 8LA,04811H16,2000011897849,1397,8/7/2027,E,
,15,Radford Way,,BILLERICAY,CM12 0AA,03136203,1012564683800,7790,6/10/2027,E,
,133,Central Street,,LONDON,EC1V 8AP,,1200040049363,,3/11/2025,1,
,28A,Arran Way,,Birmingham,B36 0QG,03800007,1412369251007,,3/11/2025,D,
,.,"Holyhead Road, Glan Aber Hotel",,,LL24 0AB,,15100002,288354,1/9/2026,,340315
,349,Landlords Supply,,Accrington,BB5 3HS,03801004,1640000284541,461,8/7/2026,E,
,158,The Broadway,,Southend On Sea,SS1 3ES,03800201,1012528895803,,3/11/2025,D,
,26,Trafalgar Road,,Sheffield,S6 1JY,0380102B,2332140712318,6375,3/11/2025,E,
,34,Boss Hall Road,,Ipswich,IP1 5BN,03801203,1023545787754,14841,6/10/2027,E,
,,"Unit 12b, Chalex Industrial Estate",,BRIGHTON,BN42 4NH,03801202,1900090299444,5589,1/5/2027,E,
St Johns Social Centre,,Arran Way,,Birmingham,B36 0QE,,1413622351006,63048,9/1/2026,E,
,419,High Road,,Wembley,HA9 7AB,03136202,1012831435504,4740,3/11/2025,E,
,154,High Street,,BRIERLEY HILL,DY5 4DR,,45592203,105056,23/11/2027,,119604
bicester court hotel,2A,Market Square,,Bicester,OX26 6AA,04108H48,2000008458408,42353,3/11/2025,D,
,,"Unit 3, Opal Way Business Centre",,STONE,ST15 0SS,03801N12,1418726903009,6785,19/3/2026,E,
,42,Church Street,,Runcorn,WA7 1LR,03801D03,1300005601068,9655,6/10/2026,E,
Unit A,,The Croft,,Wallingford,OX10 9RG,03801H01,2000010218494,95,18/5/2027,E,
HEN AND CHICKENS PUBLIC HOUSE,41,Luton High Street,,Chatham,ME5 7LP,04829201,1900009157291,1374,3/11/2025,D,
Office,,2 North street,,Bicester,OX26 6ND,04044H17,2000008391506,7326,18/5/2026,E,
,68,Hollyhedge Lane,,Walsall,WS2 8PZ,04807N14,1415627150008,,3/11/2025,E,
"UNIT 4,VENTURE COURT",82,BOLENESS ROAD,,WISBECH,PE13 2XQ,00900202,1023496723186,,9/7/2027,E,
Widnes Golf Club,,Highfield Road,,Widnes,WA8 7DT,,1300005240318,91635,6/10/2027,E,
,58,Upperthorpe Road,,SHEFFIELD,S6 3EB,0380102A,2330422220813,7032,4/9/2026,E,
Antony Preston Antiques,,The Square,,Stow On The Wold,GL54 1AB,03800007,1417865871004,,3/11/2025,D,
,160F,Chemical Road,,Westbury,BA13 4JN,03801H06,2000006426273,279,3/11/2025,E,
Fish & Chip Shop,8a,Bangor Road,,WREXHAM,LL13 0HB,,1300012997261,10147,3/11/2025,D,
Unit J7,,Gelli-Hirion Industrial Estate,,Pontypridd,CF37 5SX,03220200,2199995068785,1160,1/1/2026,E,
,157-159,London Road,,SHEFFIELD,S2 4LH,0380102A,2330150254816,1891,3/11/2025,E,
Offices Finials House,,The Square,,Cheltenham,GL54 1AF,04800010,1411775871005,,3/11/2025,D,
,7,Queen Street,,West Malling,ME19 4DA,04004202,1900070163395,4429,11/2/2027,E,
,237,Well Street,,London,E9 6RG,03801202,1200041847846,8435,12/7/2028,E,
,12,High Street,,ROYSTON,SG8 6PP,03136202,1012782030121,42051,21/2/2028,E,
,239,Well Street,,London,E9 6RG,03801203,1200041847873,11826,20/5/2026,E,
,,,,,,,77342208,77342208,,,311539
Glenford Grange,,Little Glen Road,,Leicester,LE2 9TW,03801013,1100014152945,1989,3/11/2025,D,
Unit 4 Block Pegasus,,Orion Court,,Ipswich,IP6 0LW,03801202,1030020642965,4165,20/5/2026,E,
,319,Reepham Road,,Norwich,NR6 5AD,03136202,1012688629426,23801,29/10/2026,E,
,245-251,Well Street,,LONDON,E9 6RG,05808204,1200010099229,45684,12/7/2027,E,
Coatbridge Indoor Bowling Club,4,Quarry Street,,Lanark,ML5 3PU,,19351800,254105,2/6/2028,,291371
,,"Arrow Engineering,Unit 6",,West Bromwich,B70 9BY,03801007,1417857460001,13134,3/11/2025,E,
"65, CRADGE BANK",,"SPALDING,",,"LINCOLNSHIRE,",PE11 3AR,03801N12,1170001550405,4763,20/5/2027,E,
"WESTFIELD INDUSTRIAL, S R T MARINE TEC",,UNIT E THIRD AVENUE,,RADSTOCK,BA3 4XD,,8881745306,20285,1/12/2026,,35210
Heswall Golf Club,,Cottage Lane,,Gayton,CH60 8PB,00845G01,1300035415469,,15/4/2026,E,
,,"Cashs Business Centre, Widdrington Road",,COVENTRY,CV1 4PB,03801N14,1100021722641,21542,3/11/2025,E,
,,"Unit 4,Laurence Works",,Sheffield,S36 6HF,0084505B,2326511252019,,3/11/2025,E,
Office 1 First Floor,,30a Horsefair,,Banbury,OX16 0AE,04800010,1411105181005,,3/11/2025,D,
,125,Canterbury Road,,Westgate-On-Sea,CT8 8NL,00845072,1900020427488,,10/10/2027,E,
Melda Farm,,Royston Road,,Royston,SG8 6DG,04808202,1012781671783,7102,12/7/2028,E,
Office 2,,"First Floor, Stormark House",,Banbury Oxon,OX16 0AE,04800010,1412105181007,,3/11/2025,D,
Western Units,,Pottery Road,,NEWTON ABBOT,TQ13 9JJ,04807N13,2200020368150,13731,20/5/2027,E,
KINGS HEAD INN,,Lynch Road,,STROUD,GL6 8LT,03031N13,1413952071001,32502,8/10/2027,E,
Unit A9,,Cibyn Industrial Estate,,Caernarfon,LL55 2BD,03801D01,1300011815457,1095,3/11/2025,E,
Office 3 Second Floor,,,,Banbury Oxon,OX16 0AE,04800010,1413105181009,,3/11/2025,D,
,314,Ilford Lane,,Ilford,IG1 2LR,03801202,1200041811566,4974,11/6/2027,E,
UNIT 3,,FOUNTAIN DRIVE,,HERTFORD,SG13 7UB,03801203,1050001813637,9492,8/10/2028,E,
Prec LTG,,Middle Street,,Yeovil,BA20 1LQ,03801H02,2000026022055,799,17/12/2025,E,
Radius,Whitefriar,Lewins Mead,,BRISTOL,BS1 2NT,07802N14,2200017169753,59583,3/11/2025,E,
Moor Fisheries,30,Cumberland Street,,Sheffield,S1 4PT,0380102A,2333722438114,19079,24/9/2027,E,
London House,,Oldham Road,,Manchester,M24 1AZ,07800751,1600000034700,,3/11/2025,D,
Unit 5,,Leaton Ind Est,,Shrewsbury,SY4 3AP,03800007,1417344303000,,3/11/2025,D,
,11d,Farthing Road,,IPSWICH,IP1 5AP,00845071,1014570809124,,14/7/2027,E,
,11,Scotland Road,,NELSON,BB9 7UT,03801204,1610014344653,,3/11/2025,E,
,253,Chillingham Road,,New Castle Upon Tyne,NE6 5LL,0380102D,1591057259193,,1/7/2026,E,
"Wilson (Whitburn) Ltd Units 3 & 4,",3-4,Phoenix House,,SUNDERLAND,SR1 3BT,0084502A,1591026242188,,3/11/2025,E,
A,5,Swannington Road,,Leicester,LE9 6TU,04817N12,1100018060075,9291,25/7/2027,E,
,13,Wainman Road,,Peterborough,PE2 7BU,03801204,1012877550043,15672,25/2/2027,E,
,43,Scotland Road,,Nelson,BB9 7UT,,1610014344486,,3/11/2025,1,
,,,,,,,3800007,3800007,,,3800007
,,,,,,,3801004,3801004,,,3801004
,2,"Mulberry Court, Victoria Road",,WARRINGTON,WA4 2DB,03801D01,1300005710820,,1/7/2027,E,
,,,,,,,10830003,10830003,,,130572
,,,,,,,5800998,5800998,,,5800998
,47,Scotland Road,,Nelson,BB9 7UT,03800631,1610014344459,,3/11/2025,D,
,129,Earls Lane,,Slough,SL1 5TD,03801H09,2000052584186,50376,26/2/2028,E,
Unit 1,,Alfred Street,,Westbury,BA13 3DY,03801H06,2000027929625,,3/11/2025,E,
,14,HIGH OAKS,,ST. ALBANS,AL3 6DL,03801204,1012476635892,,1/7/2026,E,
,,,,,,,800203,800203,,,800203
Block 9,,Lion Barn Industrial Estate,,Ipswich,IP6 8NZ,03136202,1012975820760,4265,15/7/2027,E,
13,,GRAINGER ROAD INDUSTRIAL ESTATE,,SOUTHEND-ON-SEA,SS2 5DD,03801202,1023545785311,1721,1/11/2027,E,
,,,,,,,3801014,3801014,,,3801014
Pater Hall,,Dimond Street,,Pembroke Dock,SA72 6JA,03801200,2199999674406,,3/11/2025,D,
,,,,,,,17671303,17671303,,,31829
UNIT 21,,LEESIDE ROAD,,LONDON,N17 0QJ,00845074,1050001765995,,30/4/2026,E,
,,,,,,,3800202,3800202,,,3800202
Pater Hall,,Dimond Street,,Pembroke Dock,SA72 6JA,03800200,2199999674415,,3/11/2025,D,
NEW SUPPLY,Unit 3,ST. MARTINS BUSINESS CENTRE,,BEDFORD,MK42 0LF,03801202,1050001138878,30700,28/2/2028,E,
,,,,,,,58700908,58700908,,,133246
Forest House,,The Homend,,Ledbury,HR8 1AR,03800007,1410763303002,,3/11/2025,D,
,,,,,,,3801203,3801203,,,3801203
Unit 9,,Townsend Piece,,Aylesbury,HP19 8BQ,03801201,1012459350932,1074,17/7/2028,E,
,,,,,,,3800631,3800631,,,3800631
Whalley Range,78,Church Street,,BURNLEY,BB12 8JQ,04800661,1610014139321,,3/11/2025,D,
Unit,9,"Charles Watling Way, Bowthorpe Employment Area",,Norwich,NR5 9JH,04811202,1012695211793,3524,1/3/2026,E,
,,"Unit 7,The Breydon Centre",,Great Yarmouth,NR31 0LU,03801201,1012671806534,5566,17/7/2026,E,
,107,Annesley Road,,Nottingham,NG15 7DR,04811037,1100006300606,2853,12/4/2026,E,
,84,London Road,,Coventry,CV1 2JT,04811037,1100024042813,15849,3/11/2025,D,
4A,,WEST GATE,,STEVENAGE,SG1 1QR,03801204,1012825209400,,1/7/2026,E,
Sheertherm Ltd,Unit 6,Brinnell Way,,Great Yarmouth,NR31 0LU,03801202,1050000268549,2416,17/7/2026,E,
,,,,,,,44863001,44863001,,,111941
,,68A Otley Road,,Bingley,BD16 3EE,0380102A,2310556461519,549,1/3/2026,E,
,,,,,,,3801631,3801631,,,3801631
West Lodge Nursing Home,,Peases West,,Crook,DL15 9SY,0084505A,1580000725957,,2/6/2026,E,
,,,,,,,57518308,57518308,,,2106
Flat,,84 - 86 London Road,,Coventry,CV1 2JT,,1100024042831,,3/11/2025,D,
,,,,,,,4800661,4800661,,,4800661
Unit 9 Highlands Road,,Shirley,,Solihull,B90 4NY,,1413619931007,42016,3/11/2025,E,
The Pharmacy B,,Sea View,,SWANSEA,SA4 3YF,03801200,2199997492410,1515,1/3/2027,E,
,,,,,,,900374,900374,,,900374
,,By South Penrice,,Gower,SA3 1LA,03801200,2100040329870,2224,17/7/2027,E,
,,,,,,,19223106,,,,
"UNIT 69, MARSDEN MALL",,ARNDALE CENTRE,,Nelson,BB9 9SL,03801131,1610014295420,,3/11/2025,E,
The Pharmacy A,,Seaview,,SWANSEA,SA4 3YF,03801N12,2199997492400,9895,1/3/2027,E,
,,,,,,,3046110,3046110,,,3046110
,44,Market Hall,,Nelson,BB9 9SL,03801631,1610014295191,13538,3/11/2025,D,
,,Codnor Gate Industrial Estate,,Ripley,DE5 3YD,00845991,1100039627772,,1/7/2026,E,
,,,,,,,4025577609,4025577609,,,42387
Penrice Old Farm Hou,,Penrice,,Swansea,SA3 1LA,03801200,2100040769405,2432,17/7/2027,E,
,14,Bridgnorth Road,,Wolverhampton,WV6 8AA,04811N13,1415337870000,32900,3/11/2025,E,
,,Pendle Rise Shopping Centre,,Nelson,BB9 9SL,03801631,1610014294807,,3/11/2025,E,
Unit 20,,"Kent Park Industrial Estate, Ruby Street",,LONDON,SE15 1LR,03801204,1200032723709,6817,3/11/2025,E,
,5,Salop Street,,Wolverhampton,WV3 0RX,03801007,1418947080002,44,2/3/2026,E,
,2,Pendle Way,,Nelson,BB9 9SL,03801631,1610014295740,243,3/11/2025,E,
,,,,,,,3801202,3801202,,,3801202
,,,,,,,3801204,3801204,,,3801204
Unit 1 Phase 1 Ind Estate,,Wallows Road,,Brierley Hill,DY5 3ST,03801N12,1417610880007,4974,1/7/2026,E,
Whelptons Farm,,Louth Road,,Market Rasen,LN8 5LF,03801013,1100003044407,3022,14/3/2028,E,
,,,,,,,59217708,59217708,,,81323
,,,,,,,3801007,3801007,,,3801007
The Admiral Shopping Centre,5,Pendle Way,,Nelson,BB9 9SL,03800631,1610014295777,,3/11/2025,D,
Mr Wiliam Marriot,,Louth Road,,Market Rasen,LN8 5LF,03801N12,1100003044416,6829,14/3/2028,E,
,BOLTON,United Kingdom,,Bolton,BL1 2AX,03801004,1630000580354,28845,1/7/2026,E,
,82,Spital Hill,,SHEFFIELD,S4 7LG,0380102A,2380001922396,8785,19/7/2026,E,
,,,,,,,see note,see note,,,
,48,Elliott Road,,Cirencester,GL7 1YG,00845H86,2000027381167,,1/7/2026,E,
,7,Pendal Way,,Nelson,BB9 9SL,03800631,1610014295786,,3/11/2025,D,
,,,,,,,845127,845127,,,845127
,,,,,,,3800131,3800131,,,3800131
,Unit 14a,The Admiral Shopping Centre,,Nelson,BB9 9SL,04813284,1610014295545,388,3/11/2025,E,
"ELLIOTT ROAD, UNIT 1& 2",,LOVE LANE IND EST,,CIRENCESTER,GL7 1YS,00845H87,2000027381185,,1/7/2026,E,
,41,"MARKET HALL, ARNDALE CENTRE",,Nelson,BB9 9SL,03801131,1610014295173,15085,3/11/2025,D,
,15,Potters Lane,,Milton Keynes,MK11 3HF,03801013,1100015058143,3507,5/3/2027,E,
,202,Walton Road,,Liverpool,L4 4BB,00900D01,1300035386932,,3/11/2025,E,
,,GRETTON BROOK ROAD,,CORBY,NN17 4BA,00845L03,1160000926702,,1/8/2026,E,
"Unit Mc4a, Unit 11",,"Maes y Clawdd, Maesbury Road Industrial",,OSWESTRY,SY10 8NN,04011D04,1300013520840,6954,3/11/2025,E,
Chicken Sheds,,Half Way Farm,,Attleborough,NR17 1AS,03801202,1012717758463,10071,3/3/2028,E,
,,,,,,,46456402,46456402,,,465081
,,,,,,,3801131,3801131,,,3801131
,Unit 12,Pendle Rise Shopping Centre,,Nelson,BB9 9SL,03801204,1610014295518,13538,3/11/2025,E,
,,,,,,,4808024,4808024,,,4808024
,12,Main Street,,Street,BA16 9QA,00845N14,2200030046118,,15/7/2026,E,
,,,,,,,3873024,3873024,,,3873024
Unit 3,,344-346 St Saviours Road,,Leicester,LE5 4HJ,03801N14,1100012367162,24074,21/7/2028,E,
,,Cheltenham Road East,,Gloucester,GL2 9QL,,1411439503004,24736,1/10/2026,1,
,BLOCK 5,6-7 Old Mill Industrial Estate,,Mansfield,NG19 9BG,,1100004561292,1934,22/7/2028,E,
Unit 21,,Arndale Centre,,Nelson,BB9 9SL,,1610014295554,,3/11/2025,D,
,5,"Mayfield Mobile Home Park, Draycott Road",,DERBY,DE72 3DA,,1100011315429,4551,2/7/2027,1,
,211,Swanshurst Lane,,Birmingham,B13 0AR,,1418241911002,,,1,
,,,,,,,3801201,3801201,,,3801201
7A,7 - 9,Union Street,,Stratford on Avon,CV37 6QT,03800007,1415547081009,,3/11/2025,D,
Unit 5,,Pindar Road,,Hoddesdon,EN11 0DD,03801202,1015681382299,4522,2/7/2026,E,
Wrosley Framing,5,Bridgewater Road,,Manchester,M28 3JE,04811661,1610009788876,565,15/1/2026,E,
,,,,,,,4520251,4520251,,,4520251
,,Reliance Enterprise Park,,MANCHESTER,M40 3AL,03801631,1610018253423,11374,2/7/2026,E,
,,,,,,,2200030056348,,,,
,,,,,,,900204,900204,,,900204
,,,,,,,3004204,3004204,,,3004204
,,Bush House,,ATTLEBOROUGH,NR17 2AF,04807203,1012719964851,11839,3/9/2027,E,
,2,Unit 6 Phase,,Sheerness,ME12 1DB,03802201,1900028248311,5,24/7/2026,E,
,,,,,,,2561433204,2561433204,,,1
,,,,,,,4042210,4042210,,,4042210
,11,Grosvenor Road,,RIPLEY,DE5 3JE,04807N12,1100008235793,4323,12/3/2026,E,
,124,High Street,,RUSHDEN,NN10 0PD,03801N12,1100020862960,17625,17/11/2027,E,
Shop,2,Oxford Road,,Hereford,HR3 5AJ,03801200,2199990775611,6416,24/7/2027,E,
,,,,,,,17156500,17156500,,,1
,,,,,,,4812204,4812204,,,4812204
,,,,,,,8813113606,8813113606,,,533995
Stall 52,,Guildhall Market,,Bath,BA2 4AW,,2200040477420,1968,2/7/2027,1,
,425,High Road,,Wembley,HA9 7AB,03801202,1012831438490,11095,25/7/2026,E,
,126,A High Street,,Rushden,NN10 0PD,03800013,1100020862988,,3/11/2025,D,
,,,,,,,5808054,5808054,,,5808054
Unit 3b,,Oldmixon Crescent,,Weston Super Mare,BS24 9AY,03801110,2200012894040,1685,5/3/2028,E,
Dickies (UK) Ltd,,Second Avenue,,Bath,BA3 4BH,,8176000,116323,4/7/2026,,183543
Stall 51-52,,Guildhall Market,,Bath,BA2 4AW,03801110,2200012357348,1465,2/7/2027,E,
,,Alma Street,,Smethwick,B66 2RL,00900633,1411888160004,,3/11/2025,E,
,,,,,,,845570,845570,,,845570
Betfred,,29A Crowtree Road,,Sunderland,SR1 3JU,,1591056071513,,7/3/2026,1,
,,,,,,,845801,845801,,,845801
Almonds Farm,105,Whittingham Lane,,Preston,PR3 5DB,03801014,1610014737660,5912,2/7/2026,E,
,40,Upper Gungate,,Tamworth,B79 8AA,04811N13,1100021872374,4888,6/3/2028,E,
ARGYLE WORKS,,ALMA STREET,,SMETHWICK,B66 2RL,03800007,1416888160003,,3/11/2025,D,
UNIT 3,,ALMA STREET,,SMETHWICK,B66 2RL,03801N12,1419888160009,,19/12/2027,E,
323 Chartwell North,,Victoria Plaza,,Southend-on-sea,SS2 5SR,04807202,1012534173613,19436,3/7/2028,E,
,Unit 11,"Capital Business Park, Manor Way",,BOREHAMWOOD,WD6 1GW,03801204,1030021710162,12518,26/7/2028,E,
,29,Beam Street,,Nantwich,CW5 5NA,03801D01,1300007839447,3921,5/8/2026,E,
,24,Steeley Lane,,Chorley,PR6 0RD,03801004,1610020774815,3002,3/11/2025,E,
,,Binley Road,,Coventry,CV3 1HB,04031037,1100042000106,50720,3/11/2025,D,
,,,,,,,11241101,11241101,,,160721
Unit 5 Alpha Park,,Bevan Way,,West Midlands,B66 1BZ,,2509125904,26486,3/11/2025,,1
,,,,,,,4811004,4811004,,,4811004
"Unit 5, 1st Floor",,Abbey Park Street,,Leicester,LE4 5AF,04800037,1100012406500,,3/11/2025,D,
106b,,North Street,,Essex,RM11 1SU,03801201,1012581276697,4263,18/7/2028,E,
,19,MARKET SQUARE,,LUTON,LU1 5RD,03136204,1012367014448,30707,21/11/2025,E,
,,,,,,,3500014,3500014,,,3500014
"Block B, 1st Floor",,Abbey Park Street,,Leicester,LE4 5AF,04800037,1100012406608,,3/11/2025,D,
,,,,,,,9997405,9997405,,,163475
,41,Valley Road,,Stourbridge,DY9 8JG,03800007,1421710100008,,3/11/2025,D,
Ddol Farm,,,,Wrexham,LL13 0SN,00900D03,1300011489027,,8/3/2027,E,
"13A, WOOLTON STREET","13A,",Woolton Street,,LIVERPOOL,L25 5NH,03801D01,1300003587173,6581,3/11/2025,E,
,27,Sea Road,,Bournemouth,BH5 1DH,03800H02,2000020394718,,3/11/2025,D,
,,,,,,,18599607,18599607,,,211009
,,,,,,,3801274,3801274,,,3801274
Unit 5,17,Pony Road,,Oxford,OX4 2RD,03801H02,2000008016350,4704,9/3/2027,E,
,43b,High Street,,IPSWICH,IP7 5AB,04812202,1012987099731,7553,25/7/2026,E,
,9,Sandpits Lane,,Coventry,CV6 2FR,04811037,1100023450233,,3/11/2025,D,
,,,,,,,3801144,3801144,,,3801144
,SOVEREIGN,TONTINE STREET,,STOKE-ON-TRENT,ST1 1LY,04536010,1418479610000,22067,9/3/2026,E,
Health Resource Centre,,Adelaide Terrace,,Newcastle Upon Tyne,NE4 8BE,0084505A,1591058331479,,1/8/2027,E,
Unit 16a,,St Katherines Court,,Swansea,SA1 7ER,03800200,2199997705008,,3/11/2025,D,
,,,,,,,13000601,13000601,,,13000601
,SOVEREIGN,TONTINE STREET,,STOKE-ON-TRENT,ST1 1LY,03500007,1419479610001,18223,9/3/2026,E,
C J Garage,,Plas Gwyn Road,,Llanelli,SA14 7RY,03801N12,2199997200754,8224,4/7/2026,E,
,,Unit 12,,Swansea,SA1 7ER,03801200,2199997704876,266,3/11/2025,E,
,,,,,,,see annex,see annex,,,
The Wayzgoose,,Rochester Airport Industrial Estate,,Rochester,ME1 3QX,00845204,1900012151732,,1/8/2028,E,
,,,,,,,4536040,4536040,,,4536040
,11a,Princes Street,,Stafford,ST16 2BN,03801N14,1418234420000,28800,3/5/2026,E,
,222,St Vincent St West,,Birmingham,B16 8RP,03801N13,1419731801000,7871,6/1/2028,E,
Rix Hairdressing,29,Chapel Street,,DERBY,DE21 7JP,04811N12,1100010116794,1257,11/8/2026,E,
Park House,,Cinderhill Road,,Nottingham,NG6 8SB,,48338608,473713,2/4/2028,,593381
St Katherines Court,,"Unit 12, Clarke Way",,Swansea,SA1 7ER,04811201,2199997705062,4453,3/11/2025,E,
,,,,,,,4811202,4811202,,,4811202
West Hampstead Womens Centre,26-30,Cotleigh Road,,London,NW6 2NP,03801202,1200021898048,4867,3/11/2025,E,
,118,North Street,,Hornchurch,RM11 1SU,03801203,1012581280141,19082,3/11/2025,D,
,9,Commercial Road,,Leven,KY8 4LE,03801D02,1800032326241,7082,10/3/2028,E,
St. Lukes Court / Unit 21,,Clarke Way,,Swansea,SA1 7ER,03801200,2199997704955,25,27/6/2027,E,
,3,Albany Road,,WEYMOUTH,DT4 9TH,00070H88,2000050266488,,1/8/2027,E,
,.,"RECTORY ROAD, SPRINGFIELDS LTD",,,CO6 1DH,,7174900,341467,21/1/2028,,401219
Unit 2,,Claymore,,Tamworth,B77 5DQ,03801N12,1100022310688,20694,3/11/2025,E,
Burgess Hill,,Unit 2 Marchants Way,,,RH15 8QY,03801202,1900027361832,6354,1/8/2026,E,
,10,Union Street,,Stratford Upon Avon,CV37 6QT,03800007,1416447081005,,3/11/2025,D,
Suite 4,27,,,Norfolk,NR2 1JN,03801203,1030078779149,6837,6/7/2026,E,
,,,,,,,3801024,3801024,,,3801024
,,,,,,,4811024,4811024,,,4811024
,78-80,St. Mary Street,,Cardiff,CF10 1FA,00845300,2199989611454,,11/3/2026,E,
,,,,,,,900424,900424,,,900424
UNIT 5-6,,BURNSIDE INDUSTRIAL ESTATE ROEBUCK ROAD,,ESSEX,IG6 3UG,04807202,1012508084940,10766,1/6/2026,E,
,,,,,,,12318609,12318609,,,292442
,7,Greyhound Road,,London,W6 8NH,03006203,1200031772403,21036,17/5/2026,E,
,14,SOUTHSIDE STREET,,PLYMOUTH,PL1 2LA,03801110,2200010299242,3872,1/8/2027,E,
,16,Corve Street,,Ludlow,SY8 1DA,03873N12,1416046502002,2246,21/1/2027,E,
,117,Kingsland High Street,,London,E8 2PB,03801203,1200032295696,78657,12/1/2026,E,
Throckmarton Arms,,Coughton Hill,,Alcester,B49 5HX,00845N14,1421012200008,,22/6/2026,E,
Kinminty Farm,,,,Turriff,AB53 5PG,03801R53,1715274884559,28372,21/1/2026,E,
,546-550,Leeds Road,,WAKEFIELD,WF1 2DX,,8818351300,138839,1/4/2027,,152443
,36,Glenburn Road,,East Kilbride,G74 5BA,,78012304,78012304,1/10/2027,,318696
,20b,Spelman Street,,LONDON,E1 5LQ,03801202,1200032301505,7331,27/8/2026,E,
UNIT 10,,RHOSDDU INDUSTRIAL ESTATE,,WREXHAM,LL11 4YL,00845G01,1300000516987,,23/6/2026,E,
D S Auto,20,William Street,,Leicester,LE1 1RW,03801N12,1100051070980,4055,22/1/2026,E,
Unit 3,,The Ridgeway,,Iver,SL0 9HX,03801H09,2000003921371,43505,2/8/2028,E,
Nursing Home,,Dover Road,,Stockton On Tees,TS19 0JS,,9212756407,0,1/10/2027,,379561
Hotel Oliver,198,Cromwell Road,,London,SW5 0SN,04808204,1200030260878,41724,29/3/2027,E,
Unit 12B,,Meadowfield Industrial Estate,,Durham,DH7 8XD,0380102A,1591042852672,148,3/8/2026,E,
,41,Cropley Street,,London,N1 7HT,03801201,1200027667390,4180,27/7/2028,E,
Faith Hair Salon,29,Kitts Green Road,,Birmingham,B33 9NY,03801007,1411452151000,1253,23/1/2027,E,
Johnson Cleaners UK Ltd,17,Market Street,,NEWTON-LE-WILLOWS,WA12 9BQ,03801004,1610009461226,4710,21/4/2026,E,
,,,,,,,8862287205,8862287205,,,1
,14,Palace Gates Road,,LONDON,N22 7BN,04138203,1013073598138,1173,24/1/2028,E,
Oxford Hotel,18-24,Penywern Road,,London,SW5 9SU,03007202,1200040113888,213110,14/9/2026,E,
The Old Black Horse,,Market Place,,KING'S LYNN,PE31 8HD,04811202,1012646693068,6926,3/11/2025,E,
WOODLANDS NURSING HOME,,BUTTERLEY HILL,,RIPLEY,DE5 3LW,,48276500,262012,1/10/2026,,292746
,69,Shakspeare Walk,,London,N16 8TB,03801202,1200037882741,3979,3/11/2025,E,
Unit 5,,Astonfields Road,,STAFFORD,ST16 3UF,04811010,1418889320008,1687,3/11/2025,E,
Sutton Corner Garage En,,Sheep Pen Lane,,Seaford,BN25 4QR,03801201,1900045279250,200,23/6/2026,E,
Unit 16,,Saxon Way,,Royston,SG8 6DN,03801202,1012781709276,4340,6/8/2028,E,
,1,Courthouse Lane,,London,N16 7YA,03801202,1200052016000,3,5/12/2026,E,
,50,Poplar Road,,Birmingham,B14 7AG,03801007,1410100311004,888,25/1/2028,E,
"Unit 27, Block 7",,Hallam Way,,Mansfield,NG19 9BG,04828037,1100004558147,5137,3/11/2025,E,
,,18C Pony Road,,Oxford,OX4 2SA,03801H06,2000054851154,3003,24/6/2027,E,
Residential Home,71,Ronalds Road,,London,N5 1XB,03801202,1200034457000,2632,19/11/2025,E,
Unit 55,,Lunsford Road,,Leicester,LE5 0HW,03801N12,1130000015165,12003,25/1/2028,E,
Autocare,,Fengate Road,,Peterborough,PE1 5XB,00900203,1012881065820,,8/8/2028,E,
,59,Brady Street,,LONDON,E1 5DW,03801203,1200039035361,8824,10/9/2027,E,
,81,Rushey Green,,London,SE6 4AF,,8813512800,91529,27/8/2028,,339944
,,,,,,,1800035287630,,,,
,88,High Street,,DUDLEY,DY1 1QP,04811N12,1410968201004,6261,8/10/2027,E,
,27,Cowper St,,London,EC2A 4AP,03801202,1200024600198,7925,21/8/2026,E,
,53,Main Street,,Keighley,BD20 8TT,,2314357471115,,10/6/2026,1,
,72,Main Ridge East,,Boston,PE21 6SY,03801N12,1100000242631,5279,4/9/2026,E,
,53,Main Street,,Keighley,BD20 8TT,0380102A,2314357486510,948,10/6/2028,E,
Basement,13,Savile Row,,London,W1S 3NE,03801201,1200039646200,12392,6/11/2027,E,
Bryn Garth Farm,,Bryn Garth,,Ynys Mon,LL71 7BN,04009D03,1300011887025,12377,28/1/2028,E,
,,53A Main Street,,Keighley,BD20 8TT,0380102A,2314357473910,1995,10/6/2028,E,
,11,Market Place,,Somerset,BA4 5AZ,03801110,2200012073698,2819,6/2/2027,E,
,30,Queen Street,,Bude,EX23 8BB,04013251,2200011645340,8213,1/10/2027,E,
The Huntsman,,Wellington Road,,Telford,TF6 5BH,00845N14,1413496800007,,24/6/2026,E,
Ayton House,5TH,Ayton Road,,WYMONDHAM,NR18 0QJ,04807204,1012719532455,30522,1/2/2027,E,
,93,Church Street,,Burnley,BB11 2RS,03801004,1610013976750,2625,28/1/2027,E,
,26,Queen Street,,Bude,EX23 8BB,03801N13,2200011645387,13412,1/10/2027,E,
,116,HIGH STREET,,London,E17 7JY,,8927250504,156176,3/11/2025,,177925
Cademuir Toolmaking Ltd,,Unit 8 Weaver Court,,Selkirk,TD7 5NY,00845G02,1800050391164,,20/5/2026,E,
Ms Victoria Holonou T/A Victostar,166,Infirmary Road,,Sheffield,S6 3DH,0380102A,2334300714710,3016,25/6/2026,E,
103,,High Road,,Benfleet,SS7 5LN,03801201,1012596527539,14,22/10/2026,E,
,,,,,,,49068801,49068801,,,353610
,4,Postmill Close,,Wymondham,NR18 0NL,05801201,1012718514241,2627,22/12/2026,E,
,30,Queen Street,,Bude,EX23 8BB,00900N14,2200030080085,,1/10/2027,E,
Club House,,Redbourn Lane,,Harpenden,AL5 2AX,03801204,1012472567885,143385,14/11/2026,E,
Ground Floor Offices,31,Webb's Road,,London,SW11 6RU,03801201,1200040108052,10134,18/10/2027,E,
Summerhill Community Centre,,,,Dumfries,DG2 9EF,03801D02,1800015819012,11778,30/1/2028,E,
Unit 8,,Fairfax Road,,NEWTON ABBOT,TQ12 6UD,,2200030097070,,25/6/2026,1,
,83,Main Street,,Loughborough,LE12 6PF,,1100007110685,415,3/11/2025,E,
,25,Lampits Hill,,Stanford-Le-Hope,SS17 9AA,04100202,1012554758380,6102,25/6/2027,E,
,3,Parsons Hill,,Birmingham,B30 3PN,03801N14,1414285801003,21125,30/1/2026,E,
,Unit 10,Haverscroft Industrial Estate,,Attleborough,NR17 1YE,03801203,1050000339127,6286,2/7/2028,E,
,,"Unit 1, Ember Centre",,WALTON-ON-THAMES,KT12 3PU,03801203,1900015032443,14412,12/8/2026,E,
,104,Palace Gardens Terrace,,London,W8 4RT,03801203,1200026830531,3637,29/8/2027,E,
Hazelhurst,,Broomhills Chase,,Billericay,CM12 9TE,,1012563920437,,,1,
,197,Gleneagles Road,,SUNDERLAND,SR4 8JD,0380102D,1591053061169,20123,5/3/2026,E,
,,"Unit C4,Oakwood Business Park",,Weston-super-Mare,BS24 9AY,03801N12,2200040903331,15495,12/8/2028,E,
,118,Commercial Street,,London,E1 6NF,03801202,1200041464298,11517,24/3/2026,E,
,421,Linthorpe Road,,Middlesborough,TS5 6HH,0380102B,1591117208734,6601,26/6/2026,E,
Hazeldell,,Elton Park,,IPSWICH,IP2 0DG,,76293508,336060,16/7/2028,,365358
MASELEY WORKSHOPS,,Station Road,,TELFORD,TF7 5BA,03801007,1410609700003,5860,20/9/2026,E,
,497,Bellhouse Road,,Sheffield,S5 0EP,0380102D,2332420830218,74328,14/7/2028,E,
Doctor's Surgery,65,Desborough Avenue,,High Wycombe,HP11 2SD,03801H09,2000013101840,,3/11/2025,E,
,128,Salop Street,,Wolverhampton,WV3 0RX,03801N12,1417667080009,8107,13/11/2027,E,
,,,,,,,8873555002,8873555002,,,2016
Unit 8,,Prop Factory Deve,,Shropshire,TF1 4JD,,1412021500009,4748,26/6/2026,E,
,549,Kingsbury Road,,LONDON,NW9 9EL,03801203,1050001998060,104985,27/6/2026,E,
Lower Common Road Store,,Lower Common Road,,Romsey,SO51 6BT,03801H02,2000024704397,7936,17/8/2028,E,
,,,,,,,47286105,47286105,,,231755
,11,New Broadway,,WORTHING,BN11 4HP,03801201,1900042411191,647,3/11/2025,E,
Sports Dispute Resolution,1,Salisbury Square,,London,EC4Y 8AE,03800203,1200023118643,,3/11/2025,D,
,5,WENDOVER ROAD,,NORWICH,NR13 6LH,00845084,1050002448732,,1/2/2026,E,
,,,,,,,9205667900,9205667900,,,192226
Regents Centre,51,The High Street,,Christchurch,BH23 1AS,,2000050626063,,17/8/2027,E,
,,,,,,,46252307,46252307,,,517346
601,,NEW NORTH ROAD,,ILFORD,IG6 3XS,,1200041501197,37982,16/10/2026,1,
,,Stafford Park 4,,TELFORD,TF3 3BA,,1427780000003,,15/5/2026,1,
Helenstone Farm,,.,,Arbroath,DD11 3SA,00845P83,1716709303018,,1/2/2028,E,
,,,,,,,80911001,,,,
,88,Wyndham Road,,LONDON,SE5 0UB,03835201,1200026606387,35,3/11/2025,E,
,1d,Wyatt Park Road,,LONDON,SW2 3TN,04874203,1200060953291,10056,3/11/2025,D,
Hazel Philips,,Raws Camps Industrial Estate,,Kirknewton,EH27 8DF,03801D01,1800020219452,19969,1/2/2026,E,
,7,Beresford Buildings,,Middlesborough,TS3 9NB,0380102C,1591039726550,17499,21/8/2028,E,
,,Camps Industrial Estate,,Kirknewton,EH27 8DF,03801D04,1800030934620,163005,1/2/2027,E,
Unit 25,,Boleness Road,,Wisbech,PE13 2RB,04807201,1012867747677,255,3/11/2025,E,
,1,Dalby Court,,"Northwich, Cheshire",CW9 7TN,03801D03,1300000222030,13292,29/6/2027,E,
,4,Princes Road,,LONDON,N18 3PR,03801204,1023534798075,96684,20/1/2028,E,
,,,,,,,70582507,70582507,,,184031
,,237-239 High Street,,Bromley,BR1 1NZ,03801201,1200037701221,,1/2/2025,E,
Unit 9,,Burma Drive,,Hull,HU9 5SD,0380102C,2365025360218,2824,12/3/2026,E,
The Pavillion 2m Ltd,154,Green Lane,,Watford,WD19 4LT,,10119402,2630,3/11/2025,,2763
,22,Dalby Court,,Northwich,CW9 7TN,03801D02,1300013396377,7087,29/6/2027,E,
Next Door To Willesden Train,1,Greater London House,,Old Oak Lane,NW10 6UD,03801201,1200024021400,13583,3/11/2025,E,
Kenwood Cottage,,The Heath,,BISHOP'S STORTFORD,CM22 7EB,03801201,1012486622038,9672,26/5/2026,E,
,20,Parlaunt Road,,Slough,SL3 8BB,03801H09,2000003980483,,10/1/2026,E,
,5,Fellside Road,,Newcastle,NE16 4AL,,1591056843837,3550,12/12/2026,E,
,4,Hawksworth Street,,Ilkley,LS29 9DU,0380102A,2312792492118,2324,18/10/2026,E,
,,,,,,,55861109,55861109,,,18223
,,215-223 Audley Range,,Blackburn,BB1 1TH,03801004,1610022062862,8136,3/2/2028,E,
"UNIT 5E, ASHFORD BUSINESS COMPLEX",,FELTHAM ROAD,,ASHFORD,TW15 1YQ,00845H87,2000054454595,,1/5/2026,E,
Unit 3,Non-PAF De,Station Road,,OTLEY,LS21 3HX,0380102B,2313494691114,1354,3/11/2025,E,
Hull City Wire Works Ltd,,Wiltshire Road,,HULL,HU4 6PE,0380102D,2360515165010,56627,29/6/2026,E,
,30,Ritherdon Road,,London,SW17 8QD,03801204,1200025582707,25128,23/8/2028,E,
Ground Floor Shop,301,Plumstead High Street,,London,SE18 1JX,,1200050967970,3556,29/4/2027,E,
Dairycoates Industrial Estate,,Wiltshire Road,,HULL,HU4 6PA,0481102D,2360515183019,40049,29/6/2026,E,
,21 A,Northenden Road,,Cheshire,M33 2DH,03801014,1610028052930,22884,3/11/2025,E,
Dairycoates Industrial Estate,,Wiltshire Road,,HULL,HU4 6PA,0380102C,2360515077914,19500,29/6/2026,E,
,963,Atherton Road,,Wigan,WN2 4TA,04811024,1610011275500,37012,2/4/2027,E,
Unit 11g,,Wilson Road,,Liverpool,L36 6AN,03801D04,1300001253350,383599,25/10/2026,E,
Unit 7-8,,Farthing Road,,IPSWICH,IP1 5AP,03801202,1023545840594,7970,3/2/2028,E,
,5,Glenilla Road,,LONDON,NW3 4AJ,03801202,1200040291535,,13/9/2026,E,
Skipton Hand Car Wash,,"Snaygill Industrial Estate, Keighley Road",,Skipton,BD23 2QR,0084502B,2316530475210,,31/1/2026,E,
,,Beech Avenue,,NORWICH,NR8 6HP,00845071,1030082604041,,29/6/2026,E,
Unit 6,,Farthing Road,,IPSWICH,IP1 5AP,03801202,1012890649460,3759,3/2/2028,E,
,187,Nottingham Road,,Alfreton,DE55 4JG,03801013,1100008315320,,27/8/2025,E,
"Unit B3, Enterprise Park",,Wigwam Lane,,Nottingham,NG15 7TA,04812N12,1100005188722,,3/2/2028,E,
,30,Western Road,,Hove,BN3 1AF,04815202,1900004335213,2968,17/7/2027,E,
,,Parsons Bank,,WELSHPOOL,SY21 0RR,04044D03,1300013038065,,2/7/2028,E,
2C,,MONK ROAD,,ALFRETON,DE55 7RL,03801013,1100008381262,2521,27/8/2028,E,
,6,Research Way,,Plymouth,PL6 8BU,00845L02,2200040525144,,2/6/2028,E,
,,Armstrong Road,,LONDON,SE18 6RS,00845071,1200052005286,,3/6/2027,E,
Station Garage,,Northport,,Wareham,BH20 4AS,03801H06,2000022327796,4854,17/6/2026,E,
Units,,2-4 The Maltings,,Sawbridgeworth,CM21 9JX,03801202,1012752339655,11128,28/8/2027,E,
,,Old Mill Lane Industrial Estate,,Mansfield Woodhouse,NG19 9BG,04811037,1100003931238,4401,3/2/2028,E,
,,,,,,,8816357100,8816357100,,,1
,,,,,,,8930281306,8930281306,,,152231
,,,,,,,83501502,83501502,,,251322
Unit D1,,Dominion Way,,Littlehampton,BN16 3HQ,03801203,1900030401167,6003,24/2/2027,E,
,52,Terminal House,,London,SW1W 0AW,03801204,1200027479834,32020,24/11/2026,E,
,11,Castle Parade,,Bournemout,BH7 6SH,03801H08,2000020640952,15277,11/4/2026,E,
"Unit 15,Acorn Business Centre",,Livingstone Way,,Taunton,TA2 6BD,04874N12,2200021319951,4677,4/10/2027,E,
Unit U2,,"Rudford Industrial Estate, Ford Road",,ARUNDEL,BN18 0BF,04811H17,2000018560819,7191,29/6/2027,E,
,27,Westgate,,Tadcaster,LS24 9JB,0380102B,2344545744510,13393,3/12/2027,E,
The Villa,,Park Avenue,,TELFORD,TF7 5AE,,59155207,321810,21/2/2026,,332421
Unit 4,,Stonegravels Lane,,Chesterfield,S41 7LF,04811N12,1100009049970,47740,1/3/2027,E,
ROOF TOP CAR PARK,,Stonebow House,,YORK,YO1 7NP,03800998,1591016344290,,3/11/2025,D,
Empire House,28,Main Street,,Hull,HU10 6BU,0481102C,2361800369110,13284,30/6/2026,E,
,,WHITCHURCH ROAD,,"WELLINGTON, TELFORD",TF1 3AG,03801N12,1414180000009,7368,30/8/2026,E,
,8,Palace Gates Road,,London,N22 7BN,03801202,1013073593539,4902,5/2/2028,E,
Richardson Fabrication,,Skitham Lane,,Preston,PR3 6BE,03801014,1620000272998,4191,1/11/2026,E,
Unit 2,,Dalby Court,,Northwich,CW9 7TN,00900D02,1300000222040,,30/6/2027,E,
,63,Ashley Road,,DORSET,BH14 9BT,,2000021404776,,5/2/2028,1,
"Unit 1-3,Falcon Park",,Claymore,,Tamworth,B77 5DQ,00845058,1100039233734,,30/8/2026,E,
The Church,,,,Carmarthen,SA33 4PR,03801200,2199999092860,,1/3/2027,E,
WINSLOW HOUSE,,SPRING HILL,,STROUD,GL6 0LS,,22115006,315020,1/3/2028,,336204
Dolly-Annas,489,Bellhouse Road,,Sheffield,S5 0EP,0380102A,2332420814518,2002,19/2/2026,E,
,14,"Rowallen Parade, Green Lane",,DAGENHAM,RM8 1XU,04808202,1200039855225,7096,17/6/2026,E,
Unit 52,,Hayden Industrial Estate,,Bath,BA3 3RD,03801110,2200011983309,2140,31/8/2027,E,
CORNWALLIS NURSING HOME,,TREWIDDEN ROAD,,ST. IVES,TR26 2BX,,8145303,358663,1/1/2028,,408164
THE WHITE HART PUB,0,Wrington Road,,Bristol,BS49 5AR,00845N14,2200030037860,,3/2/2026,E,
BELFORD HOUSE NURSING HOME,,LYMINGTON BOTTOM,,ALTON,GU34 5AH,,80098306,301618,1/2/2027,,80098306
,75-77,Queensway,,Milton Keynes,MK2 2DW,00900N14,1100039230478,,31/8/2026,E,
Ken Fish,8,LIMBRICK LANE,,,BN12 6JL,04811203,1900024406598,12478,30/6/2027,E,
Ground Floor,55,East Road,,London,N1 6AH,03801201,1200030109449,472,13/6/2026,E,
,80-80a,Eastgate Street,,GLOUCESTER,GL1 1QN,03801N13,1419766912004,9928,3/11/2025,E,
,94,High Street,,Mablethorpe,LN12 1AS,,1100000594114,1238,3/11/2025,1,
38,,NEW BANK ROAD,,BLACKBURN,BB2 6JW,03801004,1610021708770,5174,30/5/2026,E,
"W GODFREY, STIRKS BUTCHERS,",71,Sea Road,,Sunderland,SR6 9BW,0090002B,1591011943440,,3/11/2025,E,
Unit 5A,,Armstrong Road,,BENFLEET,SS7 4PW,03801202,1012598863644,4890,13/5/2027,E,
Ground Floor,55,East Road,,London,N1 6AH,03801201,1200030109430,502,13/6/2026,E,
Ground Floor,55,East Road,,London,N1 6AH,03801201,1200030109458,291,13/6/2026,E,
Unit 1,,Bridgeman Street,,Walsall,WS2 9PG,03801N13,1410773060009,726,15/5/2027,E,
123-125,,Bridgnorth Road,,Stirbridge,DY8 3NX,04811N13,1419644680003,9414,13/6/2027,E,
,282,Baring Road,,LONDON,SE12 0DS,00845072,1200060430423,,15/5/2028,E,
Factory First Floor,659,Green Lanes,,London,N8 0QY,03801203,1013085280520,8418,9/7/2026,E,
,197,Carmarthen Road,,Swansea,SA1 1HE,03801200,2199998327248,6506,13/6/2026,E,
Basement And Shop,32,Clifton Road,,London,W9 1ST,03801201,1200032415587,9856,31/5/2027,E,
Unit 5,,LYSANDER MEWS,,London,N19 3QP,03801204,1200027820000,6103,3/11/2025,E,
Just For Men,20,Yardley Road,,Birmingham,B27 6ED,04811010,1417923141000,2939,31/5/2026,E,
,23,West St Helen Street,,Abingdon,OX14 5BL,04044H17,2000009543695,6341,3/11/2025,E,
,,Camps Industrial Estate,,KIRKNEWTON,EH27 8DF,,1800020219513,12068,8/7/2027,E,
Unit H4 Beckingham Business Pk,,Beckingham Street,,Maldon,CM9 8LZ,03801201,1012626998628,3392,2/9/2026,E,
Bradshaw Farm,,Ipstones,,STOKE-ON-TRENT,ST10 2LL,03801007,1418393040000,3109,6/3/2028,E,
Unit 1B,,Monks Road Industrial Estate,,Alfreton,DE55 7RL,00900N13,1100039630320,,24/4/2026,E,
SA Performing Arts Centre,,Potts Street,,Newcastle Upon Tyne,NE6 1ED,0084505A,1591058949873,,16/7/2026,E,
,31,St Stephens Road,,Norwich,NR1 3SP,04166201,1012685110192,66159,3/6/2026,E,
Bradshaw Farm,,Ipstones Edge,,Stoke-on-Trent,ST10 2LL,04811N14,1417393040008,127328,6/3/2028,E,
Unit 2,,"Byfleet Technical Centre, Canada Road",,WEST BYFLEET,KT14 7JX,00845073,1900070192935,,1/10/2026,E,
Goose Green Farm,,Moss House Lane,,Preston,PR4 4TD,04811154,1610020499068,6296,20/5/2028,E,
,43a,High Street,,IPSWICH,IP7 5AB,03801203,1012987099500,4363,25/7/2026,E,
Wallasey Village,118,,,Wallasey,CH45 3LN,03801D03,1300006789733,9776,1/6/2026,E,
,1,Steward Street,,Birmingham,B18 7AE,00900N12,1421396100000,,3/11/2025,E,
,,Woodlands Crematorium,,Paisley,PA1 2NP,03801D04,1800028038219,117659,1/10/2027,E,
,92,North End Road,,London,W14 9EX,00845071,1200010009369,,23/5/2027,E,
,,Roman Road,,SUTTON COLDFIELD,B74 3AN,,49953005,223390,26/10/2026,,275410
Strathnaver Museum Shed,,"Clachan,",,Thurso,KW14 7SS,03801P07,1700060028209,5632,15/6/2027,E,
,8,Dolphin Lane,,Boston,PE21 6EU,04811037,1100000203999,17414,23/5/2028,E,
,,,,,,,65045107,65045107,,,6112
,96,North Street,,Hornchurch,RM11 1SU,04808203,1012581272559,,20/5/2026,E,
24 Hammond Buisness Centre,,Hammond Close,,Nuneaton,CV11 6RY,03801N12,1100040502362,347,3/11/2025,E,
"UNIT 10, DAVY COURT",,"CASTLE MOUND WAY, CENTRAL PARK",,RUGBY,CV23 0UZ,03811N13,1100770406013,14318,3/11/2025,E,
"Unit 5-6, The Sovereign Centre",,Farthing Road,,IPSWICH,IP1 5AP,04808204,1012890639806,,1/6/2027,E,
Unit 72,,Powder Mill Lane,,Dartford,DA1 1HL,,74891810,27907,13/11/2027,,31253
"OFFICE,",,REAR OF 183,,"LONDON,",NW9 6LP,03801203,1050001952571,,3/11/2025,E,
,72,Warren Farm Road,,BIRMINGHAM,B44 0QN,00845127,1420836100001,,1/6/2026,E,
Shop 6,175,Station Road,,Ferndown,BH22 0HX,04044H17,2000021785222,9385,15/6/2026,E,
,,Youth Centre,,Warrington,WA5 2EY,03801D01,1300005796517,,23/7/2026,E,
,,,,,,,2000021529207,,,,
"Unit 5-6, The Sovereign Centre",,Farthing Road,,IPSWICH,IP1 5AP,04811204,1012890640722,93626,1/6/2027,E,
,21,FAWCETT STREET,,SUNDERLAND,SR1 1RH,0380102A,1591058921112,33161,9/4/2026,E,
Unit 6,,Farthing Road,,IPSWICH,IP1 5AP,04808204,1012890640494,59368,1/6/2027,E,
PLOT 1 SHAPPEN STORES,,QRINGWOOD ROAD,,,BH24 4AB,,2000058025440,51299,1/6/2027,E,
,,99 Barkby Road,,Leicester,LE4 6LG,00900N14,1170000233349,,2/12/2025,E,
,29,Colwyn Avenue,,COLWYN BAY,LL28 4RB,03801D02,1300009090978,2970,16/6/2026,E,
,,,,,,,49646007,49646007,,,428512
Oakwood Industrial Estate,,Harling Road,,Norwich,NR16 2JU,03801202,1030049703929,7158,28/5/2027,E,
,,,,,,,8860813201,8860813201,,,181688
,,,,,,,8817740205,8817740205,,,382263
Seldons Leisureworld,,Whitburn Road,,Sunderland,SR6 8AA,0084505A,1591040553639,,17/6/2026,E,
Roka Restaurant,37,Charlotte Street,,London,W1T 1RR,,9116478306,0,4/6/2014,,300591
,1,Pountney Road,,London,SW11 5TU,03801202,1200027780801,2897,29/5/2028,E,
1st Floor Rear of Chapel Place,6a,White Hart Lane,,London,N17 8DP,03801203,1013070823184,17784,29/5/2027,E,
,1-2,Knowsley Rd Ind Est,,Haslingdon,BB4 4RX,,9109179406,339616,1/7/2027,,434031
Shop,74,East Barnet Road,,Barnet,EN4 8RQ,03801202,1012994114739,13379,17/6/2027,E,
Miracom House,,Dunlop Road,,IPSWICH,IP2 0UG,03801203,1012890592654,18703,14/4/2028,E,
,17A,EAST END ROAD,,LONDON,N3 3QE,03801203,1050000116544,32804,18/6/2026,E,
Ground,60,Parkway,,London,NW1 7AH,03801202,1200034593876,27651,3/11/2025,D,
,,3a Fuller Road,,Harleston,IP20 9EA,03801201,1012707413759,4694,30/5/2027,E,
Unit 1B,,Gaerwen Industrial Estate,,Gaerwen,LL60 6HR,03801D01,1300054415115,8230,18/6/2027,E,
,,3c Fuller Road,,Harleston,IP20 9EA,03801201,1012707414673,13397,30/5/2027,E,
,,,,,,,9128219410,9128219410,,,20657
21,,PURDEYS WAY,,ROCHFORD,SS4 1ND,03136201,1012608233614,4198,24/5/2026,E,
,,,,,,,1100011532348,,,,
Kineton House,31,Horse Fair,,Banbury,OX16 0AE,03801N12,1415105181002,6162,1/6/2026,E,
SDC Property - Limegrove House (Main),,Caxton Road,,BEDFORD,MK41 0QQ,00845072,1014568365377,,1/6/2027,E,
MERCEDES BENZ SERVICE CENTRE,,Keighley Road,,Skipton,BD23 2QR,0084502C,2380000834599,,1/6/2026,E,
Unit 51,,Crofty Industrial Estate,,Swansea,SA4 3RS,03801200,2199997488334,2174,19/6/2027,E,
Oakwood Yard,,Harling Road,,NORWICH,NR16 2JU,00845073,1050000701661,,1/6/2030,E,
Unit 35,,Regent Arcade,,Cheltenham,GL50 1JZ,00845127,1425678100000,,1/6/2027,E,
,,,,,,,1900029129572,,,,
,628,Finchley Road,,LONDON,NW11 7RR,03136204,1012989171112,101925,3/6/2028,E,
,,19-21 Wicker,,Sheffield,S3 8HS,0380102A,2334310159019,5893,25/6/2026,E,
,88,Regent Street,,Bristol,BS15 8HU,03801N12,2200017789057,8352,20/6/2027,E,
THE OAK,,Stratford Road,,WEST MIDLANDS,B94 5NW,00845L02,1424187100008,,1/6/2026,E,
Unit 3,,Charter Street,,Leicester,LE1 3UD,00845058,1100039201096,,1/8/2026,E,
"Unit 11, Lower Darwen Mill",,Albert Place,,Darwen,BB3 0QE,03801631,1610022124687,76,4/6/2028,E,
,,,,,,,13026904,13026904,,,41835
,,12-14,,Sunderland,SR13NX,0084502B,1591020504362,,2/6/2026,E,
Newhaven Residential Home,,Mumby Road,,Lincolnshire,LN13 9RF,04812N14,1100000532340,36101,4/6/2028,E,
,,,,,,,1200030821812,,,,
Unit 1 Crossways House,,The Square,,Cheltenham,GL54 1AB,04811010,1410675871008,4260,20/6/2026,E,
,110a,North Street,,HORNCHURCH,RM11 1SU,03801202,1012581277840,1963,2/6/2027,E,
,85,Deardengate,,ROSSENDALE,BB4 5SN,03801131,1610022665347,1945,20/6/2026,E,
Unit 5/6,UNIT 5/6,Day Street,,WALSALL,WS2 8EJ,03801007,1460001925810,80,13/8/2026,E,
Basement Room,47,Preston New Road,,Blackburn,BB2 6AE,03801631,1610021696896,3343,24/6/2026,E,
,,Duns Tew Road,,CHIPPING NORTON,OX7 7DG,03801H02,2000008674360,1691,20/6/2026,E,
Townsend Piece,7,Bicester Road,,Aylesbury,HP19 8BQ,03801201,1012459350472,5766,2/6/2028,E,
,,,,,,,1890331503,1890331503,,,101807
,34,LITTLE CASTERTON ROAD,,STAMFORD,PE9 1BE,04811N13,1100001971275,66529,27/6/2027,E,
,47,Preston New Road,,Blackburn,BB2 6AE,04811161,1610021696850,6168,24/6/2026,E,
36/37,,Lancaster Gate,,,W2 3NA,03801204,1200040573980,86136,6/6/2028,E,
26,,STARBECK AVENUE,,,NE2 1RJ,0380102A,1570000327970,3035,21/6/2027,E,
Ground Floor,114a,Cromwell Road,,LONDON,SW7 4ES,03801204,1200061283799,29893,6/6/2027,E,
,5,Oxford Road,,YEOVIL,BA21 5HR,03801H06,2000026163838,11047,2/6/2026,E,
,,STOCKWOOD VALE,,BRISTOL,BS31 2AL,03801N12,2200015152614,3995,2/6/2028,E,
,,,,,,,9146368306,9146368306,,,875147
,,,,,,,53720709,53720709,,,141076
Radlett United Free Church,,Station Road,,RADLETT,WD7 8JX,03801204,1012427816327,36514,6/6/2028,E,
,32,Glenburn Road,,Glasgow,G74 5BA,03801D03,1800029881917,20903,21/6/2026,E,
,,,,,,,267310,267310,,,2469178
,,,,,,,1413278431006,,,,
Beaufort House,,Clarke Way,,Swansea,SA1 7ER,03801N14,2199997706145,48458,21/6/2026,E,
,58,Allendale Road,,Newcastle Upon Tyne,NE6 2SU,0380102C,1591059127620,10545,9/6/2028,E,
,418,Hinckley Road,,Leicester,LE3 0WA,,19237802,94440,8/3/2028,,131759
Amusement Arcade,,The Promenade,,Abergele,LL22 7PP,00900D04,1300009607969,,3/11/2025,E,
STAG & PHEASANT,34,Spilman Street,,CARMARTHEN,SA31 1LQ,04828N14,2199998988141,41684,3/11/2025,E,
,,,,,,,74163204,74163204,,,1
,101,St Aldates,,Oxford,OX1 1BT,03105H34,2000008728661,49258,21/6/2027,E,
3,,West Granton Road,,Edinburgh,EH5 1HG,00845G02,1800022828011,,9/11/2026,E,
Envy,50,Bridge Street,,Norwich,NR14 6EZ,04807201,1012710881462,3564,2/7/2026,E,
,,,,,,,18154703,18154703,,,257749
Unit D,,Beckingham Street,,Maldon,CM9 8LZ,,1012626985284,49297,3/6/2026,1,
St Marys At The Elms,,Elm Street,,Ipswich,IP1 2EF,04138201,1030072442640,2120,15/6/2028,E,
,,,,,,,13581607,13581607,,,627308
