Site Building Name,Site Street No,Site Street 1,Site Street 2,Site Town,Site Postcode,MPAN Topline,Meter Number,Usage,Proposed Start Date,Energization Status,Annualised AQ,Status
,,,,,,,7880715906,7880715906,,,7880715906,Unfound
,,,,,,,7968241809,7968241809,,,7968241809,Unfound
,,,,,,,1994453588,1994453588,,,1994453588,Unfound
,,,,,,,1202069450,1202069450,,,1202069450,Unfound
,,,,,,,7917611057,7917611057,,,7917611057,Unfound
,,,,,,,1706826760,1706826760,,,1706826760,Unfound
,,,,,,,1213539754,1213539754,,,1213539754,Unfound
,,,,,,,1282830126,1282830126,,,1282830126,Unfound
,,,,,,,1214770805,1214770805,,,1214770805,Unfound
,,,,,,,1204523182,1204523182,,,1204523182,Unfound
,,,,,,,1639644611,1639644611,,,1639644611,Unfound
,,,,,,,1588638393,1588638393,,,1588638393,Unfound
,,,,,,,1619289621,1619289621,,,1619289621,Unfound
,,,,,,,1295811399,1295811399,,,1295811399,Unfound
,,,,,,,1452888088,1452888088,,,1452888088,Unfound
,,,,,,,1254265727,1254265727,,,1254265727,Unfound
,,,,,,,1204841672,1204841672,,,1204841672,Unfound
,,,,,,,1945880188,1945880188,,,1945880188,Unfound
,,,,,,,1782412687,1782412687,,,1782412687,Unfound
,,,,,,,7468531861,7468531861,,,7468531861,Unfound
,,,,,,,1588672327,1588672327,,,1588672327,Unfound
,,,,,,,1270762117,1270762117,,,1270762117,Unfound
,,,,,,,7817797496,7817797496,,,7817797496,Unfound
,,,,,,,7891378605,7891378605,,,7891378605,Unfound
,,,,,,,1902609228,1902609228,,,1902609228,Unfound
,,,,,,,1792579572,1792579572,,,1792579572,Unfound
,,,,,,,1543877444,1543877444,,,1543877444,Unfound
,,,,,,,1388814417,1388814417,,,1388814417,Unfound
,,,,,,,7547759645,7547759645,,,7547759645,Unfound
,,,,,,,1274632516,1274632516,,,1274632516,Unfound
,,,,,,,7758943971,7758943971,,,7758943971,Unfound
,,,,,,,1453763147,1453763147,,,1453763147,Unfound
,,,,,,,7447925997,7447925997,,,7447925997,Unfound
,,,,,,,1202718660,1202718660,,,1202718660,Unfound
,,,,,,,1588620471,1588620471,,,1588620471,Unfound
,,,,,,,7934484933,7934484933,,,7934484933,Unfound
,,,,,,,1204571499,1204571499,,,1204571499,Unfound
,,,,,,,1792892747,1792892747,,,1792892747,Unfound
,,,,,,,1462637729,1462637729,,,1462637729,Unfound
,,,,,,,7889454306,7889454306,,,7889454306,Unfound
,,,,,,,1267211261,1267211261,,,1267211261,Unfound
,,,,,,,1803762041,1803762041,,,1803762041,Unfound
,,,,,,,1285654888,1285654888,,,1285654888,Unfound
,,,,,,,1479821643,1479821643,,,1479821643,Unfound
,,,,,,,1267232634,1267232634,,,1267232634,Unfound
,,,,,,,1832733165,1832733165,,,1832733165,Unfound
,,,,,,,7857847795,7857847795,,,7857847795,Unfound
,,,,,,,1480223650,1480223650,,,1480223650,Unfound
,,,,,,,1630655800,1630655800,,,1630655800,Unfound
,,,,,,,1825840292,1825840292,,,1825840292,Unfound
,,,,,,,1952820400,1952820400,,,1952820400,Unfound
,,,,,,,7909443920,7909443920,,,7909443920,Unfound
,,,,,,,1484401280,1484401280,,,1484401280,Unfound
,,,,,,,1903261166,1903261166,,,1903261166,Unfound
,,,,,,,1384076461,1384076461,,,1384076461,Unfound
,,,,,,,1012642521782,,,,,Unfound
,,,,,,,7743455594,7743455594,,,7743455594,Unfound
,,,,,,,1491659046,1491659046,,,1491659046,Unfound
,,,,,,,7725750640,7725750640,,,7725750640,Unfound
,,,,,,,1789767816,1789767816,,,1789767816,Unfound
,,,,,,,1902335430,1902335430,,,1902335430,Unfound
,,,,,,,7943106361,7943106361,,,7943106361,Unfound
,,,,,,,7854752033,7854752033,,,7854752033,Unfound
,,,,,,,1502514500,1502514500,,,1502514500,Unfound
,,,,,,,1509600033,1509600033,,,1509600033,Unfound
,,,,,,,1216478511,1216478511,,,1216478511,Unfound
,,,,,,,1012391290712,,,,,Unfound
,,,,,,,1903790270,1903790270,,,1903790270,Unfound
,,,,,,,1202657814,1202657814,,,1202657814,Unfound
,,,,,,,1622670179,1622670179,,,1622670179,Unfound
,,,,,,,7507802959,7507802959,,,7507802959,Unfound
,,,,,,,1535614050,1535614050,,,1535614050,Unfound
,,,,,,,1282830205,1282830205,,,1282830205,Unfound
,,,,,,,7714213255,7714213255,,,7714213255,Unfound
,,,,,,,1746710248,1746710248,,,1746710248,Unfound
,,,,,,,1617235930,1617235930,,,1617235930,Unfound
,,,,,,,1926425005,1926425005,,,1926425005,Unfound
,,,,,,,7931116424,7931116424,,,7931116424,Unfound
,,,,,,,7732516939,7732516939,,,7732516939,Unfound
,,,,,,,1788550101,1788550101,,,1788550101,Unfound
,,,,,,,1273471018,1273471018,,,1273471018,Unfound
,,,,,,,1733211776,1733211776,,,1733211776,Unfound
,,,,,,,1202759929,1202759929,,,1202759929,Unfound
,,,,,,,7956960499,7956960499,,,7956960499,Unfound
,,,,,,,1789764156,1789764156,,,1789764156,Unfound
,,,,,,,1202511111,1202511111,,,1202511111,Unfound
,,,,,,,1299401618,1299401618,,,1299401618,Unfound
,,,,,,,1285652191,1285652191,,,1285652191,Unfound
,,,,,,,1235511711,1235511711,,,1235511711,Unfound
,,,,,,,1798831559,1798831559,,,1798831559,Unfound
,,,,,,,1902352215,1902352215,,,1902352215,Unfound
,,,,,,,1215571153,1215571153,,,1215571153,Unfound
,,,,,,,1100000127600,,,,,Unfound
,,,,,,,1254873368,1254873368,,,1254873368,Unfound
,,,,,,,1925414100,1925414100,,,1925414100,Unfound
,,,,,,,7531864695,7531864695,,,7531864695,Unfound
,,,,,,,7921189920,7921189920,,,7921189920,Unfound
,,,,,,,1267237844,1267237844,,,1267237844,Unfound
,,,,,,,1204556350,1204556350,,,1204556350,Unfound
,,,,,,,1723351751,1723351751,,,1723351751,Unfound
,,,,,,,1942245843,1942245843,,,1942245843,Unfound
,,,,,,,1570423099,1570423099,,,1570423099,Unfound
,,,,,,,7789537646,7789537646,,,7789537646,Unfound
,,,,,,,1327361310,1327361310,,,1327361310,Unfound
,,,,,,,1972772263,1972772263,,,1972772263,Unfound
,,,,,,,1934416102,1934416102,,,1934416102,Unfound
,,,,,,,1902602221,1902602221,,,1902602221,Unfound
,,,,,,,1785256594,1785256594,,,1785256594,Unfound
,,,,,,,3001231466,3001231466,,,3001231466,Unfound
,,,,,,,1570480781,1570480781,,,1570480781,Unfound
,,,,,,,7592302852,7592302852,,,7592302852,Unfound
,,,,,,,1952585394,1952585394,,,1952585394,Unfound
,,,,,,,7884311278,7884311278,,,7884311278,Unfound
,,,,,,,1535608662,1535608662,,,1535608662,Unfound
,,,,,,,1273772955,1273772955,,,1273772955,Unfound
,,,,,,,7767365365,7767365365,,,7767365365,Unfound
,,,,,,,1455841660,1455841660,,,1455841660,Unfound
,,,,,,,1536268419,1536268419,,,1536268419,Unfound
,,,,,,,7867815748,7867815748,,,7867815748,Unfound
,,,,,,,7776112325,7776112325,,,7776112325,Unfound
,,,,,,,2084673138,2084673138,,,2084673138,Unfound
,,,,,,,1213267466,1213267466,,,1213267466,Unfound
,,,,,,,7713582781,7713582781,,,7713582781,Unfound
,,,,,,,1604713171,1604713171,,,1604713171,Unfound
,,,,,,,7793587162,7793587162,,,7793587162,Unfound
,,,,,,,1248353428,1248353428,,,1248353428,Unfound
,,,,,,,1299400655,1299400655,,,1299400655,Unfound
,,,,,,,1299879361,1299879361,,,1299879361,Unfound
,,,,,,,8004584005,8004584005,,,8004584005,Unfound
,,,,,,,1538384437,1538384437,,,1538384437,Unfound
,,,,,,,1865557571,1865557571,,,1865557571,Unfound
,,,,,,,2199999408312,,,,,Unfound
,,,,,,,1509237797,1509237797,,,1509237797,Unfound
,,,,,,,1162698500,1162698500,,,1162698500,Unfound
,,,,,,,1939291129,1939291129,,,1939291129,Unfound
,,,,,,,7950619972,7950619972,,,7950619972,Unfound
,,,,,,,1273201980,1273201980,,,1273201980,Unfound
,,,,,,,2000006486120,,,,,Unfound
,,,,,,,7789572636,7789572636,,,7789572636,Unfound
,,,,,,,1273611588,1273611588,,,1273611588,Unfound
,,,,,,,7968068042,7968068042,,,7968068042,Unfound
,,,,,,,7717713036,7717713036,,,7717713036,Unfound
,,,,,,,7729858959,7729858959,,,7729858959,Unfound
,,,,,,,1267253258,1267253258,,,1267253258,Unfound
,,,,,,,1761433522,1761433522,,,1761433522,Unfound
,,,,,,,1274852032,1274852032,,,1274852032,Unfound
,,,,,,,7974138695,7974138695,,,7974138695,Unfound
,,,,,,,1754830246,1754830246,,,1754830246,Unfound
,,,,,,,1300009853160,,,,,Unfound
,,,,,,,1275779832,1275779832,,,1275779832,Unfound
,,,,,,,2074841007,2074841007,,,2074841007,Unfound
,,,,,,,7974282506,7974282506,,,7974282506,Unfound
,,,,,,,1939211100,1939211100,,,1939211100,Unfound
,,,,,,,7974475963,7974475963,,,7974475963,Unfound
,,,,,,,7966282467,7966282467,,,7966282467,Unfound
,,,,,,,7778800132,7778800132,,,7778800132,Unfound
,,,,,,,1214863773,1214863773,,,1214863773,Unfound
,,,,,,,7734581173,7734581173,,,7734581173,Unfound
,,,,,,,7823556989,7823556989,,,7823556989,Unfound
,,,,,,,2476661220,2476661220,,,2476661220,Unfound
,,,,,,,1202536308,1202536308,,,1202536308,Unfound
,,,,,,,7745152588,7745152588,,,7745152588,Unfound
,,,,,,,1608641066,1608641066,,,1608641066,Unfound
,,,,,,,1204497145,1204497145,,,1204497145,Unfound
,,,,,,,7885515339,7885515339,,,7885515339,Unfound
,,,,,,,1179464528,1179464528,,,1179464528,Unfound
,,,,,,,1617468657,1617468657,,,1617468657,Unfound
,,,,,,,1204654786,1204654786,,,1204654786,Unfound
,,,,,,,1782782477,1782782477,,,1782782477,Unfound
,,,,,,,7577235220,7577235220,,,7577235220,Unfound
,,,,,,,7976902338,7976902338,,,7976902338,Unfound
,,,,,,,1423810434,1423810434,,,1423810434,Unfound
,,,,,,,1366377734,1366377734,,,1366377734,Unfound
,,,,,,,1273465921,1273465921,,,1273465921,Unfound
,,,,,,,1214065254,1214065254,,,1214065254,Unfound
,,,,,,,7432711889,7432711889,,,7432711889,Unfound
,,,,,,,1202593444,1202593444,,,1202593444,Unfound
,,,,,,,2086726351,2086726351,,,2086726351,Unfound
,,,,,,,1415144241004,,,,,Unfound
,,,,,,,7482244769,7482244769,,,7482244769,Unfound
,,,,,,,1554753962,1554753962,,,1554753962,Unfound
,,,,,,,1202854536,1202854536,,,1202854536,Unfound
,,,,,,,1282606438,1282606438,,,1282606438,Unfound
,,,,,,,1204650793,1204650793,,,1204650793,Unfound
,,,,,,,1273812738,1273812738,,,1273812738,Unfound
,,,,,,,1273552212,1273552212,,,1273552212,Unfound
,,,,,,,1282867390,1282867390,,,1282867390,Unfound
,,,,,,,1225710421,1225710421,,,1225710421,Unfound
,,,,,,,7976721055,7976721055,,,7976721055,Unfound
,,,,,,,7811110514,7811110514,,,7811110514,Unfound
,,,,,,,1253763244,1253763244,,,1253763244,Unfound
,,,,,,,1384561791,1384561791,,,1384561791,Unfound
,,,,,,,2476664400,2476664400,,,2476664400,Unfound
,,,,,,,1782219099,1782219099,,,1782219099,Unfound
,,,,,,,1775725903,1775725903,,,1775725903,Unfound
,,,,,,,1834844175,1834844175,,,1834844175,Unfound
,,,,,,,1480470738,1480470738,,,1480470738,Unfound
,,,,,,,7581537547,7581537547,,,7581537547,Unfound
,,,,,,,1213413546,1213413546,,,1213413546,Unfound
,,,,,,,1938810759,1938810759,,,1938810759,Unfound
,,,,,,,1902716988,1902716988,,,1902716988,Unfound
,,,,,,,7810867644,7810867644,,,7810867644,Unfound
,,,,,,,1933663802,1933663802,,,1933663802,Unfound
,,,,,,,7939821558,7939821558,,,7939821558,Unfound
,,,,,,,1761232215,1761232215,,,1761232215,Unfound
,,,,,,,1924891666,1924891666,,,1924891666,Unfound
,,,,,,,1554774559,1554774559,,,1554774559,Unfound
,,,,,,,1254232780,1254232780,,,1254232780,Unfound
,,,,,,,7835391850,7835391850,,,7835391850,Unfound
,,,,,,,1987770367,1987770367,,,1987770367,Unfound
,,,,,,,1384379992,1384379992,,,1384379992,Unfound
,,,,,,,1945467996,1945467996,,,1945467996,Unfound
,,,,,,,1733554352,1733554352,,,1733554352,Unfound
,,,,,,,1492876450,1492876450,,,1492876450,Unfound
,,,,,,,7541670849,7541670849,,,7541670849,Unfound
,,,,,,,1274717888,1274717888,,,1274717888,Unfound
,,,,,,,7789073516,7789073516,,,7789073516,Unfound
,,,,,,,7818067164,7818067164,,,7818067164,Unfound
,,,,,,,2000018072273,,,,,Unfound
,,,,,,,7714877174,7714877174,,,7714877174,Unfound
,,,,,,,1827723828,1827723828,,,1827723828,Unfound
,,,,,,,1908634997,1908634997,,,1908634997,Unfound
,,,,,,,1299254254,1299254254,,,1299254254,Unfound
,,,,,,,1530560930,1530560930,,,1530560930,Unfound
,,,,,,,1869355267,1869355267,,,1869355267,Unfound
,,,,,,,7562836276,7562836276,,,7562836276,Unfound
,,,,,,,1234327247,1234327247,,,1234327247,Unfound
,,,,,,,1170000008730,,,,,Unfound
,,,,,,,1273463279,1273463279,,,1273463279,Unfound
,,,,,,,1386443333,1386443333,,,1386443333,Unfound
,,,,,,,1858466607,1858466607,,,1858466607,Unfound
,,,,,,,1215530975,1215530975,,,1215530975,Unfound
,,,,,,,1491826377,1491826377,,,1491826377,Unfound
,,,,,,,1267234656,1267234656,,,1267234656,Unfound
,,,,,,,7989554247,7989554247,,,7989554247,Unfound
,,,,,,,7786036943,7786036943,,,7786036943,Unfound
,,,,,,,1202331881,1202331881,,,1202331881,Unfound
,,,,,,,1527835555,1527835555,,,1527835555,Unfound
,,,,,,,1745857142,1745857142,,,1745857142,Unfound
,,,,,,,1929422061,1929422061,,,1929422061,Unfound
,,,,,,,1559363650,1559363650,,,1559363650,Unfound
,,,,,,,7949001442,7949001442,,,7949001442,Unfound
,,,,,,,1926813694,1926813694,,,1926813694,Unfound
,,,,,,,1902757454,1902757454,,,1902757454,Unfound
,,,,,,,1597810231,1597810231,,,1597810231,Unfound
,,,,,,,1274728609,1274728609,,,1274728609,Unfound
,,,,,,,7971000550,7971000550,,,7971000550,Unfound
,,,,,,,1942817090,1942817090,,,1942817090,Unfound
,,,,,,,7789930182,7789930182,,,7789930182,Unfound
,,,,,,,1913873694,1913873694,,,1913873694,Unfound
,,,,,,,8454757489,8454757489,,,8454757489,Unfound
,,,,,,,7732127741,7732127741,,,7732127741,Unfound
,,,,,,,7722406936,7722406936,,,7722406936,Unfound
,,,,,,,1524822558,1524822558,,,1524822558,Unfound
,,,,,,,1162665911,1162665911,,,1162665911,Unfound
,,,,,,,1780767617,1780767617,,,1780767617,Unfound
,,,,,,,7834399458,7834399458,,,7834399458,Unfound
,,,,,,,7957457657,7957457657,,,7957457657,Unfound
,,,,,,,1282422684,1282422684,,,1282422684,Unfound
,,,,,,,1903882110,1903882110,,,1903882110,Unfound
,,,,,,,1217421329,1217421329,,,1217421329,Unfound
,,,,,,,1214562199,1214562199,,,1214562199,Unfound
,,,,,,,1902678202,1902678202,,,1902678202,Unfound
,,,,,,,1908260322,1908260322,,,1908260322,Unfound
,,,,,,,1273572020,1273572020,,,1273572020,Unfound
,,,,,,,7440445196,7440445196,,,7440445196,Unfound
,,,,,,,7730028868,7730028868,,,7730028868,Unfound
,,,,,,,7405441393,7405441393,,,7405441393,Unfound
,,,,,,,1570422257,1570422257,,,1570422257,Unfound
,,,,,,,1273514406,1273514406,,,1273514406,Unfound
,,,,,,,1179553345,1179553345,,,1179553345,Unfound
,,,,,,,1423202703,1423202703,,,1423202703,Unfound
,,,,,,,1179030600,1179030600,,,1179030600,Unfound
,,,,,,,1179716662,1179716662,,,1179716662,Unfound
,,,,,,,2476301800,2476301800,,,2476301800,Unfound
,,,,,,,1706365561,1706365561,,,1706365561,Unfound
,,,,,,,1706212544,1706212544,,,1706212544,Unfound
,,,,,,,1373822806,1373822806,,,1373822806,Unfound
,,,,,,,1745826344,1745826344,,,1745826344,Unfound
,,,,,,,1706222172,1706222172,,,1706222172,Unfound
,,,,,,,1746762052,1746762052,,,1746762052,Unfound
,,,,,,,1323892457,1323892457,,,1323892457,Unfound
,,,,,,,1684576076,1684576076,,,1684576076,Unfound
,,,,,,,1792412002,1792412002,,,1792412002,Unfound
,,,,,,,7956709398,7956709398,,,7956709398,Unfound
,,,,,,,1274852100,1274852100,,,1274852100,Unfound
,,,,,,,1993867147,1993867147,,,1993867147,Unfound
,,,,,,,1792655667,1792655667,,,1792655667,Unfound
,,,,,,,7922681601,7922681601,,,7922681601,Unfound
,,,,,,,1411591830009,,,,,Unfound
,,,,,,,1535680273,1535680273,,,1535680273,Unfound
,,,,,,,1419337230006,,,,,Unfound
,,,,,,,1425610818,1425610818,,,1425610818,Unfound
,,,,,,,1300011938716,,,,,Unfound
,,,,,,,1204307575,1204307575,,,1204307575,Unfound
,,,,,,,7889826582,7889826582,,,7889826582,Unfound
,,,,,,,1654711558,1654711558,,,1654711558,Unfound
,,,,,,,1200037700840,,,,,Unfound
,,,,,,,1993775255,1993775255,,,1993775255,Unfound
,,,,,,,1217470550,1217470550,,,1217470550,Unfound
,,,,,,,7709097096,7709097096,,,7709097096,Unfound
,,,,,,,1254582263,1254582263,,,1254582263,Unfound
,,,,,,,1785606670,1785606670,,,1785606670,Unfound
,,,,,,,1200442780,1200442780,,,1200442780,Unfound
,,,,,,,2476258263,2476258263,,,2476258263,Unfound
,,,,,,,1934713313,1934713313,,,1934713313,Unfound
,,,,,,,1902710555,1902710555,,,1902710555,Unfound
,,,,,,,1785817814,1785817814,,,1785817814,Unfound
,,,,,,,1485532931,1485532931,,,1485532931,Unfound
,,,,,,,1778591221,1778591221,,,1778591221,Unfound
,,,,,,,1913882388,1913882388,,,1913882388,Unfound
,,,,,,,1792873284,1792873284,,,1792873284,Unfound
,,,,,,,7943845004,7943845004,,,7943845004,Unfound
,,,,,,,1792480822,1792480822,,,1792480822,Unfound
,,,,,,,1323849913,1323849913,,,1323849913,Unfound
,,,,,,,1630661666,1630661666,,,1630661666,Unfound
,,,,,,,2084606206,2084606206,,,2084606206,Unfound
,,,,,,,1903213740,1903213740,,,1903213740,Unfound
,,,,,,,7754237369,7754237369,,,7754237369,Unfound
,,,,,,,2000020005036,,,,,Unfound
,,,,,,,1844217557,1844217557,,,1844217557,Unfound
,,,,,,,6167624000,6167624000,,,6167624000,Unfound
,,,,,,,1215563333,1215563333,,,1215563333,Unfound
,,,,,,,1903693643,1903693643,,,1903693643,Unfound
,,,,,,,2085145544,2085145544,,,2085145544,Unfound
,,,,,,,2085380234,2085380234,,,2085380234,Unfound
,,,,,,,7791910022,7791910022,,,7791910022,Unfound
,,,,,,,1865340502,1865340502,,,1865340502,Unfound
,,,,,,,1248362726,1248362726,,,1248362726,Unfound
,,,,,,,1274584651,1274584651,,,1274584651,Unfound
,,,,,,,1267275278,1267275278,,,1267275278,Unfound
,,,,,,,1216033017,1216033017,,,1216033017,Unfound
,,,,,,,7977128960,7977128960,,,7977128960,Unfound
,,,,,,,1827709560,1827709560,,,1827709560,Unfound
,,,,,,,1538382090,1538382090,,,1538382090,Unfound
,,,,,,,1348881272,1348881272,,,1348881272,Unfound
,,,,,,,1952811121,1952811121,,,1952811121,Unfound
,,,,,,,1202267665,1202267665,,,1202267665,Unfound
,,,,,,,1225446611,1225446611,,,1225446611,Unfound
,,,,,,,2071485400,2071485400,,,2071485400,Unfound
,,,,,,,1782518781,1782518781,,,1782518781,Unfound
,,,,,,,1179780227,1179780227,,,1179780227,Unfound
,,,,,,,1974261526,1974261526,,,1974261526,Unfound
,,,,,,,1204413651,1204413651,,,1204413651,Unfound
,,,,,,,1274711111,1274711111,,,1274711111,Unfound
,,,,,,,7956595977,7956595977,,,7956595977,Unfound
,,,,,,,2476398839,2476398839,,,2476398839,Unfound
,,,,,,,2476324650,2476324650,,,2476324650,Unfound
,,,,,,,1214493215,1214493215,,,1214493215,Unfound
,,,,,,,1530249461,1530249461,,,1530249461,Unfound
,,,,,,,1905771896,1905771896,,,1905771896,Unfound
,,,,,,,7766083199,7766083199,,,7766083199,Unfound
,,,,,,,2089920999,2089920999,,,2089920999,Unfound
,,,,,,,1213565698,1213565698,,,1213565698,Unfound
,,,,,,,1179693257,1179693257,,,1179693257,Unfound
,,,,,,,1535653112,1535653112,,,1535653112,Unfound
,,,,,,,1789400391,1789400391,,,1789400391,Unfound
,,,,,,,1953851106,1953851106,,,1953851106,Unfound
,,,,,,,7855474319,7855474319,,,7855474319,Unfound
,,,,,,,2476454741,2476454741,,,2476454741,Unfound
,,,,,,,1202682355,1202682355,,,1202682355,Unfound
,,,,,,,7881474510,7881474510,,,7881474510,Unfound
,,,,,,,1789450982,1789450982,,,1789450982,Unfound
,,,,,,,1492876209,1492876209,,,1492876209,Unfound
,,,,,,,7535667891,7535667891,,,7535667891,Unfound
,,,,,,,1926882292,1926882292,,,1926882292,Unfound
,,,,,,,2476421212,2476421212,,,2476421212,Unfound
,,,,,,,7494610075,7494610075,,,7494610075,Unfound
,,,,,,,1179654685,1179654685,,,1179654685,Unfound
,,,,,,,1273434143,1273434143,,,1273434143,Unfound
,,,,,,,7855455526,7855455526,,,7855455526,Unfound
,,,,,,,1273662750,1273662750,,,1273662750,Unfound
,,,,,,,1568622685,1568622685,,,1568622685,Unfound
,,,,,,,1323847240,1323847240,,,1323847240,Unfound
,,,,,,,7928399183,7928399183,,,7928399183,Unfound
,,,,,,,7548878789,7548878789,,,7548878789,Unfound
,,,,,,,1217851281,1217851281,,,1217851281,Unfound
,,,,,,,1970626650,1970626650,,,1970626650,Unfound
,,,,,,,7789395407,7789395407,,,7789395407,Unfound
,,,,,,,1213280875,1213280875,,,1213280875,Unfound
,,,,,,,1744811146,1744811146,,,1744811146,Unfound
,,,,,,,1179497333,1179497333,,,1179497333,Unfound
,,,,,,,1782660343,1782660343,,,1782660343,Unfound
,,,,,,,1162606186,1162606186,,,1162606186,Unfound
,,,,,,,1981250215,1981250215,,,1981250215,Unfound
,,,,,,,1845577250,1845577250,,,1845577250,Unfound
,,,,,,,1865311660,1865311660,,,1865311660,Unfound
,,,,,,,7738493150,7738493150,,,7738493150,Unfound
,,,,,,,7788200814,7788200814,,,7788200814,Unfound
,,,,,,,1993830310,1993830310,,,1993830310,Unfound
,,,,,,,1282459459,1282459459,,,1282459459,Unfound
,,,,,,,1678540256,1678540256,,,1678540256,Unfound
,,,,,,,1869245257,1869245257,,,1869245257,Unfound
,,,,,,,1282412060,1282412060,,,1282412060,Unfound
,,,,,,,1179268747,1179268747,,,1179268747,Unfound
,,,,,,,1543877320,1543877320,,,1543877320,Unfound
,,,,,,,2084028995,2084028995,,,2084028995,Unfound
,,,,,,,1610030519660,,,,,Unfound
,,,,,,,1902368624,1902368624,,,1902368624,Unfound
,,,,,,,1217847877,1217847877,,,1217847877,Unfound
,,,,,,,1733561475,1733561475,,,1733561475,Unfound
,,,,,,,7794817988,7794817988,,,7794817988,Unfound
,,,,,,,7724622105,7724622105,,,7724622105,Unfound
,,,,,,,7772546780,7772546780,,,7772546780,Unfound
,,,,,,,7799698822,7799698822,,,7799698822,Unfound
,,,,,,,1425482821,1425482821,,,1425482821,Unfound
,,,,,,,1617972691,1617972691,,,1617972691,Unfound
,,,,,,,1452731199,1452731199,,,1452731199,Unfound
,,,,,,,1406363595,1406363595,,,1406363595,Unfound
,,,,,,,7463007990,7463007990,,,7463007990,Unfound
,,,,,,,7779522201,7779522201,,,7779522201,Unfound
,,,,,,,1616824696,1616824696,,,1616824696,Unfound
,,,,,,,1460001883053,,,,,Unfound
,,,,,,,1562824927,1562824927,,,1562824927,Unfound
,,,,,,,1213269657,1213269657,,,1213269657,Unfound
,,,,,,,1254399881,1254399881,,,1254399881,Unfound
,,,,,,,7818118224,7818118224,,,7818118224,Unfound
,,,,,,,1204777718,1204777718,,,1204777718,Unfound
,,,,,,,7836231741,7836231741,,,7836231741,Unfound
,,,,,,,1179583000,1179583000,,,1179583000,Unfound
,,,,,,,1273279954,1273279954,,,1273279954,Unfound
,,,,,,,7904601851,7904601851,,,7904601851,Unfound
,,,,,,,1536771350,1536771350,,,1536771350,Unfound
,,,,,,,7913863807,7913863807,,,7913863807,Unfound
,,,,,,,1215591270,1215591270,,,1215591270,Unfound
,,,,,,,7535091555,7535091555,,,7535091555,Unfound
,,,,,,,7877093774,7877093774,,,7877093774,Unfound
,,,,,,,1234870401,1234870401,,,1234870401,Unfound
,,,,,,,1373474788,1373474788,,,1373474788,Unfound
,,,,,,,1733373129,1733373129,,,1733373129,Unfound
,,,,,,,7724333698,7724333698,,,7724333698,Unfound
,,,,,,,1902798877,1902798877,,,1902798877,Unfound
,,,,,,,7983133391,7983133391,,,7983133391,Unfound
,,,,,,,7831307705,7831307705,,,7831307705,Unfound
,,,,,,,1743272122,1743272122,,,1743272122,Unfound
,,,,,,,1386750734,1386750734,,,1386750734,Unfound
,,,,,,,7817858837,7817858837,,,7817858837,Unfound
,,,,,,,7967215966,7967215966,,,7967215966,Unfound
,,,,,,,1934635022,1934635022,,,1934635022,Unfound
,,,,,,,1214401106,1214401106,,,1214401106,Unfound
,,,,,,,1234405196,1234405196,,,1234405196,Unfound
,,,,,,,7900557036,7900557036,,,7900557036,Unfound
,,,,,,,1179077284,1179077284,,,1179077284,Unfound
,,,,,,,1535642364,1535642364,,,1535642364,Unfound
,,,,,,,1373274100,1373274100,,,1373274100,Unfound
,,,,,,,1902398112,1902398112,,,1902398112,Unfound
,,,,,,,1874623890,1874623890,,,1874623890,Unfound
,,,,,,,1458442794,1458442794,,,1458442794,Unfound
,,,,,,,1903816646,1903816646,,,1903816646,Unfound
,,,,,,,1173294476,1173294476,,,1173294476,Unfound
,,,,,,,1254690500,1254690500,,,1254690500,Unfound
,,,,,,,7518790066,7518790066,,,7518790066,Unfound
,,,,,,,2476367476,2476367476,,,2476367476,Unfound
,,,,,,,1274566813,1274566813,,,1274566813,Unfound
,,,,,,,1202678543,1202678543,,,1202678543,Unfound
,,,,,,,7492065109,7492065109,,,7492065109,Unfound
,,,,,,,1213517200,1213517200,,,1213517200,Unfound
,,,,,,,1782636686,1782636686,,,1782636686,Unfound
,,,,,,,1706215713,1706215713,,,1706215713,Unfound
,,,,,,,7821960000,7821960000,,,7821960000,Unfound
,,,,,,,7841664016,7841664016,,,7841664016,Unfound
,,,,,,,7463785522,7463785522,,,7463785522,Unfound
,,,,,,,1858525343,1858525343,,,1858525343,Unfound
,,,,,,,7793370567,7793370567,,,7793370567,Unfound
,,,,,,,1903754754,1903754754,,,1903754754,Unfound
,,,,,,,7413970998,7413970998,,,7413970998,Unfound
,,,,,,,1179836900,1179836900,,,1179836900,Unfound
,,,,,,,1543263294,1543263294,,,1543263294,Unfound
,,,,,,,7762326747,7762326747,,,7762326747,Unfound
,,,,,,,1733574086,1733574086,,,1733574086,Unfound
,,,,,,,1902823749,1902823749,,,1902823749,Unfound
,,,,,,,7741319433,7741319433,,,7741319433,Unfound
,,,,,,,1743884231,1743884231,,,1743884231,Unfound
,,,,,,,1273538381,1273538381,,,1273538381,Unfound
,,,,,,,1214393929,1214393929,,,1214393929,Unfound
,,,,,,,1422372576,1422372576,,,1422372576,Unfound
,,,,,,,1159869555,1159869555,,,1159869555,Unfound
,,,,,,,1273563605,1273563605,,,1273563605,Unfound
,,,,,,,7932589259,7932589259,,,7932589259,Unfound
,,,,,,,7854552884,7854552884,,,7854552884,Unfound
,,,,,,,7884364097,7884364097,,,7884364097,Unfound
,,,,,,,7984638556,7984638556,,,7984638556,Unfound
,,,,,,,1273591705,1273591705,,,1273591705,Unfound
,,,,,,,1214484051,1214484051,,,1214484051,Unfound
,,,,,,,1254604940,1254604940,,,1254604940,Unfound
,,,,,,,1608738510,1608738510,,,1608738510,Unfound
,,,,,,,7830381541,7830381541,,,7830381541,Unfound
,,,,,,,1215595356,1215595356,,,1215595356,Unfound
,,,,,,,1554824271,1554824271,,,1554824271,Unfound
,,,,,,,1530814200,1530814200,,,1530814200,Unfound
,,,,,,,7810374278,7810374278,,,7810374278,Unfound
,,,,,,,7795144571,7795144571,,,7795144571,Unfound
,,,,,,,7943422085,7943422085,,,7943422085,Unfound
,,,,,,,1179255665,1179255665,,,1179255665,Unfound
,,,,,,,7717164906,7717164906,,,7717164906,Unfound
,,,,,,,1452720587,1452720587,,,1452720587,Unfound
,,,,,,,7808154879,7808154879,,,7808154879,Unfound
,,,,,,,1667460006,1667460006,,,1667460006,Unfound
,,,,,,,7593013157,7593013157,,,7593013157,Unfound
,,,,,,,7769035722,7769035722,,,7769035722,Unfound
,,,,,,,1273846567,1273846567,,,1273846567,Unfound
,,,,,,,7467943915,7467943915,,,7467943915,Unfound
,,,,,,,1323870241,1323870241,,,1323870241,Unfound
,,,,,,,1274721199,1274721199,,,1274721199,Unfound
,,,,,,,1700503842,1700503842,,,1700503842,Unfound
,,,,,,,1993811251,1993811251,,,1993811251,Unfound
,,,,,,,2089169506,2089169506,,,2089169506,Unfound
,,,,,,,8450455004,8450455004,,,8450455004,Unfound
,,,,,,,1799520638,1799520638,,,1799520638,Unfound
,,,,,,,7788200513,7788200513,,,7788200513,Unfound
,,,,,,,1270875670,1270875670,,,1270875670,Unfound
,,,,,,,7840859837,7840859837,,,7840859837,Unfound
,,,,,,,1202668266,1202668266,,,1202668266,Unfound
,,,,,,,7929779426,7929779426,,,7929779426,Unfound
,,,,,,,7426838663,7426838663,,,7426838663,Unfound
,,,,,,,1202746686,1202746686,,,1202746686,Unfound
,,,,,,,1425674074,1425674074,,,1425674074,Unfound
,,,,,,,1547528654,1547528654,,,1547528654,Unfound
,,,,,,,1299405072,1299405072,,,1299405072,Unfound
,,,,,,,1202873730,1202873730,,,1202873730,Unfound
,,,,,,,7955545522,7955545522,,,7955545522,Unfound
,,,,,,,1535614044,1535614044,,,1535614044,Unfound
,,,,,,,1384274784,1384274784,,,1384274784,Unfound
,,,,,,,1239831635,1239831635,,,1239831635,Unfound
,,,,,,,2477675143,2477675143,,,2477675143,Unfound
,,,,,,,1908611127,1908611127,,,1908611127,Unfound
,,,,,,,7972650183,7972650183,,,7972650183,Unfound
,,,,,,,7876293069,7876293069,,,7876293069,Unfound
,,,,,,,1274370909,1274370909,,,1274370909,Unfound
,,,,,,,8445610538,8445610538,,,8445610538,Unfound
,,,,,,,7985325416,7985325416,,,7985325416,Unfound
,,,,,,,7917206163,7917206163,,,7917206163,Unfound
,,,,,,,1689862626,1689862626,,,1689862626,Unfound
,,,,,,,1273670762,1273670762,,,1273670762,Unfound
,,,,,,,1280815537,1280815537,,,1280815537,Unfound
,,,,,,,1172398282,1172398282,,,1172398282,Unfound
,,,,,,,7563651548,7563651548,,,7563651548,Unfound
,,,,,,,1274809696,1274809696,,,1274809696,Unfound
,,,,,,,1903242080,1903242080,,,1903242080,Unfound
,,,,,,,1277821631,1277821631,,,1277821631,Unfound
,,,,,,,1254823249,1254823249,,,1254823249,Unfound
,,,,,,,7863877429,7863877429,,,7863877429,Unfound
,,,,,,,1254382426,1254382426,,,1254382426,Unfound
,,,,,,,7448775693,7448775693,,,7448775693,Unfound
,,,,,,,7784954820,7784954820,,,7784954820,Unfound
,,,,,,,1179615352,1179615352,,,1179615352,Unfound
,,,,,,,1562720596,1562720596,,,1562720596,Unfound
,,,,,,,1790753516,1790753516,,,1790753516,Unfound
,,,,,,,2082891145,2082891145,,,2082891145,Unfound
,,,,,,,7470409410,7470409410,,,9506,Unfound
,,,,,,,1543682194,1543682194,,,1543682194,Unfound
,,,,,,,2082900440,2082900440,,,2082900440,Unfound
,,,,,,,7966631144,7966631144,,,7966631144,Unfound
,,,,,,,8450548035,8450548035,,,8450548035,Unfound
,,,,,,,1204401702,1204401702,,,1204401702,Unfound
,,,,,,,7899599267,7899599267,,,7899599267,Unfound
,,,,,,,7900553523,7900553523,,,7900553523,Unfound
,,,,,,,1273624434,1273624434,,,1273624434,Unfound
,,,,,,,1179805132,1179805132,,,1179805132,Unfound
,,,,,,,2476329931,2476329931,,,2476329931,Unfound
,,,,,,,7834222152,7834222152,,,7834222152,Unfound
,,,,,,,2476700288,2476700288,,,2476700288,Unfound
,,,,,,,1570422118,1570422118,,,1570422118,Unfound
,,,,,,,7926221797,7926221797,,,7926221797,Unfound
,,,,,,,7745348830,7745348830,,,7745348830,Unfound
,,,,,,,1858433330,1858433330,,,1858433330,Unfound
,,,,,,,1204669354,1204669354,,,1204669354,Unfound
,,,,,,,1788555377,1788555377,,,1788555377,Unfound
,,,,,,,1179604464,1179604464,,,1179604464,Unfound
,,,,,,,1273596211,1273596211,,,1273596211,Unfound
,,,,,,,1223844344,1223844344,,,1223844344,Unfound
,,,,,,,1939262819,1939262819,,,1939262819,Unfound
,,,,,,,1782413251,1782413251,,,1782413251,Unfound
,,,,,,,7817964228,7817964228,,,7817964228,Unfound
,,,,,,,7867941964,7867941964,,,7867941964,Unfound
,,,,,,,1639884612,1639884612,,,1639884612,Unfound
,,,,,,,1903331790,1903331790,,,1903331790,Unfound
,,,,,,,1792413414,1792413414,,,1792413414,Unfound
,,,,,,,1132852666,1132852666,,,1132852666,Unfound
,,,,,,,7400036902,7400036902,,,7400036902,Unfound
,,,,,,,1274596811,1274596811,,,1274596811,Unfound
,,,,,,,7429972478,7429972478,,,7429972478,Unfound
,,,,,,,7980429612,7980429612,,,7980429612,Unfound
,,,,,,,1373812243,1373812243,,,1373812243,Unfound
,,,,,,,1902427118,1902427118,,,1902427118,Unfound
,,,,,,,1423735000004,,,,,Unfound
,,,,,,,1275316380,1275316380,,,1275316380,Unfound
,,,,,,,7767450255,7767450255,,,7767450255,Unfound
,,,,,,,1202874355,1202874355,,,1202874355,Unfound
,,,,,,,2072490471,2072490471,,,2072490471,Unfound
,,,,,,,1785812345,1785812345,,,1785812345,Unfound
,,,,,,,2000020642063,,,,,Unfound
,,,,,,,7925055747,7925055747,,,7925055747,Unfound
,,,,,,,1902745181,1902745181,,,1902745181,Unfound
,,,,,,,1202593400,1202593400,,,1202593400,Unfound
,,,,,,,1273823557,1273823557,,,1273823557,Unfound
,,,,,,,1509210472,1509210472,,,1509210472,Unfound
,,,,,,,7745284326,7745284326,,,7745284326,Unfound
,,,,,,,1215686441,1215686441,,,1215686441,Unfound
,,,,,,,1562883358,1562883358,,,1562883358,Unfound
,,,,,,,1572822645,1572822645,,,1572822645,Unfound
,,,,,,,1162703705,1162703705,,,1162703705,Unfound
,,,,,,,1903764006,1903764006,,,1903764006,Unfound
,,,,,,,7854253952,7854253952,,,7854253952,Unfound
,,,,,,,1202669957,1202669957,,,1202669957,Unfound
,,,,,,,1239820343,1239820343,,,1239820343,Unfound
,,,,,,,1202692831,1202692831,,,1202692831,Unfound
,,,,,,,1903816290,1903816290,,,1903816290,Unfound
,,,,,,,1274729205,1274729205,,,1274729205,Unfound
,,,,,,,7581238985,7581238985,,,7581238985,Unfound
,,,,,,,1782315313,1782315313,,,1782315313,Unfound
,,,,,,,1224740203,1224740203,,,1224740203,Unfound
,,,,,,,2476382525,2476382525,,,2476382525,Unfound
,,,,,,,7981108649,7981108649,,,7981108649,Unfound
,,,,,,,1952242495,1952242495,,,1952242495,Unfound
,,,,,,,7460537777,7460537777,,,7460537777,Unfound
,,,,,,,1202252751,1202252751,,,1202252751,Unfound
,,,,,,,8442640600,8442640600,,,8442640600,Unfound
,,,,,,,1273515500,1273515500,,,1273515500,Unfound
,,,,,,,1544318317,1544318317,,,1544318317,Unfound
,,,,,,,7411252698,7411252698,,,7411252698,Unfound
,,,,,,,1215688268,1215688268,,,1215688268,Unfound
,,,,,,,1267243960,1267243960,,,1267243960,Unfound
,,,,,,,7938644146,7938644146,,,7938644146,Unfound
,,,,,,,7446134824,7446134824,,,7446134824,Unfound
,,,,,,,7882718308,7882718308,,,7882718308,Unfound
,,,,,,,1978354825,1978354825,,,1978354825,Unfound
,,,,,,,1536202271,1536202271,,,1536202271,Unfound
,,,,,,,7759702383,7759702383,,,7759702383,Unfound
,,,,,,,7860628066,7860628066,,,7860628066,Unfound
,,,,,,,7745742082,7745742082,,,7745742082,Unfound
,,,,,,,2476717472,2476717472,,,2476717472,Unfound
,,,,,,,1282863520,1282863520,,,1282863520,Unfound
,,,,,,,1865300255,1865300255,,,1865300255,Unfound
,,,,,,,2476642200,2476642200,,,2476642200,Unfound
,,,,,,,7984896778,7984896778,,,7984896778,Unfound
,,,,,,,1743364671,1743364671,,,1743364671,Unfound
,,,,,,,1274861964,1274861964,,,1274861964,Unfound
,,,,,,,1792555755,1792555755,,,1792555755,Unfound
,,,,,,,1745571661,1745571661,,,1745571661,Unfound
,,,,,,,7403359316,7403359316,,,7403359316,Unfound
,,,,,,,1978664779,1978664779,,,1978664779,Unfound
,,,,,,,1608659502,1608659502,,,1608659502,Unfound
,,,,,,,1929417253,1929417253,,,1929417253,Unfound
,,,,,,,7949928136,7949928136,,,7949928136,Unfound
,,,,,,,7757686777,7757686777,,,7757686777,Unfound
,,,,,,,1248361478,1248361478,,,1248361478,Unfound
,,,,,,,7538356860,7538356860,,,7538356860,Unfound
,,,,,,,7736251791,7736251791,,,7736251791,Unfound
,,,,,,,7899998498,7899998498,,,7899998498,Unfound
,,,,,,,1214480891,1214480891,,,1214480891,Unfound
,,,,,,,1543677679,1543677679,,,1543677679,Unfound
,,,,,,,1254384837,1254384837,,,1254384837,Unfound
,,,,,,,7719671706,7719671706,,,7719671706,Unfound
,,,,,,,7815147545,7815147545,,,7815147545,Unfound
,,,,,,,7872639116,7872639116,,,7872639116,Unfound
,,,,,,,7917392341,7917392341,,,7917392341,Unfound
,,,,,,,1509503296,1509503296,,,1509503296,Unfound
,,,,,,,1825840573,1825840573,,,1825840573,Unfound
,,,,,,,1204520504,1204520504,,,1204520504,Unfound
,,,,,,,1904488663,1904488663,,,1904488663,Unfound
,,,,,,,7506387892,7506387892,,,7506387892,Unfound
,,,,,,,2033752540,2033752540,,,2033752540,Unfound
,,,,,,,1273819053,1273819053,,,1273819053,Unfound
,,,,,,,2477672522,2477672522,,,2477672522,Unfound
,,,,,,,1778420406,1778420406,,,1778420406,Unfound
,,,,,,,7980725724,7980725724,,,7980725724,Unfound
,,,,,,,1273474759,1273474759,,,1273474759,Unfound
,,,,,,,1254383272,1254383272,,,1254383272,Unfound
,,,,,,,1902631385,1902631385,,,1902631385,Unfound
,,,,,,,1405769553,1405769553,,,1405769553,Unfound
,,,,,,,1216021209,1216021209,,,1216021209,Unfound
,,,,,,,7888682465,7888682465,,,7888682465,Unfound
,,,,,,,1275848510,1275848510,,,1275848510,Unfound
,,,,,,,1274580866,1274580866,,,1274580866,Unfound
,,,,,,,1384821378,1384821378,,,1384821378,Unfound
,,,,,,,1729850708,1729850708,,,1729850708,Unfound
,,,,,,,1749830345,1749830345,,,1749830345,Unfound
,,,,,,,7787594467,7787594467,,,7787594467,Unfound
,,,,,,,1535630303,1535630303,,,1535630303,Unfound
,,,,,,,1282774749,1282774749,,,1282774749,Unfound
,,,,,,,1751477210,1751477210,,,1751477210,Unfound
,,,,,,,1612732820,1612732820,,,1612732820,Unfound
,,,,,,,1274225426,1274225426,,,1274225426,Unfound
,,,,,,,1942843140,1942843140,,,1942843140,Unfound
,,,,,,,1706214422,1706214422,,,1706214422,Unfound
,,,,,,,1204368200,1204368200,,,1204368200,Unfound
,,,,,,,7876688199,7876688199,,,7876688199,Unfound
,,,,,,,1323849025,1323849025,,,1323849025,Unfound
,,,,,,,7951867649,7951867649,,,7951867649,Unfound
,,,,,,,1132507829,1132507829,,,1132507829,Unfound
,,,,,,,1492876583,1492876583,,,1492876583,Unfound
,,,,,,,1225863357,1225863357,,,1225863357,Unfound
,,,,,,,1212912636,1212912636,,,1212912636,Unfound
,,,,,,,1554756880,1554756880,,,1554756880,Unfound
,,,,,,,1162303659,1162303659,,,1162303659,Unfound
,,,,,,,1273405815,1273405815,,,1273405815,Unfound
,,,,,,,7974832995,7974832995,,,7974832995,Unfound
,,,,,,,7528945962,7528945962,,,7528945962,Unfound
,,,,,,,1204528031,1204528031,,,1204528031,Unfound
,,,,,,,1760337853,1760337853,,,1760337853,Unfound
,,,,,,,7515361012,7515361012,,,7515361012,Unfound
,,,,,,,7919352731,7919352731,,,7919352731,Unfound
,,,,,,,1273682461,1273682461,,,1273682461,Unfound
,,,,,,,1903714270,1903714270,,,1903714270,Unfound
,,,,,,,1215592735,1215592735,,,1215592735,Unfound
,,,,,,,1273723934,1273723934,,,1273723934,Unfound
,,,,,,,1273739183,1273739183,,,1273739183,Unfound
,,,,,,,1452724303,1452724303,,,1452724303,Unfound
,,,,,,,1933666237,1933666237,,,1933666237,Unfound
,,,,,,,1225837500,1225837500,,,1225837500,Unfound
,,,,,,,1213542997,1213542997,,,1213542997,Unfound
,,,,,,,1269842320,1269842320,,,1269842320,Unfound
,,,,,,,1273204747,1273204747,,,1273204747,Unfound
,,,,,,,1903212266,1903212266,,,1903212266,Unfound
,,,,,,,1239710323,1239710323,,,1239710323,Unfound
,,,,,,,1869337383,1869337383,,,1869337383,Unfound
,,,,,,,1202497333,1202497333,,,1202497333,Unfound
,,,,,,,1162426888,1162426888,,,1162426888,Unfound
,,,,,,,7552232352,7552232352,,,7552232352,Unfound
,,,,,,,2084648036,2084648036,,,2084648036,Unfound
,,,,,,,7814943531,7814943531,,,7814943531,Unfound
,,,,,,,1788543941,1788543941,,,1788543941,Unfound
,,,,,,,1535645206,1535645206,,,1535645206,Unfound
,,,,,,,1254382907,1254382907,,,1254382907,Unfound
,,,,,,,1733565802,1733565802,,,1733565802,Unfound
,,,,,,,1254887062,1254887062,,,1254887062,Unfound
,,,,,,,1543450520,1543450520,,,1543450520,Unfound
,,,,,,,7547431244,7547431244,,,7547431244,Unfound
,,,,,,,1254702148,1254702148,,,1254702148,Unfound
,,,,,,,2000021584003,,,,,Unfound
,,,,,,,1792898483,1792898483,,,1792898483,Unfound
,,,,,,,1405769499,1405769499,,,1405769499,Unfound
,,,,,,,8004318665,8004318665,,,8004318665,Unfound
,,,,,,,2200022079127,,,,,Unfound
,,,,,,,1384637286,1384637286,,,1384637286,Unfound
,,,,,,,1274728448,1274728448,,,1274728448,Unfound
,,,,,,,7885822552,7885822552,,,7885822552,Unfound
,,,,,,,1614381131,1614381131,,,1614381131,Unfound
,,,,,,,1214404737,1214404737,,,1214404737,Unfound
,,,,,,,1933279395,1933279395,,,1933279395,Unfound
,,,,,,,1274831954,1274831954,,,1274831954,Unfound
,,,,,,,1254698694,1254698694,,,1254698694,Unfound
,,,,,,,1902664615,1902664615,,,1902664615,Unfound
,,,,,,,7825003314,7825003314,,,7825003314,Unfound
,,,,,,,1746336642,1746336642,,,1746336642,Unfound
,,,,,,,1274832392,1274832392,,,1274832392,Unfound
,,,,,,,1926852057,1926852057,,,1926852057,Unfound
,,,,,,,1689862285,1689862285,,,1689862285,Unfound
,,,,,,,1179551729,1179551729,,,1179551729,Unfound
,,,,,,,1926452247,1926452247,,,1926452247,Unfound
,,,,,,,1509263330,1509263330,,,1509263330,Unfound
,,,,,,,1282841998,1282841998,,,1282841998,Unfound
,,,,,,,1275819007,1275819007,,,1275819007,Unfound
,,,,,,,1530811742,1530811742,,,1530811742,Unfound
,,,,,,,1553819590,1553819590,,,1553819590,Unfound
,,,,,,,1282424339,1282424339,,,1282424339,Unfound
,,,,,,,1425479824,1425479824,,,1425479824,Unfound
,,,,,,,1254773032,1254773032,,,1254773032,Unfound
,,,,,,,1273736704,1273736704,,,1273736704,Unfound
,,,,,,,8452702224,8452702224,,,8452702224,Unfound
,,,,,,,1282615281,1282615281,,,1282615281,Unfound
,,,,,,,7525861805,7525861805,,,7525861805,Unfound
,,,,,,,1639701781,1639701781,,,1639701781,Unfound
,,,,,,,1646663188,1646663188,,,1646663188,Unfound
,,,,,,,7930988988,7930988988,,,7930988988,Unfound
,,,,,,,1273582467,1273582467,,,1273582467,Unfound
,,,,,,,1282771322,1282771322,,,1282771322,Unfound
,,,,,,,1282690976,1282690976,,,1282690976,Unfound
,,,,,,,1282863293,1282863293,,,1282863293,Unfound
,,,,,,,1749860661,1749860661,,,1749860661,Unfound
,,,,,,,7850752564,7850752564,,,7850752564,Unfound
,,,,,,,1558822522,1558822522,,,1558822522,Unfound
,,,,,,,1282863568,1282863568,,,1282863568,Unfound
,,,,,,,1437929813,1437929813,,,1437929813,Unfound
,,,,,,,1582760052,1582760052,,,1582760052,Unfound
,,,,,,,1597840664,1597840664,,,1597840664,Unfound
,,,,,,,1283820394,1283820394,,,1283820394,Unfound
,,,,,,,1384444143,1384444143,,,1384444143,Unfound
,,,,,,,1215587656,1215587656,,,1215587656,Unfound
,,,,,,,1254678037,1254678037,,,1254678037,Unfound
,,,,,,,1295710399,1295710399,,,1295710399,Unfound
,,,,,,,1492876114,1492876114,,,1492876114,Unfound
,,,,,,,7900255867,7900255867,,,7900255867,Unfound
,,,,,,,1929422670,1929422670,,,1929422670,Unfound
,,,,,,,7508896278,7508896278,,,7508896278,Unfound
,,,,,,,1366385414,1366385414,,,1366385414,Unfound
,,,,,,,7927860391,7927860391,,,7927860391,Unfound
,,,,,,,1902307550,1902307550,,,1902307550,Unfound
,,,,,,,1384349756,1384349756,,,1384349756,Unfound
,,,,,,,7572623544,7572623544,,,7572623544,Unfound
,,,,,,,1946817083,1946817083,,,1946817083,Unfound
,,,,,,,1217112200,1217112200,,,1217112200,Unfound
,,,,,,,1425472046,1425472046,,,1425472046,Unfound
,,,,,,,2476221519,2476221519,,,2476221519,Unfound
,,,,,,,1162766948,1162766948,,,1162766948,Unfound
,,,,,,,2086633226,2086633226,,,2086633226,Unfound
,,,,,,,1903205449,1903205449,,,1903205449,Unfound
,,,,,,,1509219586,1509219586,,,1509219586,Unfound
,,,,,,,1588620009,1588620009,,,1588620009,Unfound
,,,,,,,1235522000,1235522000,,,1235522000,Unfound
,,,,,,,1179398096,1179398096,,,1179398096,Unfound
,,,,,,,1509412615,1509412615,,,1509412615,Unfound
,,,,,,,1202555550,1202555550,,,1202555550,Unfound
,,,,,,,7808784706,7808784706,,,7808784706,Unfound
,,,,,,,1908376672,1908376672,,,1908376672,Unfound
,,,,,,,1509503686,1509503686,,,1509503686,Unfound
,,,,,,,7968592608,7968592608,,,7968592608,Unfound
,,,,,,,1273692424,1273692424,,,1273692424,Unfound
,,,,,,,1213274411,1213274411,,,1213274411,Unfound
,,,,,,,1536267810,1536267810,,,1536267810,Unfound
,,,,,,,1902494889,1902494889,,,1902494889,Unfound
,,,,,,,7814181810,7814181810,,,7814181810,Unfound
,,,,,,,7530190497,7530190497,,,7530190497,Unfound
,,,,,,,1553840518,1553840518,,,1553840518,Unfound
,,,,,,,1572822270,1572822270,,,1572822270,Unfound
,,,,,,,8081617740,8081617740,,,8081617740,Unfound
,,,,,,,7789546643,7789546643,,,7789546643,Unfound
,,,,,,,1562881088,1562881088,,,1562881088,Unfound
,,,,,,,1929552392,1929552392,,,1929552392,Unfound
,,,,,,,1162517692,1162517692,,,1162517692,Unfound
,,,,,,,1782522128,1782522128,,,1782522128,Unfound
,,,,,,,1582727848,1582727848,,,1582727848,Unfound
,,,,,,,1834862816,1834862816,,,1834862816,Unfound
,,,,,,,1212703999,1212703999,,,1212703999,Unfound
,,,,,,,1934750293,1934750293,,,1934750293,Unfound
,,,,,,,1691828252,1691828252,,,1691828252,Unfound
,,,,,,,7341897558,7341897558,,,7341897558,Unfound
,,,,,,,1202881655,1202881655,,,1202881655,Unfound
,,,,,,,2083034826,2083034826,,,2083034826,Unfound
,,,,,,,1706214687,1706214687,,,1706214687,Unfound
,,,,,,,1215581121,1215581121,,,1215581121,Unfound
,,,,,,,1993823144,1993823144,,,1993823144,Unfound
,,,,,,,1706831101,1706831101,,,1706831101,Unfound
,,,,,,,1702474436,1702474436,,,1702474436,Unfound
,,,,,,,7939484484,7939484484,,,7939484484,Unfound
,,,,,,,7512366077,7512366077,,,7512366077,Unfound
,,,,,,,7527607579,7527607579,,,7527607579,Unfound
,,,,,,,1729860232,1729860232,,,1729860232,Unfound
,,,,,,,1214548180,1214548180,,,1214548180,Unfound
,,,,,,,1217713435,1217713435,,,1217713435,Unfound
,,,,,,,7956034807,7956034807,,,7956034807,Unfound
,,,,,,,1733849218,1733849218,,,1733849218,Unfound
,,,,,,,1568780370,1568780370,,,1568780370,Unfound
,,,,,,,7962394456,7962394456,,,7962394456,Unfound
,,,,,,,1234711314,1234711314,,,1234711314,Unfound
,,,,,,,1760755213,1760755213,,,1760755213,Unfound
,,,,,,,1254676765,1254676765,,,1254676765,Unfound
,,,,,,,1756710258,1756710258,,,1756710258,Unfound
,,,,,,,1248470358,1248470358,,,1248470358,Unfound
,,,,,,,1778342467,1778342467,,,1778342467,Unfound
,,,,,,,7597155946,7597155946,,,7597155946,Unfound
,,,,,,,7526953073,7526953073,,,7526953073,Unfound
,,,,,,,1273513530,1273513530,,,1273513530,Unfound
,,,,,,,1780751999,1780751999,,,1780751999,Unfound
,,,,,,,1543506060,1543506060,,,1543506060,Unfound
,,,,,,,1173005661,1173005661,,,1173005661,Unfound
,,,,,,,1929423972,1929423972,,,1929423972,Unfound
,,,,,,,1788552338,1788552338,,,1788552338,Unfound
,,,,,,,7711937909,7711937909,,,7711937909,Unfound
,,,,,,,1865842600,1865842600,,,1865842600,Unfound
,,,,,,,2073793444,2073793444,,,2073793444,Unfound
,,,,,,,1788579658,1788579658,,,1788579658,Unfound
,,,,,,,1217337676,1217337676,,,1217337676,Unfound
,,,,,,,1775712483,1775712483,,,1775712483,Unfound
,,,,,,,1332510524,1332510524,,,1332510524,Unfound
,,,,,,,1792850642,1792850642,,,1792850642,Unfound
,,,,,,,1908281811,1908281811,,,1908281811,Unfound
,,,,,,,1204888100,1204888100,,,1204888100,Unfound
,,,,,,,1905840239,1905840239,,,1905840239,Unfound
,,,,,,,1234353351,1234353351,,,1234353351,Unfound
,,,,,,,1224724170,1224724170,,,1224724170,Unfound
,,,,,,,1782599304,1782599304,,,1782599304,Unfound
,,,,,,,1684569916,1684569916,,,1684569916,Unfound
,,,,,,,1926771805,1926771805,,,1926771805,Unfound
,,,,,,,1782286612,1782286612,,,1782286612,Unfound
,,,,,,,1299250026,1299250026,,,1299250026,Unfound
,,,,,,,1935862331,1935862331,,,1935862331,Unfound
,,,,,,,1234752515,1234752515,,,1234752515,Unfound
,,,,,,,1202485278,1202485278,,,1202485278,Unfound
,,,,,,,7710651740,7710651740,,,7710651740,Unfound
,,,,,,,1948662508,1948662508,,,1948662508,Unfound
,,,,,,,1213783290,1213783290,,,1213783290,Unfound
,,,,,,,1215501577,1215501577,,,1215501577,Unfound
,,,,,,,1978265153,1978265153,,,1978265153,Unfound
,,,,,,,1202397231,1202397231,,,1202397231,Unfound
,,,,,,,1902782183,1902782183,,,1902782183,Unfound
,,,,,,,7815501932,7815501932,,,7815501932,Unfound
,,,,,,,2476398294,2476398294,,,2476398294,Unfound
,,,,,,,7400192142,7400192142,,,7400192142,Unfound
,,,,,,,2476350891,2476350891,,,2476350891,Unfound
,,,,,,,1543276880,1543276880,,,1543276880,Unfound
,,,,,,,2476596426,2476596426,,,2476596426,Unfound
,,,,,,,7745641120,7745641120,,,7745641120,Unfound
,,,,,,,1384395933,1384395933,,,1384395933,Unfound
,,,,,,,1273220033,1273220033,,,1273220033,Unfound
,,,,,,,1929427542,1929427542,,,1929427542,Unfound
,,,,,,,2476650188,2476650188,,,2476650188,Unfound
,,,,,,,7528688554,7528688554,,,7528688554,Unfound
,,,,,,,2476444878,2476444878,,,2476444878,Unfound
,,,,,,,1425600107,1425600107,,,1425600107,Unfound
,,,,,,,7768007631,7768007631,,,7768007631,Unfound
,,,,,,,7745098519,7745098519,,,7745098519,Unfound
,,,,,,,1179773388,1179773388,,,1179773388,Unfound
,,,,,,,7966285240,7966285240,,,7966285240,Unfound
,,,,,,,7815110528,7815110528,,,7815110528,Unfound
,,,,,,,1865731717,1865731717,,,1865731717,Unfound
,,,,,,,1746768819,1746768819,,,1746768819,Unfound
,,,,,,,7971050365,7971050365,,,7971050365,Unfound
,,,,,,,1743791236,1743791236,,,1743791236,Unfound
,,,,,,,1384294572,1384294572,,,1384294572,Unfound
,,,,,,,1162403000,1162403000,,,1162403000,Unfound
,,,,,,,1212446649,1212446649,,,1212446649,Unfound
,,,,,,,7977063694,7977063694,,,7977063694,Unfound
,,,,,,,1608665916,1608665916,,,1608665916,Unfound
,,,,,,,1974272585,1974272585,,,1974272585,Unfound
,,,,,,,1952617845,1952617845,,,1952617845,Unfound
,,,,,,,7986406716,7986406716,,,7986406716,Unfound
,,,,,,,1787223232,1787223232,,,1787223232,Unfound
,,,,,,,1650521212,1650521212,,,1650521212,Unfound
,,,,,,,1274315193,1274315193,,,1274315193,Unfound
,,,,,,,1179272777,1179272777,,,1179272777,Unfound
,,,,,,,1323731731,1323731731,,,1323731731,Unfound
,,,,,,,1179860006,1179860006,,,1179860006,Unfound
,,,,,,,1179635063,1179635063,,,1179635063,Unfound
,,,,,,,7784694523,7784694523,,,7784694523,Unfound
,,,,,,,2476555497,2476555497,,,2476555497,Unfound
,,,,,,,1202624877,1202624877,,,1202624877,Unfound
,,,,,,,7871179422,7871179422,,,7871179422,Unfound
,,,,,,,7935041892,7935041892,,,7935041892,Unfound
,,,,,,,7762730282,7762730282,,,7762730282,Unfound
,,,,,,,1216436602,1216436602,,,1216436602,Unfound
,,,,,,,1792882779,1792882779,,,1792882779,Unfound
,,,,,,,7448333565,7448333565,,,7448333565,Unfound
,,,,,,,1491204100,1491204100,,,1491204100,Unfound
,,,,,,,1933270000,1933270000,,,1933270000,Unfound
,,,,,,,7977171242,7977171242,,,7977171242,Unfound
,,,,,,,1179625005,1179625005,,,1179625005,Unfound
,,,,,,,1460000420590,,,,,Unfound
,,,,,,,7830916517,7830916517,,,7830916517,Unfound
,,,,,,,1903215915,1903215915,,,1903215915,Unfound
,,,,,,,1274749091,1274749091,,,1274749091,Unfound
,,,,,,,1295264068,1295264068,,,1295264068,Unfound
,,,,,,,7759854842,7759854842,,,7759854842,Unfound
,,,,,,,7518412966,7518412966,,,7518412966,Unfound
,,,,,,,1437762521,1437762521,,,1437762521,Unfound
,,,,,,,1384456465,1384456465,,,1384456465,Unfound
,,,,,,,1269861321,1269861321,,,1269861321,Unfound
,,,,,,,7929359634,7929359634,,,7929359634,Unfound
,,,,,,,1985841327,1985841327,,,1985841327,Unfound
,,,,,,,1723514434,1723514434,,,1723514434,Unfound
,,,,,,,1202844199,1202844199,,,1202844199,Unfound
,,,,,,,1179506660,1179506660,,,1179506660,Unfound
,,,,,,,7970542930,7970542930,,,7970542930,Unfound
,,,,,,,1253752824,1253752824,,,1253752824,Unfound
,,,,,,,1485534709,1485534709,,,1485534709,Unfound
,,,,,,,1273673800,1273673800,,,1273673800,Unfound
,,,,,,,7899626470,7899626470,,,7899626470,Unfound
,,,,,,,7947363084,7947363084,,,7947363084,Unfound
,,,,,,,1384877448,1384877448,,,1384877448,Unfound
,,,,,,,1584890581,1584890581,,,1584890581,Unfound
,,,,,,,1903734999,1903734999,,,1903734999,Unfound
,,,,,,,1536239522,1536239522,,,1536239522,Unfound
,,,,,,,1686626707,1686626707,,,1686626707,Unfound
,,,,,,,7450234167,7450234167,,,7450234167,Unfound
,,,,,,,1202291149,1202291149,,,1202291149,Unfound
,,,,,,,1282863420,1282863420,,,1282863420,Unfound
,,,,,,,1754761255,1754761255,,,1754761255,Unfound
,,,,,,,1425478936,1425478936,,,1425478936,Unfound
,,,,,,,1782627381,1782627381,,,1782627381,Unfound
,,,,,,,2086504060,2086504060,,,2086504060,Unfound
,,,,,,,1162169531,1162169531,,,1162169531,Unfound
,,,,,,,1215207586,1215207586,,,1215207586,Unfound
,,,,,,,7494265603,7494265603,,,7494265603,Unfound
,,,,,,,7510128286,7510128286,,,7510128286,Unfound
,,,,,,,1162360394,1162360394,,,1162360394,Unfound
,,,,,,,1215582334,1215582334,,,1215582334,Unfound
,,,,,,,7542189655,7542189655,,,7542189655,Unfound
,,,,,,,1782213164,1782213164,,,1782213164,Unfound
,,,,,,,1273327997,1273327997,,,1273327997,Unfound
,,,,,,,1213533333,1213533333,,,1213533333,Unfound
,,,,,,,1858469834,1858469834,,,1858469834,Unfound
,,,,,,,7970683313,7970683313,,,7970683313,Unfound
,,,,,,,1544318815,1544318815,,,1544318815,Unfound
,,,,,,,1733313131,1733313131,,,1733313131,Unfound
,,,,,,,7720709860,7720709860,,,7720709860,Unfound
,,,,,,,7917693360,7917693360,,,7917693360,Unfound
,,,,,,,1792588007,1792588007,,,1792588007,Unfound
,,,,,,,7468427146,7468427146,,,7468427146,Unfound
,,,,,,,1944230451,1944230451,,,1944230451,Unfound
,,,,,,,1903238845,1903238845,,,1903238845,Unfound
,,,,,,,7944687513,7944687513,,,7944687513,Unfound
,,,,,,,7561393695,7561393695,,,7561393695,Unfound
,,,,,,,1179619999,1179619999,,,1179619999,Unfound
,,,,,,,1254395482,1254395482,,,1254395482,Unfound
,,,,,,,1179723030,1179723030,,,1179723030,Unfound
,,,,,,,7507546726,7507546726,,,7507546726,Unfound
,,,,,,,7964736942,7964736942,,,7964736942,Unfound
,,,,,,,1745816315,1745816315,,,1745816315,Unfound
,,,,,,,1202761315,1202761315,,,1202761315,Unfound
,,,,,,,2084601660,2084601660,,,2084601660,Unfound
,,,,,,,1756793734,1756793734,,,1756793734,Unfound
,,,,,,,1273478817,1273478817,,,1273478817,Unfound
,,,,,,,1691772318,1691772318,,,1691772318,Unfound
,,,,,,,7460893909,7460893909,,,7460893909,Unfound
,,,,,,,1509501382,1509501382,,,1509501382,Unfound
,,,,,,,1945427020,1945427020,,,1945427020,Unfound
,,,,,,,7412386633,7412386633,,,7412386633,Unfound
,,,,,,,1934613701,1934613701,,,1934613701,Unfound
,,,,,,,1254696910,1254696910,,,1254696910,Unfound
,,,,,,,7595023716,7595023716,,,7595023716,Unfound
,,,,,,,1827768414,1827768414,,,1827768414,Unfound
,,,,,,,1908644841,1908644841,,,1908644841,Unfound
,,,,,,,7480112934,7480112934,,,7480112934,Unfound
,,,,,,,7771752155,7771752155,,,7771752155,Unfound
,,,,,,,7753259209,7753259209,,,7753259209,Unfound
,,,,,,,7590256394,7590256394,,,7590256394,Unfound
,,,,,,,7422322174,7422322174,,,7422322174,Unfound
,,,,,,,1162460137,1162460137,,,1162460137,Unfound
,,,,,,,2030365304,2030365304,,,2030365304,Unfound
,,,,,,,1591054061132,,,,,Unfound
,,,,,,,7906678612,7906678612,,,7906678612,Unfound
,,,,,,,1766890586,1766890586,,,1766890586,Unfound
,,,,,,,1179655746,1179655746,,,1179655746,Unfound
,,,,,,,7594434267,7594434267,,,7594434267,Unfound
,,,,,,,1202267869,1202267869,,,1202267869,Unfound
,,,,,,,1425485263,1425485263,,,1425485263,Unfound
,,,,,,,7944030413,7944030413,,,7944030413,Unfound
,,,,,,,7486523386,7486523386,,,7486523386,Unfound
,,,,,,,7851871939,7851871939,,,7851871939,Unfound
,,,,,,,7915485187,7915485187,,,7915485187,Unfound
,,,,,,,1204309146,1204309146,,,1204309146,Unfound
,,,,,,,7940511980,7940511980,,,7940511980,Unfound
,,,,,,,1926614570,1926614570,,,1926614570,Unfound
,,,,,,,7852182287,7852182287,,,7852182287,Unfound
,,,,,,,7946622843,7946622843,,,7946622843,Unfound
,,,,,,,7958144975,7958144975,,,7958144975,Unfound
,,,,,,,1684310377,1684310377,,,1684310377,Unfound
,,,,,,,1684573314,1684573314,,,1684573314,Unfound
,,,,,,,1543673000,1543673000,,,1543673000,Unfound
,,,,,,,1754871178,1754871178,,,1754871178,Unfound
,,,,,,,8450509007,8450509007,,,8450509007,Unfound
,,,,,,,1273881617,1273881617,,,1273881617,Unfound
,,,,,,,7966287222,7966287222,,,7966287222,Unfound
,,,,,,,7546219557,7546219557,,,7546219557,Unfound
,,,,,,,1216666562,1216666562,,,1216666562,Unfound
,,,,,,,1282430335,1282430335,,,1282430335,Unfound
,,,,,,,7899562611,7899562611,,,7899562611,Unfound
,,,,,,,7495310651,7495310651,,,7495310651,Unfound
,,,,,,,1497820536,1497820536,,,1497820536,Unfound
,,,,,,,1179657999,1179657999,,,1179657999,Unfound
,,,,,,,1785600695,1785600695,,,1785600695,Unfound
,,,,,,,7766014049,7766014049,,,7766014049,Unfound
,,,,,,,7980517214,7980517214,,,7980517214,Unfound
,,,,,,,1491875791,1491875791,,,1491875791,Unfound
,,,,,,,1248364495,1248364495,,,1248364495,Unfound
,,,,,,,1373461928,1373461928,,,1373461928,Unfound
,,,,,,,7872822775,7872822775,,,7872822775,Unfound
,,,,,,,8452939497,8452939497,,,8452939497,Unfound
,,,,,,,1782414448,1782414448,,,1782414448,Unfound
,,,,,,,1225752791,1225752791,,,1225752791,Unfound
,,,,,,,1234347843,1234347843,,,1234347843,Unfound
,,,,,,,7725581247,7725581247,,,7725581247,Unfound
,,,,,,,1282691458,1282691458,,,1282691458,Unfound
,,,,,,,1202433446,1202433446,,,1202433446,Unfound
,,,,,,,1564779868,1564779868,,,1564779868,Unfound
,,,,,,,7522289239,7522289239,,,7522289239,Unfound
,,,,,,,2076094455,2076094455,,,2076094455,Unfound
,,,,,,,1746763999,1746763999,,,1746763999,Unfound
,,,,,,,7866383159,7866383159,,,7866383159,Unfound
,,,,,,,1653693055,1653693055,,,1653693055,Unfound
,,,,,,,1282459572,1282459572,,,1282459572,Unfound
,,,,,,,7591214059,7591214059,,,7591214059,Unfound
,,,,,,,1536420988,1536420988,,,1536420988,Unfound
,,,,,,,1214087617,1214087617,,,1214087617,Unfound
,,,,,,,1536268844,1536268844,,,1536268844,Unfound
,,,,,,,1373836097,1373836097,,,1373836097,Unfound
,,,,,,,2890646365,2890646365,,,2890646365,Unfound
,,,,,,,1386860388,1386860388,,,1386860388,Unfound
,,,,,,,1204492169,1204492169,,,1204492169,Unfound
,,,,,,,1341422507,1341422507,,,1341422507,Unfound
,,,,,,,1282604040,1282604040,,,1282604040,Unfound
,,,,,,,7823383386,7823383386,,,7823383386,Unfound
,,,,,,,1535652447,1535652447,,,1535652447,Unfound
,,,,,,,1257268801,1257268801,,,1257268801,Unfound
,,,,,,,1215530835,1215530835,,,1215530835,Unfound
,,,,,,,1978661160,1978661160,,,1978661160,Unfound
,,,,,,,1274689888,1274689888,,,1274689888,Unfound
,,,,,,,7913792280,7913792280,,,7913792280,Unfound
,,,,,,,7939485366,7939485366,,,7939485366,Unfound
,,,,,,,1588638656,1588638656,,,1588638656,Unfound
,,,,,,,7831153108,7831153108,,,7831153108,Unfound
,,,,,,,1981240237,1981240237,,,1981240237,Unfound
,,,,,,,2088553314,2088553314,,,2088553314,Unfound
,,,,,,,1926812255,1926812255,,,1926812255,Unfound
,,,,,,,1588638584,1588638584,,,1588638584,Unfound
,,,,,,,7547532344,7547532344,,,7547532344,Unfound
,,,,,,,7790360813,7790360813,,,7790360813,Unfound
,,,,,,,7514325472,7514325472,,,7514325472,Unfound
,,,,,,,1480470114,1480470114,,,1480470114,Unfound
,,,,,,,1604636000,1604636000,,,1604636000,Unfound
,,,,,,,1179082226,1179082226,,,1179082226,Unfound
,,,,,,,1254696956,1254696956,,,1254696956,Unfound
,,,,,,,1162555590,1162555590,,,1162555590,Unfound
,,,,,,,1908221666,1908221666,,,1908221666,Unfound
,,,,,,,7908300923,7908300923,,,7908300923,Unfound
,,,,,,,2000022368640,,,,,Unfound
,,,,,,,1200446398,1200446398,,,1200446398,Unfound
,,,,,,,1749342574,1749342574,,,1749342574,Unfound
,,,,,,,7481530505,7481530505,,,7481530505,Unfound
,,,,,,,1204693200,1204693200,,,1204693200,Unfound
,,,,,,,1926422766,1926422766,,,1926422766,Unfound
,,,,,,,1217332134,1217332134,,,1217332134,Unfound
,,,,,,,7956387057,7956387057,,,7956387057,Unfound
,,,,,,,1282700409,1282700409,,,1282700409,Unfound
,,,,,,,1202481871,1202481871,,,1202481871,Unfound
,,,,,,,2076105155,2076105155,,,2076105155,Unfound
,,,,,,,1204522221,1204522221,,,1204522221,Unfound
,,,,,,,1646692581,1646692581,,,1646692581,Unfound
,,,,,,,1420594000,1420594000,,,1420594000,Unfound
,,,,,,,1295810894,1295810894,,,1295810894,Unfound
,,,,,,,1202488487,1202488487,,,1202488487,Unfound
,,,,,,,1202743148,1202743148,,,1202743148,Unfound
,,,,,,,1179502688,1179502688,,,1179502688,Unfound
,,,,,,,1902404041,1902404041,,,1902404041,Unfound
,,,,,,,1706230452,1706230452,,,1706230452,Unfound
,,,,,,,7593165274,7593165274,,,7593165274,Unfound
,,,,,,,1935474337,1935474337,,,1935474337,Unfound
,,,,,,,1902306645,1902306645,,,1902306645,Unfound
,,,,,,,7712671530,7712671530,,,7712671530,Unfound
,,,,,,,1216471084,1216471084,,,1216471084,Unfound
,,,,,,,1285643556,1285643556,,,1285643556,Unfound
,,,,,,,1902490400,1902490400,,,1902490400,Unfound
,,,,,,,1269591881,1269591881,,,1269591881,Unfound
,,,,,,,1642533552,1642533552,,,1642533552,Unfound
,,,,,,,7974482757,7974482757,,,7974482757,Unfound
,,,,,,,1455292255,1455292255,,,1455292255,Unfound
,,,,,,,7807277128,7807277128,,,7807277128,Unfound
,,,,,,,7841484503,7841484503,,,7841484503,Unfound
,,,,,,,1902336888,1902336888,,,1902336888,Unfound
,,,,,,,7716792482,7716792482,,,7716792482,Unfound
,,,,,,,1179823158,1179823158,,,1179823158,Unfound
,,,,,,,7455212348,7455212348,,,7455212348,Unfound
,,,,,,,1509821744,1509821744,,,1509821744,Unfound
,,,,,,,1373824590,1373824590,,,1373824590,Unfound
,,,,,,,1274723992,1274723992,,,1274723992,Unfound
,,,,,,,1162539735,1162539735,,,1162539735,Unfound
,,,,,,,7767785779,7767785779,,,7767785779,Unfound
,,,,,,,1162710418,1162710418,,,1162710418,Unfound
,,,,,,,7818453415,7818453415,,,7818453415,Unfound
,,,,,,,1254762229,1254762229,,,1254762229,Unfound
,,,,,,,1646686747,1646686747,,,1646686747,Unfound
,,,,,,,1213279717,1213279717,,,1213279717,Unfound
,,,,,,,1825840252,1825840252,,,1825840252,Unfound
,,,,,,,7897482253,7897482253,,,7897482253,Unfound
,,,,,,,2476688890,2476688890,,,2476688890,Unfound
,,,,,,,1922475041,1922475041,,,1922475041,Unfound
,,,,,,,1215502350,1215502350,,,1215502350,Unfound
,,,,,,,1768896630,1768896630,,,1768896630,Unfound
,,,,,,,1274308508,1274308508,,,1274308508,Unfound
,,,,,,,7703134188,7703134188,,,7703134188,Unfound
,,,,,,,1733892535,1733892535,,,1733892535,Unfound
,,,,,,,1217782683,1217782683,,,1217782683,Unfound
,,,,,,,1323484101,1323484101,,,1323484101,Unfound
,,,,,,,7438216260,7438216260,,,7438216260,Unfound
,,,,,,,1162812777,1162812777,,,1162812777,Unfound
,,,,,,,1902373077,1902373077,,,1902373077,Unfound
,,,,,,,1204522090,1204522090,,,1204522090,Unfound
,,,,,,,1162883031,1162883031,,,1162883031,Unfound
,,,,,,,1792773966,1792773966,,,1792773966,Unfound
,,,,,,,1386556900,1386556900,,,1386556900,Unfound
,,,,,,,1274672988,1274672988,,,1274672988,Unfound
,,,,,,,1480810881,1480810881,,,1480810881,Unfound
,,,,,,,7894785275,7894785275,,,7894785275,Unfound
,,,,,,,1282614810,1282614810,,,1282614810,Unfound
,,,,,,,7960585845,7960585845,,,7960585845,Unfound
,,,,,,,1733571224,1733571224,,,1733571224,Unfound
,,,,,,,1743790678,1743790678,,,1743790678,Unfound
,,,,,,,1276534560,1276534560,,,1276534560,Unfound
,,,,,,,7886028295,7886028295,,,7886028295,Unfound
,,,,,,,1922457344,1922457344,,,1922457344,Unfound
,,,,,,,7832999806,7832999806,,,7832999806,Unfound
,,,,,,,7854926042,7854926042,,,7854926042,Unfound
,,,,,,,1273277749,1273277749,,,1273277749,Unfound
,,,,,,,7974303058,7974303058,,,7974303058,Unfound
,,,,,,,1432272002,1432272002,,,1432272002,Unfound
,,,,,,,1758613755,1758613755,,,1758613755,Unfound
,,,,,,,1215201821,1215201821,,,1215201821,Unfound
,,,,,,,7957731115,7957731115,,,7957731115,Unfound
,,,,,,,1254872454,1254872454,,,1254872454,Unfound
,,,,,,,7913637794,7913637794,,,7913637794,Unfound
,,,,,,,1858468438,1858468438,,,1858468438,Unfound
,,,,,,,7706865921,7706865921,,,7706865921,Unfound
,,,,,,,7712213745,7712213745,,,7712213745,Unfound
,,,,,,,1179429322,1179429322,,,1179429322,Unfound
,,,,,,,1610021825898,,,,,Unfound
,,,,,,,1239841241,1239841241,,,1239841241,Unfound
,,,,,,,7711527977,7711527977,,,7711527977,Unfound
,,,,,,,1889568444,1889568444,,,1889568444,Unfound
,,,,,,,7476124497,7476124497,,,7476124497,Unfound
,,,,,,,7711527877,7711527877,,,7711527877,Unfound
,,,,,,,7400600684,7400600684,,,7400600684,Unfound
,,,,,,,7969639214,7969639214,,,7969639214,Unfound
,,,,,,,2079812725,2079812725,,,2079812725,Unfound
,,,,,,,1267275241,1267275241,,,1267275241,Unfound
,,,,,,,2476226385,2476226385,,,2476226385,Unfound
,,,,,,,1691718341,1691718341,,,1691718341,Unfound
,,,,,,,7796815119,7796815119,,,7796815119,Unfound
,,,,,,,1952259196,1952259196,,,1952259196,Unfound
,,,,,,,1903882270,1903882270,,,1903882270,Unfound
,,,,,,,1453731001,1453731001,,,1453731001,Unfound
,,,,,,,7701356542,7701356542,,,7701356542,Unfound
,,,,,,,1933442955,1933442955,,,1933442955,Unfound
,,,,,,,1900032313130,,,,,Unfound
,,,,,,,1792260087,1792260087,,,1792260087,Unfound
,,,,,,,1782512924,1782512924,,,1782512924,Unfound
,,,,,,,1254886712,1254886712,,,1254886712,Unfound
,,,,,,,1202644220,1202644220,,,1202644220,Unfound
,,,,,,,7539021617,7539021617,,,7539021617,Unfound
,,,,,,,1492572747,1492572747,,,1492572747,Unfound
,,,,,,,1225766688,1225766688,,,1225766688,Unfound
,,,,,,,1204206706,1204206706,,,1204206706,Unfound
,,,,,,,1733237867,1733237867,,,1733237867,Unfound
,,,,,,,1282699300,1282699300,,,1282699300,Unfound
,,,,,,,1903536106,1903536106,,,1903536106,Unfound
,,,,,,,1274559021,1274559021,,,1274559021,Unfound
,,,,,,,7522468435,7522468435,,,7522468435,Unfound
,,,,,,,2084645816,2084645816,,,2084645816,Unfound
,,,,,,,2074072946,2074072946,,,2074072946,Unfound
,,,,,,,1202894990,1202894990,,,1202894990,Unfound
,,,,,,,7831097594,7831097594,,,7831097594,Unfound
,,,,,,,1558650483,1558650483,,,1558650483,Unfound
,,,,,,,1926337821,1926337821,,,1926337821,Unfound
,,,,,,,1865204764,1865204764,,,1865204764,Unfound
,,,,,,,7790921158,7790921158,,,7790921158,Unfound
,,,,,,,2311496202818,,,,,Unfound
,,,,,,,1981510356,1981510356,,,1981510356,Unfound
,,,,,,,1205362332,1205362332,,,1205362332,Unfound
,,,,,,,1213502211,1213502211,,,1213502211,Unfound
,,,,,,,1625560757,1625560757,,,1625560757,Unfound
,,,,,,,2000053076281,,,,,Unfound
,,,,,,,1634264900,1634264900,,,1634264900,Unfound
,,,,,,,1743709339,1743709339,,,1743709339,Unfound
,,,,,,,7456001349,7456001349,,,7456001349,Unfound
,,,,,,,1743463587,1743463587,,,1743463587,Unfound
,,,,,,,1782714704,1782714704,,,1782714704,Unfound
,,,,,,,7415587893,7415587893,,,7415587893,Unfound
,,,,,,,7948562287,7948562287,,,7948562287,Unfound
,,,,,,,1213532942,1213532942,,,1213532942,Unfound
,,,,,,,1689856123,1689856123,,,1689856123,Unfound
,,,,,,,1915650077,1915650077,,,1915650077,Unfound
,,,,,,,1254390474,1254390474,,,1254390474,Unfound
,,,,,,,1373466246,1373466246,,,1373466246,Unfound
,,,,,,,1425638338,1425638338,,,1425638338,Unfound
,,,,,,,1516255127,1516255127,,,1516255127,Unfound
,,,,,,,7513557153,7513557153,,,7513557153,Unfound
,,,,,,,7756533567,7756533567,,,7756533567,Unfound
,,,,,,,1782860407,1782860407,,,1782860407,Unfound
,,,,,,,1934643379,1934643379,,,1934643379,Unfound
,,,,,,,1213286502,1213286502,,,1213286502,Unfound
,,,,,,,7909982015,7909982015,,,7909982015,Unfound
,,,,,,,1323648924,1323648924,,,1323648924,Unfound
,,,,,,,1267243688,1267243688,,,1267243688,Unfound
,,,,,,,1229832094,1229832094,,,1229832094,Unfound
,,,,,,,1766540374,1766540374,,,1766540374,Unfound
,,,,,,,1952433993,1952433993,,,1952433993,Unfound
,,,,,,,1925633746,1925633746,,,1925633746,Unfound
,,,,,,,1922495618,1922495618,,,1922495618,Unfound
,,,,,,,7734329389,7734329389,,,7734329389,Unfound
,,,,,,,1952261972,1952261972,,,1952261972,Unfound
,,,,,,,1234365658,1234365658,,,1234365658,Unfound
,,,,,,,7799278050,7799278050,,,7799278050,Unfound
,,,,,,,1397698087,1397698087,,,1397698087,Unfound
,,,,,,,7866188867,7866188867,,,7866188867,Unfound
,,,,,,,7929430438,7929430438,,,7929430438,Unfound
,,,,,,,7950216791,7950216791,,,7950216791,Unfound
,,,,,,,7934257072,7934257072,,,7934257072,Unfound
,,,,,,,2887748532,2887748532,,,2887748532,Unfound
,,,,,,,1491836626,1491836626,,,1491836626,Unfound
,,,,,,,1247495444,1247495444,,,1247495444,Unfound
,,,,,,,7776329628,7776329628,,,7776329628,Unfound
,,,,,,,1212430742,1212430742,,,1212430742,Unfound
,,,,,,,1179872199,1179872199,,,1179872199,Unfound
,,,,,,,7889057898,7889057898,,,7889057898,Unfound
,,,,,,,1978351722,1978351722,,,1978351722,Unfound
,,,,,,,7706743311,7706743311,,,7706743311,Unfound
,,,,,,,1915197012,1915197012,,,1915197012,Unfound
,,,,,,,1453762396,1453762396,,,1453762396,Unfound
,,,,,,,1617088887,1617088887,,,1617088887,Unfound
,,,,,,,1902475900,1902475900,,,1902475900,Unfound
,,,,,,,7472547016,7472547016,,,7472547016,Unfound
,,,,,,,1606544300,1606544300,,,1606544300,Unfound
,,,,,,,1782562598,1782562598,,,1782562598,Unfound
,,,,,,,1162834567,1162834567,,,1162834567,Unfound
,,,,,,,1865884333,1865884333,,,1865884333,Unfound
,,,,,,,1202679012,1202679012,,,1202679012,Unfound
,,,,,,,1865454433,1865454433,,,1865454433,Unfound
,,,,,,,1903820655,1903820655,,,1903820655,Unfound
,,,,,,,1785243992,1785243992,,,1785243992,Unfound
,,,,,,,7535339945,7535339945,,,7535339945,Unfound
,,,,,,,1535683100,1535683100,,,1535683100,Unfound
,,,,,,,7939919520,7939919520,,,7939919520,Unfound
,,,,,,,7801951288,7801951288,,,7801951288,Unfound
,,,,,,,7811143411,7811143411,,,7811143411,Unfound
,,,,,,,1100018993184,,,,,Unfound
,,,,,,,1743463133,1743463133,,,1743463133,Unfound
,,,,,,,7575443144,7575443144,,,7575443144,Unfound
,,,,,,,7923212408,7923212408,,,7923212408,Unfound
,,,,,,,1425489900,1425489900,,,1425489900,Unfound
,,,,,,,7876681056,7876681056,,,7876681056,Unfound
,,,,,,,1453844653,1453844653,,,1453844653,Unfound
,,,,,,,7908079573,7908079573,,,7908079573,Unfound
,,,,,,,7974092859,7974092859,,,7974092859,Unfound
,,,,,,,1254877997,1254877997,,,1254877997,Unfound
,,,,,,,7921390394,7921390394,,,7921390394,Unfound
,,,,,,,1525270985,1525270985,,,1525270985,Unfound
,,,,,,,7891585690,7891585690,,,7891585690,Unfound
,,,,,,,1300052027967,,,,,Unfound
,,,,,,,7459419314,7459419314,,,7459419314,Unfound
,,,,,,,1792234397,1792234397,,,1792234397,Unfound
,,,,,,,1646686921,1646686921,,,1646686921,Unfound
,,,,,,,7454584884,7454584884,,,7454584884,Unfound
,,,,,,,1535647302,1535647302,,,1535647302,Unfound
,,,,,,,1248716540,1248716540,,,1248716540,Unfound
,,,,,,,2748768913,2748768913,,,2748768913,Unfound
,,,,,,,2072297265,2072297265,,,2072297265,Unfound
,,,,,,,1562515189,1562515189,,,1562515189,Unfound
,,,,,,,7769896739,7769896739,,,7769896739,Unfound
,,,,,,,1792321202,1792321202,,,1792321202,Unfound
,,,,,,,7930852150,7930852150,,,7930852150,Unfound
,,,,,,,1665710322,1665710322,,,1665710322,Unfound
,,,,,,,7341891306,7341891306,,,7341891306,Unfound
,,,,,,,7771874591,7771874591,,,7771874591,Unfound
,,,,,,,2476635980,2476635980,,,2476635980,Unfound
,,,,,,,1274564573,1274564573,,,1274564573,Unfound
,,,,,,,1457766120,1457766120,,,1457766120,Unfound
,,,,,,,1603628472,1603628472,,,1603628472,Unfound
,,,,,,,2476695700,2476695700,,,2476695700,Unfound
,,,,,,,1179775793,1179775793,,,1179775793,Unfound
,,,,,,,1273737900,1273737900,,,1273737900,Unfound
,,,,,,,7930086772,7930086772,,,7930086772,Unfound
,,,,,,,1300035434470,,,,,Unfound
,,,,,,,1782543707,1782543707,,,1782543707,Unfound
,,,,,,,7792795358,7792795358,,,7792795358,Unfound
,,,,,,,1270581924,1270581924,,,1270581924,Unfound
,,,,,,,1254690533,1254690533,,,1254690533,Unfound
,,,,,,,1202574800,1202574800,,,1202574800,Unfound
,,,,,,,1926313044,1926313044,,,1926313044,Unfound
,,,,,,,7899883089,7899883089,,,7899883089,Unfound
,,,,,,,1509502534,1509502534,,,1509502534,Unfound
,,,,,,,1179277783,1179277783,,,1179277783,Unfound
,,,,,,,7766904010,7766904010,,,7766904010,Unfound
,,,,,,,1418126300007,,,,,Unfound
,,,,,,,1952613498,1952613498,,,1952613498,Unfound
,,,,,,,1274723704,1274723704,,,1274723704,Unfound
,,,,,,,1492875460,1492875460,,,1492875460,Unfound
,,,,,,,1202742818,1202742818,,,1202742818,Unfound
,,,,,,,7551373296,7551373296,,,7551373296,Unfound
,,,,,,,1202671409,1202671409,,,1202671409,Unfound
,,,,,,,7863900000,7863900000,,,7863900000,Unfound
,,,,,,,2084526600,2084526600,,,2084526600,Unfound
,,,,,,,1202666656,1202666656,,,1202666656,Unfound
,,,,,,,1282423230,1282423230,,,1282423230,Unfound
,,,,,,,1792449326,1792449326,,,1792449326,Unfound
,,,,,,,1327310361,1327310361,,,1327310361,Unfound
,,,,,,,1680812309,1680812309,,,1680812309,Unfound
,,,,,,,1274724469,1274724469,,,1274724469,Unfound
,,,,,,,1925575657,1925575657,,,1925575657,Unfound
,,,,,,,1782372595,1782372595,,,1782372595,Unfound
,,,,,,,1509816009,1509816009,,,1509816009,Unfound
,,,,,,,1535653170,1535653170,,,1535653170,Unfound
,,,,,,,1675238080,1675238080,,,1675238080,Unfound
,,,,,,,1213516141,1213516141,,,1213516141,Unfound
,,,,,,,1792882512,1792882512,,,1792882512,Unfound
,,,,,,,7785460910,7785460910,,,7785460910,Unfound
,,,,,,,1934630561,1934630561,,,1934630561,Unfound
,,,,,,,1373827399,1373827399,,,1373827399,Unfound
,,,,,,,7811262811,7811262811,,,7811262811,Unfound
,,,,,,,1299827474,1299827474,,,1299827474,Unfound
,,,,,,,1216796720,1216796720,,,1216796720,Unfound
,,,,,,,1254265173,1254265173,,,1254265173,Unfound
,,,,,,,1934626466,1934626466,,,1934626466,Unfound
,,,,,,,2074655126,2074655126,,,2074655126,Unfound
,,,,,,,1796483338,1796483338,,,1796483338,Unfound
,,,,,,,1425620170,1425620170,,,1425620170,Unfound
,,,,,,,1242577104,1242577104,,,1242577104,Unfound
,,,,,,,1568797250,1568797250,,,1568797250,Unfound
,,,,,,,7871502882,7871502882,,,7871502882,Unfound
,,,,,,,1432720330,1432720330,,,1432720330,Unfound
,,,,,,,7536292297,7536292297,,,7536292297,Unfound
,,,,,,,1908312355,1908312355,,,1908312355,Unfound
,,,,,,,1900005426252,,,,,Unfound
,,,,,,,1273433980,1273433980,,,1273433980,Unfound
,,,,,,,1902305337,1902305337,,,1902305337,Unfound
,,,,,,,2476662448,2476662448,,,2476662448,Unfound
,,,,,,,7766005418,7766005418,,,7766005418,Unfound
,,,,,,,1492877995,1492877995,,,1492877995,Unfound
,,,,,,,7957920477,7957920477,,,7957920477,Unfound
,,,,,,,1213212213,1213212213,,,1213212213,Unfound
,,,,,,,7837034945,7837034945,,,7837034945,Unfound
,,,,,,,7888845051,7888845051,,,7888845051,Unfound
,,,,,,,1179735197,1179735197,,,1179735197,Unfound
,,,,,,,7481314627,7481314627,,,7481314627,Unfound
,,,,,,,1202841276,1202841276,,,1202841276,Unfound
,,,,,,,7929608097,7929608097,,,7929608097,Unfound
,,,,,,,1202550245,1202550245,,,1202550245,Unfound
,,,,,,,1162691280,1162691280,,,1162691280,Unfound
,,,,,,,7766330373,7766330373,,,7766330373,Unfound
,,,,,,,1213731516,1213731516,,,1213731516,Unfound
,,,,,,,1789762559,1789762559,,,1789762559,Unfound
,,,,,,,1179226161,1179226161,,,1179226161,Unfound
,,,,,,,1275891820,1275891820,,,1275891820,Unfound
,,,,,,,7977814149,7977814149,,,7977814149,Unfound
,,,,,,,7770881588,7770881588,,,7770881588,Unfound
,,,,,,,2476593574,2476593574,,,2476593574,Unfound
,,,,,,,1239654333,1239654333,,,1239654333,Unfound
,,,,,,,1234211717,1234211717,,,1234211717,Unfound
,,,,,,,1179776226,1179776226,,,1179776226,Unfound
,,,,,,,1264342464,1264342464,,,1264342464,Unfound
,,,,,,,1425473188,1425473188,,,1425473188,Unfound
,,,,,,,1530413336,1530413336,,,1530413336,Unfound
,,,,,,,1535640300,1535640300,,,1535640300,Unfound
,,,,,,,1934522724,1934522724,,,1934522724,Unfound
,,,,,,,7989187460,7989187460,,,7989187460,Unfound
,,,,,,,1782746611,1782746611,,,1782746611,Unfound
,,,,,,,1782265582,1782265582,,,1782265582,Unfound
,,,,,,,1616208288,1616208288,,,1616208288,Unfound
,,,,,,,1215254225,1215254225,,,1215254225,Unfound
,,,,,,,1782845528,1782845528,,,1782845528,Unfound
,,,,,,,7967100740,7967100740,,,7967100740,Unfound
,,,,,,,2476458800,2476458800,,,2476458800,Unfound
,,,,,,,7960086386,7960086386,,,7960086386,Unfound
,,,,,,,7511872925,7511872925,,,7511872925,Unfound
,,,,,,,7507470490,7507470490,,,7507470490,Unfound
,,,,,,,1282410210,1282410210,,,1282410210,Unfound
,,,,,,,1865390530,1865390530,,,1865390530,Unfound
,,,,,,,1460000783599,,,,,Unfound
,,,,,,,7884956235,7884956235,,,7884956235,Unfound
,,,,,,,1922406562,1922406562,,,1922406562,Unfound
,,,,,,,1202031220,1202031220,,,1202031220,Unfound
,,,,,,,1274229001,1274229001,,,1274229001,Unfound
,,,,,,,1273773913,1273773913,,,1273773913,Unfound
,,,,,,,1779475395,1779475395,,,1779475395,Unfound
,,,,,,,1515596960,1515596960,,,1515596960,Unfound
,,,,,,,2073269734,2073269734,,,2073269734,Unfound
,,,,,,,1204322888,1204322888,,,1204322888,Unfound
,,,,,,,1743443877,1743443877,,,1743443877,Unfound
,,,,,,,7971902776,7971902776,,,7971902776,Unfound
,,,,,,,7715047060,7715047060,,,7715047060,Unfound
,,,,,,,1270877389,1270877389,,,1270877389,Unfound
,,,,,,,1213737605,1213737605,,,1213737605,Unfound
,,,,,,,1200441248,1200441248,,,1200441248,Unfound
,,,,,,,1258840084,1258840084,,,1258840084,Unfound
,,,,,,,1745814740,1745814740,,,1745814740,Unfound
,,,,,,,1792560020,1792560020,,,1792560020,Unfound
,,,,,,,7843948633,7843948633,,,7843948633,Unfound
,,,,,,,1246292777,1246292777,,,1246292777,Unfound
,,,,,,,1432279900,1432279900,,,1432279900,Unfound
,,,,,,,1202572166,1202572166,,,1202572166,Unfound
,,,,,,,1604634428,1604634428,,,1604634428,Unfound
,,,,,,,1675481318,1675481318,,,1675481318,Unfound
,,,,,,,1205362860,1205362860,,,1205362860,Unfound
,,,,,,,1213538009,1213538009,,,1213538009,Unfound
,,,,,,,1274582600,1274582600,,,1274582600,Unfound
,,,,,,,1763250338,1763250338,,,1763250338,Unfound
,,,,,,,7973137033,7973137033,,,7973137033,Unfound
,,,,,,,1952727661,1952727661,,,1952727661,Unfound
,,,,,,,7748648693,7748648693,,,7748648693,Unfound
,,,,,,,7939532070,7939532070,,,7939532070,Unfound
,,,,,,,1788553640,1788553640,,,1788553640,Unfound
,,,,,,,1934239684,1934239684,,,1934239684,Unfound
,,,,,,,1497851209,1497851209,,,1497851209,Unfound
,,,,,,,7860553485,7860553485,,,7860553485,Unfound
,,,,,,,1985219916,1985219916,,,1985219916,Unfound
,,,,,,,1235512432,1235512432,,,1235512432,Unfound
,,,,,,,7494478572,7494478572,,,7494478572,Unfound
,,,,,,,7597654993,7597654993,,,7597654993,Unfound
,,,,,,,1480492939,1480492939,,,1480492939,Unfound
,,,,,,,7413971514,7413971514,,,7413971514,Unfound
,,,,,,,1993772777,1993772777,,,1993772777,Unfound
,,,,,,,1273870471,1273870471,,,1273870471,Unfound
,,,,,,,1215588208,1215588208,,,1215588208,Unfound
,,,,,,,7758931868,7758931868,,,7758931868,Unfound
,,,,,,,1761471986,1761471986,,,1761471986,Unfound
,,,,,,,1274735699,1274735699,,,1274735699,Unfound
,,,,,,,1902402705,1902402705,,,1902402705,Unfound
,,,,,,,1922744444,1922744444,,,1922744444,Unfound
,,,,,,,1202672795,1202672795,,,1202672795,Unfound
,,,,,,,1675466671,1675466671,,,1675466671,Unfound
,,,,,,,7917416124,7917416124,,,7917416124,Unfound
,,,,,,,1273778577,1273778577,,,1273778577,Unfound
,,,,,,,1491651288,1491651288,,,1491651288,Unfound
,,,,,,,1684574139,1684574139,,,1684574139,Unfound
,,,,,,,2085395907,2085395907,,,2085395907,Unfound
,,,,,,,7707678378,7707678378,,,7707678378,Unfound
,,,,,,,2476610325,2476610325,,,2476610325,Unfound
,,,,,,,1280822003,1280822003,,,1280822003,Unfound
,,,,,,,7745812334,7745812334,,,7745812334,Unfound
,,,,,,,1743351007,1743351007,,,1743351007,Unfound
,,,,,,,1327702221,1327702221,,,1327702221,Unfound
,,,,,,,7757811528,7757811528,,,7757811528,Unfound
,,,,,,,1613389328,1613389328,,,1613389328,Unfound
,,,,,,,1639842168,1639842168,,,1639842168,Unfound
,,,,,,,1274642477,1274642477,,,1274642477,Unfound
,,,,,,,1254879192,1254879192,,,1254879192,Unfound
,,,,,,,1869323929,1869323929,,,1869323929,Unfound
,,,,,,,1254812715,1254812715,,,1254812715,Unfound
,,,,,,,7805898665,7805898665,,,7805898665,Unfound
,,,,,,,1384237736,1384237736,,,1384237736,Unfound
,,,,,,,7866337435,7866337435,,,7866337435,Unfound
,,,,,,,1684576164,1684576164,,,1684576164,Unfound
,,,,,,,7479464994,7479464994,,,7479464994,Unfound
,,,,,,,7490871977,7490871977,,,7490871977,Unfound
,,,,,,,1179778999,1179778999,,,1179778999,Unfound
,,,,,,,1274582498,1274582498,,,1274582498,Unfound
,,,,,,,1952602634,1952602634,,,1952602634,Unfound
,,,,,,,1792642368,1792642368,,,1792642368,Unfound
,,,,,,,7988773084,7988773084,,,7988773084,Unfound
,,,,,,,1745570531,1745570531,,,1745570531,Unfound
,,,,,,,1536269626,1536269626,,,1536269626,Unfound
,,,,,,,1256408979,1256408979,,,1256408979,Unfound
,,,,,,,1273727581,1273727581,,,1273727581,Unfound
,,,,,,,8454756141,8454756141,,,8454756141,Unfound
,,,,,,,1179728071,1179728071,,,1179728071,Unfound
,,,,,,,1213552901,1213552901,,,1213552901,Unfound
,,,,,,,1782777676,1782777676,,,1782777676,Unfound
,,,,,,,1274636011,1274636011,,,1274636011,Unfound
,,,,,,,1733380222,1733380222,,,1733380222,Unfound
,,,,,,,1242226026,1242226026,,,1242226026,Unfound
,,,,,,,1323469111,1323469111,,,1323469111,Unfound
,,,,,,,1527584774,1527584774,,,1527584774,Unfound
,,,,,,,1269596964,1269596964,,,1269596964,Unfound
,,,,,,,1993776362,1993776362,,,1993776362,Unfound
,,,,,,,7534336707,7534336707,,,7534336707,Unfound
,,,,,,,1274497212,1274497212,,,1274497212,Unfound
,,,,,,,1664562195,1664562195,,,1664562195,Unfound
,,,,,,,1352719444,1352719444,,,1352719444,Unfound
,,,,,,,2078218692,2078218692,,,2078218692,Unfound
,,,,,,,7979647869,7979647869,,,7979647869,Unfound
,,,,,,,1780782342,1780782342,,,1780782342,Unfound
,,,,,,,1422253383,1422253383,,,1422253383,Unfound
,,,,,,,1204840716,1204840716,,,1204840716,Unfound
,,,,,,,1217720736,1217720736,,,1217720736,Unfound
,,,,,,,1455442995,1455442995,,,1455442995,Unfound
,,,,,,,1745336196,1745336196,,,1745336196,Unfound
,,,,,,,7887995712,7887995712,,,7887995712,Unfound
,,,,,,,1925415110,1925415110,,,1925415110,Unfound
,,,,,,,7468489995,7468489995,,,7468489995,Unfound
,,,,,,,1454853484,1454853484,,,1454853484,Unfound
,,,,,,,1202747332,1202747332,,,1202747332,Unfound
,,,,,,,8453302000,8453302000,,,8453302000,Unfound
,,,,,,,1458860240,1458860240,,,1458860240,Unfound
,,,,,,,1274772773,1274772773,,,1274772773,Unfound
,,,,,,,1274728292,1274728292,,,1274728292,Unfound
,,,,,,,1535643111,1535643111,,,1535643111,Unfound
,,,,,,,1453548188,1453548188,,,1453548188,Unfound
,,,,,,,7427696676,7427696676,,,7427696676,Unfound
,,,,,,,7521421489,7521421489,,,7521421489,Unfound
,,,,,,,2072915100,2072915100,,,2072915100,Unfound
,,,,,,,1254506300,1254506300,,,1254506300,Unfound
,,,,,,,1179272947,1179272947,,,1179272947,Unfound
,,,,,,,1608645638,1608645638,,,1608645638,Unfound
,,,,,,,1217053044,1217053044,,,1217053044,Unfound
,,,,,,,1553813615,1553813615,,,1553813615,Unfound
,,,,,,,1782599130,1782599130,,,1782599130,Unfound
,,,,,,,1282434431,1282434431,,,1282434431,Unfound
,,,,,,,1885483494,1885483494,,,1885483494,Unfound
,,,,,,,1225862004,1225862004,,,1225862004,Unfound
,,,,,,,1273561715,1273561715,,,1273561715,Unfound
,,,,,,,1286672129,1286672129,,,1286672129,Unfound
,,,,,,,1584878439,1584878439,,,1584878439,Unfound
,,,,,,,1743360060,1743360060,,,1743360060,Unfound
,,,,,,,8444778666,8444778666,,,8444778666,Unfound
,,,,,,,1908313866,1908313866,,,1908313866,Unfound
,,,,,,,1142755755,1142755755,,,1142755755,Unfound
,,,,,,,1746768544,1746768544,,,1746768544,Unfound
,,,,,,,1487813294,1487813294,,,1487813294,Unfound
,,,,,,,1376561129,1376561129,,,1376561129,Unfound
,,,,,,,1373822727,1373822727,,,1373822727,Unfound
,,,,,,,1760721353,1760721353,,,1760721353,Unfound
,,,,,,,1225310171,1225310171,,,1225310171,Unfound
,,,,,,,1225753198,1225753198,,,1225753198,Unfound
,,,,,,,7810557563,7810557563,,,7810557563,Unfound
,,,,,,,7532148692,7532148692,,,7532148692,Unfound
,,,,,,,1254704105,1254704105,,,1254704105,Unfound
,,,,,,,1865244410,1865244410,,,1865244410,Unfound
,,,,,,,7593101724,7593101724,,,7593101724,Unfound
,,,,,,,7881209616,7881209616,,,7881209616,Unfound
,,,,,,,1437532231,1437532231,,,1437532231,Unfound
,,,,,,,7928989484,7928989484,,,7928989484,Unfound
,,,,,,,1535671872,1535671872,,,1535671872,Unfound
,,,,,,,1865742211,1865742211,,,1865742211,Unfound
,,,,,,,1327341740,1327341740,,,1327341740,Unfound
,,,,,,,7831485339,7831485339,,,7831485339,Unfound
,,,,,,,1202740335,1202740335,,,1202740335,Unfound
,,,,,,,1782595522,1782595522,,,1782595522,Unfound
,,,,,,,7780217650,7780217650,,,7780217650,Unfound
,,,,,,,1597851604,1597851604,,,1597851604,Unfound
,,,,,,,1733390422,1733390422,,,1733390422,Unfound
,,,,,,,1273582354,1273582354,,,1273582354,Unfound
,,,,,,,1775722946,1775722946,,,1775722946,Unfound
,,,,,,,1248450555,1248450555,,,1248450555,Unfound
,,,,,,,1215265224,1215265224,,,1215265224,Unfound
,,,,,,,7544848297,7544848297,,,7544848297,Unfound
,,,,,,,7954172364,7954172364,,,7954172364,Unfound
,,,,,,,1274614844,1274614844,,,1274614844,Unfound
,,,,,,,1202632296,1202632296,,,1202632296,Unfound
,,,,,,,8456800947,8456800947,,,8456800947,Unfound
,,,,,,,7826765125,7826765125,,,7826765125,Unfound
,,,,,,,1274518227,1274518227,,,1274518227,Unfound
,,,,,,,1933440446,1933440446,,,1933440446,Unfound
,,,,,,,1903831000,1903831000,,,1903831000,Unfound
,,,,,,,2082926604,2082926604,,,2082926604,Unfound
,,,,,,,1386854286,1386854286,,,1386854286,Unfound
,,,,,,,1213367000,1213367000,,,1213367000,Unfound
,,,,,,,1425620222,1425620222,,,1425620222,Unfound
,,,,,,,1202861606,1202861606,,,1202861606,Unfound
,,,,,,,1225759850,1225759850,,,1225759850,Unfound
,,,,,,,1617966530,1617966530,,,1617966530,Unfound
,,,,,,,7813464039,7813464039,,,7813464039,Unfound
,,,,,,,1359395230,1359395230,,,1359395230,Unfound
,,,,,,,1179829492,1179829492,,,1179829492,Unfound
,,,,,,,1792812889,1792812889,,,1792812889,Unfound
,,,,,,,7835118567,7835118567,,,7835118567,Unfound
,,,,,,,1300011650991,,,,,Unfound
,,,,,,,1691773696,1691773696,,,1691773696,Unfound
,,,,,,,1285650441,1285650441,,,1285650441,Unfound
,,,,,,,7423270883,7423270883,,,7423270883,Unfound
,,,,,,,1332298304,1332298304,,,1332298304,Unfound
,,,,,,,1437741431,1437741431,,,1437741431,Unfound
,,,,,,,1905773111,1905773111,,,1905773111,Unfound
,,,,,,,1323648747,1323648747,,,1323648747,Unfound
,,,,,,,1269841378,1269841378,,,1269841378,Unfound
,,,,,,,2476645555,2476645555,,,2476645555,Unfound
,,,,,,,7505706095,7505706095,,,7505706095,Unfound
,,,,,,,7454737786,7454737786,,,7454737786,Unfound
,,,,,,,7468497378,7468497378,,,7468497378,Unfound
,,,,,,,1285653422,1285653422,,,1285653422,Unfound
,,,,,,,2074378568,2074378568,,,2074378568,Unfound
,,,,,,,1269870756,1269870756,,,1269870756,Unfound
,,,,,,,7904055352,7904055352,,,7904055352,Unfound
,,,,,,,1604752155,1604752155,,,1604752155,Unfound
,,,,,,,1915282003,1915282003,,,1915282003,Unfound
,,,,,,,7904813471,7904813471,,,7904813471,Unfound
,,,,,,,1922644082,1922644082,,,1922644082,Unfound
,,,,,,,1664410166,1664410166,,,1664410166,Unfound
,,,,,,,7510476605,7510476605,,,7510476605,Unfound
,,,,,,,7903227535,7903227535,,,7903227535,Unfound
,,,,,,,1454613079,1454613079,,,1454613079,Unfound
,,,,,,,1212777252,1212777252,,,1212777252,Unfound
,,,,,,,1608659001,1608659001,,,1608659001,Unfound
,,,,,,,2084609190,2084609190,,,2084609190,Unfound
,,,,,,,1799202501,1799202501,,,1799202501,Unfound
,,,,,,,1132854815,1132854815,,,1132854815,Unfound
,,,,,,,1239623797,1239623797,,,1239623797,Unfound
,,,,,,,2087778334,2087778334,,,2087778334,Unfound
,,,,,,,7419294974,7419294974,,,7419294974,Unfound
,,,,,,,7763850650,7763850650,,,7763850650,Unfound
,,,,,,,7533723338,7533723338,,,7533723338,Unfound
,,,,,,,1935842080,1935842080,,,1935842080,Unfound
,,,,,,,2476398855,2476398855,,,2476398855,Unfound
,,,,,,,1746769659,1746769659,,,1746769659,Unfound
,,,,,,,1367810220,1367810220,,,1367810220,Unfound
,,,,,,,1913852631,1913852631,,,1913852631,Unfound
,,,,,,,7843525107,7843525107,,,7843525107,Unfound
,,,,,,,1536682030,1536682030,,,1536682030,Unfound
,,,,,,,1934622824,1934622824,,,1934622824,Unfound
,,,,,,,1639849627,1639849627,,,1639849627,Unfound
,,,,,,,7596704192,7596704192,,,7596704192,Unfound
,,,,,,,1926614161,1926614161,,,1926614161,Unfound
,,,,,,,2086626850,2086626850,,,2086626850,Unfound
,,,,,,,7974042791,7974042791,,,7974042791,Unfound
,,,,,,,1242620099,1242620099,,,1242620099,Unfound
,,,,,,,1743515121,1743515121,,,1743515121,Unfound
,,,,,,,1743791093,1743791093,,,1743791093,Unfound
,,,,,,,1274590777,1274590777,,,1274590777,Unfound
,,,,,,,1273891446,1273891446,,,1273891446,Unfound
,,,,,,,1373452231,1373452231,,,1373452231,Unfound
,,,,,,,1550720594,1550720594,,,1550720594,Unfound
,,,,,,,2071456988,2071456988,,,2071456988,Unfound
,,,,,,,1274593751,1274593751,,,1274593751,Unfound
,,,,,,,1439788564,1439788564,,,1439788564,Unfound
,,,,,,,1865820443,1865820443,,,1865820443,Unfound
,,,,,,,1527911816,1527911816,,,1527911816,Unfound
,,,,,,,1536401144,1536401144,,,1536401144,Unfound
,,,,,,,7813005815,7813005815,,,7813005815,Unfound
,,,,,,,7909278205,7909278205,,,7909278205,Unfound
,,,,,,,1706831163,1706831163,,,1706831163,Unfound
,,,,,,,1608685253,1608685253,,,1608685253,Unfound
,,,,,,,1132091075,1132091075,,,1132091075,Unfound
,,,,,,,1235558496,1235558496,,,1235558496,Unfound
,,,,,,,7448228468,7448228468,,,7448228468,Unfound
,,,,,,,1295271414,1295271414,,,1295271414,Unfound
,,,,,,,7960694914,7960694914,,,7960694914,Unfound
,,,,,,,2078378019,2078378019,,,2078378019,Unfound
,,,,,,,7956966565,7956966565,,,7956966565,Unfound
,,,,,,,1274542903,1274542903,,,1274542903,Unfound
,,,,,,,1162511186,1162511186,,,1162511186,Unfound
,,,,,,,1749674338,1749674338,,,1749674338,Unfound
,,,,,,,1929554603,1929554603,,,1929554603,Unfound
,,,,,,,2076135500,2076135500,,,2076135500,Unfound
,,,,,,,1242530930,1242530930,,,1242530930,Unfound
,,,,,,,1384239657,1384239657,,,1384239657,Unfound
,,,,,,,7594432385,7594432385,,,7594432385,Unfound
,,,,,,,1428727584,1428727584,,,1428727584,Unfound
,,,,,,,1269824851,1269824851,,,1269824851,Unfound
,,,,,,,7545291142,7545291142,,,7545291142,Unfound
,,,,,,,1282427404,1282427404,,,1282427404,Unfound
,,,,,,,7976175554,7976175554,,,7976175554,Unfound
,,,,,,,1829270302,1829270302,,,1829270302,Unfound
,,,,,,,7791321998,7791321998,,,7791321998,Unfound
,,,,,,,1217781366,1217781366,,,1217781366,Unfound
,,,,,,,7941673194,7941673194,,,7941673194,Unfound
,,,,,,,1675471416,1675471416,,,1675471416,Unfound
,,,,,,,1282601373,1282601373,,,1282601373,Unfound
,,,,,,,1274533103,1274533103,,,1274533103,Unfound
,,,,,,,1213211396,1213211396,,,1213211396,Unfound
,,,,,,,1282861862,1282861862,,,1282861862,Unfound
,,,,,,,7454779581,7454779581,,,7454779581,Unfound
,,,,,,,1568780878,1568780878,,,1568780878,Unfound
,,,,,,,1617977130,1617977130,,,1617977130,Unfound
,,,,,,,1274588816,1274588816,,,1274588816,Unfound
,,,,,,,1179522639,1179522639,,,1179522639,Unfound
,,,,,,,1908376080,1908376080,,,1908376080,Unfound
,,,,,,,1215581428,1215581428,,,1215581428,Unfound
,,,,,,,1639642126,1639642126,,,1639642126,Unfound
,,,,,,,7730886647,7730886647,,,7730886647,Unfound
,,,,,,,7984367951,7984367951,,,7984367951,Unfound
,,,,,,,2084622600,2084622600,,,2084622600,Unfound
,,,,,,,1889500213,1889500213,,,1889500213,Unfound
,,,,,,,1902420286,1902420286,,,1902420286,Unfound
,,,,,,,1691652888,1691652888,,,1691652888,Unfound
,,,,,,,1543505084,1543505084,,,1543505084,Unfound
,,,,,,,1254771117,1254771117,,,1254771117,Unfound
,,,,,,,7540578039,7540578039,,,7540578039,Unfound
,,,,,,,1889570766,1889570766,,,1889570766,Unfound
,,,,,,,7826906805,7826906805,,,7826906805,Unfound
,,,,,,,7951896266,7951896266,,,7951896266,Unfound
,,,,,,,1553765224,1553765224,,,1553765224,Unfound
,,,,,,,1597860420,1597860420,,,1597860420,Unfound
,,,,,,,1254679047,1254679047,,,1254679047,Unfound
,,,,,,,1912140417,1912140417,,,1912140417,Unfound
,,,,,,,7479485331,7479485331,,,7479485331,Unfound
,,,,,,,7815850702,7815850702,,,7815850702,Unfound
,,,,,,,1215256544,1215256544,,,1215256544,Unfound
,,,,,,,1502723699,1502723699,,,1502723699,Unfound
,,,,,,,7886167157,7886167157,,,7886167157,Unfound
,,,,,,,1227733904,1227733904,,,1227733904,Unfound
,,,,,,,7966101924,7966101924,,,7966101924,Unfound
,,,,,,,2200019721496,,,,,Unfound
,,,,,,,1452300025,1452300025,,,1452300025,Unfound
,,,,,,,8453370540,8453370540,,,8453370540,Unfound
,,,,,,,7731568649,7731568649,,,7731568649,Unfound
,,,,,,,2476572839,2476572839,,,2476572839,Unfound
,,,,,,,1905780590,1905780590,,,1905780590,Unfound
,,,,,,,7851435416,7851435416,,,7851435416,Unfound
,,,,,,,1793887000,1793887000,,,1793887000,Unfound
,,,,,,,1173602839,1173602839,,,1173602839,Unfound
,,,,,,,1935424556,1935424556,,,1935424556,Unfound
,,,,,,,1922409302,1922409302,,,1922409302,Unfound
,,,,,,,1254511176,1254511176,,,1254511176,Unfound
,,,,,,,1525715522,1525715522,,,1525715522,Unfound
,,,,,,,7426940063,7426940063,,,7426940063,Unfound
,,,,,,,1254888550,1254888550,,,1254888550,Unfound
,,,,,,,7531715346,7531715346,,,7531715346,Unfound
,,,,,,,7841289065,7841289065,,,7841289065,Unfound
,,,,,,,7564770078,7564770078,,,7564770078,Unfound
,,,,,,,1903537755,1903537755,,,1903537755,Unfound
,,,,,,,1202308840,1202308840,,,1202308840,Unfound
,,,,,,,1225313393,1225313393,,,1225313393,Unfound
,,,,,,,1792464080,1792464080,,,1792464080,Unfound
,,,,,,,1773814919,1773814919,,,1773814919,Unfound
,,,,,,,1179253778,1179253778,,,1179253778,Unfound
,,,,,,,1934833717,1934833717,,,1934833717,Unfound
,,,,,,,1253340525,1253340525,,,1253340525,Unfound
,,,,,,,7564697574,7564697574,,,7564697574,Unfound
,,,,,,,1492544720,1492544720,,,1492544720,Unfound
,,,,,,,7971525432,7971525432,,,7971525432,Unfound
,,,,,,,2076297070,2076297070,,,2076297070,Unfound
,,,,,,,1778570764,1778570764,,,1778570764,Unfound
,,,,,,,1179273807,1179273807,,,1179273807,Unfound
,,,,,,,1869341075,1869341075,,,1869341075,Unfound
,,,,,,,1274832635,1274832635,,,1274832635,Unfound
,,,,,,,1270872418,1270872418,,,1270872418,Unfound
,,,,,,,7443257624,7443257624,,,7443257624,Unfound
,,,,,,,7908211118,7908211118,,,7908211118,Unfound
,,,,,,,1213580400,1213580400,,,1213580400,Unfound
,,,,,,,7956035831,7956035831,,,7956035831,Unfound
,,,,,,,7717401393,7717401393,,,7717401393,Unfound
,,,,,,,1282843017,1282843017,,,1282843017,Unfound
,,,,,,,1938555504,1938555504,,,1938555504,Unfound
,,,,,,,1179731420,1179731420,,,1179731420,Unfound
,,,,,,,1215379076,1215379076,,,1215379076,Unfound
,,,,,,,1640000460998,,,,,Unfound
,,,,,,,1451821311,1451821311,,,1451821311,Unfound
,,,,,,,1212479790,1212479790,,,1212479790,Unfound
,,,,,,,7702654555,7702654555,,,7702654555,Unfound
,,,,,,,1535630411,1535630411,,,1535630411,Unfound
,,,,,,,7503281618,7503281618,,,7503281618,Unfound
,,,,,,,1215728685,1215728685,,,1215728685,Unfound
,,,,,,,7852652434,7852652434,,,7852652434,Unfound
,,,,,,,1254772831,1254772831,,,1254772831,Unfound
,,,,,,,1273609736,1273609736,,,1273609736,Unfound
,,,,,,,1295261211,1295261211,,,1295261211,Unfound
,,,,,,,2082954601,2082954601,,,2082954601,Unfound
,,,,,,,1792589402,1792589402,,,1792589402,Unfound
,,,,,,,7796335226,7796335226,,,7796335226,Unfound
,,,,,,,1782836401,1782836401,,,1782836401,Unfound
,,,,,,,1432761873,1432761873,,,1432761873,Unfound
,,,,,,,1215585405,1215585405,,,1215585405,Unfound
,,,,,,,1254356791,1254356791,,,1254356791,Unfound
,,,,,,,1323612833,1323612833,,,1323612833,Unfound
,,,,,,,1274521550,1274521550,,,1274521550,Unfound
,,,,,,,1865351311,1865351311,,,1865351311,Unfound
,,,,,,,1352753560,1352753560,,,1352753560,Unfound
,,,,,,,1215001371,1215001371,,,1215001371,Unfound
,,,,,,,1202680415,1202680415,,,1202680415,Unfound
,,,,,,,1527594701,1527594701,,,1527594701,Unfound
,,,,,,,1454323366,1454323366,,,1454323366,Unfound
,,,,,,,1754769463,1754769463,,,1754769463,Unfound
,,,,,,,1274678962,1274678962,,,1274678962,Unfound
,,,,,,,1792299821,1792299821,,,1792299821,Unfound
,,,,,,,7877780736,7877780736,,,7877780736,Unfound
,,,,,,,1704244293,1704244293,,,1704244293,Unfound
,,,,,,,1202514000,1202514000,,,1202514000,Unfound
,,,,,,,1527272797,1527272797,,,1527272797,Unfound
,,,,,,,1202383879,1202383879,,,1202383879,Unfound
,,,,,,,1214294082,1214294082,,,1214294082,Unfound
,,,,,,,1384253022,1384253022,,,1384253022,Unfound
,,,,,,,1159614564,1159614564,,,1159614564,Unfound
,,,,,,,1425478719,1425478719,,,1425478719,Unfound
,,,,,,,1782262031,1782262031,,,1782262031,Unfound
,,,,,,,1354653192,1354653192,,,1354653192,Unfound
,,,,,,,1829733152,1829733152,,,1829733152,Unfound
,,,,,,,7973740827,7973740827,,,7973740827,Unfound
,,,,,,,1935477997,1935477997,,,1935477997,Unfound
,,,,,,,1254640030,1254640030,,,1254640030,Unfound
,,,,,,,1684571980,1684571980,,,1684571980,Unfound
,,,,,,,1690720218,1690720218,,,1690720218,Unfound
,,,,,,,1407762519,1407762519,,,1407762519,Unfound
,,,,,,,1382201042,1382201042,,,1382201042,Unfound
,,,,,,,1179612014,1179612014,,,1179612014,Unfound
,,,,,,,1745890235,1745890235,,,1745890235,Unfound
,,,,,,,1553764588,1553764588,,,1553764588,Unfound
,,,,,,,7538732487,7538732487,,,7538732487,Unfound
,,,,,,,1933410989,1933410989,,,1933410989,Unfound
,,,,,,,1373822500,1373822500,,,1373822500,Unfound
,,,,,,,7725206374,7725206374,,,7725206374,Unfound
,,,,,,,7983224664,7983224664,,,7983224664,Unfound
,,,,,,,1212337410,1212337410,,,1212337410,Unfound
,,,,,,,1386833833,1386833833,,,1386833833,Unfound
,,,,,,,1432265725,1432265725,,,1432265725,Unfound
,,,,,,,1691830082,1691830082,,,1691830082,Unfound
,,,,,,,7779608365,7779608365,,,7779608365,Unfound
,,,,,,,1689822521,1689822521,,,1689822521,Unfound
,,,,,,,2082497612,2082497612,,,2082497612,Unfound
,,,,,,,7749438445,7749438445,,,7749438445,Unfound
,,,,,,,1202745466,1202745466,,,1202745466,Unfound
,,,,,,,1282717669,1282717669,,,1282717669,Unfound
,,,,,,,1948830346,1948830346,,,1948830346,Unfound
,,,,,,,1874623333,1874623333,,,1874623333,Unfound
,,,,,,,1432340347,1432340347,,,1432340347,Unfound
,,,,,,,1536310222,1536310222,,,1536310222,Unfound
,,,,,,,7955504338,7955504338,,,7955504338,Unfound
,,,,,,,1214231572,1214231572,,,1214231572,Unfound
,,,,,,,1865242714,1865242714,,,1865242714,Unfound
,,,,,,,1286830649,1286830649,,,1286830649,Unfound
,,,,,,,1452527274,1452527274,,,1452527274,Unfound
,,,,,,,1225466851,1225466851,,,1225466851,Unfound
,,,,,,,1234742402,1234742402,,,1234742402,Unfound
,,,,,,,7792108870,7792108870,,,7792108870,Unfound
,,,,,,,1903820452,1903820452,,,1903820452,Unfound
,,,,,,,1224484981,1224484981,,,1224484981,Unfound
,,,,,,,1235522770,1235522770,,,1235522770,Unfound
,,,,,,,1229588064,1229588064,,,1229588064,Unfound
,,,,,,,7530818725,7530818725,,,7530818725,Unfound
,,,,,,,1267235252,1267235252,,,1267235252,Unfound
,,,,,,,1785814161,1785814161,,,1785814161,Unfound
,,,,,,,1273407736,1273407736,,,1273407736,Unfound
,,,,,,,1179613526,1179613526,,,1179613526,Unfound
,,,,,,,1215022000,1215022000,,,1215022000,Unfound
,,,,,,,1202434416,1202434416,,,1202434416,Unfound
,,,,,,,7825566235,7825566235,,,7825566235,Unfound
,,,,,,,1179647948,1179647948,,,1179647948,Unfound
,,,,,,,2000027477803,,,,,Unfound
,,,,,,,1213592461,1213592461,,,1213592461,Unfound
,,,,,,,1691860304,1691860304,,,1691860304,Unfound
,,,,,,,1732228310,1732228310,,,1732228310,Unfound
,,,,,,,1179770155,1179770155,,,1179770155,Unfound
,,,,,,,1327876883,1327876883,,,1327876883,Unfound
,,,,,,,2476634477,2476634477,,,2476634477,Unfound
,,,,,,,7966754686,7966754686,,,7966754686,Unfound
,,,,,,,1202881021,1202881021,,,1202881021,Unfound
,,,,,,,1542832211,1542832211,,,1542832211,Unfound
,,,,,,,1214391928,1214391928,,,1214391928,Unfound
,,,,,,,1273455755,1273455755,,,1273455755,Unfound
,,,,,,,1204304495,1204304495,,,1204304495,Unfound
,,,,,,,1782285979,1782285979,,,1782285979,Unfound
,,,,,,,7867431685,7867431685,,,7867431685,Unfound
,,,,,,,1273696459,1273696459,,,1273696459,Unfound
,,,,,,,1216277267,1216277267,,,1216277267,Unfound
,,,,,,,1902722255,1902722255,,,1902722255,Unfound
,,,,,,,1749836300,1749836300,,,1749836300,Unfound
,,,,,,,7517152848,7517152848,,,7517152848,Unfound
,,,,,,,1934425007,1934425007,,,1934425007,Unfound
,,,,,,,1487813388,1487813388,,,1487813388,Unfound
,,,,,,,7790745750,7790745750,,,7790745750,Unfound
,,,,,,,1437563398,1437563398,,,1437563398,Unfound
,,,,,,,1429263101,1429263101,,,1429263101,Unfound
,,,,,,,7506207749,7506207749,,,7506207749,Unfound
,,,,,,,1162471027,1162471027,,,1162471027,Unfound
,,,,,,,1978316800,1978316800,,,1978316800,Unfound
,,,,,,,1273721922,1273721922,,,1273721922,Unfound
,,,,,,,1908667312,1908667312,,,1908667312,Unfound
,,,,,,,1618704725,1618704725,,,1618704725,Unfound
,,,,,,,1749814203,1749814203,,,1749814203,Unfound
,,,,,,,1617412433,1617412433,,,1617412433,Unfound
,,,,,,,1612410411,1612410411,,,1612410411,Unfound
,,,,,,,1844215404,1844215404,,,1844215404,Unfound
,,,,,,,1908374380,1908374380,,,1908374380,Unfound
,,,,,,,7748928789,7748928789,,,7748928789,Unfound
,,,,,,,1588630144,1588630144,,,1588630144,Unfound
,,,,,,,1204523456,1204523456,,,1204523456,Unfound
,,,,,,,1920480080,1920480080,,,1920480080,Unfound
,,,,,,,1903703090,1903703090,,,1903703090,Unfound
,,,,,,,1215524071,1215524071,,,1215524071,Unfound
,,,,,,,1234743245,1234743245,,,1234743245,Unfound
,,,,,,,7775967805,7775967805,,,7775967805,Unfound
,,,,,,,1782782925,1782782925,,,1782782925,Unfound
,,,,,,,1686625275,1686625275,,,1686625275,Unfound
,,,,,,,1204695373,1204695373,,,1204695373,Unfound
,,,,,,,1204791777,1204791777,,,1204791777,Unfound
,,,,,,,1274534937,1274534937,,,1274534937,Unfound
,,,,,,,7939376491,7939376491,,,7939376491,Unfound
,,,,,,,7982257996,7982257996,,,7982257996,Unfound
,,,,,,,1162606236,1162606236,,,1162606236,Unfound
,,,,,,,1935862555,1935862555,,,1935862555,Unfound
,,,,,,,1933441800,1933441800,,,1933441800,Unfound
,,,,,,,1412369131004,,,,,Unfound
,,,,,,,7456442225,7456442225,,,7456442225,Unfound
,,,,,,,1691780580,1691780580,,,1691780580,Unfound
,,,,,,,1744882417,1744882417,,,1744882417,Unfound
,,,,,,,1686621120,1686621120,,,1686621120,Unfound
,,,,,,,1749676800,1749676800,,,1749676800,Unfound
,,,,,,,1384423806,1384423806,,,1384423806,Unfound
,,,,,,,1912360960,1912360960,,,1912360960,Unfound
,,,,,,,1282677776,1282677776,,,1282677776,Unfound
,,,,,,,1664500355,1664500355,,,1664500355,Unfound
,,,,,,,1914960622,1914960622,,,1914960622,Unfound
,,,,,,,1536214653,1536214653,,,1536214653,Unfound
,,,,,,,1282454788,1282454788,,,1282454788,Unfound
,,,,,,,1214726241,1214726241,,,1214726241,Unfound
,,,,,,,7894905249,7894905249,,,7894905249,Unfound
,,,,,,,1173709634,1173709634,,,1173709634,Unfound
,,,,,,,1554833622,1554833622,,,1554833622,Unfound
,,,,,,,1751476116,1751476116,,,1751476116,Unfound
,,,,,,,1235847222,1235847222,,,1235847222,Unfound
,,,,,,,7900372724,7900372724,,,7900372724,Unfound
,,,,,,,1274725072,1274725072,,,1274725072,Unfound
,,,,,,,7486098750,7486098750,,,7486098750,Unfound
,,,,,,,1925625400,1925625400,,,1925625400,Unfound
,,,,,,,1749334383,1749334383,,,1749334383,Unfound
,,,,,,,1274600350,1274600350,,,1274600350,Unfound
,,,,,,,2071000424,2071000424,,,2071000424,Unfound
,,,,,,,1275817143,1275817143,,,1275817143,Unfound
,,,,,,,1253870133,1253870133,,,1253870133,Unfound
,,,,,,,8456250045,8456250045,,,8456250045,Unfound
,,,,,,,2476447477,2476447477,,,2476447477,Unfound
,,,,,,,1455552559,1455552559,,,1455552559,Unfound
,,,,,,,1733755557,1733755557,,,1733755557,Unfound
,,,,,,,1782717233,1782717233,,,1782717233,Unfound
,,,,,,,1618641777,1618641777,,,1618641777,Unfound
,,,,,,,1204398849,1204398849,,,1204398849,Unfound
,,,,,,,1452413339,1452413339,,,1452413339,Unfound
,,,,,,,2083156553,2083156553,,,2083156553,Unfound
,,,,,,,1902756862,1902756862,,,1902756862,Unfound
,,,,,,,7974287494,7974287494,,,7974287494,Unfound
,,,,,,,7504694543,7504694543,,,7504694543,Unfound
,,,,,,,1938554789,1938554789,,,1938554789,Unfound
,,,,,,,1282411679,1282411679,,,1282411679,Unfound
,,,,,,,7521263536,7521263536,,,7521263536,Unfound
,,,,,,,7912319279,7912319279,,,7912319279,Unfound
,,,,,,,1686610111,1686610111,,,1686610111,Unfound
,,,,,,,7411910840,7411910840,,,7411910840,Unfound
,,,,,,,1902307827,1902307827,,,1902307827,Unfound
,,,,,,,7769686398,7769686398,,,7769686398,Unfound
,,,,,,,1952416200,1952416200,,,1952416200,Unfound
,,,,,,,2476666506,2476666506,,,2476666506,Unfound
,,,,,,,1179547480,1179547480,,,1179547480,Unfound
,,,,,,,1908586500,1908586500,,,1908586500,Unfound
,,,,,,,1159255107,1159255107,,,1159255107,Unfound
,,,,,,,7888654973,7888654973,,,7888654973,Unfound
,,,,,,,1869226670,1869226670,,,1869226670,Unfound
,,,,,,,1903776447,1903776447,,,1903776447,Unfound
,,,,,,,1934625840,1934625840,,,1934625840,Unfound
,,,,,,,1908524534,1908524534,,,1908524534,Unfound
,,,,,,,1553764398,1553764398,,,1553764398,Unfound
,,,,,,,1675437800,1675437800,,,1675437800,Unfound
,,,,,,,7970114490,7970114490,,,7970114490,Unfound
,,,,,,,1608648400,1608648400,,,1608648400,Unfound
,,,,,,,7971574499,7971574499,,,7971574499,Unfound
,,,,,,,1275392441,1275392441,,,1275392441,Unfound
,,,,,,,1630656595,1630656595,,,1630656595,Unfound
,,,,,,,1926887041,1926887041,,,1926887041,Unfound
,,,,,,,1772533881,1772533881,,,1772533881,Unfound
,,,,,,,7428562009,7428562009,,,7428562009,Unfound
,,,,,,,1215653165,1215653165,,,1215653165,Unfound
,,,,,,,1254505200,1254505200,,,1254505200,Unfound
,,,,,,,7593015020,7593015020,,,7593015020,Unfound
,,,,,,,1706366815,1706366815,,,1706366815,Unfound
,,,,,,,1865557188,1865557188,,,1865557188,Unfound
,,,,,,,1945465244,1945465244,,,1945465244,Unfound
,,,,,,,1274200991,1274200991,,,1274200991,Unfound
,,,,,,,1902376500,1902376500,,,1902376500,Unfound
,,,,,,,1869363800,1869363800,,,1869363800,Unfound
,,,,,,,1282690770,1282690770,,,1282690770,Unfound
,,,,,,,7768902152,7768902152,,,7768902152,Unfound
,,,,,,,1274622282,1274622282,,,1274622282,Unfound
,,,,,,,1865749888,1865749888,,,1865749888,Unfound
,,,,,,,7449509456,7449509456,,,7449509456,Unfound
,,,,,,,1684892860,1684892860,,,1684892860,Unfound
,,,,,,,7482225218,7482225218,,,7482225218,Unfound
,,,,,,,1202761449,1202761449,,,1202761449,Unfound
,,,,,,,1384274527,1384274527,,,1384274527,Unfound
,,,,,,,1244549804,1244549804,,,1244549804,Unfound
,,,,,,,7881506427,7881506427,,,7881506427,Unfound
,,,,,,,7974851722,7974851722,,,7974851722,Unfound
,,,,,,,1234352153,1234352153,,,1234352153,Unfound
,,,,,,,1273773388,1273773388,,,1273773388,Unfound
,,,,,,,8456341050,8456341050,,,8456341050,Unfound
,,,,,,,1274607990,1274607990,,,1274607990,Unfound
,,,,,,,1224634865,1224634865,,,1224634865,Unfound
,,,,,,,1254822500,1254822500,,,1254822500,Unfound
,,,,,,,7713119530,7713119530,,,7713119530,Unfound
,,,,,,,1274674570,1274674570,,,1274674570,Unfound
,,,,,,,1749840279,1749840279,,,1749840279,Unfound
,,,,,,,1282428617,1282428617,,,1282428617,Unfound
,,,,,,,1202398478,1202398478,,,1202398478,Unfound
,,,,,,,1202625394,1202625394,,,1202625394,Unfound
,,,,,,,1274609213,1274609213,,,1274609213,Unfound
,,,,,,,1527450438,1527450438,,,1527450438,Unfound
,,,,,,,2000054731807,,,,,Unfound
,,,,,,,1300003160343,,,,,Unfound
,,,,,,,1421370000000,,,,,Unfound
,,,,,,,2316108883814,,,,,Unfound
,,,,,,,1413510321007,,,,,Unfound
,,,,,,,1410877790007,,,,,Unfound
,,,,,,,1100024981270,,,,,Unfound
,,,,,,,1100015901367,,,,,Unfound
,,,,,,,1419529831003,,,,,Unfound
,,,,,,,1610022054392,,,,,Unfound
,,,,,,,2200016406557,,,,,Unfound
,,,,,,,2199990782567,,,,,Unfound
,,,,,,,1100014955130,,,,,Unfound
,,,,,,,2315010613515,,,,,Unfound
,,,,,,,1012450729840,,,,,Unfound
,,,,,,,1610021889980,,,,,Unfound
,,,,,,,2000009366894,,,,,Unfound
,,,,,,,1610022792444,,,,,Unfound
,,,,,,,1416451490007,,,,,Unfound
,,,,,,,1410192731003,,,,,Unfound
,,,,,,,2200013106909,,,,,Unfound
,,,,,,,1900004236043,,,,,Unfound
,,,,,,,1100020409000,,,,,Unfound
,,,,,,,2000021718769,,,,,Unfound
,,,,,,,2200016450608,,,,,Unfound
,,,,,,,1417505651005,,,,,Unfound
,,,,,,,1100013175695,,,,,Unfound
,,,,,,,1610014114976,,,,,Unfound
,,,,,,,1900032408002,,,,,Unfound
,,,,,,,1620001379564,,,,,Unfound
,,,,,,,1900006312867,,,,,Unfound
,,,,,,,2000050902381,,,,,Unfound
,,,,,,,2199998682169,,,,,Unfound
,,,,,,,2310538821722,,,,,Unfound
,,,,,,,2199998660936,,,,,Unfound
,,,,,,,1411267961000,,,,,Unfound
,,,,,,,2000010187455,,,,,Unfound
,,,,,,,1424446100004,,,,,Unfound
,,,,,,,1900045368185,,,,,Unfound
,,,,,,,1418033431000,,,,,Unfound
,,,,,,,2316530674015,,,,,Unfound
,,,,,,,1416649171006,,,,,Unfound
,,,,,,,2199997021237,,,,,Unfound
,,,,,,,2199999517137,,,,,Unfound
,,,,,,,2200017143969,,,,,Unfound
,,,,,,,2000026513275,,,,,Unfound
,,,,,,,2000050640857,,,,,Unfound
,,,,,,,1610022586971,,,,,Unfound
,,,,,,,1160000258843,,,,,Unfound
,,,,,,,1012645870355,,,,,Unfound
,,,,,,,1900035419823,,,,,Unfound
,,,,,,,2199996918816,,,,,Unfound
,,,,,,,2312104635019,,,,,Unfound
,,,,,,,2200011160685,,,,,Unfound
,,,,,,,1900025398413,,,,,Unfound
,,,,,,,1419171010000,,,,,Unfound
,,,,,,,1100022941930,,,,,Unfound
,,,,,,,1162701609,,,,1162701609,Unfound
,,,,,,,1100013174098,,,,,Unfound
,,,,,,,2380000007558,,,,,Unfound
,,,,,,,2199999206145,,,,,Unfound
,,,,,,,1412389121000,,,,,Unfound
,,,,,,,1100001934219,,,,,Unfound
,,,,,,,1417691190000,,,,,Unfound
,,,,,,,1012884258456,,,,,Unfound
,,,,,,,2199999104995,,,,,Unfound
,,,,,,,1900041261436,,,,,Unfound
,,,,,,,1100014570080,,,,,Unfound
,,,,,,,2315616333316,,,,,Unfound
,,,,,,,2200017345931,,,,,Unfound
,,,,,,,1610022630317,,,,,Unfound
,,,,,,,1417720450000,,,,,Unfound
,,,,,,,2000021061973,,,,,Unfound
,,,,,,,1200032970491,,,,,Unfound
,,,,,,,1200037701417,,,,,Unfound
,,,,,,,2200017962777,,,,,Unfound
,,,,,,,1100000862760,,,,,Unfound
,,,,,,,2315258599017,,,,,Unfound
,,,,,,,1100013180269,,,,,Unfound
,,,,,,,1900027413357,,,,,Unfound
,,,,,,,1610021615016,,,,,Unfound
,,,,,,,2000022063712,,,,,Unfound
,,,,,,,1200022766096,,,,,Unfound
,,,,,,,2200016824738,,,,,Unfound
,,,,,,,1900005375208,,,,,Unfound
,,,,,,,7887700003,,,,7887700003,Unfound
,,,,,,,1100022351995,,,,,Unfound
,,,,,,,1414920580006,,,,,Unfound
,,,,,,,1430000035820,,,,,Unfound
,,,,,,,1410552131008,,,,,Unfound
,,,,,,,1100025183107,,,,,Unfound
,,,,,,,2200016339964,,,,,Unfound
,,,,,,,2310151712018,,,,,Unfound
,,,,,,,1610028712300,,,,,Unfound
,,,,,,,1100024661832,,,,,Unfound
,,,,,,,1610022666420,,,,,Unfound
,,,,,,,1610022093903,,,,,Unfound
,,,,,,,2199998318420,,,,,Unfound
,,,,,,,2000021176503,,,,,Unfound
,,,,,,,1610023831280,,,,,Unfound
,,,,,,,2199997394225,,,,,Unfound
,,,,,,,1160000356959,,,,,Unfound
,,,,,,,2199996895406,,,,,Unfound
,,,,,,,1100000538305,,,,,Unfound
,,,,,,,1410577380007,,,,,Unfound
,,,,,,,1610022873545,,,,,Unfound
,,,,,,,1610021870437,,,,,Unfound
,,,,,,,1411076011008,,,,,Unfound
,,,,,,,2311755611512,,,,,Unfound
,,,,,,,2000020880674,,,,,Unfound
,,,,,,,2200017371408,,,,,Unfound
,,,,,,,2200017215105,,,,,Unfound
,,,,,,,1413785111002,,,,,Unfound
,,,,,,,1900070739470,,,,,Unfound
,,,,,,,1630000027020,,,,,Unfound
,,,,,,,1202622202,,,,1202622202,Unfound
,,,,,,,1100013227493,,,,,Unfound
,,,,,,,1424669000006,,,,,Unfound
,,,,,,,1414687030007,,,,,Unfound
,,,,,,,1620000864382,,,,,Unfound
,,,,,,,2000020465059,,,,,Unfound
,,,,,,,1429126000006,,,,,Unfound
,,,,,,,1411722902009,,,,,Unfound
,,,,,,,1100021370890,,,,,Unfound
,,,,,,,1413598120006,,,,,Unfound
,,,,,,,1689821108,,,,1689821108,Unfound
,,,,,,,2000009047299,,,,,Unfound
,,,,,,,1417531071001,,,,,Unfound
,,,,,,,1100050651007,,,,,Unfound
,,,,,,,1100022975717,,,,,Unfound
,,,,,,,1160000186073,,,,,Unfound
,,,,,,,1300060106588,,,,,Unfound
,,,,,,,1610030237517,,,,,Unfound
,,,,,,,1610022665365,,,,,Unfound
,,,,,,,2000006463762,,,,,Unfound
,,,,,,,1300012215167,,,,,Unfound
,,,,,,,1300008863380,,,,,Unfound
,,,,,,,1410044260002,,,,,Unfound
,,,,,,,1413960722004,,,,,Unfound
,,,,,,,1610022293933,,,,,Unfound
,,,,,,,1460001764338,,,,,Unfound
,,,,,,,1100014036431,,,,,Unfound
,,,,,,,2000009693521,,,,,Unfound
,,,,,,,1412711890002,,,,,Unfound
,,,,,,,2200011083427,,,,,Unfound
,,,,,,,1416509870002,,,,,Unfound
,,,,,,,1460001879465,,,,,Unfound
,,,,,,,1900040274504,,,,,Unfound
,,,,,,,1610029817078,,,,,Unfound
,,,,,,,1202486310,,,,1202486310,Unfound
,,,,,,,1100015687063,,,,,Unfound
,,,,,,,1900021000287,,,,,Unfound
,,,,,,,1100024519444,,,,,Unfound
,,,,,,,1100012297630,,,,,Unfound
,,,,,,,1610022430972,,,,,Unfound
,,,,,,,1012655404080,,,,,Unfound
,,,,,,,1100020447558,,,,,Unfound
,,,,,,,1610023716462,,,,,Unfound
,,,,,,,2000020268298,,,,,Unfound
,,,,,,,1100001060968,,,,,Unfound
,,,,,,,1610023837431,,,,,Unfound
,,,,,,,1412030000000,,,,,Unfound
,,,,,,,1610030361552,,,,,Unfound
,,,,,,,1012643850729,,,,,Unfound
,,,,,,,2000012783530,,,,,Unfound
,,,,,,,1100001640941,,,,,Unfound
,,,,,,,1100012809473,,,,,Unfound
,,,,,,,2000006217285,,,,,Unfound
,,,,,,,1900047231757,,,,,Unfound
,,,,,,,1900014391395,,,,,Unfound
,,,,,,,2200016635969,,,,,Unfound
,,,,,,,1428912000007,,,,,Unfound
,,,,,,,1630000621443,,,,,Unfound
,,,,,,,2311108901410,,,,,Unfound
,,,,,,,1610021862817,,,,,Unfound
,,,,,,,1900011376056,,,,,Unfound
,,,,,,,1030058309141,,,,,Unfound
,,,,,,,2000025648618,,,,,Unfound
,,,,,,,1900090836879,,,,,Unfound
,,,,,,,2199997253490,,,,,Unfound
,,,,,,,1100050845121,,,,,Unfound
,,,,,,,1300008914184,,,,,Unfound
,,,,,,,2000008658980,,,,,Unfound
,,,,,,,1419745090000,,,,,Unfound
,,,,,,,1100023052857,,,,,Unfound
,,,,,,,2000005921080,,,,,Unfound
,,,,,,,1200021043395,,,,,Unfound
,,,,,,,1012881056160,,,,,Unfound
,,,,,,,2200040300458,,,,,Unfound
,,,,,,,1012882332898,,,,,Unfound
,,,,,,,2316513723112,,,,,Unfound
,,,,,,,1100039615252,,,,,Unfound
,,,,,,,2200011964315,,,,,Unfound
,,,,,,,1610022525506,,,,,Unfound
,,,,,,,2199997676786,,,,,Unfound
,,,,,,,1610029984345,,,,,Unfound
,,,,,,,1900007411105,,,,,Unfound
,,,,,,,1012346498448,,,,,Unfound
,,,,,,,2200012351407,,,,,Unfound
,,,,,,,2200012737550,,,,,Unfound
,,,,,,,1610022468113,,,,,Unfound
,,,,,,,1610021772580,,,,,Unfound
,,,,,,,1610014409371,,,,,Unfound
,,,,,,,1415913110000,,,,,Unfound
,,,,,,,1300053399855,,,,,Unfound
,,,,,,,1100024712195,,,,,Unfound
,,,,,,,1416875981004,,,,,Unfound
,,,,,,,1610021801629,,,,,Unfound
,,,,,,,2000009373039,,,,,Unfound
,,,,,,,2316054232711,,,,,Unfound
,,,,,,,1610022530932,,,,,Unfound
,,,,,,,1100025563541,,,,,Unfound
,,,,,,,2000026693880,,,,,Unfound
,,,,,,,2325162906819,,,,,Unfound
,,,,,,,2313123411215,,,,,Unfound
,,,,,,,1610014443994,,,,,Unfound
,,,,,,,1300035428574,,,,,Unfound
,,,,,,,1100010770122,,,,,Unfound
,,,,,,,1012652088170,,,,,Unfound
,,,,,,,2000009489188,,,,,Unfound
,,,,,,,1412806300000,,,,,Unfound
,,,,,,,2100040426253,,,,,Unfound
,,,,,,,1460000561732,,,,,Unfound
,,,,,,,2199989655354,,,,,Unfound
,,,,,,,2200012141647,,,,,Unfound
,,,,,,,1300034488518,,,,,Unfound
,,,,,,,2000009638637,,,,,Unfound
,,,,,,,1610014721261,,,,,Unfound
,,,,,,,2199999455794,,,,,Unfound
,,,,,,,1411102961007,,,,,Unfound
,,,,,,,2000010258460,,,,,Unfound
,,,,,,,1610030138286,,,,,Unfound
,,,,,,,1412353880003,,,,,Unfound
,,,,,,,1254208210,,,,10655,Unfound
,,,,,,,1300008807400,,,,,Unfound
,,,,,,,1300035423984,,,,,Unfound
,,,,,,,1419680000000,,,,,Unfound
,,,,,,,1416424221001,,,,,Unfound
,,,,,,,1413720000000,,,,,Unfound
,,,,,,,1610014359491,,,,,Unfound
,,,,,,,1100020639008,,,,,Unfound
,,,,,,,1100013207831,,,,,Unfound
,,,,,,,1411978971005,,,,,Unfound
,,,,,,,1460001839588,,,,,Unfound
,,,,,,,1200040383489,,,,,Unfound
,,,,,,,1100000560240,,,,,Unfound
,,,,,,,2000009543348,,,,,Unfound
,,,,,,,1100023680987,,,,,Unfound
,,,,,,,2199998909371,,,,,Unfound
,,,,,,,1100012626476,,,,,Unfound
,,,,,,,1419303581004,,,,,Unfound
,,,,,,,1418800000000,,,,,Unfound
,,,,,,,1416250400001,,,,,Unfound
,,,,,,,1012870000000,,,,,Unfound
,,,,,,,1100021431070,,,,,Unfound
,,,,,,,2199997788797,,,,,Unfound
,,,,,,,1012880000000,,,,,Unfound
,,,,,,,1460001349798,,,,,Unfound
,,,,,,,1418135030009,,,,,Unfound
,,,,,,,2199999217040,,,,,Unfound
,,,,,,,2000010000000,,,,,Unfound
,,,,,,,1900030253367,,,,,Unfound
,,,,,,,1410795970000,,,,,Unfound
,,,,,,,1412273690008,,,,,Unfound
,,,,,,,1414375570006,,,,,Unfound
,,,,,,,2311656141219,,,,,Unfound
,,,,,,,1429374100008,,,,,Unfound
,,,,,,,2000018585707,,,,,Unfound
,,,,,,,1100014706041,,,,,Unfound
,,,,,,,1418103810000,,,,,Unfound
,,,,,,,1426410000004,,,,,Unfound
,,,,,,,2000009244477,,,,,Unfound
,,,,,,,2200013051082,,,,,Unfound
,,,,,,,1900019292643,,,,,Unfound
,,,,,,,2199999909744,,,,,Unfound
,,,,,,,1412661181004,,,,,Unfound
,,,,,,,2199997714590,,,,,Unfound
,,,,,,,1100000822191,,,,,Unfound
,,,,,,,1415646100000,,,,,Unfound
,,,,,,,2000020469053,,,,,Unfound
,,,,,,,1100018921250,,,,,Unfound
,,,,,,,1418885660006,,,,,Unfound
,,,,,,,1300010040879,,,,,Unfound
,,,,,,,1411328090001,,,,,Unfound
,,,,,,,1100022120131,,,,,Unfound
,,,,,,,2000006298099,,,,,Unfound
,,,,,,,1012354378246,,,,,Unfound
,,,,,,,2300000239357,,,,,Unfound
,,,,,,,1100024543837,,,,,Unfound
,,,,,,,2199999580644,,,,,Unfound
,,,,,,,2313091862812,,,,,Unfound
,,,,,,,2000020838291,,,,,Unfound
,,,,,,,2200030039538,,,,,Unfound
,,,,,,,2199999701830,,,,,Unfound
,,,,,,,2000009638780,,,,,Unfound
,,,,,,,1419501650001,,,,,Unfound
,,,,,,,1012390000000,,,,,Unfound
,,,,,,,2000020499935,,,,,Unfound
,,,,,,,1414970050006,,,,,Unfound
,,,,,,,1160001354492,,,,,Unfound
,,,,,,,1419867790006,,,,,Unfound
,,,,,,,1414065790001,,,,,Unfound
,,,,,,,1900035410031,,,,,Unfound
,,,,,,,1100015029791,,,,,Unfound
,,,,,,,1416092561000,,,,,Unfound
,,,,,,,1410588931006,,,,,Unfound
,,,,,,,2000008744352,,,,,Unfound
,,,,,,,1610022857385,,,,,Unfound
,,,,,,,2000022426210,,,,,Unfound
,,,,,,,1610028741700,,,,,Unfound
,,,,,,,1100014983856,,,,,Unfound
,,,,,,,1100012970438,,,,,Unfound
,,,,,,,1414446161000,,,,,Unfound
,,,,,,,1691654103,,,,18982,Unfound
,,,,,,,1706369407,,,,1706369407,Unfound
,,,,,,,2000055363432,,,,,Unfound
,,,,,,,2199999141296,,,,,Unfound
,,,,,,,2000020278853,,,,,Unfound
,,,,,,,1012362347740,,,,,Unfound
,,,,,,,1620000121659,,,,,Unfound
,,,,,,,2199999671488,,,,,Unfound
,,,,,,,2000006291084,,,,,Unfound
,,,,,,,1412347021003,,,,,Unfound
,,,,,,,1415823631004,,,,,Unfound
,,,,,,,2200013704547,,,,,Unfound
,,,,,,,1424660100004,,,,,Unfound
,,,,,,,1610013750829,,,,,Unfound
,,,,,,,1610030153521,,,,,Unfound
,,,,,,,1900003338320,,,,,Unfound
,,,,,,,2200017188621,,,,,Unfound
,,,,,,,2199999860753,,,,,Unfound
,,,,,,,2000008910072,,,,,Unfound
,,,,,,,1610021798756,,,,,Unfound
,,,,,,,1411054312004,,,,,Unfound
,,,,,,,1410077680009,,,,,Unfound
,,,,,,,1100014643205,,,,,Unfound
,,,,,,,2000026282224,,,,,Unfound
,,,,,,,2000020846200,,,,,Unfound
,,,,,,,1012870594842,,,,,Unfound
,,,,,,,1410183041000,,,,,Unfound
,,,,,,,2100040352309,,,,,Unfound
,,,,,,,1428580200007,,,,,Unfound
,,,,,,,2200030134493,,,,,Unfound
,,,,,,,2000021590967,,,,,Unfound
,,,,,,,7887475303,,,,7887475303,Unfound
,,,,,,,1610022414386,,,,,Unfound
,,,,,,,1100022747025,,,,,Unfound
,,,,,,,1900007000419,,,,,Unfound
,,,,,,,2199990715515,,,,,Unfound
,,,,,,,1418179931002,,,,,Unfound
,,,,,,,1413792741000,,,,,Unfound
,,,,,,,1900002000405,,,,,Unfound
,,,,,,,1300013532241,,,,,Unfound
,,,,,,,2000006476070,,,,,Unfound
,,,,,,,1100014170908,,,,,Unfound
,,,,,,,1100018263478,,,,,Unfound
,,,,,,,2200021042739,,,,,Unfound
,,,,,,,2200017327668,,,,,Unfound
,,,,,,,1100014664320,,,,,Unfound
,,,,,,,2200012094962,,,,,Unfound
,,,,,,,1900007297350,,,,,Unfound
,,,,,,,1100022181905,,,,,Unfound
,,,,,,,1610013910020,,,,,Unfound
,,,,,,,1100021712476,,,,,Unfound
,,,,,,,1100015164037,,,,,Unfound
,,,,,,,2200012386906,,,,,Unfound
,,,,,,,1300000188754,,,,,Unfound
,,,,,,,2000008757087,,,,,Unfound
,,,,,,,2316120146211,,,,,Unfound
,,,,,,,2311169526219,,,,,Unfound
,,,,,,,1170000202892,,,,,Unfound
,,,,,,,1415009821006,,,,,Unfound
,,,,,,,1429670000000,,,,,Unfound
,,,,,,,1100013958983,,,,,Unfound
,,,,,,,2316109003010,,,,,Unfound
,,,,,,,1100014198202,,,,,Unfound
,,,,,,,1460000661135,,,,,Unfound
,,,,,,,1417649971009,,,,,Unfound
,,,,,,,1417387102005,,,,,Unfound
,,,,,,,2200030020226,,,,,Unfound
,,,,,,,2200016690729,,,,,Unfound
,,,,,,,1100023304115,,,,,Unfound
,,,,,,,1900048378600,,,,,Unfound
,,,,,,,2199999590085,,,,,Unfound
,,,,,,,1610022656690,,,,,Unfound
,,,,,,,1610014464169,,,,,Unfound
,,,,,,,1900004343455,,,,,Unfound
,,,,,,,2200015272556,,,,,Unfound
,,,,,,,2314522136710,,,,,Unfound
,,,,,,,2200040693850,,,,,Unfound
,,,,,,,1411228610009,,,,,Unfound
,,,,,,,1012882139924,,,,,Unfound
,,,,,,,2326540387213,,,,,Unfound
,,,,,,,1417009210000,,,,,Unfound
,,,,,,,1100023745135,,,,,Unfound
,,,,,,,1412357022004,,,,,Unfound
,,,,,,,1610022403064,,,,,Unfound
,,,,,,,1100013377213,,,,,Unfound
,,,,,,,1610013826210,,,,,Unfound
,,,,,,,1414904961008,,,,,Unfound
,,,,,,,2000026536900,,,,,Unfound
,,,,,,,1100001750830,,,,,Unfound
,,,,,,,2315414591911,,,,,Unfound
,,,,,,,1413781003001,,,,,Unfound
,,,,,,,1413977211004,,,,,Unfound
,,,,,,,1610011385709,,,,,Unfound
,,,,,,,1100051265496,,,,,Unfound
,,,,,,,1100021826439,,,,,Unfound
,,,,,,,1410024340008,,,,,Unfound
,,,,,,,2199998020670,,,,,Unfound
,,,,,,,1610014636475,,,,,Unfound
,,,,,,,2380001132659,,,,,Unfound
,,,,,,,1030058309373,,,,,Unfound
,,,,,,,2199996849872,,,,,Unfound
,,,,,,,1300009303158,,,,,Unfound
,,,,,,,1418606081000,,,,,Unfound
,,,,,,,1100000319080,,,,,Unfound
,,,,,,,1012657532509,,,,,Unfound
,,,,,,,1900005309613,,,,,Unfound
,,,,,,,1411943610007,,,,,Unfound
,,,,,,,1416110891000,,,,,Unfound
,,,,,,,1012660408653,,,,,Unfound
,,,,,,,1100015420934,,,,,Unfound
,,,,,,,2100041065898,,,,,Unfound
,,,,,,,2000006365718,,,,,Unfound
,,,,,,,1100014677000,,,,,Unfound
,,,,,,,1412333110007,,,,,Unfound
,,,,,,,1100022778618,,,,,Unfound
,,,,,,,1100023099039,,,,,Unfound
,,,,,,,1418431802005,,,,,Unfound
,,,,,,,1900046348515,,,,,Unfound
,,,,,,,1215030007,,,,1215030007,Unfound
,,,,,,,2000012786309,,,,,Unfound
,,,,,,,1415142850005,,,,,Unfound
,,,,,,,1413832750006,,,,,Unfound
,,,,,,,1425752200002,,,,,Unfound
,,,,,,,1012646529303,,,,,Unfound
,,,,,,,2000010258594,,,,,Unfound
,,,,,,,1100024941445,,,,,Unfound
,,,,,,,1012393650052,,,,,Unfound
,,,,,,,2334519950911,,,,,Unfound
,,,,,,,1160000723150,,,,,Unfound
,,,,,,,1610022175690,,,,,Unfound
,,,,,,,1411618790005,,,,,Unfound
,,,,,,,1410318660006,,,,,Unfound
,,,,,,,2000026164103,,,,,Unfound
,,,,,,,1416978602001,,,,,Unfound
,,,,,,,1610030260000,,,,,Unfound
,,,,,,,1610014583984,,,,,Unfound
,,,,,,,2199990776270,,,,,Unfound
,,,,,,,2000008345555,,,,,Unfound
,,,,,,,1900049236599,,,,,Unfound
,,,,,,,1413033110002,,,,,Unfound
,,,,,,,1414356070000,,,,,Unfound
,,,,,,,2200017863533,,,,,Unfound
,,,,,,,1417057790001,,,,,Unfound
,,,,,,,2200015212557,,,,,Unfound
,,,,,,,2000019149857,,,,,Unfound
,,,,,,,2200032155157,,,,,Unfound
,,,,,,,2000025412344,,,,,Unfound
,,,,,,,2314312741515,,,,,Unfound
,,,,,,,1412043200006,,,,,Unfound
,,,,,,,1412479520000,,,,,Unfound
,,,,,,,1424577100002,,,,,Unfound
,,,,,,,1900090585273,,,,,Unfound
,,,,,,,1014569539520,,,,,Unfound
,,,,,,,1418522431000,,,,,Unfound
,,,,,,,1610014296716,,,,,Unfound
,,,,,,,1460000641120,,,,,Unfound
,,,,,,,1416788931008,,,,,Unfound
,,,,,,,2199999392451,,,,,Unfound
,,,,,,,1012450793320,,,,,Unfound
,,,,,,,1200024180730,,,,,Unfound
,,,,,,,1300034476372,,,,,Unfound
,,,,,,,2200015850453,,,,,Unfound
,,,,,,,2200017137501,,,,,Unfound
,,,,,,,1414392191002,,,,,Unfound
,,,,,,,1100019273500,,,,,Unfound
,,,,,,,1610022497504,,,,,Unfound
,,,,,,,1012861809760,,,,,Unfound
,,,,,,,1418967241000,,,,,Unfound
,,,,,,,1100023674023,,,,,Unfound
,,,,,,,7572604706,,,,7572604706,Unfound
,,,,,,,2000006357007,,,,,Unfound
,,,,,,,1423712100003,,,,,Unfound
,,,,,,,2199999843136,,,,,Unfound
,,,,,,,1012877559472,,,,,Unfound
,,,,,,,2200016510842,,,,,Unfound
,,,,,,,2199998898817,,,,,Unfound
,,,,,,,1100024116768,,,,,Unfound
,,,,,,,2313452301714,,,,,Unfound
,,,,,,,2315705721313,,,,,Unfound
,,,,,,,1413068712004,,,,,Unfound
,,,,,,,1413868840001,,,,,Unfound
,,,,,,,1300011994302,,,,,Unfound
,,,,,,,1300010844581,,,,,Unfound
,,,,,,,2315004369116,,,,,Unfound
,,,,,,,1900060977657,,,,,Unfound
,,,,,,,1412378630009,,,,,Unfound
,,,,,,,1170000202917,,,,,Unfound
,,,,,,,1610029820150,,,,,Unfound
,,,,,,,1424235100005,,,,,Unfound
,,,,,,,1100021665027,,,,,Unfound
,,,,,,,1300053294879,,,,,Unfound
,,,,,,,2000012792951,,,,,Unfound
,,,,,,,2199996579441,,,,,Unfound
,,,,,,,1900026413880,,,,,Unfound
,,,,,,,1012358700860,,,,,Unfound
,,,,,,,1417770931005,,,,,Unfound
,,,,,,,1600000032962,,,,,Unfound
,,,,,,,1100019224888,,,,,Unfound
,,,,,,,1100018740506,,,,,Unfound
,,,,,,,1300054457426,,,,,Unfound
,,,,,,,2000052359034,,,,,Unfound
,,,,,,,1100050554303,,,,,Unfound
,,,,,,,1417345780000,,,,,Unfound
,,,,,,,1900012299615,,,,,Unfound
,,,,,,,2000008855138,,,,,Unfound
,,,,,,,1900029258296,,,,,Unfound
,,,,,,,1610022558929,,,,,Unfound
,,,,,,,1418866830000,,,,,Unfound
,,,,,,,1610014194182,,,,,Unfound
,,,,,,,2000051694445,,,,,Unfound
,,,,,,,2000022405229,,,,,Unfound
,,,,,,,1100015859166,,,,,Unfound
,,,,,,,2200015630310,,,,,Unfound
,,,,,,,2199999411290,,,,,Unfound
,,,,,,,1610022124669,,,,,Unfound
,,,,,,,1610022845130,,,,,Unfound
,,,,,,,1100024958012,,,,,Unfound
,,,,,,,1100013345675,,,,,Unfound
,,,,,,,1610014264991,,,,,Unfound
,,,,,,,2199997674859,,,,,Unfound
,,,,,,,1591049335389,,,,,Unfound
,,,,,,,2315711771610,,,,,Unfound
,,,,,,,1591043067465,,,,,Unfound
,,,,,,,1200033588778,,,,,Unfound
,,,,,,,1100015201024,,,,,Unfound
,,,,,,,1248430506,,,,1248430506,Unfound
,,,,,,,2310376530014,,,,,Unfound
,,,,,,,2000022336587,,,,,Unfound
,,,,,,,1410679071000,,,,,Unfound
,,,,,,,1418129240006,,,,,Unfound
,,,,,,,1410700510006,,,,,Unfound
,,,,,,,1012867924316,,,,,Unfound
,,,,,,,1412234420000,,,,,Unfound
,,,,,,,1415438990009,,,,,Unfound
,,,,,,,1610029314819,,,,,Unfound
,,,,,,,1610014137973,,,,,Unfound
,,,,,,,1411358312004,,,,,Unfound
,,,,,,,1610022325187,,,,,Unfound
,,,,,,,1411004420005,,,,,Unfound
,,,,,,,2311706831214,,,,,Unfound
,,,,,,,1411823850002,,,,,Unfound
,,,,,,,2314152189020,,,,,Unfound
,,,,,,,1100023021450,,,,,Unfound
,,,,,,,2000009059434,,,,,Unfound
,,,,,,,1100013942120,,,,,Unfound
,,,,,,,1012881073876,,,,,Unfound
,,,,,,,1610030372642,,,,,Unfound
,,,,,,,1415243011001,,,,,Unfound
,,,,,,,1416717290007,,,,,Unfound
,,,,,,,2000025573548,,,,,Unfound
,,,,,,,1012875879095,,,,,Unfound
,,,,,,,2200012295160,,,,,Unfound
,,,,,,,2000010301984,,,,,Unfound
,,,,,,,1414698650000,,,,,Unfound
,,,,,,,1749860101,,,,1749860101,Unfound
,,,,,,,2200041227409,,,,,Unfound
,,,,,,,2199999347157,,,,,Unfound
,,,,,,,2000025623437,,,,,Unfound
,,,,,,,1300012036509,,,,,Unfound
,,,,,,,2000020349618,,,,,Unfound
,,,,,,,1610022002419,,,,,Unfound
,,,,,,,2000008745027,,,,,Unfound
,,,,,,,1100025164753,,,,,Unfound
,,,,,,,1900032416280,,,,,Unfound
,,,,,,,1610022603651,,,,,Unfound
,,,,,,,1610022749485,,,,,Unfound
,,,,,,,1610019912557,,,,,Unfound
,,,,,,,2000021825976,,,,,Unfound
,,,,,,,2314507791719,,,,,Unfound
,,,,,,,1300011868148,,,,,Unfound
,,,,,,,2000021408380,,,,,Unfound
,,,,,,,2200041089582,,,,,Unfound
,,,,,,,2310737671118,,,,,Unfound
,,,,,,,1413755961002,,,,,Unfound
,,,,,,,1100001283709,,,,,Unfound
,,,,,,,2310714071511,,,,,Unfound
,,,,,,,1100019144424,,,,,Unfound
,,,,,,,1300008322140,,,,,Unfound
,,,,,,,1900043388506,,,,,Unfound
,,,,,,,2200013582817,,,,,Unfound
,,,,,,,1200027811177,,,,,Unfound
,,,,,,,2313121083611,,,,,Unfound
,,,,,,,1610014011269,,,,,Unfound
,,,,,,,2199998182041,,,,,Unfound
,,,,,,,1411314140006,,,,,Unfound
,,,,,,,2200017054732,,,,,Unfound
,,,,,,,1100013660149,,,,,Unfound
,,,,,,,1610014382180,,,,,Unfound
,,,,,,,1600000122214,,,,,Unfound
,,,,,,,1610014663460,,,,,Unfound
,,,,,,,1412758481008,,,,,Unfound
,,,,,,,2334351209413,,,,,Unfound
,,,,,,,1610014478152,,,,,Unfound
,,,,,,,1300000221997,,,,,Unfound
,,,,,,,1900045337336,,,,,Unfound
,,,,,,,1610014526230,,,,,Unfound
,,,,,,,1900036397143,,,,,Unfound
,,,,,,,1412115210000,,,,,Unfound
,,,,,,,1100012039227,,,,,Unfound
,,,,,,,1300009526450,,,,,Unfound
,,,,,,,1410340000000,,,,,Unfound
,,,,,,,1416400200003,,,,,Unfound
,,,,,,,1415109570000,,,,,Unfound
,,,,,,,1415212951009,,,,,Unfound
,,,,,,,1100015735771,,,,,Unfound
,,,,,,,2311921321819,,,,,Unfound
,,,,,,,1012661612937,,,,,Unfound
,,,,,,,1417556750005,,,,,Unfound
,,,,,,,1418600750000,,,,,Unfound
,,,,,,,1414411101005,,,,,Unfound
,,,,,,,1100014036724,,,,,Unfound
,,,,,,,2000021426334,,,,,Unfound
,,,,,,,1100050590180,,,,,Unfound
,,,,,,,2000026871220,,,,,Unfound
,,,,,,,1012866413214,,,,,Unfound
,,,,,,,1100013312067,,,,,Unfound
,,,,,,,1100021107273,,,,,Unfound
,,,,,,,1460001892740,,,,,Unfound
,,,,,,,2200015572528,,,,,Unfound
,,,,,,,1100013098881,,,,,Unfound
,,,,,,,1460001673460,,,,,Unfound
,,,,,,,1417230750009,,,,,Unfound
,,,,,,,1412753981005,,,,,Unfound
,,,,,,,1900026291389,,,,,Unfound
,,,,,,,1100021642359,,,,,Unfound
,,,,,,,1411417741006,,,,,Unfound
,,,,,,,1620001625293,,,,,Unfound
,,,,,,,1012652391543,,,,,Unfound
,,,,,,,2199990753733,,,,,Unfound
,,,,,,,1411520970006,,,,,Unfound
,,,,,,,1100021937669,,,,,Unfound
,,,,,,,1418366730007,,,,,Unfound
,,,,,,,1610014339120,,,,,Unfound
,,,,,,,1418876290009,,,,,Unfound
,,,,,,,1100000768669,,,,,Unfound
,,,,,,,1900036381738,,,,,Unfound
,,,,,,,2200012500646,,,,,Unfound
,,,,,,,1100025175189,,,,,Unfound
,,,,,,,2199999057680,,,,,Unfound
,,,,,,,1100014806855,,,,,Unfound
,,,,,,,1610022264950,,,,,Unfound
,,,,,,,2199990635490,,,,,Unfound
,,,,,,,1300011979795,,,,,Unfound
,,,,,,,1416863170002,,,,,Unfound
,,,,,,,7743439909,,,,7743439909,Unfound
,,,,,,,1413560210005,,,,,Unfound
,,,,,,,1030001063068,,,,,Unfound
,,,,,,,1100020785678,,,,,Unfound
,,,,,,,1414230000000,,,,,Unfound
,,,,,,,1610023752595,,,,,Unfound
,,,,,,,1100019008795,,,,,Unfound
,,,,,,,2200017054964,,,,,Unfound
,,,,,,,1012871209867,,,,,Unfound
,,,,,,,1410647131000,,,,,Unfound
,,,,,,,1012652740224,,,,,Unfound
,,,,,,,2199998508832,,,,,Unfound
,,,,,,,1418431181002,,,,,Unfound
,,,,,,,1421814500002,,,,,Unfound
,,,,,,,1419218111008,,,,,Unfound
,,,,,,,1100025039592,,,,,Unfound
,,,,,,,2200013105287,,,,,Unfound
,,,,,,,1100002038616,,,,,Unfound
,,,,,,,1900026412760,,,,,Unfound
,,,,,,,2199999684200,,,,,Unfound
,,,,,,,2200012087840,,,,,Unfound
,,,,,,,1100025318420,,,,,Unfound
,,,,,,,1100039617454,,,,,Unfound
,,,,,,,1620001244900,,,,,Unfound
,,,,,,,2199998066489,,,,,Unfound
,,,,,,,1100025009603,,,,,Unfound
,,,,,,,2000006364022,,,,,Unfound
,,,,,,,1100014795690,,,,,Unfound
,,,,,,,2000022281245,,,,,Unfound
,,,,,,,2199997491754,,,,,Unfound
,,,,,,,1100000756194,,,,,Unfound
,,,,,,,1620000729832,,,,,Unfound
,,,,,,,1100024398499,,,,,Unfound
,,,,,,,1412947371006,,,,,Unfound
,,,,,,,1413583430001,,,,,Unfound
,,,,,,,1100024510283,,,,,Unfound
,,,,,,,1419195070007,,,,,Unfound
,,,,,,,1100000246097,,,,,Unfound
,,,,,,,2200030052886,,,,,Unfound
,,,,,,,1410270700004,,,,,Unfound
,,,,,,,2000006262640,,,,,Unfound
,,,,,,,1610029615236,,,,,Unfound
,,,,,,,1300008673970,,,,,Unfound
,,,,,,,1417015320008,,,,,Unfound
,,,,,,,1300011147296,,,,,Unfound
,,,,,,,2000007925928,,,,,Unfound
,,,,,,,1412859681007,,,,,Unfound
,,,,,,,1100018992534,,,,,Unfound
,,,,,,,1100021687191,,,,,Unfound
,,,,,,,1100022743164,,,,,Unfound
,,,,,,,1100020372283,,,,,Unfound
,,,,,,,1417481401000,,,,,Unfound
,,,,,,,1170000060641,,,,,Unfound
,,,,,,,1100023413710,,,,,Unfound
,,,,,,,2200012983230,,,,,Unfound
,,,,,,,1414331930006,,,,,Unfound
,,,,,,,1100024119411,,,,,Unfound
,,,,,,,1415111980003,,,,,Unfound
,,,,,,,2199998995803,,,,,Unfound
,,,,,,,2321881250029,,,,,Unfound
,,,,,,,1100020339782,,,,,Unfound
,,,,,,,1414738812009,,,,,Unfound
,,,,,,,1100001682436,,,,,Unfound
,,,,,,,1412673861001,,,,,Unfound
,,,,,,,2315520471820,,,,,Unfound
,,,,,,,1012358774923,,,,,Unfound
,,,,,,,1610014000425,,,,,Unfound
,,,,,,,1640000326467,,,,,Unfound
,,,,,,,1610023896297,,,,,Unfound
,,,,,,,1610030130988,,,,,Unfound
,,,,,,,2200040358095,,,,,Unfound
,,,,,,,1419718561001,,,,,Unfound
,,,,,,,1414410210005,,,,,Unfound
,,,,,,,1800028986283,,,,,Unfound
,,,,,,,2000009611565,,,,,Unfound
,,,,,,,1100024116651,,,,,Unfound
,,,,,,,2200017085892,,,,,Unfound
,,,,,,,2000008640760,,,,,Unfound
,,,,,,,1460001843176,,,,,Unfound
,,,,,,,1411977951008,,,,,Unfound
,,,,,,,2000026090418,,,,,Unfound
,,,,,,,2199999359621,,,,,Unfound
,,,,,,,1100023150002,,,,,Unfound
,,,,,,,1610014600479,,,,,Unfound
,,,,,,,2311700861019,,,,,Unfound
,,,,,,,1300000103760,,,,,Unfound
,,,,,,,1410295171006,,,,,Unfound
,,,,,,,2000020693927,,,,,Unfound
,,,,,,,1100015910566,,,,,Unfound
,,,,,,,1100023558210,,,,,Unfound
,,,,,,,1200024282168,,,,,Unfound
,,,,,,,2000050369100,,,,,Unfound
,,,,,,,7736944101,,,,7736944101,Unfound
,,,,,,,1419885531000,,,,,Unfound
,,,,,,,1300051523722,,,,,Unfound
,,,,,,,1415629630005,,,,,Unfound
,,,,,,,1200037701151,,,,,Unfound
,,,,,,,1900025377041,,,,,Unfound
,,,,,,,1413499090002,,,,,Unfound
,,,,,,,1100025221046,,,,,Unfound
,,,,,,,2199997549768,,,,,Unfound
,,,,,,,1412007680001,,,,,Unfound
,,,,,,,1610014548224,,,,,Unfound
,,,,,,,2200013595338,,,,,Unfound
,,,,,,,1423910000006,,,,,Unfound
,,,,,,,1100014817848,,,,,Unfound
,,,,,,,1100015695871,,,,,Unfound
,,,,,,,2199990754338,,,,,Unfound
,,,,,,,1418906581008,,,,,Unfound
,,,,,,,1418527602006,,,,,Unfound
,,,,,,,1012393174646,,,,,Unfound
,,,,,,,1428410000008,,,,,Unfound
,,,,,,,1610028687017,,,,,Unfound
,,,,,,,1100024916077,,,,,Unfound
,,,,,,,1012862078861,,,,,Unfound
,,,,,,,1416830201000,,,,,Unfound
,,,,,,,1610022106010,,,,,Unfound
,,,,,,,1014572454772,,,,,Unfound
,,,,,,,1417010001001,,,,,Unfound
,,,,,,,1419204391005,,,,,Unfound
,,,,,,,1900032427548,,,,,Unfound
,,,,,,,1300009966226,,,,,Unfound
,,,,,,,1012651222222,,,,,Unfound
,,,,,,,1411915901001,,,,,Unfound
,,,,,,,2199997989330,,,,,Unfound
,,,,,,,2200014997759,,,,,Unfound
,,,,,,,1100021933121,,,,,Unfound
,,,,,,,1412994190000,,,,,Unfound
,,,,,,,2000021283784,,,,,Unfound
,,,,,,,1100014028013,,,,,Unfound
,,,,,,,1419894131001,,,,,Unfound
,,,,,,,2000026513540,,,,,Unfound
,,,,,,,2316021111613,,,,,Unfound
,,,,,,,2000012789693,,,,,Unfound
,,,,,,,2200011983336,,,,,Unfound
,,,,,,,1410438001002,,,,,Unfound
,,,,,,,2000021526298,,,,,Unfound
,,,,,,,1012867504332,,,,,Unfound
,,,,,,,1900039306724,,,,,Unfound
,,,,,,,1100000794428,,,,,Unfound
,,,,,,,2000050977049,,,,,Unfound
,,,,,,,1415633731007,,,,,Unfound
,,,,,,,2315022553219,,,,,Unfound
,,,,,,,2316119126810,,,,,Unfound
,,,,,,,1414261412001,,,,,Unfound
,,,,,,,1610021785507,,,,,Unfound
,,,,,,,1100022820330,,,,,Unfound
,,,,,,,1100021822601,,,,,Unfound
,,,,,,,2000020018114,,,,,Unfound
,,,,,,,2199998357535,,,,,Unfound
,,,,,,,2000051313303,,,,,Unfound
,,,,,,,2000025956111,,,,,Unfound
,,,,,,,2380001470069,,,,,Unfound
,,,,,,,1610022864470,,,,,Unfound
,,,,,,,1012353085874,,,,,Unfound
,,,,,,,1100023546697,,,,,Unfound
,,,,,,,1411656620009,,,,,Unfound
,,,,,,,1100021148483,,,,,Unfound
,,,,,,,2000020458743,,,,,Unfound
,,,,,,,1200052404126,,,,,Unfound
,,,,,,,2380001492772,,,,,Unfound
,,,,,,,1610022360075,,,,,Unfound
,,,,,,,2199998286628,,,,,Unfound
,,,,,,,2200041295979,,,,,Unfound
,,,,,,,2000021879207,,,,,Unfound
,,,,,,,2200030012173,,,,,Unfound
,,,,,,,1300011852209,,,,,Unfound
,,,,,,,2200017504014,,,,,Unfound
,,,,,,,1300010127270,,,,,Unfound
,,,,,,,1100013702640,,,,,Unfound
,,,,,,,2199999729872,,,,,Unfound
,,,,,,,1419212260006,,,,,Unfound
,,,,,,,1412853980007,,,,,Unfound
,,,,,,,1411087710007,,,,,Unfound
,,,,,,,2200030014240,,,,,Unfound
,,,,,,,1610022668880,,,,,Unfound
,,,,,,,1610013877516,,,,,Unfound
,,,,,,,2000009476009,,,,,Unfound
,,,,,,,2200013002908,,,,,Unfound
,,,,,,,1413484020003,,,,,Unfound
,,,,,,,1413088070006,,,,,Unfound
,,,,,,,1415423860006,,,,,Unfound
,,,,,,,1100039218416,,,,,Unfound
,,,,,,,1610022002793,,,,,Unfound
,,,,,,,1419290591000,,,,,Unfound
,,,,,,,1012437749796,,,,,Unfound
,,,,,,,1012646566332,,,,,Unfound
,,,,,,,2000010476693,,,,,Unfound
,,,,,,,1100020440117,,,,,Unfound
,,,,,,,2315004405128,,,,,Unfound
,,,,,,,2312621601019,,,,,Unfound
,,,,,,,1610014094186,,,,,Unfound
,,,,,,,1415274171000,,,,,Unfound
,,,,,,,1413118971001,,,,,Unfound
,,,,,,,1300010594421,,,,,Unfound
,,,,,,,2200030022845,,,,,Unfound
,,,,,,,2380001905178,,,,,Unfound
,,,,,,,2000021738932,,,,,Unfound
,,,,,,,1414910880008,,,,,Unfound
,,,,,,,1900090587261,,,,,Unfound
,,,,,,,2199998255382,,,,,Unfound
,,,,,,,2313955711017,,,,,Unfound
,,,,,,,2000051411933,,,,,Unfound
,,,,,,,1410202821001,,,,,Unfound
,,,,,,,2199998970543,,,,,Unfound
,,,,,,,2000018568845,,,,,Unfound
,,,,,,,1100024255977,,,,,Unfound
,,,,,,,2000021010028,,,,,Unfound
,,,,,,,1900040376386,,,,,Unfound
,,,,,,,2315110847415,,,,,Unfound
,,,,,,,1100014210932,,,,,Unfound
,,,,,,,1200036228211,,,,,Unfound
,,,,,,,1900034408050,,,,,Unfound
,,,,,,,1100050072728,,,,,Unfound
,,,,,,,1610021771355,,,,,Unfound
,,,,,,,1012431638923,,,,,Unfound
,,,,,,,1900024308153,,,,,Unfound
,,,,,,,1610022030249,,,,,Unfound
,,,,,,,2199999114335,,,,,Unfound
,,,,,,,1620000622130,,,,,Unfound
,,,,,,,1100024143121,,,,,Unfound
,,,,,,,1610013982577,,,,,Unfound
,,,,,,,1100014675448,,,,,Unfound
,,,,,,,1418085660002,,,,,Unfound
,,,,,,,2000021591669,,,,,Unfound
,,,,,,,1610014296460,,,,,Unfound
,,,,,,,2324966904418,,,,,Unfound
,,,,,,,1415044412000,,,,,Unfound
,,,,,,,1900090041121,,,,,Unfound
,,,,,,,2000050968355,,,,,Unfound
,,,,,,,2000051493990,,,,,Unfound
,,,,,,,1100020805395,,,,,Unfound
,,,,,,,1610022782232,,,,,Unfound
,,,,,,,1100020288427,,,,,Unfound
,,,,,,,1610022782302,,,,,Unfound
,,,,,,,2000009620462,,,,,Unfound
,,,,,,,2199998386085,,,,,Unfound
,,,,,,,1900021000204,,,,,Unfound
,,,,,,,1610014344440,,,,,Unfound
,,,,,,,1100002127745,,,,,Unfound
,,,,,,,1413228201002,,,,,Unfound
,,,,,,,1900029265717,,,,,Unfound
,,,,,,,1414491031001,,,,,Unfound
,,,,,,,1900015266348,,,,,Unfound
,,,,,,,1610021925087,,,,,Unfound
,,,,,,,1610022824120,,,,,Unfound
,,,,,,,1100050214747,,,,,Unfound
,,,,,,,2199998466917,,,,,Unfound
,,,,,,,1610029997887,,,,,Unfound
,,,,,,,1300001157766,,,,,Unfound
,,,,,,,1900035024720,,,,,Unfound
,,,,,,,2000008348626,,,,,Unfound
,,,,,,,1012360774310,,,,,Unfound
,,,,,,,2000027597364,,,,,Unfound
,,,,,,,2000026042576,,,,,Unfound
,,,,,,,1100001579613,,,,,Unfound
,,,,,,,1620000898424,,,,,Unfound
,,,,,,,1610032066873,,,,,Unfound
,,,,,,,1411009950006,,,,,Unfound
,,,,,,,1460001190400,,,,,Unfound
,,,,,,,1012440161801,,,,,Unfound
,,,,,,,1900009291615,,,,,Unfound
,,,,,,,1412243201000,,,,,Unfound
,,,,,,,1426894000008,,,,,Unfound
,,,,,,,1418913830007,,,,,Unfound
,,,,,,,2200021056713,,,,,Unfound
,,,,,,,1100020247893,,,,,Unfound
,,,,,,,1410313161003,,,,,Unfound
,,,,,,,2312824101215,,,,,Unfound
,,,,,,,2199998447533,,,,,Unfound
,,,,,,,1200039865297,,,,,Unfound
,,,,,,,2000008849180,,,,,Unfound
,,,,,,,1300008898977,,,,,Unfound
,,,,,,,1013077214657,,,,,Unfound
,,,,,,,2315103335111,,,,,Unfound
,,,,,,,2199990905101,,,,,Unfound
,,,,,,,2354491285110,,,,,Unfound
,,,,,,,2199999216853,,,,,Unfound
,,,,,,,1412527602005,,,,,Unfound
,,,,,,,1415163350009,,,,,Unfound
,,,,,,,1300012703711,,,,,Unfound
,,,,,,,1610022337280,,,,,Unfound
,,,,,,,1415180902005,,,,,Unfound
,,,,,,,1900042308625,,,,,Unfound
,,,,,,,1100770990017,,,,,Unfound
,,,,,,,2200012341923,,,,,Unfound
,,,,,,,1417084230000,,,,,Unfound
,,,,,,,1900034262685,,,,,Unfound
,,,,,,,2000018572196,,,,,Unfound
,,,,,,,1460000774869,,,,,Unfound
,,,,,,,1100023726569,,,,,Unfound
,,,,,,,2199998658811,,,,,Unfound
,,,,,,,2000008214685,,,,,Unfound
,,,,,,,1411276831006,,,,,Unfound
,,,,,,,2199999812430,,,,,Unfound
,,,,,,,1100001279952,,,,,Unfound
,,,,,,,1300011196568,,,,,Unfound
,,,,,,,2200011903508,,,,,Unfound
,,,,,,,2313157791517,,,,,Unfound
,,,,,,,1610011360350,,,,,Unfound
,,,,,,,1100000672989,,,,,Unfound
,,,,,,,2315852941710,,,,,Unfound
,,,,,,,1416989691000,,,,,Unfound
,,,,,,,1420425000005,,,,,Unfound
,,,,,,,2311053231912,,,,,Unfound
,,,,,,,2000051457830,,,,,Unfound
,,,,,,,1100013341271,,,,,Unfound
,,,,,,,1460001238406,,,,,Unfound
,,,,,,,2200030513898,,,,,Unfound
,,,,,,,2200017473299,,,,,Unfound
,,,,,,,1160000962871,,,,,Unfound
,,,,,,,1100024938930,,,,,Unfound
,,,,,,,2313669591520,,,,,Unfound
,,,,,,,2000020018017,,,,,Unfound
,,,,,,,1800016255157,,,,,Unfound
,,,,,,,2314369138010,,,,,Unfound
,,,,,,,1422840000000,,,,,Unfound
,,,,,,,2199999353382,,,,,Unfound
,,,,,,,1300005466851,,,,,Unfound
,,,,,,,2200012972840,,,,,Unfound
,,,,,,,1412340031005,,,,,Unfound
,,,,,,,1300051799910,,,,,Unfound
,,,,,,,1300012672036,,,,,Unfound
,,,,,,,2000052714679,,,,,Unfound
,,,,,,,1416244712002,,,,,Unfound
,,,,,,,2000008844093,,,,,Unfound
,,,,,,,1100022502217,,,,,Unfound
,,,,,,,1900007311702,,,,,Unfound
,,,,,,,1412984302009,,,,,Unfound
,,,,,,,2000008743429,,,,,Unfound
,,,,,,,1422759000000,,,,,Unfound
,,,,,,,2199996949201,,,,,Unfound
,,,,,,,1415697030006,,,,,Unfound
,,,,,,,1300000102757,,,,,Unfound
,,,,,,,1415174550000,,,,,Unfound
,,,,,,,1100015540750,,,,,Unfound
,,,,,,,1610029534437,,,,,Unfound
,,,,,,,2000008761491,,,,,Unfound
,,,,,,,2199990831470,,,,,Unfound
,,,,,,,2000027363716,,,,,Unfound
,,,,,,,1411630301007,,,,,Unfound
,,,,,,,1012885257115,,,,,Unfound
,,,,,,,2199999268202,,,,,Unfound
,,,,,,,1012439728023,,,,,Unfound
,,,,,,,1410149800001,,,,,Unfound
,,,,,,,2000027771660,,,,,Unfound
,,,,,,,1300012325808,,,,,Unfound
,,,,,,,1012881577809,,,,,Unfound
,,,,,,,2000021701700,,,,,Unfound
,,,,,,,1300010202254,,,,,Unfound
,,,,,,,1100022624839,,,,,Unfound
,,,,,,,2000008549214,,,,,Unfound
,,,,,,,1100001008986,,,,,Unfound
,,,,,,,1100013691769,,,,,Unfound
,,,,,,,1200024313746,,,,,Unfound
,,,,,,,1100018102558,,,,,Unfound
,,,,,,,2300000766965,,,,,Unfound
,,,,,,,1300035435410,,,,,Unfound
,,,,,,,1411344202009,,,,,Unfound
,,,,,,,2314416591113,,,,,Unfound
,,,,,,,2199998465550,,,,,Unfound
,,,,,,,1415298821001,,,,,Unfound
,,,,,,,2199998951373,,,,,Unfound
,,,,,,,2200031963014,,,,,Unfound
,,,,,,,1012884129885,,,,,Unfound
,,,,,,,2199998343426,,,,,Unfound
,,,,,,,2200017473304,,,,,Unfound
,,,,,,,1100013207450,,,,,Unfound
,,,,,,,1012882764149,,,,,Unfound
,,,,,,,1610022003398,,,,,Unfound
,,,,,,,2300000228693,,,,,Unfound
,,,,,,,1416094390000,,,,,Unfound
,,,,,,,1417061200008,,,,,Unfound
,,,,,,,1419199103000,,,,,Unfound
,,,,,,,2199997517232,,,,,Unfound
,,,,,,,1900019419098,,,,,Unfound
,,,,,,,2200012219319,,,,,Unfound
,,,,,,,1300008899312,,,,,Unfound
,,,,,,,1012353542650,,,,,Unfound
,,,,,,,2326541750015,,,,,Unfound
,,,,,,,2000026354349,,,,,Unfound
,,,,,,,2000020874411,,,,,Unfound
,,,,,,,1412454770005,,,,,Unfound
,,,,,,,2310758461716,,,,,Unfound
,,,,,,,2312711101414,,,,,Unfound
,,,,,,,1300012057980,,,,,Unfound
,,,,,,,1610014333439,,,,,Unfound
,,,,,,,1100021021192,,,,,Unfound
,,,,,,,1900012415380,,,,,Unfound
,,,,,,,1100015582690,,,,,Unfound
,,,,,,,1423282200003,,,,,Unfound
,,,,,,,2000020243220,,,,,Unfound
,,,,,,,1012866684849,,,,,Unfound
,,,,,,,1160000225981,,,,,Unfound
,,,,,,,2200015730051,,,,,Unfound
,,,,,,,2000022355516,,,,,Unfound
,,,,,,,1100018824245,,,,,Unfound
,,,,,,,1429801100001,,,,,Unfound
,,,,,,,1900029000210,,,,,Unfound
,,,,,,,1600000032002,,,,,Unfound
,,,,,,,1413178080002,,,,,Unfound
,,,,,,,1410508281004,,,,,Unfound
,,,,,,,7887425804,,,,7887425804,Unfound
,,,,,,,1179525500,,,,1179525500,Unfound
,,,,,,,2000008653643,,,,,Unfound
,,,,,,,1012882863968,,,,,Unfound
,,,,,,,2200015678093,,,,,Unfound
,,,,,,,1100018046293,,,,,Unfound
,,,,,,,2200040536119,,,,,Unfound
,,,,,,,2200030377347,,,,,Unfound
,,,,,,,1100013094274,,,,,Unfound
,,,,,,,1100022310057,,,,,Unfound
,,,,,,,1416561230008,,,,,Unfound
,,,,,,,2200013135919,,,,,Unfound
,,,,,,,2200041997785,,,,,Unfound
,,,,,,,2199998322940,,,,,Unfound
,,,,,,,1610023845939,,,,,Unfound
,,,,,,,2315002631713,,,,,Unfound
,,,,,,,1900015393932,,,,,Unfound
,,,,,,,1100000131689,,,,,Unfound
,,,,,,,1200034874818,,,,,Unfound
,,,,,,,1200042277676,,,,,Unfound
,,,,,,,1012451029303,,,,,Unfound
,,,,,,,1100001258359,,,,,Unfound
,,,,,,,1100021769204,,,,,Unfound
,,,,,,,1413399702005,,,,,Unfound
,,,,,,,1414317602000,,,,,Unfound
,,,,,,,2199999816150,,,,,Unfound
,,,,,,,1415524480003,,,,,Unfound
,,,,,,,2000027579018,,,,,Unfound
,,,,,,,1900005414540,,,,,Unfound
,,,,,,,2200016509420,,,,,Unfound
,,,,,,,2380001390955,,,,,Unfound
,,,,,,,1610022855972,,,,,Unfound
,,,,,,,1900046351633,,,,,Unfound
,,,,,,,2000021019420,,,,,Unfound
,,,,,,,1100020968150,,,,,Unfound
,,,,,,,1610030244300,,,,,Unfound
,,,,,,,1100002057390,,,,,Unfound
,,,,,,,1416097251008,,,,,Unfound
,,,,,,,2311658405610,,,,,Unfound
,,,,,,,1300052767964,,,,,Unfound
,,,,,,,1239613210,,,,1239613210,Unfound
,,,,,,,1712858771008,,,,,Unfound
,,,,,,,1100013123882,,,,,Unfound
,,,,,,,1412256610000,,,,,Unfound
,,,,,,,1012345960240,,,,,Unfound
,,,,,,,2199999400322,,,,,Unfound
,,,,,,,1300012755222,,,,,Unfound
,,,,,,,1160000967080,,,,,Unfound
,,,,,,,1100022602710,,,,,Unfound
,,,,,,,1900032416379,,,,,Unfound
,,,,,,,2200022274520,,,,,Unfound
,,,,,,,1412265950009,,,,,Unfound
,,,,,,,1100022932893,,,,,Unfound
,,,,,,,1414203810008,,,,,Unfound
,,,,,,,1100022308509,,,,,Unfound
,,,,,,,1411367930008,,,,,Unfound
,,,,,,,1610022403677,,,,,Unfound
,,,,,,,2000009262500,,,,,Unfound
,,,,,,,1100021319379,,,,,Unfound
,,,,,,,1419899103009,,,,,Unfound
,,,,,,,1100014579631,,,,,Unfound
,,,,,,,1417699250000,,,,,Unfound
,,,,,,,1100024921290,,,,,Unfound
,,,,,,,2000009108037,,,,,Unfound
,,,,,,,1100020785570,,,,,Unfound
,,,,,,,1012645868978,,,,,Unfound
,,,,,,,1900038303699,,,,,Unfound
,,,,,,,2199997093570,,,,,Unfound
,,,,,,,1410515031005,,,,,Unfound
,,,,,,,2312716221616,,,,,Unfound
,,,,,,,1418975670002,,,,,Unfound
,,,,,,,2000022280906,,,,,Unfound
,,,,,,,2200012109226,,,,,Unfound
,,,,,,,1415624641002,,,,,Unfound
,,,,,,,2199996679225,,,,,Unfound
,,,,,,,1416413591000,,,,,Unfound
,,,,,,,1800016817284,,,,,Unfound
,,,,,,,1620000730369,,,,,Unfound
,,,,,,,2000020761285,,,,,Unfound
,,,,,,,1460001948560,,,,,Unfound
,,,,,,,2200012992730,,,,,Unfound
,,,,,,,1100024119402,,,,,Unfound
,,,,,,,1415177461008,,,,,Unfound
,,,,,,,1610030442495,,,,,Unfound
,,,,,,,1100024843933,,,,,Unfound
,,,,,,,2000009719445,,,,,Unfound
,,,,,,,1410651520006,,,,,Unfound
,,,,,,,1900035309606,,,,,Unfound
,,,,,,,1100012445147,,,,,Unfound
,,,,,,,1412312260009,,,,,Unfound
,,,,,,,2200015501670,,,,,Unfound
,,,,,,,1610030214166,,,,,Unfound
,,,,,,,1100012555693,,,,,Unfound
,,,,,,,2311011231512,,,,,Unfound
,,,,,,,1100014869800,,,,,Unfound
,,,,,,,1413537870007,,,,,Unfound
,,,,,,,1418158080007,,,,,Unfound
,,,,,,,2000009790633,,,,,Unfound
,,,,,,,1012862920432,,,,,Unfound
,,,,,,,1415230510000,,,,,Unfound
,,,,,,,1100020205430,,,,,Unfound
,,,,,,,1414989330004,,,,,Unfound
,,,,,,,2000011667568,,,,,Unfound
,,,,,,,1610014479485,,,,,Unfound
,,,,,,,2312724121712,,,,,Unfound
,,,,,,,1610022509105,,,,,Unfound
,,,,,,,1100021933130,,,,,Unfound
,,,,,,,1413160112004,,,,,Unfound
,,,,,,,1900049279885,,,,,Unfound
,,,,,,,1610014465534,,,,,Unfound
,,,,,,,2315404325218,,,,,Unfound
,,,,,,,1610021787407,,,,,Unfound
,,,,,,,1416575280000,,,,,Unfound
,,,,,,,1610022343229,,,,,Unfound
,,,,,,,1610028878229,,,,,Unfound
,,,,,,,1100015267284,,,,,Unfound
,,,,,,,1410420903002,,,,,Unfound
,,,,,,,1100039376098,,,,,Unfound
,,,,,,,1610022520224,,,,,Unfound
,,,,,,,1300009318136,,,,,Unfound
,,,,,,,1100024488984,,,,,Unfound
,,,,,,,1416222701004,,,,,Unfound
,,,,,,,1610029089407,,,,,Unfound
,,,,,,,1426906000000,,,,,Unfound
,,,,,,,2700000869809,,,,,Unfound
,,,,,,,1100021097554,,,,,Unfound
,,,,,,,1610014000587,,,,,Unfound
,,,,,,,1012346429676,,,,,Unfound
,,,,,,,1100024210967,,,,,Unfound
,,,,,,,1012657819311,,,,,Unfound
,,,,,,,2000021383692,,,,,Unfound
,,,,,,,1100020375814,,,,,Unfound
,,,,,,,1012652504010,,,,,Unfound
,,,,,,,1610013818097,,,,,Unfound
,,,,,,,1900019000393,,,,,Unfound
,,,,,,,1610022105391,,,,,Unfound
,,,,,,,1792817510,,,,1792817510,Unfound
,,,,,,,1900022415926,,,,,Unfound
,,,,,,,1419549010007,,,,,Unfound
,,,,,,,1100013423029,,,,,Unfound
,,,,,,,1470000197400,,,,,Unfound
,,,,,,,2314155141011,,,,,Unfound
,,,,,,,1012661365451,,,,,Unfound
,,,,,,,1414243490007,,,,,Unfound
,,,,,,,7542881108,,,,7542881108,Unfound
,,,,,,,2200015914805,,,,,Unfound
,,,,,,,1100021664965,,,,,Unfound
,,,,,,,1023545785108,,,,,Unfound
,,,,,,,1900032255454,,,,,Unfound
,,,,,,,1100024401910,,,,,Unfound
,,,,,,,1023511175922,,,,,Unfound
,,,,,,,2199999531007,,,,,Unfound
,,,,,,,1417684022009,,,,,Unfound
,,,,,,,2200031487477,,,,,Unfound
,,,,,,,1100013023663,,,,,Unfound
,,,,,,,1282428603,,,,1282428603,Unfound
,,,,,,,2199990602078,,,,,Unfound
,,,,,,,1610022137107,,,,,Unfound
,,,,,,,1610014650879,,,,,Unfound
,,,,,,,1417620522003,,,,,Unfound
,,,,,,,1130000000000,,,,,Unfound
,,,,,,,1100016019650,,,,,Unfound
,,,,,,,1012881148398,,,,,Unfound
,,,,,,,1610014343552,,,,,Unfound
,,,,,,,1160000225963,,,,,Unfound
,,,,,,,1200022767610,,,,,Unfound
,,,,,,,1418185170004,,,,,Unfound
,,,,,,,1610030391910,,,,,Unfound
,,,,,,,1414906721004,,,,,Unfound
,,,,,,,1412668712005,,,,,Unfound
,,,,,,,1100014652343,,,,,Unfound
,,,,,,,1460000877305,,,,,Unfound
,,,,,,,1100015079686,,,,,Unfound
,,,,,,,2316521904118,,,,,Unfound
,,,,,,,2000009398896,,,,,Unfound
,,,,,,,1900005361570,,,,,Unfound
,,,,,,,1900030374284,,,,,Unfound
,,,,,,,1420210000000,,,,,Unfound
,,,,,,,1415837490008,,,,,Unfound
,,,,,,,2310312356110,,,,,Unfound
,,,,,,,2315720720514,,,,,Unfound
,,,,,,,2199998266199,,,,,Unfound
,,,,,,,1900001338522,,,,,Unfound
,,,,,,,1100001010122,,,,,Unfound
,,,,,,,1100001129705,,,,,Unfound
,,,,,,,2000008734902,,,,,Unfound
,,,,,,,2200015396084,,,,,Unfound
,,,,,,,1300051736282,,,,,Unfound
,,,,,,,1411966120000,,,,,Unfound
,,,,,,,2000008673481,,,,,Unfound
,,,,,,,2000021301148,,,,,Unfound
,,,,,,,2000021889631,,,,,Unfound
,,,,,,,1100021614120,,,,,Unfound
,,,,,,,2312552570510,,,,,Unfound
,,,,,,,1412514950008,,,,,Unfound
,,,,,,,1012357368700,,,,,Unfound
,,,,,,,1610021784016,,,,,Unfound
,,,,,,,2199998870324,,,,,Unfound
,,,,,,,2199996769180,,,,,Unfound
,,,,,,,1410809811002,,,,,Unfound
,,,,,,,1900007383488,,,,,Unfound
,,,,,,,1420655000008,,,,,Unfound
,,,,,,,1417094302006,,,,,Unfound
,,,,,,,1100001380731,,,,,Unfound
,,,,,,,1900005392090,,,,,Unfound
,,,,,,,1100023407362,,,,,Unfound
,,,,,,,2000020537225,,,,,Unfound
,,,,,,,2199999964080,,,,,Unfound
,,,,,,,2000006483059,,,,,Unfound
,,,,,,,1100050525428,,,,,Unfound
,,,,,,,2000009223290,,,,,Unfound
,,,,,,,1100018083514,,,,,Unfound
,,,,,,,1420398000003,,,,,Unfound
,,,,,,,2000020315405,,,,,Unfound
,,,,,,,2000025406396,,,,,Unfound
,,,,,,,1410661340007,,,,,Unfound
,,,,,,,2199997296314,,,,,Unfound
,,,,,,,2199999703067,,,,,Unfound
,,,,,,,1012450258342,,,,,Unfound
,,,,,,,1100022200293,,,,,Unfound
,,,,,,,2000022403870,,,,,Unfound
,,,,,,,1900011313570,,,,,Unfound
,,,,,,,1012870824384,,,,,Unfound
,,,,,,,2000006421949,,,,,Unfound
,,,,,,,1610014809368,,,,,Unfound
,,,,,,,1323761903,,,,1323761903,Unfound
,,,,,,,1100000665740,,,,,Unfound
,,,,,,,1427182100009,,,,,Unfound
,,,,,,,1419312571002,,,,,Unfound
,,,,,,,2311860340415,,,,,Unfound
,,,,,,,2380000721803,,,,,Unfound
,,,,,,,1200034853376,,,,,Unfound
,,,,,,,1610022415023,,,,,Unfound
,,,,,,,1900012273982,,,,,Unfound
,,,,,,,1100020370106,,,,,Unfound
,,,,,,,1412743681009,,,,,Unfound
,,,,,,,1417918571007,,,,,Unfound
,,,,,,,1610021719986,,,,,Unfound
,,,,,,,2200017166195,,,,,Unfound
,,,,,,,2200017566010,,,,,Unfound
,,,,,,,1415052260007,,,,,Unfound
,,,,,,,1414468902002,,,,,Unfound
,,,,,,,2000010187330,,,,,Unfound
,,,,,,,1427320200000,,,,,Unfound
,,,,,,,1425479000004,,,,,Unfound
,,,,,,,1584711102,,,,1584711102,Unfound
,,,,,,,1100021839623,,,,,Unfound
,,,,,,,1100015242058,,,,,Unfound
,,,,,,,1100050246163,,,,,Unfound
,,,,,,,2343077179412,,,,,Unfound
,,,,,,,1200030928025,,,,,Unfound
,,,,,,,1300012234610,,,,,Unfound
,,,,,,,1427512200006,,,,,Unfound
,,,,,,,1410077670000,,,,,Unfound
,,,,,,,1100012291600,,,,,Unfound
,,,,,,,1100012652192,,,,,Unfound
,,,,,,,1460000865071,,,,,Unfound
,,,,,,,1610014003365,,,,,Unfound
,,,,,,,2000026104309,,,,,Unfound
,,,,,,,1215650902,,,,1215650902,Unfound
,,,,,,,2199989621898,,,,,Unfound
,,,,,,,2000020557588,,,,,Unfound
,,,,,,,1100012248794,,,,,Unfound
,,,,,,,1100050381545,,,,,Unfound
,,,,,,,1421150000000,,,,,Unfound
,,,,,,,1610022113904,,,,,Unfound
,,,,,,,1789450005,,,,1789450005,Unfound
,,,,,,,1900028404177,,,,,Unfound
,,,,,,,2311857443519,,,,,Unfound
,,,,,,,2000051742364,,,,,Unfound
,,,,,,,1100024364338,,,,,Unfound
,,,,,,,2314154385010,,,,,Unfound
,,,,,,,1100039501918,,,,,Unfound
,,,,,,,1411020720005,,,,,Unfound
,,,,,,,2380001726811,,,,,Unfound
,,,,,,,2000021900063,,,,,Unfound
,,,,,,,1100000724810,,,,,Unfound
,,,,,,,1100021687225,,,,,Unfound
,,,,,,,1411356750003,,,,,Unfound
,,,,,,,1411323110008,,,,,Unfound
,,,,,,,1412410103008,,,,,Unfound
,,,,,,,1012713577752,,,,,Unfound
,,,,,,,1100014660840,,,,,Unfound
,,,,,,,1419709361002,,,,,Unfound
,,,,,,,1012440945410,,,,,Unfound
,,,,,,,1610013977498,,,,,Unfound
,,,,,,,1418475721004,,,,,Unfound
,,,,,,,1012363357447,,,,,Unfound
,,,,,,,1610022362611,,,,,Unfound
,,,,,,,2314953240016,,,,,Unfound
,,,,,,,2000006355152,,,,,Unfound
,,,,,,,1200033042958,,,,,Unfound
,,,,,,,1610021792300,,,,,Unfound
,,,,,,,1410791221005,,,,,Unfound
,,,,,,,2199989644886,,,,,Unfound
,,,,,,,1900017321879,,,,,Unfound
,,,,,,,1900004356756,,,,,Unfound
,,,,,,,2200017251292,,,,,Unfound
,,,,,,,2315051721629,,,,,Unfound
,,,,,,,1418385690003,,,,,Unfound
,,,,,,,2199997233731,,,,,Unfound
,,,,,,,1620001349374,,,,,Unfound
,,,,,,,1100770234940,,,,,Unfound
,,,,,,,2000026663157,,,,,Unfound
,,,,,,,1300012826751,,,,,Unfound
,,,,,,,2000008318152,,,,,Unfound
,,,,,,,2315874510314,,,,,Unfound
,,,,,,,1100013705854,,,,,Unfound
,,,,,,,2200017678893,,,,,Unfound
,,,,,,,2000008743492,,,,,Unfound
,,,,,,,1100023086270,,,,,Unfound
,,,,,,,1414604720002,,,,,Unfound
,,,,,,,1415068121004,,,,,Unfound
,,,,,,,1100014961579,,,,,Unfound
,,,,,,,2313452783518,,,,,Unfound
,,,,,,,2000009543640,,,,,Unfound
,,,,,,,2310414638419,,,,,Unfound
,,,,,,,1012393612562,,,,,Unfound
,,,,,,,1100025596175,,,,,Unfound
,,,,,,,2199998274288,,,,,Unfound
,,,,,,,1012345696433,,,,,Unfound
,,,,,,,2314451891720,,,,,Unfound
,,,,,,,1415055060007,,,,,Unfound
,,,,,,,2000020649421,,,,,Unfound
,,,,,,,2310713956013,,,,,Unfound
,,,,,,,1610014523967,,,,,Unfound
,,,,,,,1100018695554,,,,,Unfound
,,,,,,,1900036387190,,,,,Unfound
,,,,,,,1100023687398,,,,,Unfound
,,,,,,,1419139210000,,,,,Unfound
,,,,,,,1100000300568,,,,,Unfound
,,,,,,,1100022749218,,,,,Unfound
,,,,,,,2200014585614,,,,,Unfound
,,,,,,,2316156611928,,,,,Unfound
,,,,,,,1610014359385,,,,,Unfound
,,,,,,,1900008389462,,,,,Unfound
,,,,,,,1419143741002,,,,,Unfound
,,,,,,,1100770333233,,,,,Unfound
,,,,,,,1300034495844,,,,,Unfound
,,,,,,,1900021382359,,,,,Unfound
,,,,,,,1610029820600,,,,,Unfound
,,,,,,,1900036380140,,,,,Unfound
,,,,,,,1900017411291,,,,,Unfound
,,,,,,,1100024729116,,,,,Unfound
,,,,,,,1610014622204,,,,,Unfound
,,,,,,,1414987790007,,,,,Unfound
,,,,,,,1610023894546,,,,,Unfound
,,,,,,,1410083011000,,,,,Unfound
,,,,,,,1200042177466,,,,,Unfound
,,,,,,,2000050523368,,,,,Unfound
,,,,,,,2000012785839,,,,,Unfound
,,,,,,,1610021964165,,,,,Unfound
,,,,,,,1100022601256,,,,,Unfound
,,,,,,,1030019133932,,,,,Unfound
,,,,,,,1418833991005,,,,,Unfound
,,,,,,,1423703200003,,,,,Unfound
,,,,,,,2200015085872,,,,,Unfound
,,,,,,,2199997472724,,,,,Unfound
,,,,,,,1413537360007,,,,,Unfound
,,,,,,,1900042311901,,,,,Unfound
,,,,,,,2199989366890,,,,,Unfound
,,,,,,,2000008307202,,,,,Unfound
,,,,,,,2199998934484,,,,,Unfound
,,,,,,,2000009751625,,,,,Unfound
,,,,,,,1470000344137,,,,,Unfound
,,,,,,,1410653310007,,,,,Unfound
,,,,,,,1412719930007,,,,,Unfound
,,,,,,,1610030327808,,,,,Unfound
,,,,,,,1610021803209,,,,,Unfound
,,,,,,,1610013777894,,,,,Unfound
,,,,,,,1300011680931,,,,,Unfound
,,,,,,,2199997044234,,,,,Unfound
,,,,,,,1300012100563,,,,,Unfound
,,,,,,,2316108561110,,,,,Unfound
,,,,,,,1100022717420,,,,,Unfound
,,,,,,,1100019952347,,,,,Unfound
,,,,,,,1100013437397,,,,,Unfound
,,,,,,,1030054973452,,,,,Unfound
,,,,,,,2199998677726,,,,,Unfound
,,,,,,,1430000023569,,,,,Unfound
,,,,,,,1411095330003,,,,,Unfound
,,,,,,,1300053345405,,,,,Unfound
,,,,,,,1100019184960,,,,,Unfound
,,,,,,,1100020187756,,,,,Unfound
,,,,,,,1160000238509,,,,,Unfound
,,,,,,,1300012959600,,,,,Unfound
,,,,,,,2200015393739,,,,,Unfound
,,,,,,,2200012522853,,,,,Unfound
,,,,,,,1415692240002,,,,,Unfound
,,,,,,,1900032308939,,,,,Unfound
,,,,,,,2199999584694,,,,,Unfound
,,,,,,,1900027390986,,,,,Unfound
,,,,,,,1424093200002,,,,,Unfound
,,,,,,,1416283011002,,,,,Unfound
,,,,,,,1100050696285,,,,,Unfound
,,,,,,,1300012370953,,,,,Unfound
,,,,,,,1610029523719,,,,,Unfound
,,,,,,,1900015416758,,,,,Unfound
,,,,,,,1300008762798,,,,,Unfound
,,,,,,,2000053195430,,,,,Unfound
,,,,,,,2312616841225,,,,,Unfound
,,,,,,,1100014680173,,,,,Unfound
,,,,,,,1610030391575,,,,,Unfound
,,,,,,,1900046384851,,,,,Unfound
,,,,,,,1414574261002,,,,,Unfound
,,,,,,,1900039389873,,,,,Unfound
,,,,,,,1415482881009,,,,,Unfound
,,,,,,,1460000599188,,,,,Unfound
,,,,,,,2200040313810,,,,,Unfound
,,,,,,,1410778990005,,,,,Unfound
,,,,,,,1100013204404,,,,,Unfound
,,,,,,,1200022018274,,,,,Unfound
,,,,,,,2200015285147,,,,,Unfound
,,,,,,,2199998466953,,,,,Unfound
,,,,,,,1200051812813,,,,,Unfound
,,,,,,,1100012333020,,,,,Unfound
,,,,,,,2000021900160,,,,,Unfound
,,,,,,,1900060000000,,,,,Unfound
,,,,,,,1100022014521,,,,,Unfound
,,,,,,,1014568205292,,,,,Unfound
,,,,,,,1470000401450,,,,,Unfound
,,,,,,,1610029897204,,,,,Unfound
,,,,,,,1926814305,,,,1926814305,Unfound
,,,,,,,2314053011617,,,,,Unfound
,,,,,,,2000050117721,,,,,Unfound
,,,,,,,2324120000000,,,,,Unfound
,,,,,,,7824510103,,,,7824510103,Unfound
,,,,,,,2325965466111,,,,,Unfound
,,,,,,,2315312448211,,,,,Unfound
,,,,,,,1012345760372,,,,,Unfound
,,,,,,,2000006321552,,,,,Unfound
,,,,,,,2000026723986,,,,,Unfound
,,,,,,,1610014210773,,,,,Unfound
,,,,,,,2000021009820,,,,,Unfound
,,,,,,,1410873430005,,,,,Unfound
,,,,,,,1412709361000,,,,,Unfound
,,,,,,,2312120054014,,,,,Unfound
,,,,,,,1419382751000,,,,,Unfound
,,,,,,,1418176480005,,,,,Unfound
,,,,,,,1023493385421,,,,,Unfound
,,,,,,,1100002133688,,,,,Unfound
,,,,,,,2311796022214,,,,,Unfound
,,,,,,,2310609561118,,,,,Unfound
,,,,,,,1160000899271,,,,,Unfound
,,,,,,,1130000017153,,,,,Unfound
,,,,,,,2200012150330,,,,,Unfound
,,,,,,,1416732502000,,,,,Unfound
,,,,,,,1012880873779,,,,,Unfound
,,,,,,,1030014483334,,,,,Unfound
,,,,,,,1410664712008,,,,,Unfound
,,,,,,,1300009945244,,,,,Unfound
,,,,,,,1100025459024,,,,,Unfound
,,,,,,,1100000509261,,,,,Unfound
,,,,,,,1610014490016,,,,,Unfound
,,,,,,,1100008018660,,,,,Unfound
,,,,,,,2312504001412,,,,,Unfound
,,,,,,,1100019391835,,,,,Unfound
,,,,,,,1429578000006,,,,,Unfound
,,,,,,,2000050618995,,,,,Unfound
,,,,,,,1419086180000,,,,,Unfound
,,,,,,,1610014344087,,,,,Unfound
,,,,,,,1100020422660,,,,,Unfound
,,,,,,,1610014343933,,,,,Unfound
,,,,,,,1429421200000,,,,,Unfound
,,,,,,,1100020365365,,,,,Unfound
,,,,,,,2315523742218,,,,,Unfound
,,,,,,,1300054125790,,,,,Unfound
,,,,,,,1460000249319,,,,,Unfound
,,,,,,,1640000106440,,,,,Unfound
,,,,,,,2000008549640,,,,,Unfound
,,,,,,,1100024352314,,,,,Unfound
,,,,,,,2314358013011,,,,,Unfound
,,,,,,,1300011202478,,,,,Unfound
,,,,,,,1100051007915,,,,,Unfound
,,,,,,,1100024116865,,,,,Unfound
,,,,,,,2200030799337,,,,,Unfound
,,,,,,,1610022220387,,,,,Unfound
,,,,,,,1415461800004,,,,,Unfound
,,,,,,,2000009210380,,,,,Unfound
,,,,,,,2200017839196,,,,,Unfound
,,,,,,,2310210601317,,,,,Unfound
,,,,,,,8446926900,,,,8446926900,Unfound
,,,,,,,1610013941473,,,,,Unfound
,,,,,,,2000006357433,,,,,Unfound
,,,,,,,2310760021513,,,,,Unfound
