Site Building Name,Site Street No,Site Street 1,Site Street 2,Site Town,Site Postcode,MPAN Topline,Meter Number,Usage,Proposed Start Date,Energization Status,Annualised AQ
,Unit 2,EAGLE INDUSTRIAL ESTATE,,Leeds,LS9 7QL,0084505B,2346531190112,,3/6/2027,E,
,6,Goatbeck Terrace,,DURHAM,DH7 8JJ,0380102A,1591023691806,2174,20/4/2027,E,
,,,,Lincoln,LN6 3JZ,03801013,1100002419682,,1/11/2025,E,
,264 B,ROUNDHAY ROAD,,LEEDS,LS8 5RL,03800999,2380002551676,,1/11/2025,D,
,,Exchange Road,,Lincoln,LN6 3JZ,03800013,1100002230220,,1/11/2025,D,
,,598-602 Hitchin Road,,Luton,LU2 7UG,00800201,1014569055609,,1/11/2025,D,
Unit 2,,Torre Road,,LEEDS,LS9 7QL,03800999,2300000870071,,1/11/2025,D,
,17,Beatrice Terrace,,Houghton Le Spring,DH4 4QW,0380102C,1591052400277,17379,19/6/2026,E,
W Smith (Durham) Ltd,55,Carr House Drive,,Newton Hall,DH1 5LT,0480702B,1591017834490,8219,29/11/2027,E,
,614,Hitchin Road,,Luton,LU2 7UG,03807201,1012381943055,2,1/11/2025,E,
,,618A Hitchin Road,,Luton,LU2 7UG,03800202,1012381944208,,1/11/2025,D,
,75,Queen Street,,LEEDS,LS27 8EB,0481102C,2342876780417,15169,18/3/2027,E,
,24,Chaul End Lane,,Luton,LU4 8EZ,03801202,1050002193531,5181,14/7/2027,E,
,211-213,Narborough Road,,Leicester,LE3 2QR,02811003,1100014217520,13109,21/6/2026,E,
Shop 1,2,Leagrave Road,,Luton,LU4 8HZ,03801201,1023545696070,7580,31/5/2027,E,
,265,"Red Head Salon, Chillingham Road",,Newcastle Upon Tyne,NE6 5LL,0084502A,1591014403795,,22/2/2026,E,
,60,Church Street,,Bilston,WV14 0AX,03801N12,1412995570000,9539,14/12/2025,E,
,UNIT 17,Foundry Lane,,Newcastle Upon Tyne,NE6 1LH,0380102B,1591050579341,6424,1/11/2025,E,
,Unit 18,Foundry Lane,,NEWCASTLE UPON TYNE,NE6 1LH,0380102B,1591055325524,5233,1/11/2025,E,
,,51A Wimpson Lane,,Southampton,SO16 4QF,03801H02,2000022697677,12396,21/12/2027,E,
,16,Leagrave Road,,Luton,LU4 8HZ,04807203,1012372516732,,1/11/2025,D,
,56,Leagrave Road,,LUTON,LU4 8HZ,04807203,1012372528231,,1/11/2025,E,
,,15a New Road,,Linslade,LU7 2LS,04807203,1012387490192,,1/11/2025,D,
,,Cherrycourt Way,,Leighton Buzzard,LU7 4UH,00900203,1014571075925,,1/11/2025,E,
,27,Front Street,,Newcastle Upon Tyne,NE16 4EA,0480702B,1591050246913,6724,30/10/2027,E,
,,15a Wigwam Lane,,Nottingham,NG15 7TA,03801N14,1100005196139,14056,23/7/2026,D,
UNIT 7/8,,RELIANCE ENTERPRISE PARK,,MANCHESTER,M40 3AL,04811024,1610018253414,10074,2/7/2026,E,
Unit B4 Imex Enterprise Park,,Wigwam Road,,Nottingham,NG15 7TA,04830N12,1100005188731,4192,1/11/2025,E,
Unit A,,Novo Works,,Sheffield,S9 3XN,0481202D,2333902637713,60367,2/8/2026,E,
Imex Enterprise Park,,"Unit G1,",,Nottingham,NG15 7SZ,03801013,1100051039990,7380,22/10/2027,E,
60a,,Birley Moor Road,,Sheffield,S12 4WD,0481502B,2335910844011,7916,28/1/2028,E,
,33,Church Street,,SEAHAM,SR7 7HQ,0480702C,1591010437470,14028,28/3/2026,E,
The Shop,75,Annesley Road,,Nottingham,NG15 7DR,03800013,1100006300252,,1/11/2025,D,
,81,Annesley Road,,Nottingham,NG15 7DR,04830037,1100006300322,2923,1/11/2025,D,
,16,Church Lane,,Nottingham,NG16 5AB,03801013,1100007938510,,1/11/2025,D,
Suite 2C Langford House,40,Friar Lane,,Nottingham,NG1 6DZ,03800013,1100007343726,,1/11/2025,D,
,5A,Thurlow Street,,Bedford,MK40 1LR,03136202,1012346308234,13653,1/11/2025,E,
,8,Lansdowne Road,,Bedford,MK40 2BU,03801202,1012351990150,4219,1/11/2025,D,
,88,Westoe Road,,South Shields,NE33 4NA,0380102C,1591045349430,14467,8/10/2027,E,
,73,Harpur Street,,Bedford,MK40 2SR,03800202,1012345822930,,1/11/2025,D,
cafe india,200,Ocean Road,,southshields,NE33 2JQ,0380102C,1570000183012,,12/10/2026,E,
1B,,Caxton Road,,Bedfordshire,MK41 0EH,00900204,1023527367699,,9/7/2026,E,
Rear Premises,106,South Woodbine Street,,SOUTH SHIELDS,NE33 2TD,0380102A,1591010818205,1359,7/8/2026,E,
,53,Brunel Road,,Bedford,MK41 9TJ,03801201,1012358779062,16724,1/11/2025,D,
FOWLER STREET,,SOUTH SHIELDS,,,NE33 1PD,0084502C,1591034914906,,20/7/2026,E,
,55,Brunel Road,,Bedford,MK41 9TJ,03801201,1012358779294,291,8/1/2026,E,
,3,Belle Isle Parade,,Leeds,LS10 3AH,0380102A,2345573113613,,18/8/2026,E,
,3,Low Street,,Sutton-In-Ashfield,NG17 1DH,04830N14,1100003892615,50288,1/11/2025,E,
,1,Stanhope Parade,,South Shields,NE33 4BB,03800998,1591051863138,,1/11/2025,D,
Unit 9,,Prospect Court,,Sutton-In-Ashfield,NG17 2HW,04811037,1100004141705,452,1/11/2025,E,
Waste Disposal,,Sidings Road,,Nottingham,NG17 7JZ,03801N12,1100004232725,2966,18/4/2027,E,
,533,Stanhope Road,,SOUTH SHIELDS,NE33 4QX,0380102B,1591038170071,10505,27/3/2027,E,
FRANK SMITH HOME ELECTRICAL CENTRE,4,Regent Street,,Mansfield,NG18 1SS,04033037,1100004467163,12793,1/11/2025,E,
,14,Bridge Street,,Mansfield,NG18 1AN,03800013,1100004313204,,1/11/2025,D,
Stewarts Jewellers,18,Regent Street,,Mansfield,NG18 1SS,04800037,1100004467298,,1/11/2025,D,
East Midlands Electricity,,Ratcliffe Gate,,Mansfield,NG18 2PJ,03800013,1100003908897,,1/11/2025,D,
Unit 5,,Kirkland Avenue,,Mansfield,NG18 5QP,04800037,1100004399638,,1/11/2025,D,
Nine Bar & Lounge,33,Dean Road,,South Shields,NE33 4EA,0380102A,1591012394109,50707,9/12/2026,E,
Kirkland Avenue,,INTAKE BUSINESS CENTRE,,Mansfield,NG18 5QP,03801N13,1100003897970,3,1/11/2025,E,
,,4,,Gateshead,NE11 9NE,0380102C,1591049812550,10105,1/10/2026,E,
HIGHLINE PRECISION ENG,,HALLAM WAY,,MANSFIELD,NG19 9BG,04800037,1100003874147,,1/11/2025,D,
Mansfield Co,,14 Church Street,,Mansfield,NG18 1AA,00800247,1100039363629,,1/11/2025,D,
,MEMORIAL A,VICTORIA EMBANKMENT,,NOTTINGHAM,NG2 2JY,03800N12,1100005302018,,1/11/2025,D,
Trent Bridge Medical,68,Bridgford Road,,WEST BRIDGFORD,NG2 6AP,04811037,1100006711560,1,1/11/2025,E,
Rufford Hotel,53,Melton Road,,West Bridgeford,NG2 7NE,04828037,1100007274453,,1/11/2025,D,
Top Knot Hair Fashions,119,Sherwood Street,,Mansfield,NG20 0JU,03800013,1100005021838,,1/11/2025,D,
,,Crew Lane,,Southwell,NG25 0TX,04800037,1100039375759,,1/11/2025,D,
,8,Hadrians Court,,Gateshead,NE11 0XW,0090002D,1591055256136,,12/7/2027,E,
,53,Villette Road,,Sunderland,SR2 8RD,0084502D,1591055002458,,24/7/2028,E,
UPRIGHT UK LTD,,HALESFIELD 17,,TELFORD,TF7 4PW,8876586702,8876586702,152755,25/5/2028,,
ARMY CAMP FLOODLIGHTING,,LOW FIELDS,,FULBECK,NG32 3JF,03801013,1100002801556,6848,22/7/2026,E,
,11,Westwood Road,,TROWBRIDGE,BA14 9BR,44667405,44667405,,1/4/2029,,
Richmond House,,brant road,,Grantham,NG32 3JF,04800037,1100001111521,,1/11/2025,D,
,,Station Road,,Grantham,NG33 4RA,03801013,1100001527466,12277,1/11/2025,D,
,40-42,North Street,,Leighton Buzzard,LU7 1EN,69107505,69107505,209260,2/4/2028,,
,82,Durham Road,,CHESTER LE STREET,DH3 1LU,0380102D,1591056899811,25225,1/4/2026,E,
Greystone Mill,,Feather Road,,Bradford,BD3 9DJ,0084505A,2316514420113,,15/8/2026,E,
Unit 1 & 2,,The Point,,Sleaford,NG34 8GN,03800013,1160000210692,,1/11/2025,D,
"Unit 13,Diamond Point",1,Diamond Road,,Norwich,NR6 6AW,03801201,1050001960191,4881,1/11/2025,E,
,,5A Alkmaar Way,,Norfolk,NR6 6BF,03801202,1030022068967,16973,13/3/2028,E,
,36,Frederick Street,,SUNDERLAND,SR1 1LN,0380102A,1591060012820,2716,26/6/2028,E,
,2a,Chestnut Avenue,,Derby,DE3 9HH,04028N12,1100010266880,27477,2/7/2026,E,
,17,Adelaide Row,,SEAHAM,SR7 7EF,0380102B,1591010038530,4195,2/7/2028,E,
Workshop No,2,Beech Drive,,Norwich,NR6 6RN,03801201,1012681526102,895,1/11/2025,E,
Temporary Address,,Rear Of,,London,NW11 0QB,06801204,1050000449957,,1/11/2025,D,
Royal Oak,1117,Finchley Road,,London,NW11 0QB,04800204,1015680224704,,1/11/2025,D,
Landlords Supply Block 7,,25/32 Chandos Way,,London,NW11 7HF,04807202,1012988356914,,1/11/2025,E,
The Studio East Batterlaw Farm,,The Village,,Hawthorn,SR7 8RP,03800998,1591050904420,,1/11/2025,D,
,3A,St. Peters Square,,HEREFORD,HR1 2PG,2444249409,2444249409,9968,1/5/2026,,
Dolphine Site 14946,,Chandos Way,,London,NW11 7HF,03800202,1023482637526,,1/11/2025,D,
,24,Thorndale Road,,SUNDERLAND,SR3 4JT,0380102A,1591043570910,,1/11/2025,E,
,622A-622C,Finchley Road,,London,NW11 7RR,03801201,1012989168350,4010,1/11/2025,E,
Vodafone Cell Site,,Golders Green Depot,,Chandos Way,NW11 7GF,03800202,1012988354847,,1/11/2025,D,
Gas Weiss Plumbing & Heating Ltd-Unit 2,Unit 2- 3,Idea Construction Services Ltd-Unit 3,,London,NW2 1BG,03800202,1050000253454,,1/11/2025,D,
Green Haworth Golf Club,,Accrington,,,BB5 3SL,04005014,1610022376010,33982,4/10/2026,E,
Lucky Star,11,Railway Terrace,,Sunderland,SR4 0PA,0090002C,1591051492719,,25/9/2027,E,
U13 Claremont Way,,Claremont Way,,LONDON,NW2 1BG,03800202,1012994474685,,1/11/2025,D,
Unit 15,,"Claremont Way Industrial Estate, Claremont Way",,LONDON,NW2 1BG,00800072,1023536920055,,1/11/2025,D,
Unit 19,,"Claremont Way Industrial Estate, Claremont Way",,LONDON,NW2 1BG,03800202,1012994471230,,1/11/2025,D,
Second Floor Rear,159,Brent Street,,London,NW4 4DH,03800202,1013004046820,,1/11/2025,D,
Third Floor,159,Brent Street,,London,NW4 4DH,03800202,1013004046138,,1/11/2025,D,
Accomodation,51-53,Church Road,,London,NW4 4DU,03800203,1013005858074,,1/11/2025,D,
,51-53,Landlords Supply,,LONDON,NW4 4DU,03801201,1023509512101,,1/11/2025,D,
,,Wolmley Wall Coverings,,Sutton Coldfield,B76 1NR,03801N12,1417333731004,23116,25/2/2027,E,
,,Hepworth Road,,SUNDERLAND,SR5 3JT,0380102B,1580000586130,28017,2/11/2025,E,
Flat B,53,Church Road,,LONDON,NW4 4DU,03801201,1023545920887,,1/11/2025,E,
LA Toscanina,25,Derwent Street,,Sunderland,SR1 3NU,0380102D,1591038651530,59376,28/4/2026,E,
,57,Church Road,,London,NW4 4DU,03801201,1013005859227,,1/11/2025,E,
,269,Kingsbury Road,,London,NW9 8UG,03801201,1012840166077,41978,1/11/2025,E,
,28,Fryers Entry,,OXFORD,OX1 2BY,03801H08,2000008607897,14770,1/11/2025,D,
Catholic Youth Club,,Upper Sans Street,,Sunderland,SR1 1HG,0451104A,1591152016408,,1/11/2025,E,
,,Banbury Road,,Banbury,OX16 7RX,05800021,1427400200001,,1/11/2025,D,
Network House,,Station Yard,,Thame,OX9 3UH,03800204,1012450492026,,1/11/2025,D,
,321-323,Bearwood Road,,SMETHWICK,B66 4DP,03801007,1411287360003,1632,6/9/2027,E,
,323,Lincoln Road,,PETERBOROUGH,PE1 2PF,03136202,1012882830387,11605,24/10/2026,E,
REAR OF,349,LINCOLN ROAD,,PETERBOROUGH,PE1 2PF,03801201,1200062021727,262,1/11/2025,E,
New England Recreation Ground,,Lincoln Road,,Peterborough,PE1 1HF,03800202,1012882851085,,1/11/2025,D,
SHEER GLAMOUR COSMETICS,28,ST. JOHNS STREET,,PETERBOROUGH,PE1 5DD,04138201,1012880703349,761,1/11/2025,D,
Unit 2,,Ethel Terrace,,Sunderland,SR5 3BQ,03800998,1580000132219,,1/11/2025,D,
"Old Queens Head,",44,Essex Road,,London,N1 8LN,61419708,61419708,44695,1/1/2026,,
,3,"Hitches Yard, Church Street",,WARE,SG12 9ES,04811204,1012768047279,33960,1/9/2027,E,
"LANDLORD SUPPLY,",,"FLAT 1A, DOLPHIN LANE",,"BOSTON,",PE21 6EU,03801013,1170001440943,,1/5/2026,E,
,461,London Road,,ISLEWORTH,TW7 4BX,03801H01,2000002962010,93,9/6/2026,E,
,,Hamels Park,,BUNTINGFORD,SG9 9NA,00900204,1014570804989,,1/8/2028,E,
,41,Saffron Court,,Basildon,SS15 6SS,03801201,1012562771819,729,1/11/2025,E,
,3,Glendower Place,,London,SW7 3DU,3320191103,3320191103,83932,22/8/2026,,
,3,Lampits Hill,,STANFORD-LE-HOPE,SS17 9AA,03801201,1012554752402,,27/2/2027,E,
Pulcinella,167,Hope Street,,Glasgow,G2 2UQ,00900D04,1800025133171,,1/4/2026,E,
Rear Of,81,Lampits Hill,,Standford-Le-Hope,SS17 9AA,03800202,1012554778163,,1/11/2025,D,
Focus Youth Centre,,Short Street,,Southend on Sea,SS2 5BY,04800203,1012534159353,,1/11/2025,D,
180-181,,Leabrook Road,,Tipton,DY4 0DY,00845N14,1417741460003,,17/6/2026,E,
Great Wyrley Working,343,Walsall Road,,Walsall,WS6 6DP,00900N14,1415283240004,,1/11/2025,D,
,12,Grainger Road Industrial Estate,,Southend-on-Sea,SS2 5DD,03801201,1012534059301,22,1/10/2026,E,
,,654-662 Sutton Road,,Southend-On-Sea,SS2 5PX,03800203,1012532215165,,1/11/2025,D,
"Unit 5A, High House Farm",,Barling Road,,Southend On Sea,SS3 0LZ,03801202,1012608271790,,1/11/2025,D,
,15,Purdeys Way,,Rochford,SS4 1ND,03800202,1023537500347,,1/11/2025,D,
,73,Queen Elizabeth Avenue,,Walsall,WS2 0BD,03801N12,1415652550000,5359,25/1/2028,E,
,8,Brunel Road,,Essex,SS7 4PW,04800200,1012598869628,,1/11/2025,D,
Unit 1,1,Heath Road,,Skegness,PE25 3ST,03801013,1100770448653,,1/11/2025,D,
2a,,Merryland,,St Ives,PE27 5ED,04811202,1012432069029,,1/11/2025,E,
8 MERRYLAND,,,,ST. IVES,PE27 5ED,03801202,1050001618730,77,28/4/2026,E,
Phase 6,,Cheapside,,Birmingham,B12 0PU,03800007,1460001355996,,1/11/2025,D,
Eastney Tavern,100,Cromwell Road,,Southsea,PO4 9PN,03104H38,2000014925505,66034,1/11/2025,E,
,,Queen Street,,WALSALL,WS2 9NU,03801N12,1420626000007,,30/11/2025,E,
,4,Staniland Court,,Peterborough,PE4 6NA,03800202,1012872023140,,1/11/2025,D,
Friends Of Animals League,,Foal Farm,,Westerham,TN16 3AX,00845071,1900060352830,,1/10/2026,E,
,168,Green Lane,,Birmingham,B36 0BU,00845N14,1425274100005,,19/7/2028,E,
,9,Hylton Road,,Sunderland,SR4 7AF,0380102A,1591060702970,,5/1/2027,E,
,25,Vikings Way,,Canvey Island,SS8 0PB,03801202,1050002156460,12473,6/11/2027,E,
,23-24,Vikings Way,,Canvey Island,SS8 0PB,03801201,1012592693669,,1/11/2025,E,
,110,Newport Road,,Newport,NP11 7LZ,03220N14,2199990265170,56947,28/9/2026,E,
"2, QUEENSWAY HOUSE, KINGS ROAD",2,Queensway House,,Canvey Island,SS8 0QY,03801202,1012592670661,5100,15/8/2026,E,
Beaumont Arms 2300480,,Church Lane,,Huddersfield,HD5 0BH,53228009,53228009,109705,19/2/2028,,
,36,Broadway,,Leigh On Sea,SS9 1AJ,04807202,1012523394431,159,23/8/2026,E,
,,Florida Close,,Stoke-on-Trent,ST6 2DJ,06800021,1427841000000,,1/11/2025,D,
27-29,,Mitcham Lane,,London.,SW16 6LQ,03800202,1200028863539,,1/11/2025,D,
,56,Bigland Street,,London,E1 2ND,15052702,15052702,302631,13/12/2025,,
,,27-29 Mitcham Lane,,London,SW16 6LQ,03800201,1200028863548,,1/11/2025,D,
Malvern Hills Hotel,,Jubilee Drive Upper Colvall,,Malvern,WR13 6DW,76398803,76398803,443298,1/3/2027,,
,44,Victoria Street,,Aberdeen,AB10 1XA,03801R53,1714821091501,30300,15/2/2026,E,
Empire Cinema,,Merton Road,,Watford,WD1 7BY,03136202,1012425820614,25758,9/11/2027,E,
27-29,,Mitcham Lane,,London.,SW16 6LQ,03800202,1200028863557,,1/11/2025,D,
,7,Howick Place,,LONDON,SW1P 1AA,04811204,1200060924592,,24/9/2028,E,
,241,Rosemount Place,,Aberdeen,AB25 2XX,00900S13,1714830314901,,9/8/2027,E,
Brig Inn,9,Ellon Road,,Aberdeen,AB23 8EB,03094P29,1714679972401,58689,10/7/2027,E,
Priory Street Centre,15,Priory Street,,York,YO1 1ET,18433606,18433606,196483,1/4/2026,,
Brixton Seventh-Day Adventist,,Santley Street,,London,SW4 7QG,03801202,1200036336895,,1/11/2025,D,
Bitterne Manor,,Kemp Quay Industrial Park,,Southampton,SO18 1BZ,68104505,68104505,79366,19/3/2028,,
Lethan Arms,,Cookston Road,,ABERDEEN,AB12 4PT,03801P09,1714372172505,49118,1/8/2027,E,
Brixton Seventh-Day Adventist,,Santley Street,,LONDON,SW4 7QG,03800202,1200036336910,,1/11/2025,D,
232-234,,WATERLOO STREET,,BOLTON,BL1 8HU,1454289700,1454289700,6227,12/3/2027,,
,12a,North Parade,,Bath,BA2 4AL,03801N14,2200040034582,51629,1/2/2026,E,
"Unit 8, Sutherland Court",,"Moor Park Industrial Centre, Tolpits Lane",,WATFORD,WD18 9NA,03801203,1012426523263,4341,29/11/2026,E,
,2,Market Street,,Highbridge,TA9 3BW,04574251,2200021851869,,1/11/2025,D,
Flat Above;j Wood & Co,5,Mottram Moor,,Hyde,SK14 6LA,04811004,1610002841335,205,1/11/2025,E,
,7,Market Street,,Highbridge,TA9 3BW,03800110,2200021852019,,1/11/2025,D,
,,Pottery Road,,Newton Abbot,TQ13 9JJ,03801N13,2200020367981,20007,28/3/2027,E,
Class 7 MOT Bay,,Pottery Road,,Newton Abbot,TQ13 9JJ,03801N12,2200041855014,4048,28/3/2027,E,
,120,The Gossamers,,Watford,WD25 9AD,03136204,1012420986013,54930,15/10/2027,E,
The Hollybush Hotel,,Station Lane,,Saltburn-By-The-Sea,TS12 2LR,0080002A,1591058618788,,1/11/2025,D,
,119,Oakwood Road,,St. Albans,AL2 3QB,03801201,1012471652485,2103,31/12/2025,E,
,11,Ellerbeck Court,,MIDDLESBROUGH,TS9 5PT,0380102B,1580000771049,3919,1/11/2025,E,
,33-35,High Street,,LONDON,NW10 4NE,04809203,1200037674890,13404,3/1/2026,E,
,316,Barnsley Road,,Barnsley,S72 8TD,0380102A,2334809045913,2834,13/5/2027,E,
,,Botsford Street,,Sheffield,S3 9PF,0380002D,2334351603018,,1/11/2025,D,
,73,High Street,,Sandown,PO36 0DQ,8835915306,8835915306,33507,12/3/2028,,
Bus Station Cafe,,Albion Street,,Castleford,WF10 1EG,03800999,2355530743211,,1/11/2025,D,
,4,Great Cliffe Court,,Barnsley,S75 3SP,0380102D,2380000876640,9709,1/11/2025,E,
,44,Bilston Lane,,Willenhall,WV13 2QF,03800007,1460000670023,,1/11/2025,D,
Shepwell Green Social Club,,BILSTON LANE,,WILLENHALL,WV13 2QF,03031007,1414602203003,15495,1/11/2025,D,
30095C St Mary & St John's Church,,Snow Hill,,"Wolverhampton, West Midlands,",WV2 4AD,03801007,1419278080009,,1/11/2025,D,
,790,Mandarin Court,,WARRINGTON,WA1 1GG,03801D03,1300054168456,32275,24/1/2026,E,
,18,Cross Lane,,WAKEFIELD,WF2 8DB,0380102B,2352091042010,5831,1/11/2025,E,
,,Shorts Gardens,,London,WC2H 9AU,00845071,1200010036140,,1/11/2025,E,
Cassiobury House,11-19,Station Road,,Watford,WD17 1AP,03800202,1012414146735,,1/11/2025,D,
Unit 31,,Westbrook Trading Estate,,Manchester,M17 1AY,04800591,1610027200108,,1/11/2025,D,
The Old Barn,,Roberttown Lane,,Liversedge,WF15 7LY,0380102D,2325667558210,18334,23/10/2027,E,
Unit 5,,unit 5 Brindley Road,,Coventry,CV7 9EP,03800013,1100023647386,,1/11/2025,D,
,35,Nuns Moor Road,,NEWCASTLE UPON TYNE,NE4 9AU,0380102D,1591056432403,50130,13/3/2027,E,
,18,Nuffield Way,,ABINGDON,OX14 1RL,00845H88,2000027355325,,2/1/2027,E,
24 Leisure Park,,Western Road,,Hove,BN3 1AF,03800202,1900004193462,,1/11/2025,D,
,,28-29 Western Road,,Hove,BN3 1AF,03800202,1900025373543,,1/11/2025,D,
2nd Floor,28,Western Road,,Hove,BN3 1AF,03800202,1900026373340,,1/11/2025,D,
3rd Floor,,28-29 Western Road,,Hove,BN3 1AF,03800202,1900013373846,,1/11/2025,D,
,,Culver Hill,,STROUD,GL5 5BA,67377906,67377906,122420,30/6/2026,,
,,Stambridge Road,,Rochford,SS4 2AX,63318409,63318409,80712,10/4/2026,,
Living Accommodation,107,Leeds Road,,DEWSBURY,WF12 7BU,0482902C,2352271285110,,13/5/2024,E,
The Yard,,Bird In Eye Hill,,Uckfield,TN22 5HA,03801202,1900009272091,3035,1/11/2025,E,
"MAC LTD,34A",,WATER ROYD LANE,,MIRFIELD,WF14 9SG,0481102B,2321132861911,5904,1/11/2025,E,
UNIT 3-4,,Spitfire Road,,Salisbury,SP4 6GB,00845H86,2000051245099,,3/1/2028,E,
Unit 18,,Victoria Springs Bus Park,,Liversedge,WF15 6BU,0380102B,2300000196154,14341,25/3/2027,E,
,10,Turnham Green Terrace,,London,W4 1QP,03801H02,2000000464005,7204,18/2/2027,E,
REAR OF,143,North Street,,Romford,RM1 1ED,03800203,1012512162387,,1/11/2025,D,
The Beulah Apartments,,Meadfoot Road,,Torquay,TQ1 2JP,04800210,2200019775135,,1/11/2025,D,
,120,Bradford Road,,Wakefield,WF3 2JL,0380102C,2342720654715,15583,1/11/2025,E,
,28,Queen Street,,Newton Abbot,TQ12 2EF,03800110,2200019887085,,1/11/2025,D,
,10,The Plains,,Totnes,TQ9 5DW,04800251,2200020274867,,1/11/2025,D,
Spencer's Newsagent,151,Christleton Road,,CHESTER,CH3 5TA,03801D02,1300010266026,,7/10/2027,E,
,67,Lake Lock Road,,Wakefield,WF3 4HP,0380102C,2353794564914,11519,18/7/2026,E,
Dowran,,St. Just,,Cornwall,TR19 7RS,03800110,2200023060571,,1/11/2025,D,
,,,,Perranporth,TR6 0AE,04800251,2200023550681,,1/11/2025,D,
Commerce Street,,Cuparmuir,,Cupar,KY15 5SL,00845G02,1800050567173,,10/5/2028,E,
"Unit 3, Sankey Valley Ind Est",,Junction Lane,,Newton Le Willows,WA12 8DN,03801024,1610009460686,25581,30/8/2028,E,
Henheys house,,29a Market Street,,Somt,TA18 7JU,04800210,2200014749993,,1/11/2025,D,
Export,,4 Sloway Lane,,Highbridge,TA9 3RJ,00845581,2200042361727,,1/11/2025,E,
,366,Court Oak Road,,Birmingham,B32 2DY,03800007,1418737911008,,1/11/2025,D,
,368,Court Oak Road,,Birmingham,B32 2DY,03801007,1411837911000,,1/11/2025,E,
,374,Court Oak Road,,BIRMINGHAM,B32 2DY,03800007,1415837911008,,1/11/2025,D,
,,Unit 9,,Wolverhampton,WV9 5EU,00900N13,1417697213007,,14/10/2026,E,
Sky Chinese Cuisine Limited,,20-28 Stowell Street,,Newcastle Upon Tyne,NE1 4XQ,05800998,1570000314100,,1/11/2025,D,
,,29-31 Sackville Street,,Manchester,M1 3LZ,04800661,1610000061988,,1/11/2025,D,
28-30,,Cross Street,,Tenbury Wells,WR15 8EE,03801007,1413012012008,16458,29/4/2026,E,
Unit A1,,"Sunset Business Centre, Manchester Road",,Bolton,OL1 4EB,03801204,1610001824792,7300,14/2/2027,E,
,242-244,Dalton Road,,BARROW-IN-FURNESS,LA14 1PN,03801014,1610005661768,9692,1/11/2025,E,
Mccannas,511,Holden Road,,Leigh,WN7 2JJ,03800631,1610009285075,,1/11/2025,D,
,50,Warwick Road,,KENILWORTH,CV8 1HH,04811N14,1100024305963,22859,22/11/2025,E,
"Unit 12, Schooner Park",,Schooner Court,,DARTFORD,DA2 6NW,03801203,1900090322865,44722,1/11/2025,E,
,,Helenston Farm,,Arbroath,DD9 7BD,00845001,1700052768799,,1/11/2025,E,
Brownmuir Farm,,Lochwinnoch,,Renfrewshire,PA12 4JN,03801D01,1800033984270,,1/11/2025,D,
Unit 3-4,,Raw Camps Industrial Estate,,Kirknewton,EH14 8DF,03801D01,1800030934578,393,1/11/2025,E,
Unit 7-8,,Camps Industrial Estate,,KIRKNEWTON,EH27 8DF,03801D01,1800020219550,9473,1/11/2025,E,
Unit 11,,Camps Industrial Estate,,Kirknewton,EH27 8DF,03800D01,1800020219781,,1/11/2025,D,
,20,The Shop,,SWANAGE,BH19 1BX,03801H02,2000022397552,11633,22/9/2027,E,
Top Floor Front,25,High Street Wimbledon,,London,SW19 5DX,03801202,1200027466296,1122,1/11/2025,D,
,,43a Vicrage Lane,,London,E15 4HG,01800001,1200020928871,,1/11/2025,D,
,95,Fenham Road,,London,SE15 1AE,03800202,1200026202225,,1/11/2025,D,
,95,Fenham Road,,London,SE15 1AE,03800202,1200026202234,,1/11/2025,D,
West Holme Fm Bldgs,,West Holme,,Dorset,BH20 6AQ,03801H04,2000022347028,26681,9/5/2028,E,
,95,Fenham Road,,London,SE15 1AE,03800202,1200026202243,,1/11/2025,D,
Ground Floor Unt 15,,Putney High Street,,London,SW15 1TW,03801202,1200031041650,,1/11/2025,D,
Unit 15a,,"Putney Exchange, Putney High Street",,LONDON,SW15 1TW,03801201,1200031041632,7622,1/11/2025,E,
,12-14,Claremont Road,,WEST BYFLEET,KT14 6DY,03801202,1900027058706,1832,1/11/2025,E,
Unit 23,,"Putney Exchange, Putney High Street",,LONDON,SW15 1TW,03801201,1200031041749,1470,1/11/2025,E,
,60,Parkway,,London,NW1 7AH,03800202,1200034593858,,1/11/2025,D,
,60,J Grime & Sons,,Thornton-Cleveleys,FY5 1AG,00900424,1600000023540,,1/4/2026,E,
,60,Parkway,,London,NW1 7AH,03800202,1200034593885,,1/11/2025,D,
Unit 1 Croft Court,,Sandall Carr Road,,Doncaster,DN3 1QL,0380102D,2331697124011,32994,29/6/2028,E,
,32,Firth Park Road,,SHEFFIELD,S5 6WN,8907458909,8907458909,7016,1/11/2025,,
,72,Parkway,,London,NW1 7AH,03005201,1200034594105,,5/9/2027,E,
,,17A High Street,,Royston,SG8 9AA,03801202,1012769833686,,1/11/2025,D,
,,27c Church Street,,Weybridge,KT13 8DG,03801202,1900036034144,1416,1/11/2025,E,
,,Station Lane,,Co.durham,DH2 1AJ,0090002D,1591057674300,,30/9/2026,E,
New C I S,28-44,New Street,,MOLD,CH7 1NZ,03801D03,1300009542674,2195,1/11/2025,E,
,21,Chestnut Grove,,London,SW12 8JB,04807204,1200033134387,122664,1/11/2025,E,
,36,New Street,,Mold,CH7 1NZ,03801D01,1300009542665,1605,1/11/2025,E,
,82,High Street,,Annan,DG12 6DW,8873952506,8873952506,110882,27/1/2028,,
,,Public Conveniences New St Car Park,,Mold,CH7 1NZ,04800D02,1300009542692,,1/11/2025,D,
"Park Farm Tower, Gobowen",,Park House,,Oswestry,SY11 4AT,04800D02,1300051715370,,1/11/2025,D,
,684,Alum Rock Road,,Birmingham,B8 3NU,03801007,1419512731003,13181,1/11/2025,D,
,1,Amor Way,,Letchworth Garden City,SG6 1UG,04808204,1012813971370,,13/3/2026,E,
Above Travel Agent,126,High Street,,Smethwick,B66 3AP,03800007,1416795660004,,1/11/2025,D,
Mehek Restaurant And Bar,45,"London Wall,",,"LONDON,",EC2M 5TE,3392836401,3392836401,57722,11/4/2027,,
Guru Nanak Sikh Temple,130,High Street,,Smethwick,B66 3AP,04800010,1414023103000,,1/11/2025,D,
,130,High Street,,Smethwick,B66 3AP,04800010,1412795660007,,1/11/2025,D,
,,Loxley Park,,Leek,ST13 7RU,03800007,1412876830007,,1/11/2025,D,
,,39/41 Wharncliffe Road,,Shipley,BD18 2AW,03800999,2315620561814,,1/11/2025,D,
,437,Bentley Road,,DONCASTER,DN5 9TJ,0380102A,2335257432212,80,29/9/2026,E,
Jubilee Cottages,,143 St. Andrews Road,,Lytham Saint Annes,FY8 1YB,11422105,11422105,120760,1/10/2027,,
PRINT DATA SOLUTIONS,,SINCLAIR DRIVE,,WELLINGBOROUGH,NN8 6UY,00845L02,1100039639820,,1/10/2026,E,
Unit D,12,Smithfield Street,,London,EC1A 9JX,00845072,1200060051863,,13/3/2028,E,
69b,,High Street,,Witney,OX28 6JA,03801H01,2000008985096,2248,1/11/2025,E,
Courtyard House,,The Square,,Lightwater,GU18 5SS,00845H86,2000050554348,,28/1/2028,E,
Thermotec Plastics Limited,,Electra Park Industrial Estate,,BIRMINGHAM,B6 7DZ,59522803,59522803,60532,13/3/2028,,
,55,Friern Barnet Road,,London,N11 3EG,03800203,1013023064600,,1/11/2025,D,
Unit M2,,Cherry Court Way,,Buzzard,LU7 4UH,03801202,1012381369890,18793,1/11/2025,E,
,53,St. James's Street,,Brighton,BN2 1QG,46210706,46210706,244763,18/12/2026,,
,25,Boulevard,,WESTON-SUPER-MARE,BS23 1NX,03801N13,2200012977982,18508,24/7/2028,E,
,,Cound,,Shrewsbury,SY5 6AF,05800021,1428521000001,,1/11/2025,D,
,4-6,Trelawney Road,,Newquay,TR7 2DW,04800251,2200031840298,,1/11/2025,D,
,12,Great Union Street,,Hull,HU9 1AL,0380102A,2365229535316,1466,1/11/2025,E,
,146,Bridgeman Street,,Walsall,WS2 9PG,03800007,1410673060003,,1/11/2025,D,
The Plough Inn,,Keyworth Road,,Nottingham,NG12 5QQ,04800037,1100007380904,,1/11/2025,D,
Longcliffe Farm,,Keyworth Road,,Nottingham,NG12 5QQ,03800013,1100007380870,,1/11/2025,D,
First Floor Premises,72,Hallam Fields Road,,Ilkeston,DE7 4AZ,03801013,1100011532204,235,1/11/2025,E,
THE WHITE HART PUB,0,Wrington Road,,Bristol,BS49 5AR,00845N14,2200030037860,,3/2/2026,E,
,,Hallam Fields Rd,,Ilkeston,DE7 4AZ,04800037,1100050257625,,1/11/2025,D,
,2,"Ground Floor Office, Ground Floor Office",,TONBRIDGE,TN12 6GF,03801203,1900025272385,28103,22/6/2026,E,
UNIT 3B;CARL WOODHOUSE,,Hallam Fields Road,,Ilkeston,DE7 4AZ,03801013,1100011531878,,1/11/2025,D,
,,18-20 Park Street,,Slough,SL1 1PD,03801H07,2000005786990,5178,3/6/2027,E,
,139,Ayres Road,,Manchester,M16 9WR,03801631,1610027248740,3344,1/11/2025,E,
HOLBEACH PARISH COUNCIL,11,"COUBRO CHAMBERS, WEST END",,SPALDING,PE12 7LW,04811N12,1100000514439,2604,1/11/2025,E,
,25,Burgate,,CANTERBURY,CT1 2HA,8834097102,8834097102,9638,1/5/2028,,
,35,Dundas Street,,Middlesbrough,TS1 1HR,0084502B,1591054152427,,22/2/2026,E,
,25,Wrafton Road,,Braunton,EX33 2BT,04060N14,2200014295162,11,1/11/2025,E,
,,Marsh Lane,,Boston,PE21 7ST,04800037,1100000247142,,1/11/2025,D,
The Focsle Inn,,Seaside,,Ilfracombe,EX34 0DJ,00900N14,2200030078485,,26/6/2027,E,
"1st Floor, Thurland Chambers",4,Thurland Street,,Nottingham,NG1 3DR,03801013,1100005255459,191,1/11/2025,D,
ROOF TOP CAR PARK,,Stonebow House,,YORK,YO1 7NP,03800998,1591016344290,,1/11/2025,D,
,2,Winton Street,,Saltcoats,KA21 5BN,03801D01,1800051762285,1815,1/11/2025,D,
,27,Westgate,,Tadcaster,LS24 9JB,0380102B,2344545744510,13393,3/12/2027,E,
Carnival Park,Unit 6,Carnival Close,,Basildon,SS14 3WN,00845071,1030027372530,,17/4/2027,E,
Unit 6,,Greenhough Road,,Lichfield,WS13 7AU,04811010,1412660840001,978,1/11/2025,E,
"312, MESSINGHAM ROAD",,SCUNTHORPE,,SOUTH HUMBERSIDE,DN17 2QY,03800999,2390000140576,,1/11/2025,D,
WAREHOUSE,312,MESSINGHAM ROAD,,SCUNTHORPE,DN17 2QY,03800999,2380002597954,,1/11/2025,D,
,11,Market Street,,Newton-Le-Willow,WA12 9BQ,03873004,1610009461192,5121,1/11/2025,E,
,29,29 Market Street,,Newton-Le-Willows,WA12 9BQ,03801131,1610009461262,6723,1/11/2025,D,
,74,Narborough Road,,LEICESTER,LE3 0BS,03801N14,1100014215772,,1/11/2025,E,
,86-88,Narborough Road,,LEICESTER,LE3 0BS,03800013,1130000061533,,1/11/2025,D,
Unit 5,,Commondale Way,,Bradford,BD4 6SF,0380102D,2300000300728,22163,22/2/2027,E,
,37,Market Hall,,Doncaster,DN1 1NG,0380102C,2333568753913,19291,1/11/2025,D,
,,Parsons Bank,,WELSHPOOL,SY21 0RR,04044D03,1300013038065,,2/7/2028,E,
Landlords,23,High Street,,Nottingham,NG10 1HY,03801013,1170001546481,688,1/11/2025,E,
,405,Tong Street,,Bradford,BD4 6LY,0380102B,2312103607215,8645,17/7/2027,E,
,60,Stockport Road,,Manchester,M12 6AL,03801131,1610000439853,8601,1/11/2025,D,
,8,Davis Way,,Fareham,PO14 1JF,04076140,2000013703048,,1/11/2025,D,
,,"Unit 1, Shogan House",,Fareham,PO14 1JF,03801H06,2000013703093,3449,1/11/2025,E,
The Greyhound Inn,,Keymer Road,,Hassocks,BN6 8QT,00900204,1900043428275,,1/3/2027,E,
Flat 2,36,CENTRAL AVENUE,,NOTTINGHAM,NG7 7AF,01801001,1100005648401,16774,1/11/2025,E,
,963,Atherton Road,,Wigan,WN2 4TA,04811024,1610011275500,37012,2/4/2027,E,
,6,Cooke Close,,Lowestoft,NR33 7NW,04807201,1012701815551,4209,5/2/2028,E,
,12,The Pavement,,London,SW4 0HY,03801202,1200037125020,,1/11/2025,D,
,16,The Pavement,,London,SW4 0HY,03801201,1200037125118,13545,5/2/2026,E,
Regency Hair Fashions,106,Highgate,,Kendal,LA9 4HE,03800631,1610005105229,,1/11/2025,D,
,15,The Pavement,,London,SW4 0HY,03801202,1200037125093,17091,1/3/2026,D,
,45,Leigh Road,,WIGAN,WN2 4SZ,04811661,1610011272216,2825,17/8/2027,E,
"YARD ADJ TO, 7A",,GILSTON ROAD,,SALTASH,PL12 6TW,03801110,2200043234115,,1/11/2025,E,
Unit 7,,SELLICK IND UNITS,,Saltash,PL12 6TW,03800110,2200016238635,,1/11/2025,D,
,19,Quay Street,,Woodbridge,IP12 1BX,04139202,1012905893173,82496,20/3/2026,E,
BASEMENT OFFICE,23,GREEN PARK,,BATH,BA1 1HZ,03800110,2200043169974,,1/11/2025,D,
,203,Holburn Street,,Aberdeen,AB10 6BL,03094R67,1714772423509,23794,26/4/2026,E,
Unit 2,,Hopton Court,,Devizes,SN10 2EU,03801H07,2000006603906,2847,1/11/2025,E,
,18,Newtown,,Barnoldswick,BB18 5UQ,0487402D,2315852841510,32325,20/7/2026,E,
,13,Southside Street,,Plymouth,PL1 2LA,03800110,2200010300190,,1/11/2025,D,
,13,Southside Street,,Plymouth,PL1 2LA,03801N14,2200041139081,,1/11/2025,D,
,,58/59 Southside Street,,Plymouth,PL1 2LA,03800110,2200031951366,,1/11/2025,D,
,,Pk Road,,Spalding,PE12 7EE,04811037,1100000509173,,1/11/2025,D,
Park Hall,,Park Road,,Spalding,PE12 7EE,03801013,1100000508861,310,1/11/2025,D,
Wesley Street Chambers,,Wesley Street,,Otley,LS21 1AZ,0380102C,2313390602115,8034,2/4/2026,E,
Unit 3,Non-PAF De,Station Road,,OTLEY,LS21 3HX,0380102B,2313494691114,1354,1/11/2025,E,
Portals Bar,17,Castle Street,,Aberdeen,AB11 5BQ,00800S13,1714740191950,,1/11/2025,D,
Unit 2A,,Badminton Court,,Amersham,HP7 0DD,03801204,1012955174359,40979,1/11/2025,E,
,4,Hawksworth Street,,Ilkley,LS29 9DU,0380102A,2312792492118,2324,18/10/2026,E,
,9,St. Georges Drive,,LONDON,SW1V 4DJ,62141503,62141503,154921,13/2/2028,,
,,CLARENCE STREET,,DUDLEY,DY3 1UP,03800007,1413751490008,,1/11/2025,D,
FLAT ABOVE SHOP,,CLARENCE STREET,,DUDLEY,DY3 1UP,03800007,1414751490000,,1/11/2025,D,
READ CRICKET & BOWLING CLUB,,Whalley Road,,Burnley,BB12 7PN,03801204,1610014187079,20871,1/9/2026,E,
11A Woodside Place,,,,Wembley,HA0 1UW,03801201,1012833136351,1881,1/11/2025,E,
,,Unit 11a Abbey Industrial Estate,,Wembley,HA0 1NR,03800202,1012833136583,,1/11/2025,D,
Bay 4,Unit 20a,Abbey Industrial Estate,,Wembley,HA0 1NR,04810201,1012833139575,18019,1/11/2025,E,
UNIT 3,,ABBEY INDUSTRIAL ESTATE,,WEMBLEY,HA0 1NR,03801203,1012833143483,27792,1/11/2025,E,
,,,,WISBECH,PE13 1DB,04807201,1012868145343,3558,12/9/2028,E,
"UNIT 26, ABBEY INDUSTRIAL ESTATE",,Mount Pleasant,,WEMBLEY,HA0 1NR,03800203,1012833143020,,1/11/2025,D,
New Scout Mill,,Manchester Road,,Ashton-Under-Lyne,OL5 9QN,20976902,20976902,30217,1/11/2025,,
Whitesides Buthchers,5,Market Street,,Colne,BB8 0LJ,03801024,1610014489242,17768,23/1/2026,E,
,,Walford Road,,ROSS-ON-WYE,HR9 5PQ,04024040,1418285881006,,1/11/2025,D,
,,"Woodworking Shed,Hazel Bank",,Burton-on-Trent,DE13 8PJ,00845127,1421734000000,,7/5/2026,E,
1/3,14,Park Circus,,Glasgow,G3 6AX,04800D02,1800037910021,,1/11/2025,D,
1/3,14,Park Circus,,Glasgow,G3 6AX,04800225,1800037910012,,1/11/2025,D,
,.,"Eastgate, The Energy Centre",,,LS2 7LY,8813903602,8813903602,1,1/11/2025,,
Golden Lion,,Menherion,,Redruth,TR16 6NW,00845N14,2200023819120,,13/6/2026,E,
"Daval Furniture Ltd, NGN House",,Queens Mill Road,,Huddersfield,HD1 3PG,45409309,45409309,288219,10/8/2027,,
Unit 1,,Marstone Business Park,,"Rudgate, Tockwith",YO26 7QF,0380102A,2300000465642,,1/11/2025,E,
,UNIT 14,MARSTON MOOR BUSINESS PARK,,YORK,YO26 7QF,0481102B,2380002344347,,1/11/2025,E,
WILDSCREEN MAIN BUILDING,,ANCHOR ROAD,,BRISTOL,BS1 5TT,8860263809,8860263809,493219,1/10/2026,,
Unit 04,,Marston Business Park,,York,YO26 7QF,0380002A,2300000860199,,1/11/2025,D,
,135,Central Parade,,Herne Bay,CT6 8SS,03800202,1900031176527,,1/11/2025,D,
,6,Lees Road,,Ashton-under-lyne,OL5 0PF,03801631,1610002703370,7,1/11/2025,D,
,Unit B12,Crabtree Road,,Egham,TW20 8RN,03801H06,2000060056795,288,1/11/2025,E,
"Hill Farm Orchards Ltd , Hill Farm",,Droxford Road,,Southampton,SO32 2PY,03801H06,2000023846106,1329,1/11/2025,E,
,4,Bessemer Court,,Middlesbrough,TS6 7EB,0380102B,1591047937220,1506,1/11/2025,D,
,,Stafford Park 4,,TELFORD,TF3 3BA,00900N12,1427780000003,,15/5/2026,E,
Unit 5-6,,Bessemer Court,,Middlesborough,TS6 7EB,0380102A,1591047939194,12962,22/5/2027,D,
Unit 8,,Prop Factory Deve,,Shropshire,TF1 4JD,03801007,1412021500009,4748,26/6/2026,E,
Moore's Bakery Ltd,6,Jubilee Road,,Doncaster,DN1 2UF,0084505A,2336592525516,,19/3/2026,E,
,18,Bessemer Court,,CLEVELAND,TS6 7EB,0380102B,1591046026587,9911,1/11/2025,D,
MASELEY WORKSHOPS,,Station Road,,TELFORD,TF7 5BA,03801007,1410609700003,5860,20/9/2026,E,
Unit J The Maltings,,Station Road,,Sawbridgeworth,CM21 9JX,05800204,1014571238076,,1/11/2025,D,
Carrwood House Residential Home Carwood,344,Grimesthorpe Road,,SHEFFIELD,S4 7EW,0481102C,2334541438011,64,1/11/2025,D,
Unit 5,,Mitcham Industrial Estate,,Mitcham,CR4 2AP,00845071,1200010212860,,24/11/2026,E,
Manor House,,Arksey Lane,,Doncaster,DN5 7TR,0380102A,2334967460914,52835,15/6/2026,E,
Park Club Institute,,Gurth Avenue,,Doncaster,DN3 2LP,0380102D,2331557331912,34779,30/4/2028,E,
,102,The Esplanade,,Weymouth,DT4 7EB,00845H86,2000050277373,,20/3/2026,E,
,53,Acklam Road,,Middlesbrough,TS5 5HA,0090002C,1591060668929,,18/3/2026,E,
,169,Beacon Street,,Lichfield,WS13 7BG,03801N14,1414170840005,18616,28/8/2026,E,
,,Bank Avenue,,Leeds,LS27 9JE,1842028908,1842028908,28730,18/3/2027,,
Loch Ness Holiday Park,,Invermoriston,,INVERNESS,IV63 7YE,03800P06,1712396844000,,1/11/2025,D,
,,Castle Hotel,,Bamburgh,NE69 7BW,0084505A,1591052239476,,1/8/2028,E,
,460,Greenford Road,,Greenford,UB6 8SQ,03801H04,2000001086653,64279,3/10/2027,E,
Conservative Club,1,Halton Street,,DUDLEY,DY2 0PJ,00845N14,1419280690005,,8/10/2026,E,
,88,Valley Road,,Cradley Heath,B64 7LR,03801007,1416524890009,3333,1/11/2025,E,
Sky Box Outside 2 & 4,,Galloway Street,,Ayr,KA8 9PE,03800D01,1800060296048,,1/11/2025,D,
Hay House Nursing Home,,Broadclyst,,Exeter,EX5 3JL,00845N14,2200030512617,,1/4/2028,E,
,,Barnard Road,,Bradford,BD4 7DX,0380102C,2312720411515,4780,7/4/2026,E,
,2,Morris Road,,Leicester,LE2 6BR,04800037,1100012206260,,1/11/2025,D,
PAMS FASHIONS WALL STREET,22,Bridgegate,,Irvine,KA12 8BQ,03801D01,1800017376242,64,1/11/2025,E,
Unit 3,,The Polden Business Centre,,Bridgwater,TA6 4AW,06800001,2200030372330,,1/11/2025,D,
Unit 2,,Marsh Barton Farm,,Exeter,EX3 0QH,03800110,2200018361093,,1/11/2025,D,
,20,London Road,,ATTLEBOROUGH,NR17 2BU,04808203,1012720012697,21743,10/2/2026,E,
Unit 12,,Bridgwater Court,,Weston-Super-Mare,BS24 9AY,03801N12,2200012893598,9001,1/11/2025,E,
,20,Park Street,,Bootle,L20 3DG,03801D04,1300060426096,14841,26/9/2028,E,
Unit,13,Birdgewater Court,,Weston-Super-Mare,BS24 9AY,03801N12,2200012893589,7087,1/11/2025,E,
,,Whitesands Lodge,,Penzance,TR19 7AR,02811030,2200023045341,6062,16/3/2027,E,
,Unit 10,Haverscroft Industrial Estate,,Attleborough,NR17 1YE,03801203,1050000339127,6286,2/7/2028,E,
,,Oldmixon Crescent,,Weston-super-mare,BS24 9AY,03800110,2200040102540,,1/11/2025,D,
,4,Postmill Close,,Wymondham,NR18 0NL,05801201,1012718514241,2627,22/12/2026,E,
Unit A2,,Oldmixon Crescent,,Weston Super Mare,BS24 9AX,03800110,2200012893774,,1/11/2025,D,
Unit 15,,Lye Valley Industrial Estate,,Stourbridge,DY9 8HX,03801007,1415853980002,1718,9/6/2026,E,
,228,Renfrew Street,,GLASGOW,G3 6TX,03500D04,1800025135123,32391,1/11/2025,E,
,47,Harlech Road,,OSWESTRY,SY11 2EA,2482104700,2482104700,3989,1/11/2025,,
Ayton House,5TH,Ayton Road,,WYMONDHAM,NR18 0QJ,04807204,1012719532455,30522,1/2/2027,E,
,228,Renfrew Street,,GLASGOW,G3 6TX,04516240,1800032677245,1271,1/11/2025,E,
Unit 2 Cobden Mews,90,The Broadway,,London,SW19 1RH,03801202,1200025341540,5884,25/6/2028,E,
Paul Antony Mirrors,,Station Road,,Maldon,CM9 4LQ,05123204,1014572341387,33944,1/11/2025,D,
Atlantic House,,Gates Way,,Stevenage,SG1 3HG,00800072,1014568653102,,1/11/2025,D,
Communal Supply,,59-60 St Mary Butts,,Reading,RG1 2LG,03800H06,2000052143705,,1/11/2025,D,
REFERENCE-12978,59-60,ST MARY BUTTS,,Berkshire,RG1 2LG,00845H86,2000027368148,,1/11/2025,E,
,13,Dean Road,,South Shields,NE33 3PS,0090002A,1591052421630,,1/11/2025,D,
KIOSK 1,8,STEEL CLOSE,,ST. NEOTS,PE19 8TT,03801201,1050002262822,1436,1/11/2025,E,
The Anchor Inn,,The Dene,,ALRESFORD,SO24 0BG,03105H33,2000018183848,56370,3/12/2026,E,
,413,Stratford Road,,Birmingham,B11 4JZ,03801N12,1413186711009,5510,1/11/2025,E,
,3,The Square,,WINCHESTER,SO23 9ES,04044H23,2000024620978,3180,1/11/2025,E,
,,415-417 Stratford Road,,Birmingham,B11 4JZ,03801007,1428171100002,,1/11/2025,D,
Victoria Farm,,Highcross Road,,Lutterworth,LE17 5AU,04811N14,1100018323365,55073,15/3/2027,E,
,53,,,Oakham,LE15 6AJ,03800013,1100001741107,,1/11/2025,D,
"26A, WELLINGTON ROAD","26A,",26A Wellington Road,,Rhyl,LL18 1BN,03801D01,1300009823068,14720,1/11/2025,D,
Opp Fantasy Island,,Sea Lane,,Skegness,PE25 1PG,03801N12,1100000096625,6414,1/11/2025,E,
N/A,,SECOND AVENUE,,MILTON KEYNES,MK1 1EA,74654403,74654403,37090,11/1/2027,,
,,Sea Lane,,Skegness,PE25 1PG,03800013,1100000066338,,1/11/2025,D,
,2,Orchard Road,,Royston,SG8 5HD,47200203,47200203,286086,1/11/2027,,
New Market Hall,,,,Carmarthen,SA31 1QY,03800200,2100040856625,,1/11/2025,D,
S8 Market Hall,,s8,,Carmarthen,SA31 1QY,03801200,2100040856616,1957,1/11/2025,D,
Barcourt Estate Caravan Camp,,Cliff Road,,Hornsea,HU18 1JT,0482802D,2363862057018,50843,1/10/2027,E,
H S Shop,10,The Market,,Carmarthen,SA31 1QY,03800200,2199999036430,,1/11/2025,D,
Piranel Ltd,,Stretton Hall Hotel,,Church Stretton,SY6 6HG,06800021,1428552200007,,1/11/2025,D,
,,,,BRANTHAM,CO11 1NH,06873204,1030062024106,81870,16/6/2026,E,
AMBER BEACH,2,Middlesex Road,,BEXHILL-ON-SEA,TN40 1LP,66778706,66778706,86083,1/4/2026,,
,47,Briton Street,,Leicester,LE3 0AB,03801013,1100014208288,,1/11/2025,D,
Farm Buildings,,Greenacre Farm,,Bath,BA3 4EZ,03800110,2200012050370,,1/11/2025,D,
Greenhill Leisure Products,,Harmby Road,,Leyburn,DL8 5QA,0380102C,1591054630202,21650,1/6/2027,E,
Unit 2,,Block 3 Manor Hall Road,,Brighton,BN42 4NH,03801201,1900091076418,5294,17/2/2027,E,
Knowle Grange Nurser,,"Wadhurst Road,",,Kent,TN3 9EJ,680608009,680608009,187825,20/8/2027,,
Unit 5,,Chalex Industrial Estate,,Brighton,BN42 4NH,03801202,1900091076445,6467,4/7/2027,E,
Chalex Industrial Estate,,C/o Blue Sky Windows Lt,,Brighton,BN42 4NH,05800204,1900021001208,,1/11/2025,D,
,11,Porters Field,,Dudley,DY2 7AT,03800007,1413206201006,,1/11/2025,D,
New Connection,,Dudley Compensation,,Dudley,DY2 7AT,03800007,1460002065124,,1/11/2025,D,
Unit D,5,Parade,,Exmouth,EX8 1RS,03801110,2200040241059,1564,1/11/2025,E,
,577,Foleshill Road,,Coventry,CV6 5JR,03800013,1100023540310,,1/11/2025,D,
,33,CHURCHGATE,,NOTTINGHAMSHIRE,DN22 6PA,03800013,1100003268590,,1/11/2025,D,
,24,Golf Road,,Ballater,AB35 5RE,01500100,1714243662804,5455,25/8/2027,E,
Birmingham City Council,,Hallmoor School (3),,Birmingham,B33 9SD,06800021,1423834100005,,1/11/2025,D,
Dental Surgery,104,Lea Village,,Birmingham,B33 9SD,03801N12,1410146151009,3532,12/1/2026,E,
12A,,CHURCH STREET,,WARWICK,CV34 4AB,03801N13,1100024227687,,24/1/2031,E,
The Holmes,,Clarbeston,,Dyfed,SA63 4QU,03801N14,2199999741123,42801,23/2/2027,E,
,57,Roman Road,,London,E2 0QN,03800202,1200033366061,,1/11/2025,D,
The Flat,,Savile Road,,Castleford,WF10 1PH,03800999,2355622481412,,1/11/2025,D,
71,,ROMAN ROAD,,LONDON,E2 0QN,03801202,1200033366140,3495,1/11/2025,E,
,107,Roman Road,,London,E2 0QN,03800201,1200033366568,,1/11/2025,D,
Gordon O'brien,5,Longview Drive,,Liverpool,L36 6DY,03801D01,1300001190842,827,1/11/2025,E,
,2A,Claremont Road,,Seaford,BN25 2AY,04800100,1900002284009,,1/11/2025,D,
,189,Winterbottom Avenue,,Hartlepool,TS24 9AA,0084505A,1591022952949,,16/2/2028,E,
UNIT R29,,Enterprise Zone,,Frome,BA11 2FE,03801H06,2000053971129,130,1/11/2025,E,
Common Road Social Club,,Common Road,,Pontefract,WF9 3EE,0380102C,2351622418111,5734,28/9/2026,E,
Stirchley Kebab House,1262,Pershore Road,,Birmingham,B30 2XU,03800007,1418192701003,,1/11/2025,D,
,1302,Pershore Road,,Birmingham,B30 2XU,03800007,1417387103009,,1/11/2025,D,
Workshop,,Park Mill,,Swansea,SA3 2EH,03800200,2199997449984,,1/11/2025,D,
Jon Crump Body & Paintwork,Unit 2,Neiston Street Business Centre,,Leamington Spa,CV31 2AZ,03801013,1100024448077,565,28/10/2026,E,
R J & R E Stevens & Son,,Barnamore,,Hereford,HR1 3SG,00900N12,1422401200003,,1/8/2026,E,
Unit 8 Victoria Business Cntr,,Neilston Street,,Leamington Spa,CV31 2AZ,03801013,1100024448030,13529,1/11/2025,D,
Unit 8 Victoria Business Cntr,,Neilston Street,,Leamington Spa,CV31 2AZ,03800013,1100024552326,,1/11/2025,D,
,48,Walker Street,,TELFORD,TF1 1BA,03800007,1413939000002,,1/11/2025,D,
,48,Walker Street,,Telford,TF1 1BA,03800007,1412939000000,,1/11/2025,D,
,,Pentrefelin,,Wrexham,LL13 7NB,00845D04,1300037718257,,1/10/2026,E,
,232,Whalley Rd,,Accrington,BB5 5AA,04800661,1610023891971,,1/11/2025,D,
Oak Lea,232,Whalley Road,,Accrington,BB5 5AA,04800661,1620000609876,,1/11/2025,D,
E Thomas Pant Joinery Ltd,1,Miners Road,,Wrexham,LL12 0PJ,00845G01,1300060215357,,1/11/2026,E,
,,Mill Street,,PORTH,CF39 8AF,03801200,2199994519469,3461,11/5/2028,E,
Aspley House,128,Richmond Road,,Bristol,BS6 5ER,03800110,2200017195099,,1/11/2025,D,
Flat 128,,Richmond Road,,Bristol,BS6 5ER,00845570,2200017195104,,1/11/2025,E,
Unit 3,,Halesfield 22,,Telford,TF7 4QX,03801N12,1413361800005,1368,1/11/2025,E,
,,Green Lane (Hardwicke),,Gloucester,GL2 4QA,03801N14,1418630022000,51116,10/1/2027,E,
,48,St. James Street,,Burnley,BB11 1NH,03800631,1610014801261,,1/11/2025,D,
Unit 5,,Leaton Ind Est,,Shrewsbury,SY4 3AP,03800007,1417344303000,,1/11/2025,D,
,11,Scotland Road,,NELSON,BB9 7UT,03801204,1610014344653,,1/11/2025,E,
,43,Scotland Road,,Nelson,BB9 7UT,04800591,1610014344486,,1/11/2025,D,
,47,Scotland Road,,Nelson,BB9 7UT,03800631,1610014344459,,1/11/2025,D,
Unit 1,,Alfred Street,,Westbury,BA13 3DY,03801H06,2000027929625,,1/11/2025,E,
Balloons & More,8,George Street,,Glossop,SK13 8AY,03801631,1610003292449,379,11/8/2026,E,
Pater Hall,,Dimond Street,,Pembroke Dock,SA72 6JA,03801200,2199999674406,,1/11/2025,D,
Pater Hall,,Dimond Street,,Pembroke Dock,SA72 6JA,03800200,2199999674415,,1/11/2025,D,
Factory Unit,,24A Park Road,,Ryde,PO33 1HH,00845H86,2000027437137,,2/9/2028,E,
House of Zabre,12,Union Street,,Ryde,PO33 2DU,03801H01,2000053154239,179,4/5/2026,E,
Forest House,,The Homend,,Ledbury,HR8 1AR,03800007,1410763303002,,1/11/2025,D,
Whalley Range,78,Church Street,,BURNLEY,BB12 8JQ,04800661,1610014139321,,1/11/2025,D,
,84,London Road,,Coventry,CV1 2JT,04811037,1100024042813,15849,1/11/2025,D,
Flat,,84 - 86 London Road,,Coventry,CV1 2JT,03800013,1100024042831,,1/11/2025,D,
Wigborough Manor,,,,SOUTH PETHERTON,TA13 5LP,04042N12,2200014771688,14837,1/8/2028,E,
"UNIT 69, MARSDEN MALL",,ARNDALE CENTRE,,Nelson,BB9 9SL,03801131,1610014295420,,1/11/2025,E,
,27,Bank Street,,Inverness,IV1 1QU,00845P81,1700051827478,,18/8/2026,E,
,57,Winston Road,,Barry,CF62 9ST,04811N12,2100040376693,12172,30/4/2028,E,
,44,Market Hall,,Nelson,BB9 9SL,03801631,1610014295191,13538,1/11/2025,D,
,2,Pendle Way,,Nelson,BB9 9SL,03801631,1610014295740,243,1/11/2025,E,
,,Pendle Rise Shopping Centre,,Nelson,BB9 9SL,03801631,1610014294807,,1/11/2025,E,
The Admiral Shopping Centre,5,Pendle Way,,Nelson,BB9 9SL,03800631,1610014295777,,1/11/2025,D,
,30-38,Steyne Gardens,,WORTHING,BN11 3DZ,48833708,48833708,109389,1/9/2026,,
,7,Pendal Way,,Nelson,BB9 9SL,03800631,1610014295786,,1/11/2025,D,
Lobell Leisure,,Kellock Bank,,Insch,AB52 6SN,03801P08,1700051634384,,28/2/2027,E,
,Unit 14a,The Admiral Shopping Centre,,Nelson,BB9 9SL,04813284,1610014295545,388,1/11/2025,E,
,30,Copheap Lane,,Warminster,BA12 0BG,03801H02,2000026349000,5020,29/3/2027,E,
Alford Arms,,Frithsdon,,Hemel Hempstead,HP1 3DD,8813467709,8813467709,221543,13/2/2026,,
,,Damhead Croft,,HUNTLY,AB54 7XH,03801R52,1713783085037,6593,13/2/2026,E,
,41,"MARKET HALL, ARNDALE CENTRE",,Nelson,BB9 9SL,03801131,1610014295173,15085,1/11/2025,D,
RAVENSCROFT,,Liverpool Road,,PRESTON,PR4 5HA,52388902,52388902,,1/10/2028,,
,Unit 12,Pendle Rise Shopping Centre,,Nelson,BB9 9SL,03801204,1610014295518,13538,1/11/2025,E,
Unit 21,,Arndale Centre,,Nelson,BB9 9SL,03800631,1610014295554,,1/11/2025,D,
,40,Cromer Road,,Sheringham,NR26 8RR,03801204,1012733721153,41431,9/3/2027,E,
,211,Swanshurst Lane,,Birmingham,B13 0AR,04800010,1418241911002,,1/11/2025,D,
7A,7 - 9,Union Street,,Stratford on Avon,CV37 6QT,03800007,1415547081009,,1/11/2025,D,
,,Station Street,,ROSS-ON-WYE,HR9 7AQ,03801N12,1460001866085,4802,22/1/2028,E,
Harewood End Inn,,Harewood End,,Hereford,HR2 8JT,00900N14,1422570200009,,3/12/2027,E,
,4,Avondale Road,,St Leonards -On -Sea,TN38 0SA,00845204,1900010428076,,24/4/2026,E,
Office,71A,Poulton Street,,Preston,PR4 2AJ,04800661,1610013395648,,1/11/2025,D,
,124,High Street,,RUSHDEN,NN10 0PD,03801N12,1100020862960,17625,17/11/2027,E,
ELECTRO DIESEL NORTH EAST LTD,,PORTRACK GRANGE ROAD,,STOCKTON-ON-TEES,TS18 2PH,76054501,76054501,37871,28/1/2028,,
,126,A High Street,,Rushden,NN10 0PD,03800013,1100020862988,,1/11/2025,D,
,4,South Road,,PETERHEAD,AB42 2XX,57266206,57266206,5137,29/10/2026,,
Abacus Unit 2,,Leeway Court,,NEWPORT,NP19 4SJ,03801N12,2199991344628,3617,30/9/2026,E,
,,Alma Street,,Smethwick,B66 2RL,00900633,1411888160004,,1/11/2025,E,
Sandhill Garden Centre,,Wyton Road,,Hull,HU12 8TY,0380102A,2365420457910,3162,1/3/2026,E,
ARGYLE WORKS,,ALMA STREET,,SMETHWICK,B66 2RL,03800007,1416888160003,,1/11/2025,D,
UNIT 3,,ALMA STREET,,SMETHWICK,B66 2RL,03801N12,1419888160009,,19/12/2027,E,
,,Binley Road,,Coventry,CV3 1HB,04031037,1100042000106,50720,1/11/2025,D,
"Unit 5, 1st Floor",,Abbey Park Street,,Leicester,LE4 5AF,04800037,1100012406500,,1/11/2025,D,
,30,STEYNE GARDENS,,Worthing,BN11 3DZ,48833809,48833809,103225,1/9/2026,,
"Block B, 1st Floor",,Abbey Park Street,,Leicester,LE4 5AF,04800037,1100012406608,,1/11/2025,D,
,41,Valley Road,,Stourbridge,DY9 8JG,03800007,1421710100008,,1/11/2025,D,
,30,Sackville Street,,London,W1S 3DY,62149306,62149306,1,1/11/2025,,
,27,Sea Road,,Bournemouth,BH5 1DH,03800H02,2000020394718,,1/11/2025,D,
,4,Strickland Street,,Hull,HU3 4AQ,0084502D,2366510042012,,1/6/2026,E,
,9,Sandpits Lane,,Coventry,CV6 2FR,04811037,1100023450233,,1/11/2025,D,
Unit 16a,,St Katherines Court,,Swansea,SA1 7ER,03800200,2199997705008,,1/11/2025,D,
,,220-224 Heysham Road,,Morecambe,LA3 1NL,04811024,1610023548355,57845,17/3/2026,E,
,175,Stoke Newington High Street,,LONDON,N16 0LH,03005204,1200022896645,122157,14/12/2026,E,
St Katherines Court,,"Unit 12, Clarke Way",,Swansea,SA1 7ER,04811201,2199997705062,4453,1/11/2025,E,
,,Unit 12,,Swansea,SA1 7ER,03801200,2199997704876,266,1/11/2025,E,
S J Donaldsons Butchers,98,Newland Avenue,,Hull,HU5 3AA,0090002D,2366521617012,,14/8/2026,E,
St. Lukes Court / Unit 21,,Clarke Way,,Swansea,SA1 7ER,03801200,2199997704955,25,27/6/2027,E,
OLD PREBENDAL HOUSE,,STATION ROAD,,CHIPPING NORTON,OX7 6BQ,00845H86,2000027363734,,1/4/2027,E,
,10,Union Street,,Stratford Upon Avon,CV37 6QT,03800007,1416447081005,,1/11/2025,D,
"Unit 7, Bartlett Court",,Sea King Road,,Yeovil,BA20 2NZ,03801H02,2000025947998,,14/11/2025,D,
"Unit 8, Bartlett Court",,Sea King Road,,Yeovil,BA20 2NZ,03801H02,2000025948004,,14/11/2025,D,
The Church,,,,Carmarthen,SA33 4PR,03801200,2199999092860,,1/3/2027,E,
BRICKNELL FISHERIES,280,BRICKNELL AVENUE,,HULL,HU5 4QG,0380102C,2363011955912,7483,30/6/2026,E,
Unit 25,,Bartlett Court,,Yeovil,BA20 2NZ,03801H01,2000025948193,393,1/11/2025,E,
,1,Wharf Road,,Birmingham,B11 2DX,04811010,1411602041000,,1/11/2025,D,
,,MARKET PLACE,,UTTOXETER,ST14 8HN,04800037,1100025424573,,1/11/2025,D,
Richardson Fabrication,,Skitham Lane,,Preston,PR3 6BE,03801014,1620000272998,4191,1/11/2026,E,
T/A Sunshine Stores,93,Upr Bristol Road,,Weston Super Mare,BS22 8DN,04800210,2200013152603,,1/11/2025,D,
,63,Bedford Street,,Warwick,CV32 5DN,04828037,1100024321370,31640,1/11/2025,D,
,156,Unit 1 Club Cafe,,CAMBRIDGE,CB2 8PB,00845072,1030020698160,,26/4/2028,E,
,52,Terminal House,,London,SW1W 0AW,03801204,1200027479834,32020,24/11/2026,E,
Trimmings Unit,,Coronation Street,,STOCKPORT,SK5 7PJ,00845801,1620001713105,,1/1/2028,E,
,,Sergeants Way,,BEDFORD,MK41 0EH,8831873408,8831873408,367630,1/10/2026,,
,59,Middle Street,,Yeovil,BA20 1LQ,04800140,2000026022107,,1/11/2025,D,
,13,Broad Street,,Stoke-on-Trent,ST1 4HS,03800007,1411274303005,,1/11/2025,D,
,31,Broad Street,,Stoke-On-Trent,ST1 4HS,03800007,1414648810003,,1/11/2025,D,
,,Armstrong Road,,LONDON,SE18 6RS,00845071,1200052005286,,3/6/2027,E,
Blunts Shoes,43,Broad Street,,Staffordshire,ST1 4HS,05800021,1419648810002,,1/11/2025,D,
,24,"Kepler, Lichfield Road Industrial Estate",,TAMWORTH,B79 7XE,03801N12,1100021954335,16730,9/5/2026,E,
Meltex House 61,,Lichfield Industrial Estate,,Tamworth,B79 7XE,03800013,1100770099670,,1/11/2025,D,
,5,Glenilla Road,,LONDON,NW3 4AJ,03801202,1200040291535,,13/9/2026,E,
Unit C,,Mortimer Road,,Leicester,LE19 2GA,04800037,1100018409419,,1/11/2025,D,
Ullesthorpe Garden & Aquatics Centre,,Lutterworth Road,,Lutterworth,LE17 5DR,03801013,1100018089320,,1/11/2025,D,
,5,Albert Street,,BLYTH,NE24 1LZ,9111584100,9111584100,94974,11/2/2028,,
The Royal Hotel,,Station Road,,ASHBY-DE-LA-ZOUCH,LE65 2GP,00900N13,1100039229659,,30/10/2026,E,
,2,The Crescent,,Yeovil,BA20 1XQ,03801H02,2000026014630,15097,1/11/2025,D,
Redcoats Farmhouse,,,,Hitchin,SG4 7JR,04808204,1012823109963,20249,1/9/2027,E,
Elite Academy Of Performing A,4,Sandford Street,,Lichfield,WS13 6QA,03800007,1410335303000,,1/11/2025,D,
,8,Victoria Road,,Shipley,BD18 3LA,0380102C,2300000142780,10362,1/11/2025,D,
,20,Burnley Road,,Burnley,BB12 8BX,03801131,1610014134839,,1/11/2025,D,
,,U 7 Taylor Street,,Darwen,BB3 1DQ,03800131,1610022781985,,1/11/2025,D,
,,U 9-11 Taylor Street,,Blackburn,BB3 1DQ,03800631,1610022781994,,1/11/2025,D,
,1,School St,,Wolverhampton,WV1 4LF,03800007,1411336303003,,1/11/2025,D,
,16,Wolverhampton Road,,Stafforf,ST17 4BP,03800007,1460001466771,,1/11/2025,D,
JP Auto's,1,Arch Hill Street,,Dudley,DY2 9QE,03800007,1414417303000,,1/11/2025,D,
Folly Hall Mills,,ST THOMAS ROAD,,HUDDERSFIELD,HD1 3LT,0380102B,2380001455186,5678,3/9/2027,E,
Moredon Medical Centre,,Moredon Road,,Swindon,SN2 2JG,00845H86,2000054495100,,1/7/2026,E,
"SHOP, A",241,Mere Road,,Leicester,LE5 5GS,04800037,1100012981059,,1/11/2025,D,
Unit 8,,,,Brierley Hill,DY5 1QA,03800007,1415510880008,,1/11/2025,D,
Phase 1 Industrial Estate,,Unit 11 & 12 Wallows Road,,Brierly Hill,DY5 1QA,03800007,1411810880007,,1/11/2025,D,
GROUND FLOOR,5/6,The Crescent,,Plymouth,PL1 3AB,03801110,2200010235675,15392,1/11/2025,D,
Ground Floor Shop,301,Plumstead High Street,,London,SE18 1JX,03801201,1200050967970,3556,29/4/2027,E,
Next Door To Willesden Train,1,Greater London House,,Old Oak Lane,NW10 6UD,03801201,1200024021400,13583,1/11/2025,E,
,130,New Walk,,Leicester,LE1 7JA,03800013,1100013713679,,1/11/2025,D,
,,Stuart Road,,Pontefract,WF8 4PQ,0084502D,2356531328210,,1/10/2028,E,
,4,Princes Road,,LONDON,N18 3PR,03801204,1023534798075,88996,20/1/2028,E,
Rear Bankfield House,132,New Walk,,Leicester,LE1 7JA,03800013,1100013713730,,1/11/2025,D,
,77,Regent Street,,Cambridge,CB2 1AW,04139201,1012801497554,25572,14/11/2026,E,
46a,,Rastrick Common,,Brighouse,HD6 3DR,0380102B,2324661591112,9734,24/10/2027,E,
,10,Arran way,,Birmingham,B36 0QG,03800007,1418369251008,,1/11/2025,D,
,1d,Wyatt Park Road,,LONDON,SW2 3TN,04874203,1200060953291,10056,1/11/2025,D,
,12,Arran Way,,Birmingham,B36 0QG,03800007,1417369251006,,1/11/2025,D,
,28A,Arran Way,,Birmingham,B36 0QG,03800007,1412369251007,,1/11/2025,D,
St Johns Social Centre,,Arran Way,,Birmingham,B36 0QE,03031N14,1413622351006,63048,9/1/2026,E,
THE GRANGE NURSING H,72,Upper Northam Road,,SOUTHAMPTON,SO30 4EB,00801H86,2000054424536,,1/2/2028,E,
,88,Wyndham Road,,LONDON,SE5 0UB,03835201,1200026606387,35,1/11/2025,E,
bicester court hotel,2A,Market Square,,Bicester,OX26 6AA,04108H48,2000008458408,42353,1/11/2025,D,
Antony Preston Antiques,,The Square,,Stow On The Wold,GL54 1AB,03800007,1417865871004,,1/11/2025,D,
,68,Hollyhedge Lane,,Walsall,WS2 8PZ,04807N14,1415627150008,,1/11/2025,E,
Offices Finials House,,The Square,,Cheltenham,GL54 1AF,04800010,1411775871005,,1/11/2025,D,
Glenford Grange,,Little Glen Road,,Leicester,LE2 9TW,03801013,1100014152945,1989,1/11/2025,D,
,,"Cashs Business Centre, Widdrington Road",,COVENTRY,CV1 4PB,03801N14,1100021722641,21542,1/11/2025,E,
Kebab House,83,Milkstone Road,,Rochdale,OL11 1NT,75188910,75188910,262588,5/4/2027,,
Office 1 First Floor,,30a Horsefair,,Banbury,OX16 0AE,04800010,1411105181005,,1/11/2025,D,
Sports Dispute Resolution,1,Salisbury Square,,London,EC4Y 8AE,03800203,1200023118643,,1/11/2025,D,
Office 2,,"First Floor, Stormark House",,Banbury Oxon,OX16 0AE,04800010,1412105181007,,1/11/2025,D,
Powder Coating Shop,,Copenhagen Road,,Hull,HU7 0XQ,0084505B,2366523745018,,6/3/2026,E,
Office 3 Second Floor,,,,Banbury Oxon,OX16 0AE,04800010,1413105181009,,1/11/2025,D,
Unit 2 Ten Acres End,1082,Pershore Road,,Birmingham,B30 2YG,03801N12,1414585111003,3812,1/11/2025,E,
,118,Commercial Street,,London,E1 6NF,03801202,1200041464298,11517,24/3/2026,E,
Unit 7 & 8,,Ben Turner Industrial Estate,,CHICHESTER,PO19 7ET,03801H09,2000018784130,24953,1/1/2027,E,
Block B - 2nd Floor,,Abbey Park Street,,Leicester,LE4 5AF,04800037,1100012406547,,1/11/2025,D,
Conservative Working Mens Club,15,Queen Street,,Louth,LN11 9AU,0380202C,2371112630519,25323,3/1/2026,E,
3rd Floor Block B,,Abbey Park Street,,Leicester,LE4 5AF,04800037,1100012406565,,1/11/2025,D,
,5,St Saviours Road,,East Sussex,TN38 0AS,666721102,666721102,35816,1/11/2025,,
Unit 1a,,Abbey Park Street,,Leicester,LE4 5AF,03800013,1100012276417,,1/11/2025,D,
UNIT L Trinity Trading Estate,,Tribune Drive,,SITTINGBOURNE,ME10 2PG,9151252009,9151252009,25016,18/3/2028,,
,104,Palace Gardens Terrace,,London,W8 4RT,03801203,1200026830531,3637,29/8/2027,E,
Sangra Building,,Abbey Park Street,,Leicester,LE4 5AF,04800037,1100012406342,,1/11/2025,D,
CSANGRIA BUILDING,,Abbey Park St,,Leicester,LE4 5AF,04800037,1100050147852,,1/11/2025,D,
Block A,,Abbey Park Street,,Leicester,LE4 5AF,04800037,1100012406644,,1/11/2025,D,
Ground Floor Offices,31,Webb's Road,,London,SW11 6RU,03801201,1200040108052,10134,18/10/2027,E,
Ground Floor Block C,,Abbey Park Street,,Leicester,LE4 5AF,04800037,1100012406653,,1/11/2025,D,
Block A - Ground Floor,,Shonki Building,,Leicester,LE4 5AF,04800037,1100012406592,,1/11/2025,D,
,543,Moseley Road,,BIRMINGHAM,B12 9BU,59719800,59719800,255033,13/12/2026,,
Shonki Building,,Abbey Park Street,,Leicester,LE4 5AF,04800037,1100012406690,,1/11/2025,D,
,Unit No 2,Abbey Park Street,,Leicester,LE4 5AF,04800037,1100012406389,,1/11/2025,D,
Unit 4C,,Abbey Park Street,,Leicester,LE4 5AF,04800037,1100012406412,,1/11/2025,D,
FIRST FLOOR Unit 4c,,Abbey Park Street,,Leicester,LE4 5AF,03811013,1100012406538,17884,1/11/2025,D,
,,Broadway,,NEWCASTLE UPON TYNE,NE20 9PN,73885709,73885709,1,23/10/2026,,
Unit 6b,,Sangra Buildings,,Leicester,LE4 5AF,03800013,1100012406290,,1/11/2025,D,
"Unit 9a, Third Floor",,Abbey Park Street,,Leicester,LE4 5AF,04800037,1100012406459,,1/11/2025,D,
Unit 15A - 4th Floor,,Abbey Park Street,,Leicester,LE4 5AF,03800013,1100012406510,,1/11/2025,D,
PMA House,7,Free Church Passage,,St. Ives,PE27 5AY,03800202,1012432031070,,1/11/2025,D,
,41,Allerton Road,,Liverpool,L25 7RE,03801D03,1300003451107,,22/3/2015,E,
,Unit 3,Park 2000,,Newton Aycliffe,DL5 6AR,8935843303,8935843303,177155,20/7/2027,,
,7,Free Church Passage,,St Ives,PE27 5AY,04800200,1012432031309,,1/11/2025,D,
Shop,,Maiden Lane,,Stamford,PE9 2AZ,03801013,1160001176953,151,1/11/2025,D,
,67,Darwin Street,,Birmingham,B12 0TP,07034N13,1428852100007,48276,1/11/2025,E,
1st & 2nd Floor Flats,3,Maiden Lane,,Stamford,PE9 2AZ,04830037,1100001080876,,1/11/2025,D,
Oldwood,,Oldwood Sty Michaels,,Ternbury Wells,WR15 8TB,04800040,1411904012008,,1/11/2025,D,
Lower Plowsters,,,,Ludlow,SY8 4DG,04800010,1415937502003,,1/11/2025,D,
Dunstone Hotel,,Lower Warberry Road,,TORQUAY,TQ1 1QS,67743007,67743007,22964,1/12/2025,,
Unit 3,,Throstle Street,,Blackburn,BB2 1TQ,03801631,1610021618008,2081,25/9/2027,E,
Old Lamplight Works,,Ashcroft Road,,Liverpool,L33 7TW,03801D01,1300052601888,2432,3/6/2028,E,
,19,Chester Street,,Chester,CH4 8BL,03801D02,1300010262280,9603,8/1/2028,E,
Unit 28 Sapcote Bus park,,James Road,,Birmingham,B11 2BA,2558492003,2558492003,5621,1/11/2025,,
Top Flat,39,Sheep Street,,Northampton,NN1 2NE,03801013,1100019661342,12670,1/11/2025,D,
The Star Inn,,Bucknell Road,,Bicester,OX26 2DG,03800H32,2000008422642,,1/11/2025,D,
,,Preston Road,,BRIGHTON,BN1 6HN,649070000,649070000,30295,9/11/2027,,
Unit 16 Links Yard,,Spelman Streeet,,London,E1 5LQ,03801201,1200030081582,936,1/11/2025,E,
Northampton Ex Servicemens Clu,47,Sheep Street,,Northampton,NN1 2NE,04800037,1100019661398,,1/11/2025,D,
,37,Rodney Street,,Liverpool,L1 9EN,04512236,1300034418520,10787,14/3/2027,E,
Un 2,,Minster Ind Est,,Oxfordshire,OX29 0QS,03801H07,2000009047252,6703,11/7/2027,E,
,59,Brady Street,,LONDON,E1 5DW,03801203,1200039035361,8824,10/9/2027,E,
UNITY YOUTH & COMMUNITY CENTRE,49,Dove Street,,LIVERPOOL,L8 0UT,03801D03,1300002033538,7463,11/4/2026,E,
,1,Courthouse Lane,,London,N16 7YA,03801202,1200052016000,3,5/12/2026,E,
,69,Shakspeare Walk,,London,N16 8TB,03801202,1200037882741,3979,1/11/2025,E,
,10,New Broadway,,Worthing,BN11 4HP,04811201,1900039410461,1038,1/11/2025,E,
,41,Cropley Street,,London,N1 7HT,03801201,1200027667390,4180,27/7/2028,E,
THE STAR INN,,Main Road,,FARNHAM,GU10 5LW,03105H39,2000016957067,58373,25/4/2027,E,
,,Oldington Lane,,Kidderminster,DY11 7QN,2442592805,2442592805,6140,4/5/2027,,
,117,Kingsland High Street,,London,E8 2PB,03801203,1200032295696,78657,12/1/2026,E,
,,Outer Harbour,,PWLLHELI,LL53 5AY,04011D03,1300000468144,27271,1/11/2025,E,
,2,SYDENHAM AVENUE,,LIVERPOOL,L17 3AX,04045E01,1300003071525,48291,1/10/2027,E,
Flat 3,,Hagley Road,,Birmingham,B17 8DJ,2568830800,2568830800,1,13/4/2026,,
Addtl Landlord Supply,101,Station Road,,Llanelli,SA15 1YS,03801200,2100040837525,226,21/2/2026,E,
Fron Oleu,,,,Dolgellau,LL40 2PS,04811D01,1300010023952,2494,1/11/2025,E,
,127,Forefield Lane,,LIVERPOOL,L23 9SL,03801D02,1300000898288,,1/11/2025,E,
,,"1,Eldon Row",,Dolgellau,LL40 1PY,03801D03,1300010028019,,1/11/2025,E,
Syke Farm,,Walwyns Castle,,Haverfordwest,SA62 3DZ,04807N13,2199999463313,20820,24/12/2027,E,
"COPNOR TAKEAWAY,",147,Copnor Road,,PORTSMOUTH,PO3 5BS,8863052205,8863052205,62693,6/2/2027,,
Garage,,Rochdale Old Road,,Bury,BL9 7SD,03800631,1610028915777,,1/11/2025,D,
Inn For All Seasons,,Treleigh,,Redruth,TR16 4AP,00027N14,2200030103486,,26/2/2028,E,
Flat 3,79a,HAZELLVILLE ROAD,,,N19 3NB,03801201,1200062067100,1052,18/11/2027,E,
,,Gosford Way,,Felixstowe,IP11 9PE,03800203,1012908622359,,1/11/2025,D,
Unit 39,,Industrial Estate,,Gaerwen,LL60 6HR,03802D02,1300013418170,4988,1/11/2025,E,
,379,Denmark Road,,LONDON,SE5 9LB,04811203,1200022659473,13777,11/5/2027,E,
T A TAYLORS BAKERY,243D,Torquay Road,,PAIGNTON,TQ3 2HL,06026001,2200020788142,2004,15/1/2026,E,
Sharnbrook News,26,High street,,Milton Keynes,MK44 1PF,06800081,1160000102490,,1/11/2025,D,
Crosland Cutters Ltd,,Nimmings Road,,Halesowen,B62 9JE,03800007,1410619690008,,1/11/2025,D,
,,"Harrier Park, Southgate Way",,PETERBOROUGH,PE2 6YQ,03800202,1012876638097,,1/11/2025,D,
Furniture Systems Limited,12,Lysander Close,,Broadstairs,CT10 2YJ,00845071,1900043000112,,5/12/2026,E,
Ground Floor and Basement,88-90,Farringdon Road,,London,EC1R 3EA,03801204,1200023398571,105332,1/5/2026,E,
,42,Church Road,,Port Talbot,SA12 8ST,03800200,2199996712403,,1/11/2025,D,
,64,Putney Bridge Road,,London,SW18 1HR,64590700,64590700,67108,19/10/2027,,
,41-43,Westview Terrace,,STORNOWAY,HS1 2HP,1067603201,1067603201,19799,13/5/2027,,
,87,Parker Drive,,Leicester,LE4 0JP,07800081,1100039511136,,1/11/2025,D,
Unit 9,21,Wren Street,,London,WC1X 0HF,03801201,1200022425658,374,1/11/2025,E,
Bright House,121,Parker Drive,,Leicester,LE4 0JP,04800037,1100012267263,,1/11/2025,D,
,27,Hest Bank Lane,,LANCASTER,LA2 6DG,03801024,1610023119562,50152,6/12/2026,E,
,84,Bath Road,,Swindon,SN1 4AY,03500H04,2000012291023,64434,3/12/2026,E,
Bright House,121,Parker Drive,,Leicester,LE4 0JP,03800013,1100014645053,,1/11/2025,D,
Bright House,121,Parker Drive,,Leicester,LE4 0JP,03800013,1100014645044,,1/11/2025,D,
BEAUFORT HOUSE,,BEAUFORT ROAD,,BIRKENHEAD,CH41 1HE,03093D04,1300035362764,97860,6/3/2026,E,
Basement,13,Savile Row,,London,W1S 3NE,03801201,1200039646200,12392,6/11/2027,E,
,7,South Lane,,Waterlooville,PO8 0RB,04811H17,2000013651719,78437,2/10/2027,E,
,127,Parker Drive,,Leicester,LE4 0JP,03800013,1100025699136,,1/11/2025,D,
,17,Bark Street East,,Bolton,BL1 2BQ,04800591,1610029984390,,1/11/2025,D,
Unit C,,Gresley Road,,Keighley,BD21 5JG,0084505B,2311659068110,,11/2/2027,E,
,2,Farmer Street,,London,W8 7SN,03801201,1200022516631,29065,1/10/2026,E,
,19,Bark Street East,,Bolton,BL1 2BQ,03801631,1610029984327,2582,1/11/2025,D,
,85,Cambridge Street,,Rugby,CV21 3NH,04800037,1100025017038,,1/11/2025,D,
13-17,,Kenilworth Street,,Leamington Spa,CV32 4QS,04811037,1100024413687,6473,1/11/2025,D,
,,Unit 17 & 18,,Newport,NP11 3EH,03801N12,2199989638526,14397,10/2/2026,E,
Hanley Swan,,Malvern,,Worcs,WR8 0EQ,07800021,1429869100002,,1/11/2025,D,
,34,Francis Grove,,London,SW19 4DT,03801204,1200030558770,37291,7/12/2026,E,
,27,Cowper St,,London,EC2A 4AP,03801202,1200024600198,7925,21/8/2026,E,
,,83-85 Stanley Road,,Bournemouth,BH1 4SD,03800H07,2000020821961,,1/11/2025,D,
,,83-85 Stanley Road,,Bournemouth,BH1 4SD,04800140,2000020821952,,1/11/2025,D,
,766,Fulham Road,,London,SW6 5SJ,86755403,86755403,1149,13/8/2027,,
Night Owl,,Penally,,Tenby,SA70 7NS,03801200,2199999891938,251,1/11/2025,D,
Residential Home,71,Ronalds Road,,London,N5 1XB,03801202,1200034457000,2632,19/11/2025,E,
Flat 1 Regina House,65,Wimpole Street,,London,W1G 8AN,01801001,1200041138261,6696,1/11/2025,E,
,,Baynton Road,,Bristol,BS3 2EB,03800110,2200015749559,,1/11/2025,D,
Oxford Hotel,18-24,Penywern Road,,London,SW5 9SU,03007202,1200040113888,213110,14/9/2026,E,
Night Owl,,Penally,,Tenby,SA70 7NS,03220200,2199999891965,22323,1/11/2025,D,
Hotel Oliver,198,Cromwell Road,,London,SW5 0SN,04808204,1200030260878,41724,29/3/2027,E,
,,Baynton Road,,Bristol,BS3 2EB,04800210,2200031646491,,1/11/2025,D,
,,Eyston Arms,,Wantage,OX12 8JY,03801H03,2000009489425,114377,1/10/2028,E,
Roade Service Station,,Stratford Road,,Northampton,NN7 2NJ,03801013,1100020112398,,1/11/2025,D,
,159,Eccleshall Road,,STAFFORD,ST16 1PD,8860608,8860608,265025,7/7/2027,,
,48,Deardengate,,Rossendale,BB4 5SN,03801631,1640000889706,,1/11/2025,E,
Cafe Royal,134,Westblackhall Street,,Greenock,PA15 1XR,1049807103,1049807103,67698,1/11/2025,,
Carlyon Arms,30,Sandy Hill,,CORNWALL,PL25 3AT,04800251,2200040251289,,1/11/2025,D,
,50,Deardengate,,Rossendale,BB4 5SN,03801631,1640000889715,,30/1/2027,E,
,128,Tooley's Street,,London,SE1 2TU,513827110,513827110,60210,31/7/2027,,
,20b,Spelman Street,,LONDON,E1 5LQ,03801202,1200032301505,7331,27/8/2026,E,
Unit 2,,Market Street,,Coalville,LE67 3DX,03801013,1100018779052,183,1/11/2025,E,
Unit 9,,Market Street,,Coalville,LE67 3DX,03801013,1100018779080,156,1/11/2025,E,
,22,Bunting Road,,Northampton,NN2 6EE,04812037,1100019224692,24753,1/11/2025,D,
P M A Systems (Cradles) Ltd,72,Bunting Road,,Northampton,NN2 6EE,03801N12,1100019224860,8125,1/11/2025,E,
,7,Greyhound Road,,London,W6 8NH,03006203,1200031772403,21036,17/5/2026,E,
Spread Eagle,119,Forest Road,,Royal Tunbridge Wells,TN2 5BT,9788104,9788104,22553,1/11/2025,,
PART A;,84,LILLIE ROAD,,LONDON,SW6 1TL,03801201,1200036137957,6468,1/11/2025,E,
,82,Bunting Road,,Northamptonshire,NN2 6EE,03801013,1100019224994,678,1/11/2025,E,
STONEY WARE HOUSE,,BISHAM ROAD,,MARLOW,SL7 1RN,8843354209,8843354209,519574,1/10/2027,,
102,,BUNTING ROAD,,NORTHAMPTON,NN2 6EE,03801N12,1100019111400,577,28/8/2026,E,
,,Rotherham Minister,,Rotherham,S60 1PD,48108905,48108905,186895,1/12/2027,,
,,Turntable works,,Sowerby Bridge,HX6 1AN,0084505A,2326535390222,,10/12/2026,E,
,Unit 10,Purdy Road,,Bilston,WV14 8UB,03801N12,1410727460001,4875,1/11/2025,E,
"Unit 2, Alliance Court",,Eco Park Road,,Ludlow,SY8 1FB,03801N13,1460001462703,25306,1/11/2025,E,
Darwen Toilets,,Darwin Mills,,DARWEN,BB3 0QE,03800631,1610022124640,,1/11/2025,D,
"BUILDING SERVICES, UNIT 6",,Albert Mill,,DARWEN,BB3 0QE,03801131,1610022124631,,1/11/2025,D,
,4,bridgegate,,south yorkshire,S60 1PQ,0380102B,2330480726711,20582,12/8/2027,E,
,9,CHARLOTTE STREET,,,ZE1 0JL,03094P28,1712913265209,15,11/8/2026,E,
Unit 7C,,Lower Albert Mill,,DARWEN,BB3 0QE,03800631,1610022124701,,1/11/2025,D,
,38,South Street,,Keighley,BD21 1PF,0482802C,2311953821415,41260,25/1/2027,E,
Unit 10,,Albert Mill,,Darwen,BB3 0QE,03801631,1610023886838,,1/11/2025,D,
,7,Staple Inn,,LONDON,WC1V 7QH,03801202,1200037022690,2475,1/11/2025,E,
Unit 21B,,Lower Darwen Mill,,DARWEN,BB3 0QE,03800631,1610022124836,,1/11/2025,D,
Unit 23,,Lower Darwin Mill,,DARWEN,BB3 0QE,03800631,1610022124827,,1/11/2025,D,
,27,High Street,,Glastonbury,BA6 9DR,04807210,2200022059520,2866,19/5/2026,E,
,455,STRATFORD ROAD,,BIRMINGHAM,B11 4LD,03800007,1416876711005,,1/11/2025,D,
,47,Green Arbour Road,,Rotherham,S66 9DD,0380102C,2335590276810,6506,24/8/2026,E,
,20,Second Drove Industrial Estate,,Cambridgeshire,PE1 5XA,03801202,1012881052714,372,23/7/2026,E,
,231,Montgomery Street,,Birmingham,B11 1DS,03801N14,1415324311002,28846,22/4/2027,E,
,,31-32 Second Drove Industrial Estate,,Peterborough,PE1 5XA,03801201,1012881049260,2784,1/11/2025,E,
,6,Bell Yard,,LONDON,WC2A 2JR,03801204,1200040850402,,1/12/2027,E,
Grovelands House,,Grovelands Industrial Estate,,Coventry,CV7 9ND,00845058,1100039356278,,1/4/2026,E,
Unit,10,Second Drove,,PETERBOROUGH,PE1 5XA,03801202,1012881047885,4928,30/10/2026,E,
Unit 48,,Second Drove Industrial Estate,,Peterborough,PE1 5XA,03801201,1012881016371,353,1/11/2025,E,
4th Floor Flat,185,Wardour Street,,LONDON,W1F 8ZA,04811202,1200033549714,,1/11/2025,E,
,125,High Street,,NORTHALLERTON,DL7 8PQ,0090002D,1591021389930,,1/7/2027,E,
,,25 Frith Street,,LONDON,W1D 5LB,03802202,1200035720570,11265,18/10/2028,E,
,107,MOSTYN STREET,,LLANDUDNO,LL30 2PD,03801D02,1300013434767,4725,1/11/2025,E,
Cancer Research Campaign,217,High Street,,Northallerton,DL7 8LW,0084502D,1591014767798,,10/2/2026,E,
,.,"Lonsdale Road, The Harrodian School",,,SW13 9QN,8932501001,8932501001,62568,1/11/2027,,
,111,Mostyn Street,,LLANDUDNO,LL30 2PD,00845D03,1300008900623,,1/2/2027,E,
WESTGATE APARTMENTS,14,WESTERN GATEWAY,,LONDON,E16 1FD,03801C64,2000053723841,19153,6/7/2027,E,
Sands House,,Market Place,,Kings Lyn,PE31 8HD,03801202,1012646695599,4631,1/11/2025,E,
Sands Pharmacy,,Market Place,,Kings Lynn,PE31 8HD,03801202,1012646695367,,1/11/2025,E,
120 Queens Road,,,,Brighton,BN1 3WB,03801203,1900045351066,13540,1/11/2025,E,
,125,QUEENS ROAD,,BRIGHTON,BN1 3WB,04800203,1900013391845,,1/11/2025,D,
,125,QUEENS ROAD,,BRIGHTON,BN1 3WB,00845071,1900019390768,,20/3/2028,E,
,51,Roman Road,,LONDON,E2 0HU,9213190107,9213190107,140519,11/12/2027,,
Peveril Of The Roak,127,Great Bridgewater Street,,Manchester,M1 5JQ,04811024,1610000089520,53768,4/8/2027,E,
Unit A2,,Walsall Ent Park,,Walsall,WS2 9HQ,9130625802,9130625802,1,21/1/2026,,
Martin Pilley Services,3,Wick Industrial Estate,,Hampshire,BH25 6SJ,03801H02,2000020017157,7286,16/1/2027,E,
Broadholme Lane Caravan Park,,Swallows Nest,,BELPER,DE56 2JF,04031N14,1100770458020,37195,1/7/2026,E,
Regency House 29-32,,Oriental Place,,Brighton,BN12 2LL,00845071,1900070122246,,1/12/2026,E,
MARTIN PILLEY SERVICES,6,Martin Pilley Service,,NEW MILTON,BH25 6SJ,03801H02,2000020017184,5413,16/1/2027,E,
Martin Pilley Services,8,Uni 6- 11 Wick One Ind. Est,,New Milton,BH25 6SJ,03801H08,2000020017193,13642,16/1/2027,E,
,132,Park Lane,,Middlesbrough,TS1 3LL,0084502D,1591015582447,,15/10/2027,E,
,56,Stepney Street,,Llanelli,SA15 3TG,03801200,2199996812561,1,13/8/2026,E,
,56,Stepping Street,,Llanelli,SA15 3TG,03800200,2199996812570,,1/11/2025,D,
,55,Black Prince Road,,London,SE11 6AB,03801203,1200023103540,32556,17/3/2028,E,
,26,St. James Street,,Weston Super Mare,BS23 1ST,03801110,2200012992094,12144,1/11/2025,E,
,22-26,St James Street,,Weston-Super-Mare,BS23 1ST,03801110,2200012992058,,1/11/2025,D,
Lee Fung Chinese Take Away,100,Walton Road,,East Molesey,KT8 0DL,64267805,64267805,43069,28/9/2026,,
,26,Elswick Road,,Washington,NE37 1LH,0380102D,1591051575296,29164,14/11/2027,E,
,72,Market Street,,Hyde,SK14 1ES,04813154,1610003396529,,3/11/2024,E,
,,22-26 St. James Street,,Weston-Super-Mare,BS23 1ST,03801110,2200012992067,,1/11/2025,D,
,,22-26 St. James Street,,Weston Super Mare,BS23 1ST,03801110,2200012992085,,1/11/2025,D,
,1339,Ashton Old Road,,Manchester,M11 1JT,03801004,1610001363994,9250,1/8/2026,E,
24-26,,St. James St,,WESTON SUPER MARE,BS23 1ST,03801110,2200012992076,12944,1/11/2025,D,
,31,St James Street,,Weston Super Mare,BS23 1ST,03800110,2200012991550,,1/11/2025,D,
Mr McKee of McKee Electricals,38,St James Street,,Weston Super Mare,BS23 1ST,03800110,2200012992137,,1/11/2025,D,
"MONTE CARLO,",38,St. James Street,,Weston Super Mare,BS23 1ST,00900203,2200030036174,,1/11/2025,D,
Centenary Business Centre,,Hammond Close,,NUNEATON,CV11 6RY,04811037,1100022056424,93,1/11/2025,E,
,,"Newby Road Industrial Estate, Newby Road",,STOCKPORT,SK7 5DA,00845074,1620001095831,,1/11/2026,E,
Centenary Business Centre Unit 27,,Hammond Close,,Nuneaton,CV11 6RY,04812037,1100022056293,4673,1/11/2025,E,
,,"Unit 37, Centenary Business Centre",,NUNEATON,CV11 6RY,04812037,1100022056406,704,25/7/2026,E,
Ye Olde Carpenters Arms,9,High Street,,Newport,NP20 1FQ,03220N14,2199991343917,78822,1/10/2026,E,
,3,Hammersmith Road,,LONDON,W14 8XJ,03801204,1200042354105,40267,21/11/2026,E,
Unit 1D,,High Street Arcade,,Stone,ST15 8AU,04811010,1415828120005,2241,1/11/2025,E,
,,INSHANKS FARM,,Stranraer,DG9 9HQ,03800D03,1800016407341,,1/11/2025,D,
Sheepwash Barn,,Bedgebury Road,,Cranbrook,TN17 2RA,02811001,1900024269753,,14/12/2014,E,
Office,,59B Seamoor Road,,Bournemouth,BH4 9AE,04635141,2000021062657,,1/11/2025,E,
Haywards Heath,,West Sussex,,,RH16 2JZ,04811204,1900023355621,91686,1/1/2031,E,
Office,,59B Seamoor Road,,Bournemouth,BH4 9AE,03500H01,2000021062666,208,1/11/2025,E,
,.,"LONDON ROAD, 205",,,S2 4LJ,2154118502,2154118502,73394,15/5/2026,,
,,21-23 Ling Road,,Loughborough,LE11 2LW,8843623603,8843623603,189286,1/11/2026,,
,35-47,"Kirkgate, Hotel",,HUDDERSFIELD,HD1 1QT,71087008,71087008,376353,6/3/2028,,
Blenheim Road,,,,CARDIFF,CF2 5DR,51782901,51782901,67597,1/12/2026,,
,,61A Seamoor Road,,Bournemouth,BH4 9AE,04576140,2000021062718,10351,1/11/2025,D,
Stalls 1-2,,Guildhall Market,,Bath,BA2 4AW,03801110,2200012357339,922,1/11/2025,E,
,,Rushes Road,,Petersfield,GU32 3AR,68451605,68451605,450213,1/4/2028,,
,87,South Lambeth Road,,LONDON,SW8 1RH,8892760908,8892760908,670867,1/5/2026,,
Unit 7,,Red Lane,,Coventry,CV6 5RY,04811037,1100023724376,3738,1/11/2025,E,
,85,Station Avenue North,,HOUGHTON LE SPRING,DH4 6HT,0084502B,1591060677490,,14/11/2027,E,
Unit 30,,Irlam Business Centre,,Manchester,M44 6GP,03801631,1630000638233,3687,10/4/2026,E,
,8,De Grey Square,,Colchester,CO4 5YQ,03801203,1030081324093,14520,10/1/2026,E,
,6,Dunlop Road,,IPSWICH,IP2 0UG,03801201,1012890591508,3021,11/9/2027,E,
WALTER HOUSE,,BESSEMER WAY,,ROTHERHAM,S60 1EN,8812948305,8812948305,73592,1/4/2026,,
ALPHA CLEANING CO,2,Powell Road,,Shipley,BD18 1BD,0380102A,2315312439314,253,10/10/2028,E,
Unit 8,,Powell Road,,SHIPLEY,BD18 1BD,0380102B,2315312446613,,26/6/2026,D,
REDHURST HOTEL,27,EASTWOODMAINS ROAD,,GLASGOW,G46 6QE,51009503,51009503,151962,22/7/2026,,
Spinning Jenny Hotel,,Rimmington Avenue,,Accrington,BB5 0NP,04005164,1610022378444,12290,1/11/2025,E,
,788,Oldham Road,,Manchester,M35 9FE,03801004,1610023796592,6940,9/4/2028,E,
Bph Construction Equipment Limited,,Goose Green Lane,,Pulborough,RH20 2LW,00845071,1900019428836,,4/10/2026,E,
,,Bron Eryri Hotel,,Gwynedd,LL34 6AF,04044D02,1300009039243,34285,30/11/2027,E,
,,54 Oldfield Road,,Salford,M5 4LZ,03800631,1610018901730,,1/11/2025,D,
Water Pump,,Penrheol Fields,,CARMARTHEN,SA33 5NX,03801200,2199999015244,18,1/11/2025,E,
,51,Mott Street,,,B19 3HE,03801N13,1416495531000,22605,15/7/2026,E,
,,Church Street,,Manchester,M30 0EW,00900424,1600000068764,,29/12/2026,E,
Manor Farm Caravan Site,,Seaton Down Hill,,Seaton,EX12 2JA,00845570,2200014536459,,1/5/2027,E,
,42-44,High Street,,Stone,ST15 8AU,03801N14,1418728120005,3813,1/11/2025,E,
Office Above,42 - 44,High Street,,Staffordshire,ST15 8AU,03565007,1419728120007,15495,1/11/2025,E,
,,Riverside,,Dartford,DA4 0AE,03801202,1900034128001,32956,7/4/2026,E,
,42-44,High Street,,Stone,ST15 8AU,04536040,1410828120006,336,1/11/2025,E,
,171,Kentish Town Road,,LONDON,NW1 8PD,77984406,77984406,147217,11/11/2027,,
,30,East Street,,LONDON,SE17 2DN,03801202,1200042010400,2302,1/11/2025,E,
,111,Main Street,,Keighley,BD22 8DP,0481102A,2312655191016,1538,1/11/2025,E,
,126,LEA VILLAGE,,BIRMINGHAM,B33 9SL,03801007,1414146151006,3690,20/11/2025,E,
Manns Fireplaces,,96-98 Scotland Road,,Nelson,BB9 7XJ,03801631,1610014332579,186,1/11/2025,D,
St Thomas Church,,Clydach Road,,Tonypandy,CF40 2BD,03220200,2199994616491,2571,21/3/2028,E,
,3,Peter Street,,ALTRINCHAM,WA14 2DZ,03801204,1610027488044,27798,18/4/2027,E,
1 Meadow Court,,High Street,,Witney,OX28 6ER,04044H17,2000008986114,11766,1/11/2025,E,
Hills Butchers,2,Duke Street,,Telford,TF1 1BJ,04811N12,1417139000006,1167,1/11/2025,E,
West View Hotel,20,Revidge Road,,Blackburn,BB2 6JB,04005661,1610021721284,363,1/11/2025,E,
Monarch House,,Royal Parade,,EASTBOURNE,BN22 7LU,05802204,1900024000926,28036,1/11/2025,E,
,132,POPPLETON ROAD,,YORK,YO26 4UP,52696307,52696307,50163,21/3/2027,,
,10A,HIGH STREET,,Lincolnshire,PE25 3NW,03801N12,1100000732750,6586,1/11/2025,E,
Euro Caterers,45,Railway Street,,Manchester,M18 8FB,03801024,1610001084860,34451,13/6/2028,E,
RWD Shop Centre,2,Market Place,,RIingwood,BH24 1AW,03801H07,2000026766873,22804,1/11/2025,D,
Unit 15,,Rydons Industrial Estate,,Newton Abbot,TQ12 3SJ,03801N12,2200020043528,5309,16/4/2026,E,
66a,,Charlotte Road,,London,EC2A 3PE,03801202,1200060199807,3609,18/3/2026,E,
BARNTON CRICKET CLUB,,TOWNFIELD LANE,,NORTHWICH,CW8 4QL,03801D04,1300008363360,75172,14/10/2026,E,
,,Wharton Buildings,,Witney,OX29 0RF,03801H07,2000052453916,1071,1/9/2026,E,
,23,Downend Road,,Bristol,BS15 1RT,03800N12,2200017742591,,1/11/2025,D,
,1a,Downend Road,,Bristol,BS15 1RT,03801110,2200017742467,6307,1/11/2025,E,
,16,Commercial Square,,Leicester,LE2 7SR,80720207,80720207,104535,23/8/2026,,
,5,MIDDLE PARK WAY,,HAVANT,PO9 4AB,9181515606,9181515606,5640,2/7/2028,,
,168,Pavilion Road,,LONDON,SW1X 0AW,03800202,1200033328641,,1/11/2025,D,
First Netherton Scouts,Non-PAF De,Birch Terrace,,DUDLEY,DY2 0LJ,04811N12,1411774590008,2359,1/11/2025,E,
Sewarage Works,,East End Farm,,RADSTOCK,BA3 4LX,03801110,2200041328393,,26/7/2027,E,
,166,Keighley Road,,Bingley,BD16 2DZ,0380102B,2311256421414,6142,1/11/2025,E,
Day Nursery Adjacent Ponthir School,,Off Caerleon Rd,,Newport,NP18 1GD,03801N13,2100040487939,23330,12/7/2027,E,
,121b,Peckham High Street,,London,SE15 5SE,03801201,1200039673737,932,1/11/2025,E,
,,Store 2,,St. Neots,PE19 2AF,04800203,1012442847050,,1/11/2025,D,
1st Floor A,,No 2 Waterloo Street,,Birmingham,B2 5TP,03801N12,1460002061732,5575,1/11/2025,E,
Lndlds Sply,,Watermoor Road,,Cirencester,GL7 1LF,04811H16,2000011623490,59,17/1/2027,E,
Eastern Road Camp,,Leysdown Road,,Sheerness,ME12 4RE,03802204,1900039248365,128757,31/5/2027,E,
,,Dovenby Craggs,,Cockermouth,CA13 0PQ,04811004,1610030894355,9058,28/10/2026,E,
,,The Mount,,Newquay,TR7 1AT,03500110,2200022285071,3351,21/8/2026,E,
,62,Hinckley Road,,LEICESTER,LE3 0RD,04830037,1100014478171,20093,1/11/2025,E,
,Unit 7,Caldey Road,,Manchester,M23 9LF,00845801,1600000073550,,1/10/2026,E,
,,64-66 Hinckley Road,,Leicester,LE3 0RD,03800013,1100014478223,,1/11/2025,D,
AYLESHAM INDUSTRIAL ESTATE,H20 BUILDI,Brighouse Road,,Bradford,BD12 0NG,0084505A,2316510877014,,1/11/2025,E,
Unit 15A,,Cibyn Ind Est,,Caernarfon,LL55 2BD,03800D01,1300011815554,,1/11/2025,D,
Ghyll Royd,,Guiseley,,Leeds,LS20 9LT,0084505A,2316514058111,,22/12/2025,E,
Unit A 10,,Cibyn Industrial Estate,,Caernarfon,LL55 2BD,03801D01,1300011815475,,1/11/2025,E,
,253,Ditchling Road,,BRIGHTON,BN1 6JD,04811202,1900007375886,,16/12/2025,E,
Unit 2,,71-77 Stoney Stanton Road,,Coventry,CV1 4FW,2423165307,2423165307,7829,17/9/2026,,
,9,Luke Street,,LONDON,EC2A 4PX,03801201,1200042533162,730,6/6/2026,E,
80006 OL Queen of Martyrs Presbytery,,3 Rating Row,,Beaumaris,LL58 8AL,2704459507,2704459507,18032,1/10/2022,,
Unit 24 Sovereign Park,,Coronation Road,,London,NW10 7QP,49543210,49543210,1,21/11/2026,,
,5-9,Record Street,,London,SE15 1TL,03801204,1200041520455,31675,14/9/2028,E,
,1,Suffolk Street,,Stockton-on-Tees,TS18 4BA,0480702B,1591050038859,5526,27/9/2026,E,
,4-5,Gough Square,,LONDON,EC4A 3DE,61522106,61522106,15701,19/8/2026,,
,,Hall Drive,,Middlesbrough,TS5 7EZ,0481102B,1591021052392,22429,28/8/2027,E,
Pss (London) Limited,124,Mile End Road,,London,E1 4UN,03801204,1200029072589,58007,14/3/2026,E,
,,Unit 8,,London,SW18 1SW,628658006,628658006,1,1/11/2025,,
,,St Clements Street,,Oxford,OX4 1AB,68907308,68907308,137208,9/1/2028,,
Blessings Chinese Take Away,98,Ocker Hill Road,,TIPTON,DY4 0UW,2494093906,2494093906,58563,24/11/2026,,
,11,Atherton Way,,Brigg,DN20 8AR,0380102D,2376551160219,31227,16/6/2026,E,
,53,Bedford Hill,,LONDON,SW12 9EZ,03801201,1200028713639,341,11/4/2028,E,
J Killelea And Co Ltd,,"Stoneholme Industrial Estate,Stoneholme Road",,ROSSENDALE,BB4 8BA,55474809,55474809,1881,1/11/2025,,
,111,Town Street,,MALTON,YO17 7HD,0090002D,1591012276497,,15/5/2028,E,
,68,Elstow Road,,Bedford,MK42 9LX,2973007804,2973007804,11,1/11/2025,,
,2,Stockport Road,,Cheadle,SK8 2AA,03500004,1610028526268,10022,5/11/2025,E,
Kings Works,,Kings Road,,ULVERSTON,LA12 0BT,1527521008,1527521008,22640,7/12/2026,,
,8,New Mills Road,,HIGH PEAK,SK22 1BT,00900414,1600000044940,,16/3/2026,E,
,69,King's Cross Road,,LONDON,WC1X 9LN,03801202,1200026761222,5573,2/9/2026,E,
Basement,1,St. Thomas Street,,London,SE1 9RY,03800202,1200030800307,,1/11/2025,D,
,30,Hertford Road,,London,N1 5QT,00900204,1200061095597,,8/10/2027,E,
Unit 10,,Sun Valley Business Park,,Winchester,SO23 0LB,03801H02,2000024450739,58351,16/5/2027,E,
,,TREGONIGGIE INDUSTRIAL ESTATE,,Falmouth,TR11 4SN,8850583406,8850583406,34894,17/9/2027,,
,217-219,,,,E14 0ED,03801202,1200020021266,10458,1/11/2025,E,
Worthing Football Club,,Woodside Road,,Worthing,BN14 7HQ,03801204,1900016408970,107807,1/7/2026,E,
GRANGE HILL FARM,,Grange Hill,,Bishop Auckland,DL14 8EG,0090002D,1591019714772,,12/2/2027,E,
,,Church Street,,Weybridge,KT13 8DL,03802202,1900038033782,37190,29/4/2027,E,
N/A,7,MARINE PARADE,,DAWLISH,EX7 9DJ,8311810,8311810,194334,1/10/2026,,
Unit 3,,Northway Lane,,Tewkesbury,GL20 8JG,03800007,1460001494272,,1/11/2025,D,
THE GRAPES,164,WHITLEY ROAD,,WHITLEY BAY,NE26 2LX,0380102C,1591050371934,64605,20/10/2027,E,
,,Unit 5 Green Lane,,Tewkesbury,GL20 8HD,00845L04,1414823181001,,24/7/2026,E,
Seaton Hirst Primary Care Centre,,Norham Road,,Ashington,NE63 0NG,8831534700,8831534700,111042,21/12/2026,,
Menkind,3,Queen's Arcade,,Swansea,SA1 3QW,03801N13,2199998324423,,1/11/2025,E,
,,GILESPORTS PLC,,Swansea,SA1 3QW,03800200,2199998324450,,1/11/2025,D,
,,St. Davids Arcade,,SWANSEA,SA1 3QW,03801N13,2199998324520,12237,1/7/2027,E,
,6,Fieldhead Street,,Bradford,BD7 1LW,0380102B,2311013317010,6968,22/1/2026,E,
,10-12,Castle Street,,Tunbridge Wells,TN1 1XJ,65527709,65527709,0,16/8/2015,,
8 Fieldhead Street,,Fieldhead Business Centre,,Bradford,BD7 1LW,0380102B,2311013311018,6193,22/1/2026,E,
,615,HARROW ROAD,,London,W10 4RA,3393159502,3393159502,11525,1/11/2025,,
Unit 4E,,Snaygill Industrial Estate,,Skipton,BD23 2QR,0380102B,2314751514217,2032,1/11/2025,E,
,10,Manchester Street,,Brighton,BN2 1TF,04156202,1900042375932,897,10/10/2026,E,
Kiosk 16,,Peel Street,,Accrington,BB5 1EA,03801631,1620001080756,2242,1/11/2025,E,
The Assembly,,Spencer Street,,Leamington Spa,CV31 3NF,00845L04,1160001013423,,1/11/2025,E,
,4,Spencer Street,,Leamington Spa,CV31 3NF,04800037,1100024228166,,1/11/2025,D,
,,Spencer Street,,Leamington Spa,CV31 3NF,04800037,1100024502501,,1/11/2025,D,
,6,Knightstone Rd,,Weston-super-mare,BS23 2AN,03800110,2200013383696,,1/11/2025,D,
Unit 3C,,Temple Road,,Leicester,LE5 4JE,04032037,1100012333181,,1/11/2025,D,
,100,Lorne Road,,Leicester,LE2 1YG,03801013,1100013697246,2446,29/1/2026,E,
,4,Izons Lane Industrial Estate,,West Bromwich,B70 9BY,03801N12,1421457000000,,18/4/2026,E,
,98,Stanley Street,,Blackburn,BB1 3BW,00800801,1630000274004,,1/11/2025,D,
,98,Stanley Street,,Blackburn,BB1 3BW,03801131,1610021856405,,1/11/2025,D,
7 Old Square,25,Digbeth Square,,Walsall,WS1 1PY,03800007,1414417950009,,1/11/2025,D,
,8,Fir Vale Road,,Bournemouth,BH1 2JG,03801H07,2000021022316,27860,1/11/2025,E,
SINGH STOP,13,The Parade,,Telford,TF2 8EB,04811N13,1417557110005,16078,11/1/2026,E,
,22,Arundel Road,,Eastbourn,BN21 2EL,78834807,78834807,159989,2/5/2028,,
,46,Church Street,,LONDON,NW8 8EP,03801202,1200021306791,3965,1/11/2025,E,
,,2a Wessex Gate,,Waterlooville,PO8 9LP,00900Q04,2000015774802,,1/10/2026,E,
,,Christmas Illuminations,,Warwick,CV34 4EW,00863804,1100039931661,,1/12/2025,E,
,501,Kingsbury Road,,London,NW9 9EG,03801203,1012840215751,47328,28/8/2027,E,
,47,Holly Road,,SUFFOLK,IP5 1HX,04124202,1012906712898,4428,10/11/2025,E,
HALDEN HOUSE,59,WALTER ROAD,,SWANSEA,SA1 5PZ,04807201,2199998273595,,12/1/2026,E,
"Wise Buys, The Mobile Group",228,Colne Road,,Burnley,BB10 1DY,03801014,1610014114780,1598,3/12/2025,E,
Broadwalk 1 Cyps Office,,1 Broadwalk,,Bristol,BS1 6EE,00800203,2200030012670,,1/11/2025,D,
Bristol Knowle,,12 Broadwalk Shopping Centre,,Bristol,BS4 2QU,03801110,2200015312828,,1/11/2025,E,
Unit 24,,Braod Walk,,BRISTOL,BS4 2QU,03800110,2200015315615,,1/11/2025,D,
Hill End Campsite,,Llangennith,,Swansea,SA3 1JD,03801200,2100040797476,35776,1/10/2026,E,
,25,North Road,,London,N6 4BE,75773506,75773506,215734,1/4/2028,,
,2,High Street,,WREXHAM,LL14 4AG,2716460901,2716460901,69401,18/6/2026,,
Unit 21 Houghton Street,,Houghton Street,,West Bromwich,B70 6BW,03800007,1417333860001,,1/11/2025,D,
Unit 23,,Houghton Street,,West Bromwich,B70 6BW,03801N13,1410433860004,25,1/11/2025,E,
,75,Springbank Road,,London,SE13 6SS,922447904,922447904,38282,20/10/2028,,
Barrack Hill Primary School,,Berrycroft Lane,,STOCKPORT,SK6 3AU,9213037200,9213037200,514474,1/10/2026,,
,,"STALLS 4 & 5, MARKET HALL, KIRKGATE",,Shipley,BD18 3QU,0380102A,2315410194018,,1/11/2025,E,
,,"1,Cemetery Chapel",,Northwich,CW9 5PB,03801D04,1300060197502,,26/11/2026,E,
Stalls,39,Market Hall,,SHIPLEY,BD18 3QU,0380102B,2315410214213,4087,1/11/2025,E,
A S Poultney & Son,,New House Farm,,Wells,BA5 1PF,04574251,2200012267571,46,1/11/2025,E,
A S Poultney & Son,,New House Farm,,Wells,BA5 1PF,03500N14,2200012267580,702,1/11/2025,E,
,,PENIARTH,,LLANFYLLIN,SY22 5LS,04009D02,1300012569463,5759,1/11/2025,E,
Unit 2,,Briar Close Business Park,,Evesham,WR11 4JT,03801007,1426549100006,1370,1/11/2025,E,
Unit 21,,Briar Close,,Worcestershire,WR11 4JT,04800010,1413781081000,,1/11/2025,D,
,8,Westfield Avenue,,Goole,DN14 6JX,1898454010,1898454010,16487,5/10/2027,,
K C Motors Ltd,,Pill Road,,Dyfed,SA73 2NS,03801200,2199999579825,71,1/11/2025,E,
,,Gwaith Trin Carffosiaeth Bro Elidir,,Caernarfon,LL55 3EL,03801D02,1300013217021,317,1/11/2025,E,
,33,Linnell Way,,Kettering,NN16 8PS,04800037,1100021678258,,1/11/2025,D,
,41,Wilson Road,,CARDIFF,CF5 4LL,03801N14,2199993165264,,5/2/2026,E,
,,,,Carmarthen,SA32 7EY,03801200,2199998879530,,1/11/2025,E,
Black Lion Inn,,Cwmffrwd,,Carmarthen,SA31 2NB,03220N12,2199998865218,2579,22/4/2028,E,
,Unit 54,Haydon Industrial Estate,,Radstock,BA3 3RD,03801110,2200011983406,553,20/1/2026,E,
,17,Gnoll Park Road,,West Glamorgan,SA11 3BT,03801200,2199998658209,716,1/11/2025,E,
,3,Albion Hill,,Oswestry,SY11 1QA,03801D01,1300012669103,1924,1/11/2025,E,
,23,Greenhey Place,,Lancashire,WN8 9SA,03801014,1610010886401,21303,1/3/2027,E,
,1,Station Approach,,Kent,BR7 5NN,03801204,1200034503933,29317,26/4/2027,E,
,6,Albion Hill,,Oswestry,SY11 1QA,03801D01,1300012669238,830,1/11/2025,E,
The Nut Tree Inn,,Ebdon Road,,Weston-Super-Mare,BS22 6UN,04818251,2200030037318,,1/11/2025,E,
Maryland Farm,,Bonness On Solway,,Cumbria,CA7 5AG,04811024,1610031784306,31293,6/8/2027,E,
UNIT 12;A R AUTOS NEWTON INDUSTRIAL ESTA,,Bordesley Green,,BIRMINGHAM,B9 4TS,03801007,1416019551000,,1/11/2025,E,
TOP LOCK HOTEL,,Copthurst Lane,,CHORLEY,PR6 8LP,04005014,1610021262526,48722,11/3/2027,E,
Unit 5B,,Lion Works,,Newton,SY16 3AG,03800D01,1300050681516,,1/11/2025,D,
16C Lion Works,,Pool Road,,Newtown,SY16 3AG,00845K01,1300052995486,,1/11/2025,D,
WESTLEIGH BUSINESS PARK,4,BLABY INDUSTRIAL PARK,,LEICESTER,LE8 4GZ,03800013,1100013039715,,1/11/2025,D,
"Unit 8/A, Graves Yard Industrial Estate",96b,Upper Wickham Lane,,WELLING,DA16 3HQ,03801201,1200021356710,1352,4/9/2027,E,
,240,Grane Road,,Rossendale,BB4 4PB,04811661,1610022702947,9545,29/4/2027,E,
,250,Barrack Road,,Christchurch,BH23 2BH,03801H02,2000020278808,6588,8/2/2028,E,
Unit,42222,Gunnery Terrace,,London,SE18 6SW,03801202,1200051102183,7830,10/5/2028,E,
Holditch Site,,,,Newcastle,ST5 9JB,03800007,1417796520008,,1/11/2025,D,
GOSH TRAVIS PERKINS,,FREDERICK STREET,,Walsall,WS2 9NJ,03801007,1413473060008,56189,1/11/2025,E,
246b,,Wednesbury Road,,WALSALL,WS2 9QN,03800007,1418439250008,,1/11/2025,D,
Unit 4A,,Holland Park,,Wednesbury,WS10 8LN,03801007,1430000019526,4541,1/11/2025,E,
Unit 4,,Holland Park,,Wednesbury,WS10 8LN,03801N12,1412554550001,18019,1/11/2025,E,
,24,Catherine Street,,St. Albans,AL3 5BX,8818365502,8818365502,30418,31/5/2026,,
Musbury Fabrics,,Park Mill,,Lancashire,BB4 4NP,00845802,1600000096238,,17/2/2027,E,
Unit 6,,Holland Park,,Wednesbury,WS10 8LN,03801N13,1415554550007,41921,1/11/2025,E,
,196,Fishponds Road,,Bristol,BS5 6PU,03801N12,2200017331265,15359,10/2/2027,E,
,198,Fishponds Road,,Bristol,BS5 6PU,03801N12,2200017331274,5648,10/2/2027,E,
Methodist Church,,Fishponds Road,,Bristol,BS5 6PU,03046110,2200017331283,1448,10/12/2026,E,
Pentecostal Mission Church,,Fishponds Road,,Bristol,BS5 6PU,03046110,2200017331292,690,10/12/2026,E,
Lochranza Distillery,,Lochranza,,Isle Of Arran,KA27 8HJ,08100R99,1711738385305,258633,2/1/2027,E,
,84,Barkby Road,,LEICESTER,LE4 9LG,04811N14,1100012628827,,1/11/2025,D,
,,2 Melbourne House,,Northamptonshire,NN17 5JG,04811037,1100020364584,1636,1/11/2025,D,
,1,WESTGATE STREET,,Launceston,PL15 7AB,4208549700,4208549700,70,26/9/2026,,
1081 1083 STRATFORD ROAD,1081-1083,Stratford Road,,BIRMINGHAM,B28 8AD,03801N13,1414025551000,1258,7/7/2026,E,
,1076,Stratford Road,,Birmingham,B28 8AD,03801007,1418564741008,,1/11/2025,D,
Basement,78,Old Christchurch Road,,BOURNEMOUTH,BH1 1LR,03801H01,2000020860561,,1/11/2025,E,
CALLANDER GOLF CLUB,,Callander,,Perthshire,FK17 8EN,77257206,77257206,1,1/11/2025,,
,19,Potters Lane,,Milton Keynes,MK11 3HF,03801N12,1100015058180,3911,10/6/2026,E,
Bite Edge Precision,16,Potters Lane,,Milton Keynes,MK11 3HF,03801013,1100015058152,3008,10/3/2027,E,
Gym Office Unit 2,,Curve Court 2,,London,NW4 2AF,00900204,1030074713890,,1/1/2026,E,
,7,Hampden Way,,London,N14 5DJ,03801202,1012999948450,751,1/11/2025,E,
,,Rakehead Lane,,Bacup,OL13 0PB,03800631,1610022885258,,1/11/2025,D,
,17,Farthing Grove,,Milton Keynes,MK6 4JH,04800037,1100015389744,,1/11/2025,D,
,249,Oakeigh Road North,,London,N20 0TX,03136202,1013021349264,1,1/11/2025,E,
Unit 7,,Aston Road,,Nuneaton,CV11 5EL,03801013,1100022802475,,1/11/2025,D,
,3,High Street,,Leek,ST13 5DZ,03800007,1419291930003,,1/11/2025,D,
RJS CARBODY REPAIRS,,Oxford Road,,Llandrindod Wells,LD1 6AH,9178015301,9178015301,1,14/2/2027,,
,5,High Street,,Leek,ST13 5DZ,03801007,1413391930008,72,1/11/2025,E,
Field House,,High Street,,Leek,ST13 5DZ,04800040,1417291930000,,1/11/2025,D,
,46,Aston Road,,WATERLOOVILLE,PO7 7XJ,3964223806,3964223806,18224,26/11/2027,,
,44,Bridge Street,,Mexborough,S64 8AP,0482802C,2335870266112,15770,6/1/2027,E,
,76,Rhosmaen Street,,Llandeilo,SA19 6EN,03801200,2199998913810,265,1/11/2025,E,
Unit A,133,Rhosmaen Street,,Llandeilo,SA19 6EN,03801N12,2199998913304,2246,1/11/2025,E,
,139,Rhosmaen Street,,Llandeilo,SA19 6EN,03800200,2199998913252,,1/11/2025,D,
Studio 3,,,,Redditch,B98 0NR,03811007,1414133302001,1179,1/11/2025,E,
Siverwood Workmen & Officials Club,,Silverwood Miners Welfare,,Rotherham,S65 3ES,0090002D,2336557456017,,1/4/2026,E,
UNIT 22,,Winyates Centre,,Redditch,B98 0NR,03801007,1415433302000,,1/11/2025,D,
Round Tower Spares,,Arbury Road,,Nuneaton,CV10 7NQ,04800037,1100022503293,,1/11/2025,D,
,70,High Street,,STOKE-ON-TRENT,ST8 6AS,03801007,1418691830007,,24/3/2026,E,
,37,Brunswick Road,,Gloucester,GL1 1JQ,03800007,1419977912003,,1/11/2025,D,
,37,Rayners Lane,,HARROW,HA2 0UE,03801204,1012857273473,25366,11/12/2025,E,
,35,Sheen Lane,,London,SW14 8AB,03801203,1200042295930,8829,22/8/2026,E,
Unit 8,,Centre Park,,York,YO26 7QF,0380102A,2340981384011,418,1/11/2025,E,
Laxmi Impex Limited,123,Barkby Road,,LEICESTER,LE4 9LG,00900N12,1100039202276,,17/1/2028,E,
Gee & Bee Stores,3,The Parade,,Bingley,BD16 1RP,0380102A,2310251821219,,1/11/2025,E,
,5,The Parade,,Bingley,BD16 1RP,0380102B,2310251801018,8648,23/1/2026,E,
,1,"FIRST AVENUE, PARKLANDS MOBILE HOMES",,Scunthorpe,DN17 1SX,0084505B,2376552682010,,11/10/2026,E,
Techno Engineering Ltd,,Waterloo Industrial Estate,,Pembroke Dock,SA72 4RR,03801200,2199999665944,2683,28/2/2027,E,
,44,Oswald Road,,Scunthorpe,DN15 7PQ,0090002D,2376552226118,,28/2/2027,E,
Unit 26 Ind Est,,Bloomfield Park,,Tipton West Mids,DY4 9AH,04811010,1418342170003,1042,1/11/2025,E,
,,Leighswood Road,,WALSALL,WS9 8AB,03801007,1413562850008,108,1/11/2025,E,
,,Rowley Lane,,BARNET,EN5 3HW,00900204,1014569458330,,17/6/2027,E,
7 Davy Court,,"Castle Mound Way, Central Park",,Rugby,CV23 0UZ,03811N13,1100770405989,12656,17/1/2026,E,
,104,Bromham Road,,Bedford,MK40 2QH,04800204,1012346460268,,1/11/2025,D,
,1,West Street,,Lincolnshire,PE10 9NB,03800013,1100001269981,,1/11/2025,D,
,42,High Street,,Stamford,PE9 2LP,04031N12,1100001992879,25568,6/6/2028,E,
,,Block 2 Nightingale Vale,,LONDON,SE18 4HJ,65371109,65371109,145513,1/1/2031,,
,12,Otley Road,,Shipley,BD17 7HB,0380102B,2311590247312,2252,1/11/2025,D,
,2,Harmony Road,,St. Austell,PL26 8ES,03801N12,2200022478467,4700,30/10/2026,E,
,,Fishers Green,,STEVENAGE,SG1 2JA,00845071,1023530835635,,1/10/2027,E,
,,1a Regent Street,,Cheltenham,GL50 1JZ,06800021,1420048100007,,1/11/2025,D,
,1d,Humber Road,,London,NW2 6EG,03801202,1200036452476,1,1/11/2025,E,
,,1a Regent Arcade,,Cheltenham,GL50 1JZ,03800007,1415661071005,,1/11/2025,D,
Unit K,10,Regent Street,,Cheltenham,GL50 1JZ,03800007,1419171071002,,1/11/2025,D,
,1b,Armitage Road,,LONDON,NW11 8QB,04807202,1023545845946,5423,1/11/2025,E,
,8,The Terrace,,Penzance,TR18 2TZ,00900N13,2200023122182,,14/6/2026,E,
,,Regent Arcade Shopping Cr,,Cheltenham,GL50 1JZ,05800021,1420009100009,,1/11/2025,D,
EYRES MONSELL PRIMARY SCHOOL,,Simmins Crescent,,LEICESTER,LE2 9AH,03030N14,1100013835048,164893,9/4/2026,E,
Shop,46,Market Jew Street,,PENZANCE,TR18 2HY,00845N14,2200023122953,,1/11/2025,D,
Unit K,14,Regent Arcade,,Cheltenham,GL50 1JZ,03800007,1413271071007,,1/11/2025,D,
16A,,Russell Parade,,London,NW11 9NN,03801203,1012989690687,22421,1/12/2026,E,
Unit 19,,Newton Mearns Shopping Centre,,Glasgow,G77 6EY,03801D02,1800028830559,6280,22/8/2026,E,
Satellite House,,Bessemer Way,,Great Yarmouth,NR31 0LX,00845072,1014570805440,,11/1/2026,E,
The Boat Yard,,Treeve Lane,,Hayle,TR27 5BN,03801N12,2200023149040,10568,13/6/2027,E,
Reedsholme,,Burnley Road,,Rossendale,BB4 8EW,03801631,1610022340947,360,1/11/2025,E,
,31,Abbey Road,,Smethwick,B67 5RA,03800007,1410312960000,,1/11/2025,D,
,37,Abbey Rd,,Smethwick,B67 5RA,03800007,1415212960003,,1/11/2025,D,
,119-121,Rochdale Road,,Bury,BL9 7BA,03801131,1610028882536,66512,1/11/2025,E,
BURY TRADE FURNITURE,119-121,Rochdale Road,,Bury,BL9 7BA,04807661,1610028882545,,1/11/2025,E,
,,,,Chislehurst,BR7 6AG,04811203,1200035171520,34992,8/11/2025,E,
,,The White House,,Radstock,BA3 4UU,03801110,2200041919801,4595,1/11/2025,E,
Unit 127A,,John Wilson Business Park,,Whitstable,CT5 3QY,03801201,1900018180710,2056,26/2/2026,E,
,22,The Lea,,Stoke-On-Trent,ST4 8DY,04800010,1412858420000,,1/11/2025,D,
,32,High Street,,Broadway,WR12 7DT,03800007,1417759571006,,1/11/2025,D,
,,Forge House,,BROADWAY,WR12 7DP,04811010,1414859571006,5698,15/8/2027,E,
,58,High Street,,Broadway,WR12 7DT,03801007,1412459571000,3887,19/5/2026,E,
,64,High Street,,Broadway,WR12 7DT,03800007,1416359571002,,1/11/2025,D,
TONYS MEATS LIMITED,,TIR LLWYD INDUSTRIAL ESTATE,,CONWY,LL18 5JA,00845D04,1300053272573,,1/11/2025,E,
,,High Street,,Broadway,WR12 7DT,04800040,1416859571000,,1/11/2025,D,
UNIT 5-6,,BURNSIDE INDUSTRIAL ESTATE ROEBUCK ROAD,,ESSEX,IG6 3UG,04807202,1012508084940,10766,1/6/2026,E,
Wrightune,Unit G,Whiteley Road,,Oxford,OX10 9RG,03801H06,2000010218555,97,1/11/2025,D,
"UNIT 3 NEWTOWN STEAM MILLS,",UNIT 3,,,Gloucestershire,GL14 2JD,03801007,1418797422001,67,1/11/2025,E,
Unit 5,,Newton Road,,Gloucestershire,GL14 3JD,03801007,1410897422002,5,1/11/2025,E,
,249,Mare Street,,London,E8 3NS,03800202,1200023879827,,1/11/2025,D,
,78,Birmingham Road,,Sutton Coldfield,B72 1QR,04811N13,1416410521000,6388,1/2/2028,E,
,"4A,",Murieston Road,,Edinburgh,EH11 2JH,04001D02,1800031558166,5769,1/11/2025,E,
,7,Astley House,,Chipping Norton,OX7 5SR,03801H01,2000008815311,,1/11/2025,E,
Stall 39,,General Market,,NEATH,SA11 1DP,03801200,2199998659452,,21/7/2026,E,
,409,High Road,,Woodford Green,IG8 0XG,03801201,1200038456783,4096,14/8/2026,E,
Stall 41,,Green Street,,Neath,SA11 1DP,03800N13,2199998659443,,1/11/2025,D,
Stall 53,,Neath Market,,Neath,SA11 1DW,03800200,2199998659328,,1/11/2025,D,
,84,HIGH STREET,,LONDON,E17 7LD,03801202,1200034387141,3042,12/4/2027,E,
STAINCLIFFE ADVERTISING,938,Leeds Road,,Bradford,BD3 8EY,0380102A,2314501165014,,1/11/2025,D,
,90,Cranbrook Road,,Ilford,IG1 4NH,03801201,1200023889212,7328,9/4/2026,E,
52-54,,Whalebone Lane South,,Dagenham,RM8 1BB,03801201,1012506323378,5892,1/4/2026,E,
Unit 19,,Crofty Penclawdd,,Swansea,SA4 3RS,03801200,2199997488510,71822,1/11/2025,D,
UNIT 22,,CROFTY IND ESTATE,,PENCLAWDD,SA4 3RS,03801200,2199997488370,39637,1/11/2025,D,
Unit 20a,,Crofty Industrial Estate,,SWANSEA,SA4 3RS,03801N13,2199997488440,6715,1/11/2025,E,
Shop,334,Wolseley Road,,Plymouth,PL2 2EA,03801N13,2200010287292,48027,1/11/2025,E,
St Hildas School (Harpenden) Limited,28,Douglas Road,,HARPENDEN,AL5 2ES,04807203,1012472930598,57474,1/4/2026,E,
Unit 2,,Oughton Road,,Birmingham,B12 0DF,00900N13,1423091100002,,1/11/2025,E,
,unit 22B,Crofty Industrial Estate,,"Penclawdd, Swansea, West Glamorgan",SA4 3RS,03800200,2199997488380,,1/11/2025,D,
UNIT 50,,Crofty Industrial Estate,,Penclawdd,SA4 3RS,03801200,2199997488343,,1/11/2025,D,
,94,St Aldates,,Oxford,OX1 1BT,03800H07,2000008728467,,1/11/2025,D,
,28,Station Road,,Darlington,DL3 6SU,1319904205,1319904205,37012,11/12/2026,,
,99,St Aldates,,Oxford,OX1 1BT,04800141,2000008728607,,1/11/2025,D,
26 Oxford Road,,Penmill Trading Estate,,Yeovil,BA21 5HR,04076144,2000026164015,,1/11/2025,D,
,,Main Street,,Keighley,BD20 8TT,03800999,2314357441714,,1/11/2025,D,
2600 Parkway Court,,John Smith Drive,,Oxford,OX4 2JY,03801007,1413540431003,5065,1/11/2025,E,
Unit 1,,Claymore,,Tamworth,B77 5DQ,04800037,1100022310679,,1/11/2025,D,
,Unit 2,Galdames Place,,,CF245PF,8881799902,8881799902,46233,1/10/2027,,
Unit 4 Claymore,,Tame Valley Industrial Estate,,Tamworth,B77 5DQ,03800013,1100022310819,,1/11/2025,D,
,8,Morning Lane,,LONDON,E9 6NA,03801202,1200060890205,33080,25/8/2027,E,
Claymore,,Tame Valley Business Park,,Tamworth,B77 5DQ,04800037,1100022310702,,1/11/2025,D,
,1c,Eshton Road,,SKIPTON,BD23 3SE,0380102B,2310174833011,7206,1/4/2028,E,
Unit 2,,Viking Park,,Tamworth,B77 5DQ,03800013,1100022796867,,1/11/2025,D,
Saith Seren,,Chester Street,,Wrexham,LL13 8BG,00900D04,1300011141540,,23/1/2026,E,
Supply to 647,643-649,High Road Leyton,,LONDON,E10 6RA,03800201,1200023696972,,1/11/2025,D,
Wadderton Conference Centre,37,,,Blackwell,B60 1BL,06800021,1412302002007,,1/11/2025,D,
,47,Main Street,,Selby,YO8 6LX,0481102B,2364391844112,13085,1/9/2027,E,
Canklow Road,,,,South Yorkshire,S60 2JF,0084505A,2336551315418,,6/4/2027,E,
THE WORKSHOP,,STOKE BOTTOM FARM,,RADSTOCK,BA3 5HW,03801110,2200043028633,152,1/11/2025,E,
,15,Load Street,,BEWDLEY,DY12 2AE,05801N13,1425241200007,,19/8/2026,E,
Hamiltons Restaurant,11,Queen Street,,Carmarthen,SA31 1JR,00900N14,2199989655586,,25/12/2026,E,
Offices,48,Richmond Road,,KINGSTON UPON THAMES,KT2 5EE,03801202,1900014024210,16750,4/5/2026,E,
,,Hempstead Lane,,HAILSHAM,BN27 3PR,03800202,1900014305590,,1/11/2025,D,
Unit 6 Lincoln Road,,Pocklington Industrial Estate,,York,YO42 2NR,0380102B,2365591563011,,1/11/2025,E,
,33,Newport Road,,MILTON KEYNES,MK15 0AA,69056907,69056907,253446,17/9/2026,,
,36,HIGH STREET,,LONDON,SW19 2AB,03801202,1200038019164,3464,16/2/2026,E,
,,Castle Street,,Beaumaris,LL58 8AP,06800D04,1300035431248,,1/11/2025,D,
Cottage Gifts,10,Castle St,,Beaumaris,LL58 8AP,03800D01,1300012360022,,1/11/2025,D,
,9,BEAUMARIS,,GWYNEDD,LL58 8AP,00900D03,1300035430740,,1/11/2025,E,
Scales Farm,,Berrier,,Penrith,CA11 0XE,03801204,1610032022529,9918,8/11/2026,E,
Spinning Wheel Tea Rooms,1,Bulkeley Place,,Beaumaris,LL58 8AP,04044D02,1300012359417,6373,8/6/2027,E,
,,"Aston Business Park, Shrewsbury Avenue",,PETERBOROUGH,PE2 7BF,03801202,1030054964945,7498,16/9/2028,E,
,331,Brindle Road,,Preston,PR5 6YP,00845801,1620001491692,,15/6/2026,E,
,6,Mill Street,,Oakham,LE15 6EA,04800037,1100001746569,,1/11/2025,D,
,,Front Street,,Durham,DH6 1HD,1337832702,1337832702,23906,10/2/2027,,
,564,London Road,,ISLEWORTH,TW7 4EP,03801H03,2000002953521,41894,6/11/2026,E,
,,23b Mill Street,,Oakham,LE15 6EA,04800037,1100001746781,,1/11/2025,D,
Unit 6,Metaltech,Fowler Road,,DUNDEE,DD5 3RU,00845P81,1700050960105,,1/11/2025,E,
,UNIT 2,8 COTSWOLD BUSINESS VILLAGE,,MORETON IN MARSH,GL56 0JQ,03801N12,1470000683863,20699,1/11/2025,E,
UNIT 3 8 COTSWOLD BUSINESS VILLAGE,,LONDON ROAD,,MORETON IN MARSH,GL56 0JQ,03801007,1470000683872,3792,1/11/2025,E,
,10,Market Square,,St. Austell,PL26 6UD,03801N12,2200022572071,17433,1/10/2026,E,
,12,"Rochester Airport Industrial Estate,",,ROCHESTER,ME1 3QX,03801202,1900031150583,2927,28/1/2026,E,
,228,Upper Fifth Street,,MILTON KEYNES,MK9 2HR,4019367006,4019367006,31519,1/12/2026,,
Unit 5,73,Milton Street,,Walsall,WS1 4LA,03801007,1430000038254,52,1/11/2025,E,
,26-28,Staines Road,,Hounslow,TW3 3JS,00900Q04,2000053922655,,3/9/2028,E,
China Hong (UK) Ltd.,,1-5 Staines Road,,Hounslow,TW3 3HH,00800H86,2000027305148,,1/11/2025,D,
UNIT 4,,CWMDU INDUSTRIAL ESTATE,,WEST GLAMORGAN,SA10 6RP,03801200,2199998817190,26570,1/11/2025,E,
"Unit 4, Swallowfield Centre",,Swallowfield Way,,HAYES,UB3 1AW,03801H04,2000003225256,68884,16/5/2026,E,
,50,High Street,,Radstock,BA3 2DL,04818251,2200011913880,,1/11/2025,D,
,52a,High Street,,Radstock,BA3 2DL,03801110,2200011919233,2333,1/11/2025,E,
,447,Lady Margaret Road,,SOUTHALL,UB1 2QB,00845H86,2000051965382,,30/11/2025,E,
,,15A Bridge Street,,Denbigh,LL16 3LF,04811D01,1300009271471,212,5/2/2026,E,
The Quay Stores,,Yeatmans Old Mill,,Poole,BH15 1HA,04044H23,2000021528728,1358,15/2/2026,E,
Flr2,,Newfoundland House,,Poole,BH15 1HJ,04800140,2000021528899,,1/11/2025,D,
,70A,Stafford Street,,Willenhall,WV13 1RT,03801007,1416356750002,6805,9/2/2026,E,
Rear of 4,,BRIDGE STREET,,STOURPORT ON SEVERN,DY13 8XD,03801007,1470001410038,17,1/11/2025,E,
,42-44,COLDHARBOUR LANE,,HAYES,UB3 3EP,03801H09,2000001782556,24321,26/1/2027,E,
Brookside Pavilion,,Brookside Road,,HAYES,UB4 0PL,03801H03,2000002144702,3481,1/11/2025,E,
,79,Stafford Street,,WILLENHALL,WV13 1RT,03800007,1413256750001,,1/11/2025,D,
Unit 5,,Lanrick Road,,LONDON,E14 0JP,3235054207,3235054207,188729,25/4/2027,,
,233,Sandon Road,,Meir,ST3 7BL,04811N14,1416720230009,28993,1/9/2026,E,
,78,High Street,,BLACKBURN,BB1 4LA,03801014,1610021983229,8141,1/11/2025,E,
Martins Yard,,Astonfields Road,,STAFFORD,ST16 3UF,00845N13,1460000543130,,2/4/2027,E,
Eastern Avenue,,East Road,,Romford,RM6 6YJ,03136203,1012507552266,7609,29/5/2027,E,
,,Unit 3,,MANSFIELD,NG18 5QP,03826013,1100004399600,,23/9/2028,E,
,,Thames Road,,Barking,IG11 0ND,04808202,1200037503253,8501,28/10/2027,E,
,,Shutt Green,,Stafford,ST19 9LX,03873N12,1416493380003,,1/1/2028,E,
,80,HIGH STREET,,STOKE-ON-TRENT,ST7 1PY,03801N12,1419663210004,3113,1/11/2025,D,
,14,Eachway,,Rednal,B45 9DQ,03801N12,1412684402009,6581,26/7/2026,E,
,237-239,High Street,,Bromley,BR1 1NZ,03801202,1200037701212,38422,1/11/2025,D,
,65,Church Street,,Gainsborough,DN21 2JX,58658105,58658105,38758,8/9/2027,,
,239,High Street,,Bromley,BR1 1NZ,03801202,1200037701230,,1/11/2025,D,
Unit 17,,Wantz Road,,DAGENHAM,RM10 8PS,03801203,1012501198288,7323,25/10/2028,E,
,4,High Street,,Stoke-On-Trent,ST7 4RL,03801N14,1416404610000,18890,25/7/2027,E,
,94,Eastgate Street,,Gloucester,GL1 1QN,03800007,1411766912000,,1/11/2025,D,
Unit 1D,,Quarryfields Industrial Estate,,Warminster,BA12 6LA,04108H46,2000025575721,414,1/11/2025,E,
,94,Eastgate Street,,Gloucester,GL1 1QN,03800007,1410766912008,,1/11/2025,D,
Plot B5,,Rudford Industrial Estate,,ARUNDEL,BN18 0BF,03801H01,2000057648480,685,22/10/2026,E,
The Queen Adelaide,,High Street,,BRISTOL,BS40 7RA,00900N14,2200030040621,,15/12/2026,E,
Oastler Shopping Centre,218,John Street,,Bradford,BD1 3ST,0380102C,2300000975509,10362,1/11/2025,D,
Kickabout Area,,Brunswick Street,,Lancashire,BB9 0HT,03800631,1610014255603,,1/11/2025,D,
Second Floor,16-18,Whitechapel Road,,LONDON,E1 1EW,03801203,1200024381259,336,1/11/2025,E,
,67,High Street,,Witney,OX28 6HS,03801H01,2000008985050,1106,1/11/2025,E,
Sun Shing Chinese Take Away,94,Bridget Street,,Warwickshire,CV21 2BU,04828N13,1100025010566,11273,19/3/2026,E,
,57,Lunsford Road,,Leicester,LE5 0HW,04811037,1100014664400,2828,25/1/2028,E,
,85,DOWN ROAD,,Bristol,BS36 1BZ,4185578105,4185578105,0,3/6/2014,,
,59,Lunsford Road,,Leicestershire,LE5 0HW,04811037,1100014664385,1688,31/1/2026,E,
"Unit 1,",,Wandle Trading Estate,,Mitcham,CR4 4HW,03800203,1900013081183,,1/11/2025,D,
Cavendish Hospitality Limited,,European Design Centre,,London,NW9 5AE,3400129508,3400129508,1,19/2/2026,,
,,,,WIMBORNE,BH21 5ET,04065H19,2000026862884,34556,21/11/2027,E,
,2,Alexandra Street,,HALIFAX,HX1 1BS,0380102B,2320281770714,3463,16/6/2026,E,
Estate Office,,Wyvern Yard,,Llandrindod Wells,LD1 6NB,02809101,2199990674505,13499,1/11/2025,D,
,19,Scott Street,,HULL,HU2 8AR,8926481103,8926481103,6651,25/3/2026,,
,3c,The Ridgeway,,Iver,SL0 9HW,04811H17,2000003921511,,23/4/2026,E,
Hollins & Hollinshead,15,Beam Street,,Nantwich,CW5 5NA,04009D02,1300007839359,8402,2/9/2027,E,
,292,Promenade,,Blackpool,FY1 2EY,75920201,75920201,4146,1/11/2025,,
,57,Knowl Piece,,Hitchin,SG4 0TY,03801202,1012820911162,9499,17/1/2026,E,
Work & Leisure Shop,7,Arndale Shopping Centre,,Shipley,BD18 3QQ,0481202B,2315407951618,2451,1/11/2025,E,
ORFORD FRYER,,HOWSON ROAD,,WARRINGTON,WA2 9UB,03801D02,1300000278308,8579,29/1/2026,E,
CLUB LTD,0,Kirkham Street,,Paignton,TQ3 3AX,00900N14,2200030092480,,1/11/2025,E,
,389,Uxbridge Road,,Pinner,HA5 4JN,03136203,1012407206256,12923,23/1/2026,E,
,64,The Galleria,,Hatfield,AL10 0XY,8460022208,8460022208,220958,28/6/2027,,
Unit 1 Queensway House,,Kings Road,,CANVEY ISLAND,SS8 0QY,00900201,1012592670430,,1/11/2025,E,
Jack Pyne Partnership,,South Farm Road,,Budleigh Salterton,EX9 7AZ,00845570,2200030087986,,23/1/2026,E,
,40,Yorkway,,STOCKTON-ON-TEES,TS17 6BX,0084502D,1591059088849,,1/1/2027,E,
,14,Orchard Street,,BRISTOL,BS1 5EH,67830305,67830305,72670,21/10/2026,,
,17-23,Lancing Road,,Croydon,CR0 3EN,00900204,1900043000646,,1/10/2026,E,
,15,Olive Street,,SUNDERLAND,SR1 3PE,0084502D,1592001144562,,20/1/2027,E,
,15,Middle Road Park Gate,,Southampton,SO31 7GH,68466809,68466809,81,1/11/2025,,
Flear & Thomson,126-140,Pittencrieff Street,,Dunfermline,KY12 8AN,7601410,7601410,72915,24/10/2029,,
"Unit 12,Dalby Court",,Dalby Court,,Northwich,CW9 7TN,03801D01,1300051484046,2888,20/1/2027,E,
,37 - 39,Cambridge Street,,South Humberside,DN35 8HD,0380102A,2371431815416,3169,16/7/2026,E,
Ye Olde Bridge Inn,,Nottingham Road,,Southwell,NG25 0SE,79684909,79684909,130965,20/8/2026,,
,,Poynders Road,,London,SW4 8NX,03801203,1200034357253,4537,4/7/2027,E,
Block 18,,Amber Business Centre,,Alfreton,DE55 4BR,05801N12,1130000082630,11633,20/1/2027,E,
,9-10,Arndale Shopping Centre,,Shipley,BD18 3QQ,0481102B,2315408001815,506,12/9/2026,E,
First Floor,,3A Mitcham Road,,Croydon,CR0 3RU,03801202,1900070808185,12316,21/4/2028,E,
Unit 11,5-10,Mallard Buildings,,New Milton,BH25 6HY,03801H01,2000020043547,4915,1/11/2025,E,
BUTLER'S COTTAGE,,OTTERBURN TOWER HOTEL,,Newcastle upon Tyne,NE19 1NS,0084505A,1592001104090,,2/1/2026,E,
K T'arn,37,Horsemarket,,Barnard Castle,DL12 8LX,0380102D,1591023148065,36,24/10/2027,E,
,231,Violet Lane,,Croydon,CR0 4HN,03801204,1900029109780,26716,1/7/2026,E,
,42A,Aden Road,,Enfield,EN3 7SY,00845072,1014570850985,,1/11/2025,E,
,,1A GARRATT CLOSE,,CROYDON,CR0 4PW,03801201,1900060189119,15104,1/10/2028,E,
Camelot Castle,,Tintagel,,,PL34 0DQ,03801N14,2200022226795,129568,20/5/2027,E,
,5,York Street,,YORK,YO19 5PN,04800998,1591046348153,,1/11/2025,D,
,21,Sincil Street,,LINCOLN,LN5 7ET,03801N12,1170001074965,,29/1/2026,E,
The Otter Inn,,Weston,,HONITON,EX14 3NZ,00900203,2200030084683,,22/10/2026,E,
ENGEBRET LTD,,SANDWICK ROAD FILLING STATION,,Stornoway,HS1 2SL,03801P08,1712792951207,182497,1/10/2028,E,
,397,Lewisham High Street,,London,SE13 6PG,03801204,1200021886098,19381,30/9/2027,E,
,334A,Lewisham High Street,,London,SE13 6LE,04874203,1200021885280,34691,27/3/2026,E,
,9,Harraton Terrace,,Birtley,DH3 2QG,0380102A,1580000650089,7601,20/9/2026,E,
,.,Coomber Way,,Croydon,CR0 4TQ,00845071,1900013128103,,24/1/2026,E,
,68,Queensway,,London,W2 3RL,03801201,1200032520547,2320,16/12/2026,E,
Lvw Group Limited,,Rhosddu Industrial Estate,,Wrexham,LL11 4YL,04044D02,1300000178668,41179,25/1/2026,E,
,34,Loampit Hill,,London,SE13 7SW,03801203,1200036688838,17636,9/7/2027,E,
,568,Liverpool Road,,MANCHESTER,M44 6ZA,04811161,1610019213529,685,30/1/2027,E,
,2-8,Warwick Road,,SOLIHULL,B92 7HX,05034N13,1420037100009,38834,25/1/2026,E,
,285,Bradford Road,,Shipley,BD18 3AB,0380102A,2315707591611,177,1/11/2025,E,
OLD BREWERY,,HIGH STREET,,TADCASTER,LS24 9SB,78912105,78912105,114775,1/1/2026,,
Oaklands Residential Home,,Coed-Yr-Ynys Road,,Crickhowell,NP8 1NA,04102N14,2199990721519,,13/10/2028,E,
,,3 Lowman Green,,Tiverton,EX16 4LA,04807210,2200019295167,1633,1/11/2025,E,
,2,John Street,,Bradford,BD1 3JU,0380102A,2316106711315,5636,3/6/2027,E,
Racehorse Inn,,Wellbrook Street,,Tiverton,EX16 5JW,00845N13,2200030083012,,27/5/2028,E,
Clifford Arms,,Main Road,,Stafford,ST18 0SR,8847892202,8847892202,98403,1/1/2027,,
Old Vicarage Registered Care Home,,Vicarage Road,,Llangollen,LL20 8HF,14269902,14269902,89400,5/2/2028,,
,51,WIMPSON LANE,,SOUTHAMPTON,SO16 4QF,03801H01,2000022697686,1343,27/1/2028,E,
,88,Borough High Street,,London,SE1 1LL,00800071,1200010187052,,1/11/2025,D,
,60,Kingsbury,,Ayslesbury,HP20 2JE,03801201,1012458456460,4076,17/2/2026,E,
SYCAMORE HOUSE,,KNOWSTHORPE LANE,,LEEDS,LS9 0PJ,9164194907,9164194907,163373,17/8/2026,,
Carpenters Arms,91,Black Lion Lane,,London,W6 9BG,03801204,1200038234670,62431,8/10/2026,E,
,,1st Floor Front,,London,W4 1QP,03800H02,2000000463970,,1/11/2025,D,
,99,Uxbridge Road,,London,W12 9DT,03801202,1200032983914,3639,18/9/2026,E,
Quayside Exchange,197,High Street East,,Sunderland,SR1 2AX,0084505A,1507488369994,,1/11/2025,E,
,53,All Saints Road,,Wolverhampton,WV2 1EG,00900N14,1412791770008,,25/9/2027,E,
Gorsey Clough Nursing Home Ltd,,Harwood Road,,BURY,BL8 3PT,8918979006,8918979006,389180,1/8/2026,,
,1a,Chapel Street,,Derby,DE21 7JP,03801013,1100010116623,4551,29/1/2027,E,
St Michael & All Angels Church,,Linden Grove,,NEWCASTLE,ST5 9LJ,56276900,56276900,1,1/11/2025,,
,,Cross Guns,,WOLVERHAMPTON,WV11 1TW,03801N14,1415584580003,32633,30/1/2027,E,
Christ Church,,Coxley,,Somerset,BA5 1RQ,03046110,2200012252965,,29/1/2026,E,
Landlord Supply,18a,The Avenue,,West Ealing,W13 8PH,03801H03,2000057759150,534,25/2/2027,E,
,630,Bath Road,,HOUNSLOW,TW5 9TL,03801H01,2000003114285,1303,7/2/2026,E,
WHITE COTTAGE FARM,,COMBS LANE,,STOWMARKET,IP14 3BN,74811909,74811909,,1/1/2031,,
,28,Glenburnie Road,,London,SW17 7PT,03801202,1200027135703,4575,17/2/2026,E,
,1,Hopton Road,,DEVIZES,SN10 2EU,03801H08,2000051604024,24547,3/2/2026,E,
,29,Swinegate,,York,YO1 8AZ,0380102D,1591016352751,155967,5/3/2027,E,
,25,Second Drove,,Peterborough,PE1 5XA,04807201,1012881050415,2488,1/11/2025,E,
Oaklands Property &D,9,Manor Road,,Gravesend,DA12 1AA,03801203,1900041134979,9123,1/2/2027,E,
,36,Oakdale Road,,London,SW16 2HL,03801202,1200038387720,4075,1/11/2025,E,
,,Tattenhoe Lane,,MILTON KEYNES,MK3 7EG,50396902,50396902,377228,1/3/2031,,
,5,High Street,,Stoke-on-Trent,ST8 6AW,03801007,1419302830008,19362,1/2/2026,E,
,Shop 3,"Ryknild House, Burnett Road",,Sutton Coldfield,B74 3EL,03801N12,1417800031002,7436,5/3/2028,E,
Ings View Service Station Ltd,,Shipton Road,,YORK,YO30 5RB,0780102C,1591052532753,,3/8/2026,E,
Denmark House,,Furnace Road,,Ilkeston,DE7 5EP,00845058,1100039212549,,1/11/2025,E,
BUSBY HOTEL,,FIELD ROAD,,GLASGOW,G76 8RX,15074409,15074409,548151,22/7/2026,,
UNIT 21,,Putney Exchange,,London,SW15 1TW,03801201,1200031041711,5557,5/2/2026,E,
,65,High Street,,BRIDGWATER,TA6 3BQ,04803N14,2200021372069,,16/12/2026,E,
Flat,2,Winchester Road,,Eastleigh,SO53 2FZ,00900Q04,2000027465409,,,E,
CELTIC HOUSE,,INDUSTRIAL ESTATE,,GAERWEN,LL60 6HR,04811D01,1300035429815,,1/11/2025,E,
LONGBECK ESTATE,,Longbeck Estate,,REDCAR,TS11 6HH,9156251504,9156251504,519263,4/10/2028,,
16,,PENTREBANE STREET,,CAERPHILLY,CF83 1FR,03801N12,2199994851391,,31/10/2026,E,
DAVID INMAN OPTICIANS,265,FULWOOD ROAD,,SHEFFIELD,S10 3BD,0481102B,2330820708818,7859,2/2/2027,E,
,100,North End Road,,London,W14 9EX,04807203,1200030599590,59386,2/2/2027,E,
,267A,Acklam Road,,MIDDLESBROUGH,TS5 7BP,1324856100,1324856100,183926,13/5/2026,,
,509,HIGH ROAD,,Wembley,HA0 2DH,00900204,1012831463566,,3/7/2027,E,
,1,Lyme Street,,AXMINSTER,EX13 5AU,8877396500,8877396500,123509,7/10/2026,,
Hounslow Conservative Club,,Gresham Road,,Hounslow,TW3 4BX,9156388801,9156388801,43235,27/6/2026,,
,,"Unit 9, Theobald Business Centre",,Hitchin,SG4 0TY,04811201,1012820907946,5306,2/2/2026,E,
WEST WICKHAM METHODIST CHURCH,,HAWES LANE,,WEST WICKHAM,BR4 9AA,79307003,79307003,107908,1/10/2026,,
,117,Bury New Road,,Manchester,M45 6AA,03801014,1650000026570,25518,8/2/2026,E,
Kings Priory School,,Huntingdon Place,,North Shields,NE30 4RF,0084505B,1592001035367,,1/4/2026,E,
,21,Leazes Pk Road,,Newcastle upon Tyne,NE1 4PF,0380102B,1591060290496,17545,1/10/2028,E,
,71,Mansfield Road,,NOTTINGHAM,NG1 3FN,03801N12,1100005502492,5645,1/11/2025,E,
,,LAMPITS HILL,,STANFORD-LE-HOPE,SS17 9AA,63078101,63078101,105307,10/3/2026,,
,,Unit 1,,Nottingham,NG5 7ER,04812N14,1100025542063,162146,2/1/2028,E,
"R LONGSTAFF & CO,",2,West End,,Spalding,PE12 7LW,04811N12,1100000514369,2888,5/2/2026,E,
Lambrook,,Winkfield Row,,Berkshire,RG42 6LU,00845H86,2000052279692,,1/10/2028,E,
,1202,WALKER ROAD,,NEWCASTLE UPON TYNE,NE6 3JN,0084502C,1591053761702,,1/4/2027,E,
,,"Penfold Works,",,WATFORD,WD24 4YY,04811203,1014570210896,977,3/2/2027,E,
,15,Fawcett Street,,SUNDERLAND,SR1 1RH,0090002D,1591056951170,,1/11/2025,E,
,27,Kings Road,,ST. LEONARDS-ON-SEA,TN37 6DU,66812803,66812803,12740,22/9/2026,,
Westmoor Bakery,10,Armstrong Drive,,Newcastle Upon Tyne,NE12 7EB,0380102B,1591041685424,10090,1/8/2027,E,
AUDI DUNDEE SHOWROOM,,KINGS CROSS ROAD,,DUNDEE,DD2 3PT,9180059500,9180059500,359352,1/10/2026,,
,149,Granville Road,,LONDON,N22 5LS,03801201,1013074691325,10642,7/12/2026,E,
,,Unit 23,,Swansea,SA4 3RS,03801N13,2199989617632,33990,7/4/2028,E,
SHOP1,260,Hillmorton Road,,RUGBY,CV22 5BW,03801N13,1100025596184,8175,5/2/2026,E,
Unit 2,,Trojan Business Centre,,London,NW10 9ST,03801202,1200036313230,7892,11/7/2026,E,
,250,Kings Road,,LONDON,SW3 5UE,3313642804,3313642804,164245,1/1/2031,,
,425,HIGH ROAD,,LONDON,NW10 2JN,03801202,1200038528036,23388,23/6/2026,E,
,86,Longbrook Street,,Exeter,EX4 6AP,03801N12,2200018083432,26364,6/2/2026,E,
"Unit 2, Aspect House",,Maes Y Clawdd,,Oswestry,SY10 8NN,03801D02,1300060523640,9466,21/2/2026,E,
Arundel Arms Hotel,,Fore Street,,LIFTON,PL16 0AA,00845570,2200030074133,,1/7/2026,E,
Unit 1,,Unit 1 Eastbury Road,,London,E6 6LP,03801204,1200039296180,12416,27/3/2026,E,
,6,Rowallen Parade,,Dagenham,RM8 1XU,04811202,1200039855085,5224,1/11/2025,E,
,640,Downham Way,,BROMLEY,BR1 5HN,03801203,1200041161891,69847,1/11/2025,E,
Unit 11,,Langley Park Industrial Estate,,Nottingham,NG16 4BS,03801N12,1100007996354,,7/2/2027,E,
,443,Bearwood Road,,Smethwick,B66 4DH,03873N12,1414887360001,3164,17/9/2028,E,
,7,Timbercroft Lane,,London,SE18 2SB,00900203,1200027648546,,23/10/2026,E,
,,Unit 12,,WASHINGTON,NE38 8QP,0380102A,1580000057388,2689,23/10/2026,E,
Unit 3,,Manor House Avenue,,Southampton,SO15 0LF,03800H02,2000022597616,,1/11/2025,D,
,0,Rose Avenue,,Tyne And Wear,NE16 4PF,0084502D,1591023846337,,1/4/2026,E,
Mason Arms,,Orwell Gardens,,Stanley,DH9 7PA,0090002B,1591047424043,,9/1/2028,E,
Unit 19,,Newton Mearns Shopping Centre,,Glasgow,G77 6EY,03801D01,1800033975150,226,22/8/2026,E,
42-44,,Plumstead Common Road,,London,SE18 3TN,03801201,1200030207439,,14/8/2026,E,
The Red Lion,,Hogsthorpe Rd,,Alford,LN13 9SD,04031N12,1100000640417,63762,1/4/2026,E,
,105,,,Newcastle Upon Tyne,NE2 1JT,0090002B,1591048920548,,8/2/2027,E,
,3,Great Elms Road,,Hemel Hempstead,HP3 9TJ,03136201,1012970548248,10745,8/2/2026,E,
Shooters American Diner,2B,NENE PARADE,,MARCH,PE15 8TD,03136202,1012865969779,108,6/5/2026,E,
,585,Garratt Lane,,LONDON,SW18 4ST,51353002,51353002,60864,2/3/2026,,
Shop,74,Grand Parade,,London,N4 1DX,04811204,1013090009323,125899,8/2/2026,E,
,,Kings Road,,Canvey Island,SS8 0RA,00845071,1014572377490,,8/2/2026,E,
First Floor,,7-9 Union Street,,Stratford Upon Avon,CV37 6QT,03801007,1411547081001,399,1/11/2025,E,
THE SPENCER CLUB,,EQUIPMENT SHED,,London,SW18 3HG,03801201,1200040811830,2791,20/5/2026,E,
"BOJANGLES,7",,SEA ROAD,,SUNDERLAND,SR6 9BP,0084502B,1591042376110,,5/3/2028,E,
Unit A Mill Place 2,90,Bristol Road,,Gloucester,GL1 5SQ,79429904,79429904,1,1/11/2025,,
,1,The Barbican,,PLYMOUTH,PL1 2LR,4216209705,4216209705,20107,12/12/2027,,
,Site A4,Wearfield,,Sunderland,SR5 2TA,0084505A,1507660420043,,1/2/2027,E,
Enterprise House,,Billington Road,,BURNLEY,BB11 5UB,00845414,1600000032856,,10/2/2026,E,
TOTTENHAM SPORTS HALL,,SELBY ROAD,,LONDON,N17 8JL,03136203,1013070483249,20388,1/4/2027,E,
Blue Bell Inn,,Main Road,,Horncastle,LN9 6LQ,04811N14,1100001050107,,1/2/2029,E,
Northern Freight,,1-2 Kitching Road,,Peterlee,SR8 2HP,05800998,1592001132371,,1/11/2025,D,
,1,Aintree Road,,Greenford,UB6 7LA,83722709,83722709,1,26/2/2026,,
,Unit 3,Penneywell Shopping Centre,,Sunderland,SR4 9AS,0090002B,1591053199911,,1/11/2025,D,
2-4,,Queslett Road,,Birmingham,B43 6PL,00900N14,1416053070005,,27/3/2028,E,
UNIT 1,,Weber Court,,Burnley,BB11 5BU,03801004,1610013935790,8582,14/4/2026,E,
,15,Ford End Road,,Bedford,MK40 4JE,04657202,1012346741557,9770,10/6/2026,E,
Fashion Fare,18,Watergate,,GRANTHAM,NG31 6PR,03801N13,1100001444916,9916,23/1/2026,E,
,105,Corporation Road,,Cardiff,CF11 7AQ,03220N14,2199993064450,21244,5/12/2027,E,
,,Coburg Road,,LONDON,N22 6UB,03801204,1030066399390,30568,14/9/2027,E,
Unit 5B,,Mayflower Way,,Harleston,IP20 9EB,04807201,1012707411450,2860,1/11/2025,E,
,3,Hamilton Parade,,Feltham,TW13 4PJ,03801H02,2000002477804,14817,2/9/2026,E,
Unit 4,,Reliance Enterprise Park,,Manchester,M40 3AL,04511591,1610018253380,,26/2/2026,E,
,57,Barnsley Road,,Wakefield,WF1 5LE,0380102D,2350790163010,41706,1/3/2028,E,
Unit 4 RelianceEnterprise Park,,,,Manchester,M40 3AL,03500004,1610018253371,7423,26/2/2026,E,
,,"Abbey Industrial Estate, Mount Pleasant",,WEMBLEY,HA0 1NR,04807202,1012833140038,8866,1/11/2025,E,
,832,MANCHESTER ROAD,,Rochdale,OL11 3AW,53627001,53627001,,17/9/2026,,
,55,York Street,,Middlesex,TW1 3LP,03801203,1900022002889,11975,1/11/2025,E,
Kings House,38,Kings Road,,Harrogate,HG1 5JW,9213603409,9213603409,183303,1/4/2028,,
,,Bryningfern Lane,,Preston,PR4 2BQ,52382901,52382901,24773,28/11/2025,,
Batley Rafa,,Cambridge Street,,Batley,WF17 5JH,0382602C,2353473595910,13539,18/6/2026,E,
Chemwaste Ltd,,Ladywood Way,,Dewsbury,WF13 3SG,0380102C,2355572467117,4241,18/8/2028,E,
,6,High Street,,HORLEY,RH6 7AY,65304408,65304408,88419,10/11/2027,,
,15,Brewery Road,,London,SE18 7PX,00845071,1200042280093,,1/8/2027,E,
,2,Leeming Road,,Borehamwood,WD6 4DU,03801203,1013025079175,32802,20/3/2026,E,
,291,Warrington Road,,WARRINGTON,WA3 5LF,00845801,1600000080479,,20/8/2027,E,
,120,Harrowdene Road,,WEMBLEY,HA0 2JF,03801202,1012835978460,21578,6/5/2028,E,
,133,Chase Side,,LONDON,N14 5HD,04811203,1012998786958,3768,13/6/2028,E,
,4,Manor Road,,London,W13 0LH,03801H02,2000000924477,4461,1/11/2025,E,
Namber House,,Davis Road,,CHESSINGTON,KT9 1HS,9130302800,9130302800,1,24/11/2025,,
Adams Hydraulics,,George Cayley Drive,,York,YO30 4XE,49003110,49003110,29207,6/2/2028,,
The Cut,264,Milton Road,,,BS22 8EN,03801110,2200013143609,2045,9/6/2026,E,
ALL TECH ASSOCIATES,Invalid Po,,,,LA5 9XP,1521868308,1521868308,23269,4/4/2027,,
The Wolf Safety Lamp Co,,Saxon Road,,Sheffield,S8 0YA,8814389305,8814389305,264839,8/5/2027,,
,29,Gordon Avenue,,STANMORE,HA7 2RL,04138204,1014572225928,157622,1/1/2026,E,
"Unit 5, Marlin House",,Marlins Meadow,,WATFORD,WD18 8TE,00800202,1014570143041,,1/11/2025,D,
,123,National Hyperbaric Centre,,ABERDEEN,AB16 5FA,15953404,15953404,507189,1/4/2027,,
,103,Blackmoor Lane,,Leeds,LS17 9DZ,04800999,2345481323711,,1/11/2025,D,
,8,Hale Lane,,London,NW7 3NX,03801202,1013012935175,,1/4/2030,E,
,11-15,Unit 3,,London,NW10 6PT,03801H09,2000027294610,38041,4/6/2026,E,
,37,Pinfold Road,,Leicester,LE4 8AS,76094704,76094704,147099,4/1/2028,,
,,Badentoy Road,,ABERDEEN,AB12 4YA,71017009,71017009,146752,22/7/2026,,
,184,Park Avenue,,LONDON,NW10 7XL,00845071,1014570226070,,1/10/2026,E,
Worden High School,,Westfield Drive,,Preston,PR25 1QX,03801004,1610021027306,13894,1/10/2027,E,
,2,Market Street,,Highbridge,TA9 3BW,03500110,2200021851878,2,1/11/2025,E,
The Workshop,22,High Street,,Southam,CV47 8JZ,03801N12,1100024799187,9059,13/2/2027,E,
,10,Main Road,,Rochester,ME3 9AD,03801203,1900016146188,15618,17/5/2027,E,
,477,Beake Avenue,,Coventry,CV6 2HT,04811037,1100023372072,45237,6/2/2027,E,
13-14,,Derwent Street,,Sunderland,SR1 3NT,0084505C,1580000673030,,1/3/2028,E,
,327,Reepham Road,,Norwich,NR6 5AD,03136201,1012688630574,7516,14/2/2027,E,
Grange Nurseries,,Welford Road,,Stratford-Upon-Avon,CV37 8RH,03801007,1411159471006,214,14/2/2028,E,
,,84-86 Burley Road,,Leeds,LS3 1JP,0380102C,2341233457315,18987,21/2/2028,E,
Maria Residential Home Emi Ltd,34,Silver Birches,,High Wycombe,HP13 7NN,03801H03,2000012996123,7270,15/2/2027,E,
BRIDGE HOUSE,2-4,Vicarage Road,,CAMBERLEY,GU17 9AX,4034907605,4034907605,25231,13/7/2026,,
Unit 4,,Caroline Court,,Lancashire,BB11 5UB,03801004,1630000474016,,15/2/2026,E,
Unit 4B,,Barton Turns Marina Ltd,,Burton-On-Trent,DE13 8DZ,03801013,1160000520477,3112,15/2/2026,E,
Village Hall,,Gables Rd,,Cullompton,EX15 2PL,4255697304,4255697304,0,1/12/2029,,
Milford Buildings,,Milford Street,,Huddersfield,HD1 3DY,0084505A,2326510002014,,16/2/2026,E,
,27,Western Road,,St Marychurch,TQ1 4RJ,14798503,14798503,11558,16/5/2026,,
GLOUCESTER,,OLDENDS LANE IND ESTATE,,,GL10 3RQ,00845H03,1420819100000,,18/4/2026,E,
,8,Harvest Drive,,Lowestoft,NR33 7NJ,04807201,1012701836028,1510,16/2/2027,E,
,36,STATION AVENUE,,COVENTRY,CV4 9HS,,1100770869427,31980,17/7/2026,E,
CASTLEWORKS,21,ST. GEORGES ROAD,,London,SE1 6ES,03801202,1200050289064,8112,1/11/2025,E,
,85,High Street,,St Thame,OX9 3EH,04807202,1012450705004,7156,1/11/2025,E,
"LANDLORD SUPPLY, 84",,NORTH DENES ROAD,,"GREAT YARMOUTH,",NR30 4LW,03801202,1050001863744,756,17/2/2026,E,
,51,HIGH STREET,,BROMLEY,BR1 1LE,00845071,1200010183299,,20/2/2027,E,
Basement,137,Harley Street,,London,W1G 6BF,,1200051229535,29006,18/6/2027,1,
,,94a High Street,,Dudley,DY1 1QP,03801007,1415078201001,5187,4/10/2027,E,
,27/43,laker road,,Rochester,ME1 3QX,04812203,1900043151692,1423,1/11/2025,E,
Unit 15B,,Greenway,,Caerphilly,CF83 8DW,00900N14,2199994938546,,4/2/2026,E,
Unit 4 New Court Business Park,,Perry Road,,HARLOW,CM18 7NS,04139202,1012750589355,215,27/5/2026,E,
,291,Warrington Road,,WARRINGTON,WA3 5LF,8825343303,8825343303,178910,20/8/2027,,
Elite 2,13,Cleveland Street,,Wolverhampton,WV1 3HH,03801N13,1415078080000,31227,10/10/2027,E,
,35B,Churchgate,,Retford,DN22 6PA,03801N14,1170000007382,36008,20/2/2027,E,
,,High Street,,Llangollen,LL20 7EH,04009D04,1300011570370,,20/2/2026,E,
Hartlepool Rovers,,Quoits Sports And Social Club,,Hartlepool,TS24 8JZ,0084502D,1591027039591,80416,1/4/2029,E,
,2-4,WATTS LANE,,TEDDINGTON,TW11 8HQ,03801202,1900043007882,20256,1/12/2026,E,
,Non-PAF De,Saxon Way,,ROYSTON,SG8 6DN,00845072,1014569199356,,22/2/2027,E,
Rollinson House Farm,,Little Scotland,,Bolton,BL6 5LN,04510304,1610011454060,95920,1/10/2026,E,
Bow Triangle Business Centre,5,Eleanor Street,,LONDON,E3 4UR,03801201,1200038996184,7986,1/11/2025,E,
,40,Wood Lane,,"Handsworth, Birmingham",B20 2AP,49113308,49113308,0,1/4/2026,,
,12,Palace Gates Road,,London,N22 7BN,04130203,1013073596060,29962,1/11/2025,E,
,313,Castleford Road,,Normanton,WF6 2HL,04800999,2355730438019,,1/11/2025,D,
,1,Mill Street,,Warrington,WA3 3QJ,04800661,1610009387219,,1/11/2025,D,
,69-75,Church Road,,Northolt,UB5 5AJ,03800H02,2000051387388,,1/11/2025,D,
,248,High Street,,Birmingham,B23 6SN,03801007,1418775721000,11559,1/11/2025,D,
,133,Central Street,,LONDON,EC1V 8AP,03800201,1200040049363,,1/11/2025,D,
,158,The Broadway,,Southend On Sea,SS1 3ES,03800201,1012528895803,,1/11/2025,D,
,49,Tabernacle Street,,LONDON,EC2A 4AA,3407792508,3407792508,2570,1/11/2025,,
,,"Unit 3, Opal Way Business Centre",,STONE,ST15 0SS,03801N12,1418726903009,6785,19/3/2026,E,
HEN AND CHICKENS PUBLIC HOUSE,41,Luton High Street,,Chatham,ME5 7LP,04829201,1900009157291,1374,1/11/2025,D,
,160F,Chemical Road,,Westbury,BA13 4JN,03801H06,2000006426273,279,1/11/2025,E,
Fish & Chip Shop,8a,Bangor Road,,WREXHAM,LL13 0HB,04043D01,1300012997261,10147,1/11/2025,D,
,3,Boileau Parade,,LONDON,W5 3AQ,03801H02,2000000784696,1934,13/5/2026,E,
,12,High Street,,ROYSTON,SG8 6PP,03136202,1012782030121,42051,21/2/2028,E,
Tafarn Y Gors,,NEW CROSS INN,,Aberystwyth,SY23 4LY,04043D03,1300010099525,,26/11/2026,E,
,,"Unit 4,Laurence Works",,Sheffield,S36 6HF,0084505B,2326511252019,,1/11/2025,E,
London House,,Oldham Road,,Manchester,M24 1AZ,07800751,1600000034700,,1/11/2025,D,
,,373a Fore Street,,London,N9 0NR,03801203,1013068614726,15286,7/1/2028,E,
Shop,237,Westbourne Grove,,LONDON,W11 2SE,03801201,1200051452500,10605,10/9/2027,E,
,314,Ilford Lane,,Ilford,IG1 2LR,03801202,1200041811566,4974,11/6/2027,E,
"Unit 3, Empress Heights",,College Street,,Southampton,SO14 3LA,03801H02,2000056048905,7763,20/10/2026,E,
,121,Blackburn Road,,Accrington,BB5 0AA,04811004,1610022362602,138,9/11/2025,E,
Metco Europe Limited,,,,Sheffield,S4 7LA,0380102A,2390000022604,1845,1/11/2025,E,
R/O,666,Holloway Road,,London,N19 3NU,03801202,1200032219064,2211,1/11/2025,E,
1st Floor,5,Central Park,,Lutterworth,LE17 4PN,03801013,1100024318689,5737,31/1/2027,E,
Unit 1,,"Longmoor Garage, Shirlheath",,Leominster,HR6 9RQ,03801007,1417161602006,,1/11/2025,E,
Unit 10,,Insch Business Park,,Insch,AB52 6TA,00845P82,1700052652296,,30/4/2027,E,
Mission Hall,,High Street,,Gloucester,GL1 4SP,03801007,1414214022000,1549,27/2/2026,E,
The Bungalow,,New Road,,Hengoed,CF82 7XJ,03801N13,2199989870736,14308,1/11/2025,E,
,,Rope Walk,,Southampton,SO31 4HB,00845H86,2000027463777,,1/10/2027,E,
Mount Noddy,,Blackmill Lane,,Chichester,PO18 0LL,04800H19,2000019195000,,1/11/2025,D,
,466,Dudley Road,,Wolverhampton,WV2 3AF,03801007,1416734770004,2239,26/2/2027,E,
,259,Wroxham Road,,Norwich,NR7 8RL,04139204,1012674880717,91903,1/8/2026,E,
,,Cardington Gate,,Bedford,MK42 0LF,00845071,1030078269690,,1/11/2025,E,
Hove Western Road Co,,22 Western Road,,Hove,BN3 1AA,04157203,1900033371694,13782,15/8/2027,E,
Bkidz,,Grooms Bakery,,KING'S LYNN,PE31 8HD,03801201,1050000458491,2020,23/4/2028,E,
,,Botley Road,,EASTLEIGH,SO50 7DQ,76982105,76982105,134820,30/11/2028,,
,195-197,Hilton Road,,Wolverhampton,WV4 6DE,04811N12,1415049470007,11050,25/2/2027,E,
"Unit 33, The I O Centre",,Armstrong Road,,LONDON,SE18 6RS,00900071,1200052005221,,27/3/2026,E,
,,Station Road South,,WARRINGTON,WA2 0QS,00900D04,1300035391844,,1/11/2025,E,
,24,The Weir,,HESSLE,HU13 0RU,17928303,17928303,234378,5/10/2028,,
,23a,Market Street,,Crewkerne,TA18 7JU,03801N12,2200014749975,2243,29/4/2026,E,
Farburn Industrial Estate,6,Wellheads Road,,Aberdeen,AB21 7HG,00845P81,1714586472019,,1/11/2025,E,
Horse & Jockey,32,Hope Street,,Wrexham,LL11 1BD,04044D04,1300011200337,26712,25/9/2026,E,
Hamstone House,,South Ridge,,Weybridge,KT13 0NF,64558502,64558502,438269,27/10/2026,,
,,2 Lakeside Court,,Cwmbran,NP44 3GA,03801N12,2100040795159,1463,1/11/2025,E,
8-14,,TALBOT SQUARE,,LONDON,W2 1TS,00845071,1200010047718,,1/10/2026,E,
Care Centre,,,,Redhill,RH1 6YY,00800071,1900036001194,,1/11/2025,D,
,,Kings Weston Lane,,BRISTOL,BS11 0UR,81077909,81077909,220298,6/6/2026,,
71a,,Regent Street,,Cambridge,CB2 1AB,03801203,1012801495023,11340,1/11/2025,E,
,19-20,Great Sutton Street,,London,EC1V 0DR,00900204,1200050509244,,3/2/2026,E,
,,Farringdon Hill Farm,,Bridgwater,TA5 1TJ,04800N13,2200021292403,,1/11/2025,D,
Dental Surgery,72,Beaumont Leys Lane,,Leicester,LE4 2BA,03801N12,1100012435636,6183,18/6/2026,E,
SEASON ELECTRONICS LTD,UNIT 600,NEST BUSINESS PARK,,HAVANT,PO9 5TL,00845H87,2000027401869,,1/1/2027,E,
Unit 5,,Mill Court,,Crawley,RH10 1TT,01801001,1900060923280,,1/6/2018,D,
,ASHVALE 1,ALEXANDRA WAY,,"ASHCHURCH, Tewkesbury",GL20 8NB,00845127,1420179100005,,1/11/2025,E,
,339,Kentish Town Road,,London,NW5 2TJ,03801202,1200030337341,155685,10/10/2027,E,
Chiswick Station House,,Burlington Lane,,London,W4 3HB,03801H08,2000000376236,8204,31/3/2026,E,
Ravenace Metals & Plastics Ltd,,Steelbright Road,,Smethwick,B66 2NW,00845127,1422387000009,,1/11/2025,E,
,2,Stockton End,,Sandy,SG19 1SB,00800071,1014568235428,,1/11/2025,D,
,146,Ewell Road,,Surbiton,KT6 6HE,03800203,1900022021241,,1/11/2025,D,
,17,Blackstock Road,,London,N4 2JF,03801204,1200052325078,25251,1/12/2025,E,
,42,Linden Grove,,London,SE15 3LF,03801202,1200034062626,5720,23/5/2026,E,
Unit 3,14,Mill Hill Road,,Cowes,PO31 7EA,04811H17,2000019245947,950,1/3/2027,E,
"Unit C 3,",,,,Nottingham,NG4 2JY,03802N14,1100770965465,28801,1/11/2025,E,
,7,Moss Lane,,Manchester,M45 6QE,03801631,1610029188491,14095,10/12/2025,E,
,10,Sidwell Street,,Leicester,LE5 4GQ,00845058,1100039350035,,1/11/2025,E,
,,Limberline Road,,PORTSMOUTH,PO3 5JF,04044H22,2000014298350,10777,3/6/2027,E,
Unit 17d,,Raleigh Hall Industrial Estate,,STAFFORD,ST21 6JL,03800N13,1416988910009,,1/11/2025,D,
Lion House,3,Plough Yard Road,,London,EC2A 3LP,03800202,1200028459713,,1/11/2025,D,
,,Fabian Road,,Eston,TS6 9RH,0084505A,1591017975260,,3/4/2027,E,
,1-3,KINGSTON ROAD,,PORTSMOUTH,PO1 5RX,04044H19,2000052513681,35212,20/8/2026,E,
,92,Northwood Road,,London,E5 8RL,3244470907,3244470907,0,24/10/2025,,
Garrolds Farm,,Woodgates End,,Dunmow,CM6 2BN,03801201,1012487269022,12,1/11/2025,E,
Retail Unit,24,Queen Street,,Portsmouth,PO1 3HN,03801H06,2000053656887,7772,24/6/2028,E,
,20,Churchill Precinct,,Dudley,DY2 7BJ,04811010,1428689000008,20188,3/7/2026,E,
,21,Worship Stree,,London,EC2A 2DW,03801204,1200052253983,8813,1/11/2025,E,
Garage,,Rookery Lane,,Leicester,LE6 0GL,03801013,1100013146950,999,1/11/2025,E,
,41,The Street,,Chelmsford,CM3 6JP,3006798408,3006798408,15842,29/3/2028,,
,39,Mayflower Way,,BEACONSFIELD,HP9 1UG,04044H17,2000013494765,21199,26/6/2026,E,
Charvo Ltd,,Keighley Road,,Skipton,BD23 2QR,0084505A,2316530471011,,29/3/2026,E,
3,,SKINNER STREET,,GILLINGHAM,ME7 1HD,04812204,1900031161558,,1/11/2025,E,
Unit 11,,Eastlands Industrial,,Leiston,IP16 4LL,04800203,1012712963657,,1/11/2025,D,
,,Bristol Road,,BRISTOL,BS40 6HJ,00900N14,2200030040445,,1/11/2025,E,
,1,Tower Street,,Coventry,CV1 1JS,06801N12,1100039357848,5181,11/9/2026,E,
"Unit 3, Mid Sussex Bus Park",,Folders Lane East,,Hassocks,BN6 8SE,03801203,1900070641835,2281,1/11/2025,E,
Park Lane,1,Torwood Street,,Torquay,TQ1 1ED,14596805,14596805,40323,12/8/2027,,
,103,Lowther Street,,Coventry,CV2 4GL,04812N13,1100023757813,12198,8/8/2027,E,
,10,Camberwell Church Street,,London,SE5 8QU,04807203,1200029008662,1265,21/9/2026,E,
,142,Cambridge Road,,Hitchin,SG4 0JN,04807201,1012821067790,3313,20/5/2026,E,
,,"Unit 15, Sheddingdean Business Centre",,BURGESS HILL,RH15 8QY,04811203,1900004324912,2429,27/2/2026,E,
,79,Nuneaton Road,,Bedworth,CV12 8AP,04828N12,1100022152764,11953,18/12/2025,E,
,,47-47a Villa Street,,London,SE17 2EL,00845072,1200051356943,,15/11/2026,E,
,27,Hooe Road,,PLYMOUTH,PL9 9QS,00900N13,2200030074825,,1/11/2025,E,
Unit 2,332-334,Walworth Road,,London,SE17 2NA,00845204,1200041202243,,3/12/2026,E,
Unit 4,,Welton Road,,Warwick,CV34 5PZ,03801N12,1100024261154,21255,1/1/2028,E,
,,Quadrant House;10,,High Wycombe,HP11 2DG,03801H06,2000013083651,,1/11/2025,E,
H F C Bank Plc,39,High Street,,PAISLEY,PA1 2AF,03802D01,1800027927019,,1/11/2025,E,
"Unit 2,Power Park",2,"Towers Business Park,Wheelhouse Road",,RUGELEY,WS15 1UZ,9083002703,9083002703,41740,9/2/2027,,
Granby House,,Cliftonville Road,,Northampton,NN1 5BU,8817761808,8817761808,1,1/9/2027,,
,145,Aylward Street,,LONDON,E1 0QW,03801202,1200033034405,15095,1/11/2025,E,
55 Old Brompton Road,55,Old Brompton Road,,London,SW7 3JS,04807203,1200028678950,30467,1/11/2025,E,
,46,High Street,,DONCASTER,DN10 4PB,04812N14,1100003580188,13302,1/11/2025,E,
,1,ECCLES INDUSTRIAL ESTATE,,BACKWORTH,NE27 0BN,0090005A,1591047635145,,19/11/2025,E,
,140,Holbrook Lane,,COVENTRY,CV6 4BN,03802N12,1100023492553,15179,1/11/2025,E,
Patricia House,,Bodmin Road,,Coventry,CV2 5DG,04817N14,1100025711430,17964,19/4/2027,E,
,343,Ladypool Road,,Birmingham,B12 8LA,59709404,59709404,227973,29/3/2028,,
Low Rutter Hoff Farm,,,,Appleby-In-Westmorland,CA16 6EQ,03801204,1610031966806,12177,6/1/2028,E,
Boat House,4262,High Street,,Deeside,CH5 4DD,04524233,1300034488350,,29/5/2026,E,
Forty Two The Calls,42,The Calls,,Leeds,LS2 7EW,0090002D,2346532811116,,1/11/2025,E,
19-21,,MARKET PLACE,,WHITEHAVEN,CA28 7JB,04005024,1610030974675,32694,25/3/2026,E,
,1598,Coventry Road,,Birmingham,B26 1AL,03801007,1410191341005,58,1/11/2025,D,
Unit 42,30,Eastmuir Street,,Glasgow,G32 0HS,04890D03,1800026396788,3687,1/11/2025,E,
Unit 12A,,"St Floor, Middle Mill",,Derby,DE22 1DZ,03801N12,1100009754186,1086,5/5/2026,E,
,,Enterprise Close,,MANSFIELD,NG19 7JY,8931534606,8931534606,151607,1/12/2027,,
The Barnett Centre,,Commuity Room,,Basildon,SS14 2DG,00845204,1012559404618,,1/11/2025,E,
,50,The Glades Shopping Centre,,Bromley,BR1 1DD,03801202,1200032970250,,21/2/2028,E,
,13E,Pitsford Street,,Birmingham,B18 6YJ,03801007,1411576831002,25,1/11/2025,E,
,94,Wilderspool Causeway,,Warrington,WA4 6PU,03801D02,1300005108717,9673,12/8/2026,E,
,16,Shorncliffe Road,,FOLKESTONE,CT20 2SF,03801203,1900009208486,13709,12/3/2026,E,
,94,First Floor,,Warrington,WA4 6PU,03801D02,1300005108708,4147,12/8/2026,E,
,101,Trinity Street,,Huddersfield,HD1 4DN,0380102D,2325015931514,17774,1/2/2027,E,
Ground Floor,53,Paddington Street,,London,W1U 4HT,03800202,1200033627656,,1/11/2025,D,
Car Wash;162A,,Chigwell Road,,London,E18 1HA,03801201,1200050384452,8718,18/6/2027,E,
The Board Inn,,Shields Row,,Stanley,DH9 0LE,0380102C,1591059491768,22276,11/9/2026,E,
Davy Sports & Social Club,630,Prince of Wales Road,,SHEFFIELD,S9 4ER,0380102D,2336587912013 2336587912013,35537,1/10/2026,E,
,260,Martin Way,,Morden,SM4 4AW,04807203,1200028113000,,6/10/2027,E,
,30,New Street,,Honiton,EX14 1EX,03801110,2200019037394,798,1/11/2025,E,
,17,The Precinct,,GOSPORT,PO12 1HA,03801H03,2000014170056,21542,6/8/2027,E,
,1,Fisher Road,,Welshpool,SY21 8JF,45894702,45894702,197990,1/5/2026,,
,27,Rubislaw Den North,,Aberdeen,AB15 4AL,00845P81,1714831552111,,1/11/2025,D,
Shere Khan,6A,The Oasis,,Sheffield,S9 1EP,0380102D,2380001173292,47705,28/2/2026,E,
HAES SYSTEMS LTD-COLUMBIA HOUS,UNIT 1,PACKET BOAT LANE,,UXBRIDGE,UB8 2JP,03801H09,2000001559410,46308,28/2/2026,E,
,.,Unit One Dukesway,,Team Valley Trading Estate,NE11 0PZ,10018003,10018003,89702,1/11/2025,,
,126,High Street,,Smethwick,B66 3AP,03801007,1415795660002,2393,28/2/2027,E,
Above Travel Agent,126,High Street,,Smethwick,B66 3AP,03800007,1418178203000,,1/11/2025,D,
,97,Green Street,,SUNBURY-ON-THAMES,TW16 6RD,9116684500,9116684500,14538,4/10/2028,,
,,Brook Path,,SLOUGH,SL1 5EJ,49706807,49706807,50756,10/9/2027,,
128-130 Accomodation Block,130,High Street,,Smethwick,B66 3AP,03801007,1414795660000,13066,28/2/2027,E,
,155,Cannon Street Road,,LONDON,E1 2LX,3228905105,3228905105,84099,9/7/2027,,
Natural Gas Safety Training,UNIT 2D,"NELSON WAY,",,Cramlington,NE23 1WG,9090834807,9090834807,,26/1/2030,,
Guru Nanak Gurdwara,,130 High Street Main Supply,,Smethwick,B66 3AP,00845365,1460002277415,,28/2/2027,E,
,,"High Street , St. Mary Cray",,Orpington,BR5 3NJ,00900203,1900010264860,,1/11/2025,E,
,.,"ENGLISH ESTATES, UNIT BT 50/99",,STOCKTON-ON-TEES,TS17 9JY,1328289504,1328289504,220859,1/4/2031,,
,39,Blacklow Brow,,Liverpool,L36 5XE,00900D04,1300035386570,,1/11/2025,E,
Leigh County Court,22,Walmesley Road,,Leigh,WN7 1YE,03801014,1610009040211,5437,20/6/2026,E,
,14,"Orgreave Close,",,"SHEFFIELD,",S13 9NP,74106304,74106304,44000,1/11/2025,,
"SHOP 1,15A",,Water Lane,,Southampton,SO40 3DP,03801H08,2000053510956 2000053510956,,16/8/2026,E,
Ground Floor,14,Albert Road,,Bournemouth,BH1 1BZ,03801H01,2000021018597,1927,1/11/2025,E,
TRENYTHON MANOR,,TYWARDREATH,,PAR,PL24 2TS,67711409,67711409,548253,6/7/2026,,
,86-92,Stewarts Road,,LONDON,SW8 4UG,00845072,1200061675205,,18/5/2028,E,
The Jolly Brewer,27,Broadgate,,LINCOLN,LN2 5AQ,04031N12,1100002347540,46585,1/9/2029,E,
,34,Liberty Close,,WIMBORNE,BH21 6SY,03801H09,2000026951080 2000026951080,64615,1/1/2026,E,
,.,"Talbot Square, 8",,,W2 1TS,12793101,12793101,166909,1/10/2026,,
The Cottage Inn,26,Broad Lane,,Reading,RG7 6QJ,03126H14,2000011413462,12231,7/6/2027,E,
,9,Margaret Street,,West Midlands,B3 3BS,9461408,9461408,92781,31/3/2028,,
,448,Lichfield Road,,Sutton Coldfield,B74 4EP,03801N13,1417259231007,15967,1/11/2025,E,
,24,Green Lane,,Dagenham,RM8 1XU,03801202,1200039855466,,12/7/2026,E,
Greenwich House,80,Union Street,,OLDHAM,OL1 1DJ,53741201,53741201,176104,30/3/2028,,
,31,BUCKINGHAM STREET,,AYLESBURY,HP20 2LA,04139204,1012458500162,44492,1/11/2025,E,
Landlords Supply 1,70,Commercial Street,,Scarborough,YO12 5EW,0380102A,1580000765444,621,1/11/2025,E,
Unit B,,Avenue Two,,WITNEY,OX28 4YB,4004428103,4004428103,23562,3/7/2026,,
,,Low Moor Farm,,Ripon,HG4 5AR,0380102C,1591018272930,7171,23/2/2026,E,
,1179,High Road,,ROMFORD,RM6 4AL,03801204,1200042002437,41046,27/2/2026,E,
Unit,5,Wandle Way,,Mitcham,CR4 4NB,00845073,1200031817659,,1/11/2025,E,
Azime Court,,Rock Road,,Wadebridge,PL27 6NW,03801N13,2200022126682,22130,1/8/2026,E,
Unit 3,,Symons Terrace,,Redruth,TR15 1AA,03801110,2200023613700,658,18/6/2028,E,
THE CORNER HOUSE,67,JERVISTON STREET,,MOTHERWELL,ML1 4JJ,03801D02,1800018589333,12594,24/3/2027,E,
,160,Dudley Road,,BIRMINGHAM,B18 7QX,8840803107,8840803107,71140,1/11/2025,,
,65,Vicarage Road,,West Midlands,DY8 4NP,51091200,51091200,1,1/11/2025,,
K9,,"Upper Level, White Rose Shopping Centre",,LEEDS,LS11 8LU,0380102C,2380000901508,22834,1/3/2026,E,
29/30,,Roman Way,,Birmingham,B46 1HQ,05034N33,1429454100009,13841,1/11/2025,E,
,1a,Basset Road,,Camborne,TR14 8SE,03801110,2200023576750,4377,9/10/2026,D,
244,,UPPER TOOTING ROAD,,LONDON,SW17 7EX,03801201,1200051050446,12565,1/6/2026,E,
West Bridgford Baptist Church,,Melton Road,,NOTTINGHAM,NG2 7NF,19284800,19284800,131911,5/12/2027,,
,,Mill Road,,MARKET RASEN,LN8 3BP,58540508,58540508,126683,1/1/2026,,
Unit 1 The Wallows Industrial Estate,,Fens Pool Avenue,,Brierley Hill,DY5 1QA,00845127,1470000169351,,1/11/2025,E,
239,,BROMLEY ROAD,,LONDON,SE6 2RA,03801202,1200034029257,2451,22/3/2027,E,
TRANSPORT STADIUM,,WHEELERS LANE,,BIRMINGHAM,B13 0ST,51343403,51343403,1,1/5/2026,,
Unit 2 Brentford Lock,,High Street,,Brentford,TW8 8AQ,03801H07,2000051913490,12022,1/11/2025,E,
,9,Cardigan Fields Road,,LEEDS,LS4 2DG,0084505A,2380002221877,,1/3/2026,E,
Leveness Solicitors,235-239,Ashley House,,London,N22 8HF,00845072,1013087488988,,1/3/2028,E,
Synergy Property Group,,Butts Lane,,Royston,SG8 7SL,00845073,1050001086537,,1/3/2028,E,
,12,Rectory Road,,Sutton Coldfield,B75 7AL,00900N13,1423665100007 1423665100007,,15/1/2027,E,
,297,Birchfield Road,,Birmingham,B20 3BX,03801007,1412411221004 1412411221004,96176,1/10/2026,E,
Shop,163,Bellenden Road,,London,SE15 4DH,520521200,520521200,80594,26/11/2026,,
Unit 12,,"Central City Industrial Estate, Red Lane",,COVENTRY,CV6 5EQ,04830N13,1100023724428,14693,1/3/2027,E,
,,Tuthill,,Lydney,GL15 5PA,03801N14,1416689912000,31828,31/3/2028,E,
,4,The Parade,,London,OX5 1EE,03801H02,2000008318125,4110,17/5/2027,E,
Land/Lords Heating(Only),37,Eaton Place,,London,SW1X 8BX,04807201,1200026500193,1668,2/3/2026,E,
,45,Main Ridge East,,Boston,PE21 6ST,21257908,21257908,153209,2/8/2028,,
Talbot Hotel,,Bridge Foot,,Derbyshire,DE56 2UA,04031N13,1100008868741,50542,2/3/2027,E,
,19,Hillside Road,,Bury St. Edmunds,IP32 7EA,03801201,1030016613590,2548,2/3/2026,E,
,24,Nobel Square,,Basildon,SS13 1LP,3275988903,3275988903,50999,16/7/2028,,
Unit 12,,Newton Court,,Wolverhampton,WV9 5HB,00900N13,1410797213000,,28/1/2026,E,
Unit 6,,Chalex Industrial Estate,,Brighton,BN42 4NH,03801201,1900090347897,1767,2/3/2027,E,
,171,Camberwell New Road,,London,SE5 0TJ,03801204,1200029267689,31140,19/3/2027,E,
,116-118,Roman Road,,LONDON,E2 0RN,04874202,1200033366683,3984,21/8/2026,E,
,82,High Street,,Stoke On Trent,ST8 6AS,04811N12,1416791830009,3613,2/3/2027,E,
,,The Works,,Much Wenlock,TF13 6DQ,00900N13,1419422103000,,2/3/2026,E,
,96,High Street,,Dudley,DY1 1QP,03801007,1419078201009,9171,1/4/2026,E,
,4,Grove Road,,Bournemouth,BH1 3AX,46826409,46826409,334783,30/3/2027,,
Unit 8,,Greenway,,Caerphilly,CF83 8DW,00845300,2100041190543,,13/8/2026,E,
Research Centre,,Daytona Drive,,Newbury,RG19 4VV,3992269906,3992269906,199452,22/8/2027,,
,,Berrow Road,,Burnham On Sea,TA8 2EZ,00900N14,2200013773267,,31/3/2028,E,
,41,High Street,,Baldock,SG7 5NP,03801203,1012811828465,14801,3/3/2026,E,
TOWN & COUNTRY,Unit 2,Bardon Hill,,COALVILLE,LE67 1TE,00845060,1100039674745,,4/3/2026,E,
"Wecock,Community Centre",,Kite Close,,Waterlooville,PO8 9UU,00900H86,2000052538082,,26/5/2028,E,
44,,ST. MATTHEWS STREET,,IPSWICH,IP1 3EP,04812202,1012894025171,3623,4/3/2026,E,
Unit 44,,Station Road,,Birmingham,B46 1JT,03801N12,1416253741000,11389,15/10/2026,E,
Pfd (Carlisle ) Ltd,60,Church Road,,WORKINGTON,CA14 5PT,1293246002,1293246002,32148,7/10/2026,,
Caer Lloi,,Betws Gwerfil Goch,,Corwen,LL21 9PG,03801D02,1300010153917,7299,4/3/2026,E,
TANDEM HOUSE,,"Tandem Industrial Estate,Wakefield Road",,HUDDERSFIELD,HD5 0AL,1855499105,1855499105,177485,9/5/2026,,
44,,THE CALLS,,LEEDS,LS2 7EW,12894006,12894006,1,1/11/2025,,
New Build Annexe At Brynfa,,Holyhead Road,,Bangor,LL57 2DP,00900D04,1300060233904,,23/7/2027,E,
,31,Market Street,,FERRYHILL,DL17 8JH,0380102B,1591014466944,7417,5/3/2028,E,
Southfields House,,Boundary Road,,Newark,NG24 4AZ,48364306,48364306,253295,26/10/2027,,
0002640833,43,High Street,,HAMPTON,TW12 2SA,8817570509,8817570509,4781,1/4/2027,,
,,Unit 4,,HOUNSLOW,TW3 3UD,03801H01,2000002799931,6444,5/3/2026,E,
,19,Whitehorse Lane,,London,SE25 6RD,79704305,79704305,153029,25/7/2027,,
Unit 6,,Isis Court,,Abingdon,OX14 1DZ,03801H07,2000052604080,9126,5/3/2027,E,
,7-9,WOOLWICH NEW ROAD,,LONDON,SE18 6EX,77344403,77344403,339495,19/8/2026,,
,,Unit 27,,LEICESTER,LE9 6TU,04811N12,1100018026561,3672,27/8/2026,E,
Geze UK Ltd,,Blenheim Way,,LICHFIELD,WS13 8SY,9101745103,9101745103,254565,1/10/2026,,
,41,Stakehill Industrial Estate,,Manchester,M24 2FL,04811004,1610002524553,13660,7/3/2026,E,
,155,,,"BIRMINGHAM,",B33 8BA,03801N12,1470000996230,7670,8/3/2027,E,
,82,St. Helens Road,,BOLTON,BL3 3NP,8906941705,8906941705,62159,18/10/2026,,
,166,Rush Green Road,,Romford,RM7 0JU,04139203,1012505622790,,6/4/2027,E,
,100,Withington Road,,Manchester,M16 8FA,03801004,1610000175090,13490,16/5/2026,E,
148,,HANSON LANE,,HALIFAX,HX1 5PQ,0084505A,2326532948012,,1/7/2027,E,
R D Marine Ltd,,Clothall Road,,Baldock,SG7 6PD,69899902,69899902,120068,24/1/2028,,
Horizon Healthcare Limited,11,St. Brydes Terrace,,Lockerbie,DG11 2EJ,63398602,63398602,255637,1/4/2027,,
,241,Somercotes Hill,,Alfreton,DE55 4HX,04828N14,1100008343461,10935,1/11/2025,E,
,UNIT 16,Exchange Road,,LINCOLN,LN6 3JZ,03801013,1100002419813,760,1/11/2025,E,
,1272,Carpet Warehouse,,BIRMINGHAM,B30 2XU,03801N12,1470000330161,5546,1/9/2026,E,
,40,High Street,,Pershore,WR10 1DP,03801N12,1419010971000,6335,29/3/2027,E,
,115,MANCHESTER ROAD,,SHEFFIELD,S10 5DH,57967203,57967203,103655,1/10/2026,,
"THIRD FLOOR OFFICE, Charles House 5-11",,Regent Street,,London,SW1Y 4LR,03801201,1200039680813,3274,17/3/2026,E,
,151,HUNTINGDON STREET,,NOTTINGHAM,NG1 3JR,15360006,15360006,329522,1/6/2026,,
,75,East Road,,London,N1 6AH,04807202,1200032342050,3383,10/3/2026,E,
Liton Laundry,44,Bilton Way,,LUTON,LU1 1UU,2950930000,2950930000,1067953,1/4/2028,,
Basement (Workshop No.3),77,East Road,,London,N1 6AH,04807201,1200032342032,1219,10/3/2026,E,
,,Tong Road,,Leeds,LS12 4QG,0480004A,2340532940423,,1/11/2025,D,
,,Bradshaw Road,,BURY,BL8 3PJ,15016406,15016406,1,1/10/2026,,
Scally's,,Spencroft Road,,Newcastle,ST5 9JB,03801N12,1416796520006,5624,10/3/2027,E,
,3,Thorneycroft Lane,,WOLVERHAMPTON,WV10 0NF,03801N12,1417577180007,1000,1/11/2025,E,
,.,"Nunn Brook Road, H E C Showman Ltd",,Nottinghamshire,NG17 2HU,8818819302,8818819302,298805,1/10/2027,,
Golden Lion,42,Beeston Road,,Leeds,LS11 8RP,0380102D,2346552500810,7386,18/11/2025,E,
Jowitt Abrasives,,Broombank Road,,CHESTERFIELD,S41 9QJ,9081215205,9081215205,236430,19/8/2026,,
,17,Marine Parade,,GREAT YARMOUTH,NR30 2ES,00845072,1014570490342,,11/3/2026,E,
,20-23,Marine Parade,,GREAT YARMOUTH,NR30 2ES,00845071,1014569417627,,11/3/2026,E,
,41,Lion House,,Leeds,LS1 2ED,0380102C,2340270871417,8650,12/3/2026,E,
,14,"The Barbican,",,"DEVON,",PL1 2LS,4216210308,4216210308,26782,1/11/2025,,
,20,Marine Parade,,GREAT YARMOUTH,NR30 2ES,00845071,1014569542513,,11/3/2026,E,
,.,"HIGH PAVEMENT, THE GALLERIES OF JUSTICE",,,NG1 1HN,8823949902,8823949902,290805,1/4/2027,,
,5,Comer Road,,WORCESTER,WR2 5HU,2447526200,2447526200,25215,26/3/2028,,
,,Unit 4,,STOURBRIDGE,DY9 8HX,00845L02,1428379000004,,1/8/2026,E,
De Marcos de Marcos Chip Shop,25,Corkerhill Place,,GLASGOW,G52 1RU,03826D03,1800026747795,22418,11/6/2026,E,
,5,Lintmill Terrace,,Aberdeen,AB16 7SR,03801P08,1714920192905,24531,1/7/2027,E,
,10,John Street,,West Bromwich,B70 9RX,04811N13,1413044260008,15955,13/3/2026,E,
DR ANDERSON LODGE,,EAST LANE,,DONCASTER,DN7 5DY,50669002,50669002,320877,21/12/2027,,
,12,1st & 2nd Floor,,NOTTINGHAM,NG1 5BG,04811N12,1100005164712,,14/3/2027,E,
,12,Ground Floor,,NOTTINGHAM,NG1 5BG,04811N12,1100005871468,5740,14/3/2027,E,
,5,The Colonade,,MANSFIELD,NG20 8BL,2103305409,2103305409,786,1/11/2025,,
,3,Royal Mail Social Cl,,Northampton,NN1 2TN,03801N12,1100019636202,12503,20/3/2027,E,
,197,Richardshaw Lane,,Pudsey,LS28 6AA,0380102A,2313620131110,1475,15/3/2026,E,
,60,Rosemead Drive,,Leicester,LE2 5SF,03801013,1100013611179,2682,23/6/2028,E,
,22,Walter Road,,Swansea,SA1 5NN,03801N12,2199998274419,8773,28/3/2026,E,
Shapla Tandoori,,Queens Square,,ATTLEBOROUGH,NR17 2AF,04811202,1012719966005,43359,9/10/2026,E,
,2,Bridge Street,,Norwich,NR14 6EZ,04100202,1012710869270,,15/3/2024,E,
1st Floor,38,Kensington Garden Square,,London,W2 4BQ,01800902,1200023577495,,1/11/2025,D,
,150,Golden Hillock Road,,BIRMINGHAM,B10 0DX,88337709,88337709,213170,14/6/2026,,
,,22/2 High Oaks,,St Albans,AL3 6DL,03136202,1012476639577,5810,16/3/2027,E,
,17,St. Pauls Square,,Bedford,MK40 1SL,03136202,1012345854905,6283,4/7/2028,E,
The Limes Residential Home,,Glebedale Road,,Stoke-on-Trent,ST4 3AP,75509006,75509006,128321,28/11/2025,,
,,Bryncethin,,Bridgend,CF32 9YR,16801307,16801307,222546,1/2/2027,,
ELEPHANT HOTEL 1,,WOOLTON ST,,LIVERPOOL 25,L25 5NH,00845G01,1300035383090,,1/7/2026,E,
1st Floor Office,302,Abingdon Road,,OXFORD,OX1 4TE,03801H02,2000009244982,9010,17/3/2027,E,
35,37,Blackstock Road,,London,N4 2JF,03801204,1200021507501,38327,26/9/2027,E,
,Non-PAF De,Oldends Lane,,STONEHOUSE,GL10 3RQ,00845127,1421458100008,,18/3/2026,E,
Unit 35,,Shipley Indoor Market,,Shipley,BD18 3QU,0380102A,2390000098640,608,18/3/2026,E,
Unit 9,,Dartmouth Building,,Hampshire,PO14 1AH,03801H06,2000013703400,1159,1/11/2025,E,
G E Wood Dental Surgeon ;Total Insurance,241,Manningham Lane,,Bradford,BD8 7ER,0380102B,2316006681515,9954,18/3/2026,E,
T/A Daco,265,Acklam Road,,Middlesbrough,TS5 7BP,0480802B,1591049522035,5694,1/11/2025,E,
,15,Raddlebarn Road,,Selly Oak,B29 6HJ,04811010,1418107701002,3334,3/7/2026,E,
UNIT 18,,SOUTHFIELDS ROAD,,DUNSTABLE,LU6 3EJ,00845072,1014568028190,,22/8/2027,E,
The Downe Arms,15,Market Place,,Goole,DN14 9HE,16637006,16637006,29931,11/7/2027,,
"Unit 3, Ashley Business Centre",,Hanworth Lane,,Chertsey,KT16 9GF,03801201,1900091584518,1144,24/7/2026,E,
,80,Everdon Way,,Peterborough,PE3 7BW,03136202,1012874052668,18472,19/3/2027,E,
E H Middleton & Son Decorators Ltd,986a,Abbeydale Road,,Sheffield,S7 2QF,0380102C,2331720670719,370,1/11/2025,E,
Social Club Meadlands,,Needham Road,,Stowmarket,IP14 2AD,03136203,1012972034500,43240,1/4/2028,E,
Town Hall Hotel (House),,Market Place,,Richmond,DL10 4QL,0380102A,1591045155750,,12/4/2029,E,
,17,The Drive,,Sidcup,DA14 4ER,04811204,1200021317288,41979,26/12/2025,E,
Quantum House,23,Roscoe Street,,LIVERPOOL,L1 2SX,1682644604,1682644604,19895,3/8/2027,,
Units 9-10,,May Street,,Broxburn,EH52 5NF,03801D01,1800020111378,15050,9/9/2026,E,
,.,"The Kerith Centre, Bracknell Family Church",,Berkshire,RG12 1EH,79373106,79373106,251408,1/10/2027,,
Un 14,,The Shires,,Trowbridge,BA14 8AT,03801H01,2000006303057,1587,20/6/2026,E,
,377,Leeds Road,,Bradford,BD3 9LY,0350002D,2314407481813,21671,27/3/2026,E,
,114,LONGMOOR LANE,,NOTTINGHAM,NG10 5JP,8816411405,8816411405,421460,1/10/2026,,
,42,St Andrews Road,,Sheffield,S11 9AL,0380102B,2330253434810,8377,23/4/2026,E,
,377,Leeds Road,,Bradford,BD3 9LY,0453404A,2314407481822,28114,27/3/2027,E,
,61,Shirland Road,,London,W9 2JD,04800203,1200027069130,,8/6/2026,D,
Unit F9 Regent Arcade,,High Street,,Cheltenham,GL50 1JZ,00900633,1415071071000,,28/3/2026,E,
,27,Main Street,,Skipton,BD23 5AD,8814375002,8814375002,171784,27/11/2026,,
,,"Unit 4,Norfolk Bridge Business Park",,Sheffield,S4 7YW,0481102B,2380000974923,,16/5/2026,E,
Winnington Warehousing,,Winnington Lane,,Northwich,CW8 4DU,46802709,46802709,157416,15/6/2027,,
,82,Boleness Road,,WISBECH,PE13 2XQ,00900202,1023496722953,,22/3/2026,E,
,17,Queensferry Street,,Edinburgh,EH2 4QW,03801D01,1800022237782,14981,12/2/2026,E,
Coin-Op Launderette,7,Kings Parade,,ESSEX,SS17 0HR,03801202,1012552920689,9236,22/3/2026,E,
Westinghouse Launder;7,,Oxford Road,,Oxfordshire,OX14 2ED,04811H17,2000009308331,13532,23/3/2026,E,
,205,SHIRLEY CHURCH ROAD,,ADDINGTON,CR05AB,66087903,66087903,170931,1/5/2026,,
Unit 2,,Galleyhill Trading Estate,,Swanscombe,DA10 0LQ,03801204,1900043140636,27656,22/3/2026,E,
,680,Attercliffe Road,,South Yorkshire,S9 3RP,0481102C,2334551296212,15243,3/2/2027,E,
Swan House,,Wincham Lane,,NORTHWICH,CW9 6GG,9212952800,9212952800,188342,7/6/2028,,
Unit 4,,Brindley Road,,Coventry,CV7 9EP,04811037,1100023647474,5948,30/1/2026,E,
,8,"Vernon Place, Northern Court",,NOTTINGHAM,NG6 0DE,03801013,1100007477270,11,9/12/2026,E,
Dale Farm,,Rue Hill,,Stoke On Trent,ST10 3HD,04811N12,1413731040007,1823,29/1/2026,E,
,47,Barton Road,,Milton Keynes,MK2 3HU,04811N12,1100015423280,17594,23/3/2027,E,
,183,High Street,,LONDON,W3 9DJ,9157792409,9157792409,136079,1/6/2027,,
,,"Canal Side, Awsworth Road",,ILKESTON,DE7 8HH,03801N12,1100011424331,4669,9/6/2027,E,
Unit 5,,Abbey Wood Business Park,,Bristol,BS34 7JU,03801N14,2200031660974,33821,23/3/2026,E,
,57,Billing Road,,Northampton,NN1 5DB,03801N12,1100019185253,5475,26/3/2026,E,
5-6 PALMER BUSINESS COURT,,MANOR HOUSE ROAD,,NOTTINGHAM,NG10 1LZ,03801N14,1160000900500,56860,1/7/2027,E,
,73,High Street,,Haverhill,CB9 8AN,04100202,1012950807803,8292,13/6/2027,E,
"Unit 2, Chiltern Works",,Lincoln Road,,High Wycombe,HP12 3RQ,03801H07,2000013119485,8194,24/3/2027,E,
Landlords Supply 43 To 52,,Taverners Hall 170a,,Peterborough,PE1 2NW,03801202,1030076738354,12616,25/3/2026,E,
Aldro School,,Lombard Street,,Surrey,GU8 6AS,00845H87,2000027420816,,1/4/2026,E,
Zoar Residential Home,,Marian Street,,Tonypandy,CF40 2DL,16784704,16784704,245916,9/2/2026,,
,,U 5 Moorland Way,,Lincoln,LN6 7JW,03801N12,1100002528390,8225,26/3/2026,E,
,22,The Village,,London,SE7 8UD,65385300,65385300,40353,1/11/2025,,
,,Saxon Way,,Royston,SG8 6DN,04139204,1012781708120,51266,26/3/2027,E,
,247,Southwick Road,,Sunderland,SR5 2AB,0380102B,1591029166654,8345,5/11/2025,E,
,231,Church Road,,Bristol,BS5 9HL,04807N12,2200017945600,29390,10/4/2027,E,
Stoke Bottom Farm,,Stoke St. Michael,,Avon,BA3 5HW,03801N12,2200012122004,2855,11/4/2026,E,
,55,St Mary's Place,,Nottingham,NG1 1PH,03801013,1100005315480,1061,1/11/2025,E,
,173,Newland Avenue,,HULL,HU5 2EP,0382602D,2362612583312,62800,1/11/2025,E,
,,Stoke Bottom Farm,,Bath,BA3 5HW,03801110,2200012122900,2565,4/4/2026,E,
Games Supply,,County Mall,,CRAWLEY,RH10 1FF,03801204,1900008427523,18412,8/1/2026,E,
,,Commerce Way,,Edenbridge,TN8 6ED,00845071,1900043000957,,28/3/2026,E,
,98,Priory Road,,Merseyside,L4 2SH,8866113001,8866113001,133262,16/9/2028,,
Diamonds,263,Bradford Road,,Shipley,BD18 3AB,0481102A,2315707771219,3217,28/3/2026,E,
Harvest Hill Lodge,,Hoveringham Road,,Nottingham,NG14 7EE,04811N12,1160001032408,10151,20/6/2027,E,
Cundy Abbeyfields Farm,,Newstead Abbey Park,,Nottingham,NG15 8GE,04811N12,1100003893121,874,29/3/2026,E,
SHERBROOK BUSINESS CENTRE,UNIT 5,SHERBROOK ROAD,,,NG5 6AT,03801N14,1160000109868,86793,16/8/2027,E,
Inn at the Park Hotel,4,Deemount Terrace,,ABERDEEN,AB11 7RX,03801R54,1714756260311,48683,28/3/2027,E,
,83,Ilkeston Road,,Nottingham,NG7 3HA,03801N12,1100005757021,6129,21/10/2026,E,
Quarry Banks Farm,,Newstead Abbey Park,,Nottingham,NG15 8GE,04807N12,1100004270776,7549,29/3/2026,E,
,29,High Street,,Brierley Hill,DY5 2JW,00845127,1416376680005,,16/6/2028,E,
,20,High Street,,Poole,BH15 1BP,03801H09,2000021529378,26631,29/3/2026,E,
Pennine House,,Roman Ridge Road,,Sheffield,S9 1GB,0380102B,2333911619010,18938,30/3/2028,E,
St. Oswald House,,St. Oswald Street,,CASTLEFORD,WF10 1DH,1895106600,1895106600,36959,25/1/2027,,
,17-19,High Street,,LONDON,NW10 4NE,03801202,1200037674525,292,13/5/2026,E,
,1,Red Lion Street,,Stamford,PE9 1PA,04829N13,1100001986290,78129,22/7/2027,E,
THE WHITE HORSE INN,,Bury Road,,Bury St. Edmunds,IP30 9AB,03136203,1012939243630,53871,16/1/2027,E,
,205,Bramcote Lane,,Nottingham,NG8 2QJ,04031N12,1100005172990,65055,22/4/2026,E,
,87,Etnam Street,,Leominster,HR6 8AE,03801N12,1414727602000,7387,30/3/2026,E,
,87,Etnam Street,,Leominster,HR6 8AE,03801007,1413727602008,6308,30/3/2026,E,
74-75,,Marine Parade,,Great Yarmouth,NR30 2DH,04139204,1012673724501,177819,1/11/2027,E,
,29,Woolton Street,,Liverpool,L25 5NH,03093D02,1300034435171,23863,20/5/2026,E,
J A House,,Manby Road By Pass,,Immingham,DN40 2DW,03800999,2371047185010,,1/11/2025,D,
,58,Belsize Lane,,LONDON,NW3 5AR,3287091400,3287091400,61030,15/8/2027,,
,85,Leicester Road,,LOUGHBOROUGH,LE12 7AJ,04829N14,1100013941819,137759,24/11/2027,E,
,,Upper Castle Street,,BRADFORD,BD5 7RN,8823815207,8823815207,279349,7/1/2027,,
Unit 33,,Nine Mile Point Industrial Estate,,NEWPORT,NP11 7HZ,03801N12,2199990254683 2199990254683,394,22/8/2026,E,
,,,,LEICESTER,LE9 2AL,03801013,1100018222940,2274,4/11/2026,E,
BAND-IT CO LTD,,TELFORD CRESCENT,,CHESTERFIELD,S43 3PF,14369008,14369008,153115,1/10/2026,,
,52,Buckland Road,,Reading,RG2 7SW,68658403,68658403,87869,20/2/2028,,
Unit U074,,Upper Thames Walk,,Greenhithe,DA9 9SR,00900204,1900060244461,,1/11/2025,E,
,410,Eaton Road,,Liverpool,L12 3HG,03800D01,1300002519650,,1/11/2025,D,
,22,New Star Road,,Leicester,LE4 9JD,00900058,1100039202364,,1/11/2025,E,
Outbuildings,,Penybont,,Tregaron,SY25 6LG,04800201,2199999281435,,1/11/2025,D,
,,Bridgend Farm,,ASHFORD,TN27 0ER,03801204,1900009218642,10622,11/6/2026,E,
,112,Meneage Street,,Helston,TR13 8RQ,51418902,51418902,12413,3/6/2026,,
Blackfriars,,Buckingham Road,,CAMBRIDGE,CB3 0DD,3087075410,3087075410,53447,19/10/2027,,
,,Stone Street,,CRANBROOK,TN17 3HE,693506909,693506909,29918,13/5/2026,,
,218,London Road,,LEICESTER,LE2 1NE,03801N14,1100013362500,16052,13/8/2026,E,
The Business Centre,3,Molly Millars Lane,,Wokingham,RG41 2EY,49809907,49809907,114586,1/4/2027,,
,64-65,Princes Square,,London,W2 4PX,03005203,1200023580104,,10/9/2026,E,
,95,London Road,,LEICESTER,LE2 0PF,03801N12,1100013360804,7100,30/1/2027,E,
The Cradle Nursery,306-308,Leicester Road,,Wigston,LE18 1JX,04554N12,1100013606355,11212,22/2/2027,E,
BAND-IT CO LTD,,TELFORD CRESCENT,,CHESTERFIELD,S43 3PF,14472607,14472607,228180,1/10/2026,,
Greenkeeper's Shed,,Broome Lane,,Leicester,LE7 4SD,03801N14,1100013118145,,11/8/2026,E,
,,Walters Wholesale,,Nottingham,NG7 2NR,8817700900,8817700900,3335,1/11/2025,,
,137a,Harrison Road,,LEICESTER,LE4 6NP,04817N14,1100039672650,111662,1/12/2025,E,
,,Arturi Garden Centre,,Fair Oak,SO50 7DE,04111H49,2000051877717,211215,1/8/2026,E,
,49,Beach Road,,Littlehampton,BN17 5JG,04811203,1900014422477,5603,18/5/2026,E,
WHITE HORSE VINTAGE,,White Horse Lane,,LEICESTER,LE4 4EF,00845058,1100051241811,,30/12/2025,E,
Old Civic Centre Car Park,,Black Horse Lane,,Ipswich,IP1 2EF,03136202,1012894163633,10008,16/4/2027,E,
Burley Coach House,,The Cross,,Ringwood,BH24 4AB,03801H06,2000026585623,351,31/3/2026,E,
Lower Halstead,,Halstead Lane,,Huddersfield,HD4 6XT,0380102D,2323041981510,46303,9/1/2026,E,
Plot 1,8,Birmingham Road,,Walsall,WS1 2NA,03801N13,1460001809412,10826,31/3/2027,E,
3rd Floor Suite 2,,Victoria House,,Stockport,SK1 3AD,03801631,1610019873614,1,1/11/2025,D,
,22,Load Street,,Bewdley,DY12 2AE,03801N12,1415918491003,8291,31/3/2027,E,
Bournemouth 227,111,Old Christchurch Road,,Bournemouth,BH1 1EP,04076144,2000020861430,,31/3/2026,E,
Bournemouth 227,111,Old Christchurch Road,,Bournemouth,BH1 1EP,03801H06,2000020861440,12108,31/3/2026,E,
,24,Hollycroft,,HINCKLEY,LE10 0HG,2435800705,2435800705,43447,16/6/2027,,
,,Cartwright Street,,Cleckheaton,BD19 5LY,8910267300,8910267300,74515,16/9/2026,,
,,227-229 Cleethorpes Road,,Grimsby,DN31 3BE,8869381906,8869381906,29589,26/2/2027,,
,107,Catherine Street,,Warrington,WA5 0LA,03801D02,1300004874670,6973,31/3/2026,E,
Torrys Diy,,30-34 West Street,,Warwick,CV34 6AN,04811N12,1100024645593,14626,31/3/2027,E,
,171,Comptons Lane,,HORSHAM,RH13 6BW,00845J07,2500001855659,,1/4/2026,E,
,38/39,LANCASTER GATE,,LONDON,W2 3NA,03005204,1200040573999,30766,1/4/2026,E,
,38/39,LANCASTER GATE,,LONDON,W2 3NA,03006203,1200040574014,31110,1/4/2026,E,
,38/39,LANCASTER GATE,,LONDON,W2 3NA,03801204,1200040574005,43597,1/4/2026,E,
SUNNYSIDE HOUSE,,SUNNYSIDE ROAD,,ILFORD,IG1 1HU,75574309,75574309,138719,1/2/2027,,
,,Ryton Village,,RYTON,NE40 3QP,0084502B,1591054685674,,24/6/2027,E,
Round Oak Annexe,,Bishopsgate Road,,Egham,TW20 0YW,04044H19,2000003348019,22546,1/4/2027,E,
,103A,London Road,,SEVENOAKS,TN13 1BH,683020203,683020203,54004,17/4/2027,,
Doctors Surgery,,Miller Way,,Rochester,ME2 4LP,03801203,1900005144270,11683,1/7/2027,E,
Unit 1b,,"Adams Business Centre, Cranes Farm Road",,BASILDON,SS14 3JF,9210174408,9210174408,46031,1/11/2025,,
Mortonhall Golf Club,231,Braid St,,EDINBURGH,EH10 6PB,47777102,47777102,199619,21/12/2026,,
,52,Main Street,,Ayr,KA6 7QL,03801D02,1800014905283,3179,2/4/2026,E,
43a,,Cley Road,,Swaffham,PE37 7NP,9209330200,9209330200,50655,18/8/2027,,
CHARLOTTE STRAKER HOUSE,,COOKSON CLOSE,,CORBRIDGE,NE45 5HB,17654101,17654101,390090,1/10/2026,,
,36,Church Street,,London,NW8 8EP,03801201,1200041310862,6095,1/4/2026,E,
HOUSNG ADV CENT,807,High Road Leyton,,LONDON,E10 7AA,3265142503,3265142503,0,11/12/2028,,
,37,High Street,,Haverhill,CB9 8AD,00845071,1014570387307,,1/4/2026,E,
Chelmsford Tan 1,,Unit 7 Regina Road,,Chelmsford,CM1 1PE,00845072,1014568818244,,3/5/2024,E,
,35,Carolgate,,Retford,DN22 6BZ,03801N13,1100003314119,20872,16/4/2026,E,
,94,Church Road,,PRESTON,PR4 6UP,1674880710,1674880710,1,13/2/2026,,
Beech House,,Freeman Road,,Lincoln,LN6 9AP,00845058,1100039657759,,7/2/2026,E,
The Vineyard Life Church,,The Vineyard,,RICHMOND,TW10 6AQ,3358016907,3358016907,68221,4/9/2028,,
,,Unit 6,,IPSWICH,IP6 8NZ,03801202,1012975820307,3686,12/4/2026,E,
,16-18,Market Street,,Cinderford,GL14 2RX,00900N14,1418285522001 1418285522001,,10/9/2026,E,
Unit 8,,Orion Way,,NORTH SHIELDS,NE29 7SN,0480702C,1580000474040,17299,1/10/2026,E,
1-2,,Leazes Lane,,Newcastle Upon Tyne,NE1 4QT,1270826902,1270826902,17639,2/6/2026,,
,,Burchard Crescent,,Milton Keynes,MK5 6EY,03801N14,1100014817810,37181,1/11/2025,E,
,,Ashford Road,,Leicester,LE2 6AA,03801013,1100013741240,5026,7/1/2027,E,
Isabella House,1d,Station Yard,,THAME,OX9 3UH,04811204,1012450471090,38593,1/4/2026,E,
,9c,Station Yard,,THAME,OX9 3UH,04811204,1012450470403,101453,1/4/2026,E,
,Non-PAF De,St. Saviours Road,,LEICESTER,LE5 4HJ,04811N14,1100013009000,33263,21/3/2026,E,
,1-3,Evington Drive,,LEICESTER,LE5 5PF,00845058,1100050384839,,5/11/2025,E,
,26,High Street,,Hertfordshire,SG8 9AG,03136203,1012769835293,36317,1/4/2026,E,
,285,Watling Street,,RADLETT,WD7 7LA,04807203,1012428157180,8828,1/4/2026,E,
Kings Head,,Church Square,,Shepperton,TW17 9JY,00900204,1900019034931,,12/5/2026,E,
PREMIER GROUP SUPPLY 2,UNIT 6,ANGLESEY BUSINESS PARK,,CANNOCK,WS12 1NR,00845N13,1425734000007,,1/4/2027,E,
Queens Head,37,Queen Street,,Horsham,RH13 5AA,00800202,1900035427267,,1/11/2025,D,
Craufurd Arms Hotel,59,Stratford Road,,Milton Keynes,MK12 5LT,04031N14,1100014868648,88393,7/5/2026,E,
,193,Gloucester Crescent,,WIGSTON,LE18 4YH,04817N14,1100039617612,,1/12/2026,E,
,,Unit 2,,Halifax,HX3 5AT,0084505C,2326530003012,,1/4/2026,E,
Phatehials Launderette,85,Parliament Road,,Middlesborough,TS1 4JF,0380102B,1591014707869,21345,1/10/2028,E,
654,,OLD EDINBURGH ROAD,,GLASGOW,G71 6HQ,03801D03,1800018688406,21800,1/4/2027,E,
,48,Calderbrook Road,,LITTLEBOROUGH,OL15 9HL,03801004,1610012831200,8298,1/4/2027,E,
,,Saffron Way,,LEICESTER,LE2 6UP,04811N12,1100013860105,4869,1/10/2026,E,
,2,Station Road,,WIGSTON,LE18 2DH,04031N14,1100013545065,56166,26/2/2026,E,
,2,Claremont Road,,Seaford,BN25 2AY,04004201,1900013316625,997,1/4/2026,E,
,4,New Market,,MORPETH,NE61 1PS,0084502D,1591060253936,,1/11/2025,E,
,,Fengate Trading Estate,,Peterborough,PE1 5XB,03801204,1023530690049,9528,1/11/2025,E,
Balmer Lawn Garage,,Unit 2,,New Milton,BH25 6SJ,04044H21,2000020017148,914,1/10/2026,E,
,,Broad Walk,,Bristol,BS4 2QU,00900L02,2200040953555,,1/11/2025,E,
Alutrade Products Ltd Unit 205,,"Pointon Way,HAMPTON LOVETT",,DROITWICH,WR9 0LW,00845127,1460000230043,,1/4/2026,E,
52,,IVATT WAY,,PETERBOROUGH,PE3 7PN,03801201,1012873856705,2946,1/11/2025,E,
126,,TUCKTON ROAD,,BOURNEMOUTH,BH6 3JX,03801H01,2000020329620,2746,1/4/2027,E,
,,CHESTER ROAD,,STOCKPORT,SK12 1QT,8814557008,8814557008,173122,14/10/2026,,
Techno Engineering Limited,,Waterloo Industrial estate,,PEMBROKE DOCK,SA72 4RT,00900N14,2199989633086,,1/3/2026,E,
C,,Waterloo Industrial Estate,,Pembroke Dock,SA72 4RR,00900N14,2199989649884,,1/3/2026,E,
,15,Bridge Street,,Heywood,OL10 1JB,03801004,1620000663075,1586,12/10/2027,E,
,39,Brunswick Road,,Gloucester,GL1 1JS,03801N12,1414087912002,13315,1/4/2026,E,
Unit 4,,Haldens Parkway,,Kettering,NN14 4QS,00845058,1100050432321,,1/4/2027,E,
,1,,,Bradford,BD4 6HN,1804943410,1804943410,29389,20/6/2026,,
,,Church Street,,Burnley,BB11 2DL,03801631,1620001506763,2162,1/11/2025,E,
,281,North Street,,BRISTOL,BS3 1JP,03801N12,2200015746511,7675,19/5/2027,E,
Trelavour Stores,,St.dennis,,St. Austell,PL26 8AR,03800N12,2200022456436,,1/11/2025,D,
Lady Hawkins' School,,Main School,,Kington,HR5 3AR,00900127,1426772200009,,1/4/2026,E,
,2,Southgate,,Sheffield,S21 4FT,04811N12,1100008608554,15363,2/4/2027,E,
,122,Maidstone Road,,ROCHESTER,ME1 3DT,04811202,1900010151980,5332,2/4/2027,E,
Cannon Commercials Ltd,,Fairfax Road,,Newton Abbot,TQ12 6UD,03802N13,2200020038875,39722,2/4/2026,E,
,64,North Street,,Bristal,BS3 1HJ,03500N12,2200015677373,8175,1/11/2025,E,
,9,Luke Street,,LONDON,EC2A 4PX,63049307,63049307,24038,25/5/2026,,
,329,Oldham Road,,Manchester,M24 2DN,03801631,1610002458779,4,24/10/2027,E,
Coundon Social Club,,Shorncliffe Road,,Coventry,CV6 1GP,00845058,1100039356199,,2/4/2027,E,
,7,Benedict Road,,Sunderland,SR6 0NX,0380102A,1591051375559,2765,4/4/2026,E,
,45,North View,,BRISTOL,BS6 7PY,04040210,2200016510889,,20/12/2027,E,
Unit 5,,Abbey Wood Business Park,,Bristol,BS34 7JU,03802N14,2200031660983,37382,3/4/2026,E,
,87,Whiteladies Road,,Bristol,BS8 2NT,03801110,2200016350080,2626,15/9/2028,E,
21A,,CHURCH STREET,,WALTON-ON-THAMES,KT12 2QP,64259200,64259200,78705,20/9/2027,,
PARKWOOD CHRISTIAN FELLOWSHIP,,PARKWOOD GREEN,,GILLINGHAM,ME8 9PN,03801202,1900001152231,8070,3/4/2026,E,
,62,High Street,,EXETER,EX3 0DY,04060N14,2200018356562,86520,6/9/2028,E,
,9,The Fold,,Birmingham,B38 9BL,00900N14,1424871100003,,3/4/2026,E,
,,Claydons Lane,,Rayleigh,SS6 7UP,16870405,16870405,143777,30/7/2027,,
Unit 98,,Kelleythorpe Industrial Estate,,Driffield,YO25 9DJ,0380102A,2365575490212,1553,10/4/2026,E,
ALLOYS HOUSE,,ST. ANDREWS ROAD,,BRISTOL,BS11 9HS,03801N14,2200016681334,,1/4/2029,E,
,59,Tower Bridge Road,,London,SE1 4TL,03801202,1200037412632,5615,30/7/2027,E,
Unit 28b,,Burnett Business Park,,Bristol,BS31 2ED,03801N13,2200041302873,20083,10/9/2027,E,
,29,Witham Road,,Woodhall Spa,LN10 6RW,04811N13,1100003057888,15687,21/8/2027,E,
Harris & Moss,13,Scotland Road,,Nelson,BB9 7UT,03801004,1610014344644,6575,19/12/2027,E,
,63,Market Place Burnham Market,,King's Lynn,PE31 8HD,04807201,1012646694902,306,1/11/2025,E,
The Woodmans Arms,,Hammerpot,,Littlehampton,BN16 4EU,04829204,1900031400703,,2/12/2025,E,
,,Off Clements Mead,,Reading,RG31 5WJ,03801H02,2000011434212,6475,18/8/2027,E,
Unit 23,,Moor Centre,,BRIERLEY HILL,DY5 3AH,8814021000,8814021000,31626,18/4/2027,,
,1,Radford Avenue,,Kidderminster,DY10 2ES,04811N12,1415476691000,3260,5/4/2026,E,
,33,Hildens Drive,,Reading,RG31 5HY,03801H02,2000011441502,29274,11/3/2026,E,
,4,St. Barnabas Road,,READING,RG4 8RA,03801H02,2000009933043,85,22/10/2026,E,
"Garden Services & Tree Surgery, Royle Fa",,Caldwell Road,,BURTON-ON-TRENT,DE15 9TU,00845L02,1100011742232,,5/4/2027,E,
,10,Queensferry Street,,EDINBURGH,EH2 4PG,8831797800,8831797800,155124,28/11/2027,,
,,LITTLE JOHNS FARM,,Reading,RG30 1LQ,04044H17,2000010484922,,13/3/2028,E,
,263,Oxford Road,,READING,RG1 7PY,00900456,2000055552140,,1/11/2025,E,
,.,"Middlemarch Business Park, Siskin Drive",,,CV3 4FJ,2413116501,2413116501,140148,8/12/2025,,
,94,Horsenden Lane North,,GREENFORD,UB6 7QH,04044H18,2000001026060,1426,6/4/2027,E,
,141,Shakespeare Street,,SOUTHPORT,PR8 5AN,1673688803,1673688803,60383,1/11/2025,,
,1,Beechcroft Road,,GOSPORT,PO12 2EP,8337503,8337503,187600,8/1/2026,,
,40,Wilton Road,,Reading,RG30 2SS,03801H02,2000011521619,4079,1/11/2025,E,
,110,Pall Mall,,Chorley,PR7 2LB,03801131,1610020698484,21389,1/11/2025,D,
Whistle And Flute,,Mill Lane,,Biggleswade,SG18 8AZ,03136203,1012445770818,32262,7/2/2026,E,
,14,Bridge Street,,Warrington,WA3 3PZ,00900424,1600000080691,,14/7/2027,E,
"Automated Gates, Leaton Industrial Estat",,,,SHREWSBURY,SY4 3AP,03801007,1416590600000,1442,7/4/2026,E,
,,Bath Road,,READING,RG7 5RH,03801H02,2000011418309,3766,1/11/2025,E,
,129,Chester Road,,Sunderland,SR4 7HG,0380102D,1591060263233,,9/4/2026,E,
Flat 478,,Finchampstead Road,,Wokingham,RG40 3RG,03801H01,2000005085529,2495,1/7/2028,E,
Ross House,,The Square,,CHELTENHAM,GL54 1AF,04811N12,1413675871003,6167,9/4/2026,E,
Forest Court,,Oakland Park,,Wokingham,RG41 2FD,03801H02,2000005186894,9005,1/10/2025,E,
Ross House,,The Square,,CHELTENHAM,GL54 1AF,04811N12,1415575871001,6419,9/4/2026,E,
Eastheath House,,Eastheath Avenue,,Wokingham,RG41 2PR,03801H02,2000005184850,47760,1/11/2025,E,
2 EMMA'S COURT,74,MARKET PLACE,,KING'S LYNN,PE31 8HD,03801201,1023499098853,1214,9/4/2026,E,
,63,West Street,,BOURNE,PE10 9NB,03826N13,1100001270480,19508,9/4/2026,E,
,154,Thelwall Lane,,WARRINGTON,WA4 1LU,03801D01,1300005084571,608,10/4/2026,E,
Island Farm,,Island Farm Road,,Reading,RG7 4ES,03500H03,2000011253036,,15/11/2026,E,
March Laboratories,,Goring Heath,,READING,RG8 7SB,03801H01,2000010416950,,1/11/2027,E,
,23,Brunel Way,,Thetford,IP24 1HP,03801202,1012942197523,15189,22/8/2026,E,
,90,Palmerston Road,,LONDON,E17 6PZ,9092105400,9092105400,59832,8/1/2028,,
,167,Edgware Road,,LONDON,NW9 6LP,00900071,1012843402864,,10/4/2026,E,
Elvet Waterside,,Durham City,,,DH1 3DA,8822241201,8822241201,165533,3/1/2021,,
,1b,Barnes High Street,,London,SW13 9LB,04011200,1200030768814,18657,13/3/2026,E,
Bronzeshield,,Crayford Mill Site,,Dartford,DA1 4QH,03801204,1200050819720,74186,22/10/2027,E,
,36-38,Chalton Street,,LONDON,NW1 1JB,8839337907,8839337907,28936,2/10/2028,,
Unit 9,,Upcott Avenue,,Barnstaple,EX31 1HN,03802110,2200014268540,2585,1/11/2025,E,
,,Towcester Road,,SWINDON,SN3 4AS,06801H74,2000012011460,94204,9/2/2026,E,
Central Lodge,2,Hull Road,,Blackpool,FY1 4QB,04511591,1610004088965,44,20/4/2026,E,
CHELMSFORD NURSING HOME,,EAST HANNINGFIELD ROAD,,CHELMSFORD,CM2 7TP,00845074,1030059035481,,23/5/2027,E,
,173,Ballards Lane,,HENDON,N3 1LP,03801203,1013005271110,5529,15/4/2026,E,
Bearwood Primary And Nursery School,,Barons Road,,Bournemouth,BH11 9UN,03801H09,2000021695864,65226,1/10/2027,E,
,,17A Station Road,,,BH25 6HN,03801H01,2000054860878,413,12/4/2028,E,
Temporary Builders Supply,33,The Cut,,London,SE1 8LF,03801203,1200042381961,115378,12/1/2026,E,
,117,High Street,,YARM,TS15 9BB,0380102A,1591047427114,1977,13/4/2028,E,
,0,L/Lord Supply,,MARKET HARBOROUGH,LE16 9AA,04811B1C,2700000250465,6535,21/3/2026,E,
Rossett Post Office,,Station Road,,Wrexham,LL12 0HE,03801D04,1300011370943,157508,6/11/2025,E,
Coneygreaves Farm,,Coneygreaves,,Stoke on Trent,ST10 2NS,00900N14,1410257040004,,13/4/2026,E,
,34,Nene Valley Business Park,,Peterborough,PE8 4HN,03801N12,1100020423724,4093,13/4/2026,E,
Central Waste Limited,,Wigwam Lane,,Nottingham,NG15 7TA,00845L02,1170001352845,,14/4/2026,E,
,170,Anderton Road,,Birmingham,B11 1ND,04811N14,1415254311009,53522,25/7/2028,E,
Global Optics UK Ltd,,"UNIT 6, BRANKSTONE BUSINESS PARK",,POOLE,BH12 1DW,03801H2C,2400000096765,9238,26/9/2027,E,
Unit 1,,unit 1,,WELLS,BA5 1RQ,00900N13,2200030034353,,16/4/2026,E,
,269,Alcester Road South,,Birmingham,B14 6EB,03801007,1418055501009,3422,16/4/2027,E,
,4-5,High Street Wimbledon,,LONDON,SW19 5DX,00845072,1200010211272,,17/4/2026,E,
C2,,Haviland Road,,Dorset,BH21 7RY,03801H02,2000021826784,1062,7/4/2026,E,
JINNAH RESTAURANT LTD,34,Cheltenham Parade,,Harrogate,HG1 1DB,8930290206,8930290206,237611,1/5/2028,,
,12,John Street,,BRADFORD,BD1 3JS,0380102A,2316106771810,8383,18/8/2026,E,
,41,Orchard Park,,Camarthen,SA33 4TL,03801N12,2199999091820,2992,17/4/2026,E,
Bell Inn,,21-23 Bell Street,,Princes Risborough,HP27 0DE,4009953103,4009953103,27697,1/11/2025,,
Bilston & District Labour Club,71,Wellington Road,,Bilston,WV14 6AY,03031N13,1427708000002,76228,14/3/2028,E,
,53-55,"Ground Floor,University House",,London,N1 6AH,04811202,1200030109411,9902,29/4/2026,E,
,49-51,East Road,,London,N1 6AH,03801201,1200030109397,1180,29/4/2026,E,
,15,Wood Street,,Bolton,BL1 1EB,04511591,1610029818499,,1/11/2025,D,
,26,Boswell Street,,London,WC1N 3JZ,03801202,1200023610993,171593,20/2/2027,E,
,,SOUTH CLOSE,,Cannock,WS11 1EH,2492158808,2492158808,14229,24/2/2026,,
,5,Elmfield Road,,NEWCASTLE UPON TYNE,NE3 4AY,0380102B,1591058550298,6397,6/1/2027,E,
Main Road,,Swalcliffe,,Banbury,OX15 5EP,00845L02,1429289100004,,1/3/2028,E,
Sturden Lodge,,Pye Corner,,Bristol,BS16 1SQ,03801N12,2200040925497,7705,18/4/2026,E,
Shillakers Farm,,North Drove Bank,,Spalding,PE11 3JU,04811N13,1100000824542,14986,18/4/2027,E,
Deansgate Court,244,Deansgate,,Manchester,M3 4BQ,49300902,49300902,236313,20/5/2027,,
,,Unit 1A,,Clayton West,HD8 9TR,0084505B,2380001050962,,1/12/2027,E,
,.,"125, N/A",,Essex,SS7 1PD,8933800,8933800,218892,1/1/2027,,
Golden Palace,52,North Street,,Bourne,PE10 9AB,04828N12,1100001258136,22152,19/4/2026,E,
,154,Myrtle House,,Accrington,BB5 0AE,03801014,1610022414330,6877,24/4/2028,E,
Coalport II,,Stafford Business Park,,Telford,TF3 3BD,00845127,1422410000007,,3/11/2025,E,
,30,Blacklands Way,,ABINGDON,OX14 1SX,03801H09,2000009379156,67908,20/4/2026,E,
,32,Blacklands Way,,ABINGDON,OX14 1SX,03801H09,2000009379174,41809,20/4/2026,E,
,,Colorado Way,,CASTLEFORD,WF10 4TA,9108866701,9108866701,96330,16/6/2026,,
,Unit 5,Lion Barn Ind. Estate,,Needham Market,IP6 8NZ,04807202,1012975820079,3067,20/4/2026,E,
CJs Stores,76,Front Street,,Haswell,DH6 2BL,0380102C,1591042828786,46323,30/5/2027,E,
,24,BREST ROAD,,PLYMOUTH,PL6 5XP,03801N14,2200040396843,132072,1/4/2026,E,
Link House,,Bolton Road,,Bolton,BL4 9BT,03801204,1610029327223,12747,23/8/2027,E,
Vernon House ; 18,,Friar Lane,,Nottingham,NG1 6DQ,03801013,1100005972087,11302,20/4/2026,E,
"Unit 14,Byron House",,Hall Dene Way,,Seaham,SR7 0PY,0380102A,1591052142914,2295,1/6/2027,E,
Brookleaze Trading Estate,,Stockwood Vale,,Bristol,BS31 2AL,03801110,2200015152623,5356,1/5/2026,E,
Harlesden Methodist Church,25,High Street,,LONDON,NW10 4NE,03801201,1200037674701,208,1/11/2025,E,
The Royal Oak,62,Glenthorne Road,,London,W6 0LR,03005204,1200038190605,68093,21/7/2026,E,
,10,Curzon Park South,,CHESTER,CH4 8AB,9153342503,9153342503,110155,30/9/2027,,
0038267084,14,Trinity Road,,Weymouth,DT4 8TW,68185700,68185700,185455,26/5/2026,,
,,Putney Close,,BRANDON,IP27 0PA,03801204,1012944178285,34401,22/4/2026,E,
First Floor,,"Block 2, Adj Martin House",,Lincoln,LN6 3JZ,04812037,1100002308833,1857,1/11/2025,E,
Unit 2A,,The Chalex Industrial,,Brighton,BN42 4NH,03801202,1900090299435,5351,1/11/2025,E,
,,52-57 Prince's Square,,London,W2 4QB,00845071,1200010088272,,10/10/2026,E,
,235-239,High Road,,LONDON,N22 8HF,69510308,69510308,177327,1/4/2028,,
,24,Oak Street,,KINGSWINFORD,DY6 9LS,00900633,1417179101005,,21/4/2027,E,
,88,Stafford Street,,Willenhall,WV13 1RT,04021N12,1414056750002,5550,1/11/2025,E,
SMUGGLERS INN,,TEIGNMOUTH ROAD,,DAWLISH,EX7 0LA,67062409,67062409,121905,25/5/2026,,
62a,,Front Street,,Stanley,DH9 0HU,0380102A,1591059072157,3927,7/11/2027,E,
Unit,,Rhosddu Ind Estate,,Wrexham,LL11 4YL,03801D02,1300051295597,28513,22/4/2026,E,
Oxhill Central Club,1,Eden Terrace,,Co.Durham,DH9 7LW,0380102A,1591023659031,,21/8/2026,E,
,26,South View,,STANLEY,DH9 7UD,0480702B,1591020977240,7303,1/7/2028,E,
,,Chapel Street,,DALTON-IN-FURNESS,LA15 8DA,18078107,18078107,962680,1/4/2028,,
"Salad Days,Unit 9a-9e",,Tanfield Lea Industrial Estate North,,Stanley,DH9 9UU,0380102B,1591060590175,1112,29/7/2027,E,
,,Maesbury,,Oswestry,SY10 8HB,03801D04,1300012925035,31020,22/4/2026,E,
NEW INN HOTEL,15,CHURCH ROAD,,PENTRE,CF41 7ED,04807201,2199994676729,20393,6/8/2026,E,
SIMMONSIGNS LTD,,STAFFORD PARK 5,,TELFORD,TF3 3AS,8818789207,8818789207,547035,1/8/2027,,
,,Red Lion Garage,,Thursley,GU8 6NJ,03801H01,2000016583503,,23/5/2026,E,
38/42,,Spital Hill,,Sheffield,S4 7LG,0380102C,2334310331717,17189,30/9/2026,E,
Weybourne Industrial Estate,,Weybourne Road Industrial Estate,,Sheringham,NR26 8AF,03800202,1012733590057,,1/11/2025,D,
Trevanion House,,Trevanion Road,,Wadebridge,PL27 7PA,03801110,2200022263486,44020,31/5/2027,E,
Office Pixmore Avenue,,1-20 Bidwell Court,,Letchworth,SG6 1QR,04807201,1012813878459,1304,11/3/2028,E,
,,Bridge Centre Trust,,Stoke-On-Trent,ST2 8DD,16427803,16427803,338472,1/9/2026,,
Landlords Supply,,Bidwell Close,,Letchworth,SG6 1QR,03801201,1012813885819,142,23/4/2026,E,
BAMBER AND BROUGHTON,,ST. PETER STREET,,BLACKBURN,BB2 2HA,8813154104,8813154104,130901,3/6/2026,,
Springfield Manor,,Hogs Back,,Guildford,GU3 1AQ,03801H04,2000016249530,34437,1/4/2027,E,
,117,Sydney Street,,London,SW3 6NR,03801203,1200025733224,5491,1/10/2026,E,
,,232-234 Wednesbury Road,,Walsall,WS2 9QN,04811N14,1416539250000,28779,23/4/2026,E,
Unit C2,,Greenside Way,,MANCHESTER,M24 1SW,8814328004,8814328004,165627,4/1/2026,,
The Maltings,16,Mill Street,,Rutland,LE15 6EA,04807N12,1100001163840,6819,23/4/2026,E,
,45,Centenary Street,,CAMBORNE,TR14 8HP,04042N13,2200023439821,8153,25/10/2026,E,
,17,The Maltings,,Leicester,LE15 6EA,04812N12,1100001163859,6919,23/4/2026,E,
Holiday Park Limited,,Mawgan Porth,,Newquay,TR8 4BD,8881450208,8881450208,387449,1/12/2025,,
,21,Blenheim Terrace,,Leeds,LS2 9HJ,0084505A,2346543020010,,24/4/2027,E,
,80,Kings Avenue,,CLACTON-ON-SEA,CO15 5EP,03136203,1012639081672,18447,25/4/2027,E,
7a,,,,Norwich,NR6 6BF,00900204,1030034747942,,24/4/2027,E,
Mount Auto Repairs,,Mount Garage,,Wigan,WN2 1DA,03801024,1610010186578,64795,24/4/2026,E,
,,Hawkeswood Road,,SOUTHAMPTON,SO18 1AB,03801H09,2000027737508 2000027737508,27460,6/2/2027,E,
Welcome Change Community Hub,316,Kitts Green Road,,Birmingham,B33 9SB,03801N12,1410872151005,5546,1/4/2026,E,
Parish Church,,,,Llandinam,SY17 5BY,04043D03,1300012813390,2930,2/4/2028,E,
Round Oak,,Bishopsgate Road,,Egham,TW20 0YW,00845Q04,2000027315225,,25/4/2027,E,
,654-655,Washwood Heath Road,,BIRMINGHAM,B8 2HJ,00845127,1420916100002,,1/5/2026,E,
9-11,,Honey Street,,BODMIN,PL31 2DL,00845N14,2200030113100,,1/8/2027,E,
,,The Street,,Swindon,SN5 3LU,03801H02,2000012620301,1718,29/4/2026,E,
Church Road,,Leckhampton,,Cheltenham,GL53 0QJ,03801N12,1412095171009,14149,1/11/2025,E,
,10,Eastbourne Road,,NORTH HUMBERSIDE,HU18 1QS,1881360105,1881360105,76133,25/3/2028,,
,.,"Caledonia Fish Bar, Unit 2",,West Midlands,DY5 2QY,59497000,59497000,80161,27/3/2028,,
,34,Stowell Street,,NEWCASTLE UPON TYNE,NE1 4XQ,0380102D,1591036601919,93378,25/4/2027,E,
Annex,511,Holden Road,,LEIGH,WN7 2JJ,03801004,1640000678631,3269,25/4/2026,E,
"THE POST OFFICE, 58",,"MARKET PLACE, BURNHAM MARKET",,KING'S LYNN,PE31 8HD,03801202,1050002384530,4363,25/4/2027,E,
Cotswold Business Village,,London Road,,Moreton-In-Marsh,GL56 0JQ,04811N12,1460001622856,9354,25/4/2026,E,
Nutson Farm,,Higher Nutson,,Chulmleigh,EX18 7HT,04807N14,2200014253710,163149,27/2/2027,E,
East Chevington Social Club,,Hadston Road,,Morpeth,NE65 9SF,0090002D,1591023596222,,25/4/2027,E,
,,Old Chard Road,,HONITON,EX14 9NN,03801N14,2200041338382,19201,1/10/2027,E,
Lower Meadow Recreation Centre,,Lower Meadow,,Harlow,CM18 7RD,03136202,1012745759582,6383,1/11/2025,E,
Broadstone,,Gateside,,Beith,KA15 1HQ,03801D04,1800017709561,95205,3/4/2026,E,
EASTFIELD JOINERY,,MOORLAND WAY,,LINCOLN,LN6 7JW,00845L02,1100039238885,,26/4/2027,E,
Stove Solutions,6,High Street,,Beccles,NR34 7HB,04139201,1012702134106,5411,29/7/2027,E,
,317,Lincoln Road,,Peterborough,PE1 2PH,04811204,1012882828314,168080,3/5/2026,E,
28-29,,Poplar Drive,,Birmingham,B6 7AD,03801N12,1410809331007,4277,26/10/2026,E,
,1,Ranmore Road,,Dorking,RH4 1HD,03801203,1900032064001,21717,26/4/2027,E,
33,,LILIPUT ROAD,,NORTHAMPTON,NN4 7DT,48113101,48113101,50729,1/11/2025,,
Plovers Hill,,Bruern Road,,Chipping Norton,OX7 6HB,03801H03,2000008885044,15682,26/4/2026,E,
,20,Severs Street,,Liverpool,L6 5HJ,03801D01,1300001881806,,4/3/2027,E,
,611,Walsall Road,,Birmingham,B42 1EH,03801007,1417508421000,11405,10/5/2026,E,
,616,Lordship Lane,,London,N22 5JH,03801202,1013074536300,32120,10/7/2026,E,
Clearance House,,Beach Road,,Great Yarmouth,NR29 4HS,03136202,1012665392750,7496,27/4/2026,E,
,41-45,Prontaprint,,Birmingham,B6 4HT,03801N14,1414032431002,66073,2/7/2026,E,
,80,LANCASTER STREET,,BIRMINGHAM,B4 7AR,03801N14,1412228111002,,2/11/2025,D,
The Lanner Inn,,The Square,,Redruth,TR16 6EH,04056N14,2200023522860,27540,14/1/2026,E,
,22,Deacon Road,,Widnes,WA8 6ED,00900D03,1300005192072,,17/4/2027,E,
"Unit 1A, Brookside Units",,"Pinhoe Trading Estate, Venny Bridge",,EXETER,EX4 8JN,00845570,2200030063122,,19/10/2028,E,
Unit 5,,Beech Drive,,Norwich,NR6 6RN,03801201,1012681527480,1417,28/4/2026,E,
,18,Portugal Place,,Cambridge,CB5 8AF,03801204,1012801020538,33214,20/3/2028,E,
,6,High Street,,Chard,TA20 1QB,00900N13,2200030054410,,20/3/2027,E,
Alfriston House,,High Street,,Polegate,BN26 5SY,04811201,1900018301312,4526,28/4/2026,E,
,,Crosshall Road,,St. Neots,PE19 7GE,04811202,1012441148500,1712,28/4/2026,E,
Crossroads Garage,,1 - 3a Red Hill,,Sheffield,S26 6QA,0380102C,2335060408910,30758,15/1/2027,E,
Hair Salon,14,High Street,,Bristol,BS31 1DQ,03801N13,2200015139580,12751,2/11/2025,E,
,50,King Street,,Alfreton,DE55 7DD,04031037,1100008354427,21293,30/4/2026,E,
,141,Weoley Castle Road,,Birmingham,B29 5QH,00900N13,1421773100004,,17/1/2026,E,
,39,Watling Road,,Norwich,NR7 9TL,03807203,1012694528698,24341,8/2/2026,E,
Prospect House,,Little Money Road,,Norwich,NR14 6JD,00845071,1014569164168,,30/4/2028,E,
1-3,,Mossley Road,,Oldham,OL4 4HH,03801014,1610002793666,9914,1/6/2028,E,
,64,Greenham Road,,Newbury,RG14 7HX,03801H09,2000006985730,2567,2/11/2025,E,
Isoma Conveyors,,George Holmes Way,,Swadlincote,DE11 9DF,00845L02,1100039382409,,30/4/2026,E,
Wharf House,,Wharf Street,,Newbury,RG14 5AP,04044H23,2000007216501,5838,2/11/2025,E,
Boxing Gym,,Welfare Road,,Doncaster,DN6 7PP,0380202D,2335958657910,41522,30/4/2027,E,
Bookwise Ltd,566 568,Coventry Road,,BIRMINGHAM,B10 0UN,03801N12,1415852241008,10690,4/5/2026,E,
Fawcett's Garage (Newbury) Ltd,,The Triangle,,Newbury,RG14 7HT,00070H88,2000027345629,,1/4/2026,E,
,379,Katherine Road,,London,E7 8LT,03801202,1200038102399,,23/4/2028,E,
,24,Bone Lane,,Newbury,RG14 5SH,03801H07,2000007382732,20412,3/9/2026,E,
,42,Kenilworth Drive,,Leicester,LE2 5LG,00845L02,1100039366968,,9/4/2026,E,
,Non-PAF De,Henry Wells Square,,HEMEL HEMPSTEAD,HP2 6BJ,04811204,1012966379260,,1/5/2028,E,
J & J Wilson,40-44,Queen Street,,BUDE,EX23 8BB,03801N12,2200011645270,12528,1/5/2027,E,
King Stag House,,Cheriton Bishop,,Exeter,EX6 6JE,03801N12,2200032024668,12726,2/9/2026,E,
Steading,,Grange Farm,,Sanquhar,DG4 6HR,03801D01,1800029447229,48,30/8/2026,E,
Hardware Shop,,Market Place,,Saxmundham,IP17 1AG,03801202,1012715229840,3322,1/5/2027,E,
Holmethorpe Industrial Estate,60,Holmethorpe Avenue,,REDHILL,RH1 2NL,04811204,1900070437793,18728,2/5/2026,E,
Gables Manor Care Home,,Ingleby,,LINCOLN,LN1 2PQ,04032N14,1100002301234,134433,1/5/2027,E,
,38,Main Street,,Sanquhar,DG4 6NB,03801D01,1800016016829,1042,20/8/2026,E,
Stopsley Baptist Church,,St Thomas's Road,,Luton,LU2 7XP,00900071,1014572317231,,1/5/2027,E,
,,Stoke Holy Cross,,NORWICH,NR14 8PA,03136203,1012723184627,121109,1/5/2026,E,
GRILL IN THE PARK,15,Canal Street,,Renfrewshire,PA1 2HD,00900D03,1800035235020,,2/11/2025,E,
St Mary's Erpingham,,St. Marys Plain,,Norwich,NR11 6PL,03136202,1012733229416,3803,1/5/2028,E,
New Inn,,,,OKEHAMPTON,EX20 2TB,04803N14,2200011830471,86317,10/5/2027,E,
,5,Uxbridge Road,,LONDON,W12 8LJ,03801201,1200032981786,17204,2/11/2025,E,
,1043,Bulls Head,,BOLTON,BL2 6PY,04005024,1610029759684,50247,1/5/2027,E,
,45,High Street,,Wincanton,BA9 9JU,04811H19,2000025312152,87225,1/3/2026,E,
,7,Gatley Road,,Cheadle,SK8 1LY,00900424,1600000074493,,1/5/2027,E,
,1,Club Row,,Leeds,LS19 7SZ,0380102B,2311094370810,9693,17/3/2027,E,
Dental Practice,63,Eastern Road,,Romford,RM1 3PB,03801203,1050000053568,15772,1/8/2026,E,
,15,Ashcroft Road,,Liverpool,L33 7TW,00845G01,1300035371458,,1/4/2026,E,
Banards Gallery,15,Queens Road,,Llandudno,LL30 1AZ,04009D01,1300008907920,9771,1/5/2026,E,
,2a,Priory Street,,BIRKENHEAD,CH41 5JH,04043D02,1300006425624,9611,25/3/2027,E,
Busy Bee Nursery Ltd,,Brading Road,,ISLE OF WIGHT,PO33 1QG,00845H87,2000019892467,,1/5/2026,E,
,16-17,Chancel Way,,Halesowen,B62 8SE,04811N13,1414391190008,828,20/11/2025,E,
Unit 5-6,,Heron Avenue,,Wickford,SS11 8DL,00845071,1014569393700,,17/4/2028,E,
,155,Marsh House Lane,,Warrington,WA1 3QZ,03801D02,1300051356770,4333,2/11/2025,E,
,26,North Parade,,Matlock Bath,DE4 3NS,04811N13,1100009204519,29761,3/5/2028,E,
ROBERT HOPKINS ENVIRONMENTAL,,BULLOCK STREET,,WEST BROMWICH,B70 7HE,00845H02,1470000270344,,5/4/2026,E,
Unit,1,Station Yard,,Ipswich,IP6 8AS,03801201,1012975866301,57260,11/6/2027,E,
,.,"Kidderminster, Oldington Trading Estate",,,DY11 7QP,59219903,59219903,32771,28/2/2027,,
Leadfield Care,32,Springfield Drive,,ABINGDON,OX14 1JF,50377707,50377707,130353,25/11/2027,,
,,"Waverledge Business Park, Waverledge Street",,BLACKBURN,BB6 7LS,03801631,1610022009414,2568,2/5/2028,E,
Block B,170a,Lincoln Road,,PETERBOROUGH,PE1 2NW,03801202,1030076739047,20906,2/5/2026,E,
,,Pikehelve Street,,West Bromwich,B70 0TU,03801N12,1417902070009,,18/11/2028,E,
,,Annabell Court,,Weston-Super-Mare,BS22 7AA,00845570,2200042011105,,1/12/2025,E,
H Fine & Son Ltd,,Manor Farm Road,,Wembley,HA0 1XB,51361506,51361506,5457,24/4/2026,,
Mr Mister,,25-29 Dalkeith Street,,BarrowIn-Furness,LA14 1ST,03801004,1610005648400,6464,2/5/2027,E,
94b,,Town Street,,"Horsforth, Leeds",LS18 4AP,0380102B,2310494212316,2597,22/7/2026,E,
,26a,Lyon Road,,Walton-on-thames,KT12 3PU,00845204,1900026032432,,5/7/2026,E,
,168-170,Londonderry Lane,,SMETHWICK,B67 7EN,04811N14,1417408170003,25280,2/7/2026,E,
,65-67,West Bars,,CHESTERFIELD,S40 1BA,57816709,57816709,130132,10/9/2028,,
,16,St. Cuthberts Street,,BEDFORD,MK40 3JG,03801203,1012345739900,2410,2/11/2025,E,
Unit 5,,Kingsbury Works,,London,NW9 8UP,03801203,1012839783123,10602,2/11/2025,E,
"UNIT E, MSS POWER FABRICATIONS",,OLD HEATH ROAD,,WOLVERHAMPTON,WV1 2RP,8850885602,8850885602,452400,1/9/2026,,
Unit 2,89,Soundwell Road,,Bristol,BS16 4QR,03801N12,2200017670671,3442,7/5/2028,E,
,391,Dudley Road,,Birmingham,B18 4HD,02807004,1418296501000,16280,7/8/2028,E,
"Unit 2, Vincent Court",89,Soundwell Road,,Bristol,BS16 4QR,03801110,2200017670690,,7/5/2026,E,
,,87/89 High Street,,Abbats Langley,WD5 0AJ,8814880307,8814880307,53833,2/4/2027,,
,4,Grange Terrace,,Kilmarnock,KA1 2JR,51049706,51049706,223344,20/5/2027,,
,,7 & 9,,Beaumaris,LL58 8AP,00800D01,1300035430884,,2/11/2025,D,
Unit 25,,"Izons Industrial Estate, Oldbury Road",,WEST BROMWICH,B70 9BS,03801N13,1413857460004,22835,12/6/2027,E,
,17,Axbridge Road,,Bristol,BS4 2RU,00900N12,2200030012615,,3/5/2026,E,
,103,CASTLEGATE,,Berwick-upon-Tweed,TD15 1LF,8813370907,8813370907,186623,30/4/2028,,
,2,Pool Hill,,CAERNARFON,LL55 1NP,51979808,51979808,50127,26/9/2028,,
,5,Ridge Way,,Aylesbury,HP18 9BF,00900204,1023529634347,,17/6/2027,E,
Halling Community Centre,,High Street,,Rochester,ME2 1BS,00900071,1900060080226,,3/5/2026,E,
,105,Coventry Street,,BIRMINGHAM,B5 5NY,00845127,1441003077004,,1/8/2027,E,
SHINE KNOWLEDGE & INNOVATION PARK,UNIT 5,ST MARK STREET,,,HU8 7FB,0380102B,2380000002531,14097,4/5/2027,E,
Ground Floor,39,Marlborough Road,,Castle Bromwich,B36 0EH,03801N12,1419053151004,4486,2/8/2027,E,
,1725,London Road,,Essex,SS9 2SW,03801203,1012522245818,18971,5/5/2026,E,
Golden Fleece Inn,1,Bradshaw Lane,,Halifax,HX2 9UZ,0482902D,2321386900010,41618,2/4/2026,E,
Triple Crown Garage,,Tyntyla Road,,Tonypandy,CF40 2SX,03222N13,2199994635731,,6/5/2026,E,
Young Peoples Centre,,Station Road,,Leyburn,DL8 3HZ,0387302C,1591015379006,21740,16/1/2026,E,
Unit 9,,Central City Industrial Estate,,Warwickshire,CV6 5RY,03801N13,1100023724394,25827,5/5/2027,E,
Unit 10,,Central City Industrial Estate,,Coventry,CV6 5RY,03801N13,1100023724400,35343,5/5/2027,E,
Unit 2b,,Greenhough Road,,Lichfield,WS13 7AU,03811N12,1413560840008,3117,5/5/2027,E,
H1 - 1 Baywell House,,Tucker Close,,Frome,BA11 5LS,03801H01,2000052380426,1871,24/12/2027,E,
Unit 106,,Coed Aben Road,,Wrexham,LL13 9UH,05045E01,1300000488489,4912,19/1/2027,E,
,127,Fairleigh,,SHEFFIELD,S2 1LB,0380102C,2331333112918,11197,4/7/2027,E,
,19,Broad Street,,Oxford,OX1 3AS,04575140,2000007926141,17865,5/5/2027,E,
"Ground Floor, Tailor",19,Broad Street,,Oxford,OX1 3AS,03500H01,2000007926150,11615,5/5/2027,E,
UNIT 1B STAPYLTON ST IND EST,1,"BOLCKOW ROAD,BESSEMER COURT",,Middlesbrough,TS6 7BJ,0380102B,1591047095971,12654,6/5/2027,E,
SHEFFIELD AERO CLUB,,Netherthorpe Aerodrome,,Worksop,S80 3JQ,0380102D,2331774985714,18097,25/10/2027,E,
The Swannings,,Stratford Road,,Northampton,NN7 2NJ,01801001,1100020112412,162,3/6/2026,E,
,21,Aldridge Road,,Birmingham,B42 2TJ,05800021,1420366100006,,2/11/2025,D,
"Unit 4-6,",,Abbey Barn Road,,High Wycombe,HP11 1RL,03801H09,2000012958606,44217,31/3/2027,E,
,Unit 33,Bloomfield Road,,Tipton,DY4 9AH,00900N13,1429556000000,,6/5/2026,E,
,,G11 the Gate,,NEWCASTLE UPON TYNE,NE1 5TG,0084505B,1580000007527,,2/11/2025,E,
Unit 02A,,Parkway Development,,Sheffield,S9 4WN,0380102D,2300000740007,70172,1/7/2028,E,
FONZ LEATHER STYLES LIMITED,280,Windsor Street,,BIRMINGHAM,B7 4DW,9203083302,9203083302,65907,30/4/2028,,
Ground Floor,18,Damien Street,,London,E1 2HX,73359104,73359104,121400,1/10/2028,,
Lunch Stop,216,West Street,,Sheffield,S1 4EU,0481102B,2331631316910,,11/1/2027,E,
Unit 5 Church Farm,,Church Farm,,Leckhampton Cheltglos,GL51 5XX,03802N12,1414095171002,5474,7/5/2027,E,
Unit 7,,Church Farm,,Cheltenham,GL53 0QJ,04811010,1427068100004,7678,7/5/2027,E,
,,Manor Farm Buildings,,Leighton Buzzard,LU7 9PQ,03801201,1012392894966,215,7/5/2027,E,
Manor Farm,,Eggington,,Leighton Buzzard,LU7 9PQ,04100204,1012392895199,38390,7/5/2027,E,
,,The Rink,,Harrogate,HG1 5DR,0084502D,1591024731887,,1/4/2027,E,
,663,Chesterfield Road,,SHEFFIELD,S8 0RY,0380102A,2333340502816,13002,2/11/2025,E,
Unit 2 Rear 82 96,,Bordesley Green,,Birmingham,B9 4TS,03801007,1415909551000,13,28/6/2026,E,
,3,Market Street,,Coalville,LE67 3DX,03801013,1100018779201,1515,7/5/2027,E,
622-624,,Abbeydale Road,,Sheffield,S7 2BA,0380102B,2330230562817,13312,27/1/2026,E,
,,Great Park Road,,Bristol,BS32 4RU,05803N24,2200030016717,115715,7/5/2026,E,
The Barn Fruit Farm,,Ely Road,,Chittering,CB25 5PH,00900202,1023503251505,,15/4/2028,E,
,19,High Street,,LONDON,NW10 4NE,03801204,1200037674534,,19/11/2027,E,
,2,High Street,,CAMBRIDGE,CB23 1HN,04138204,1012782673666,31012,16/6/2026,E,
,62,Hospital Street,,Nantwich,CW5 5RP,03801D01,1300060058818,,8/5/2027,E,
,29,Blackstock Road,,Sheffield,S14 1AB,0380102B,2333142892119,5412,2/11/2025,E,
,209,Green Lane,,LIVERPOOL,L13 6RH,04009D03,1300002642744,15858,9/5/2026,E,
Horizon Specialist Contracting,259,Foxhill Road,,Nottingham,NG4 1PL,03801013,1100006923141,43,9/5/2026,E,
Central Hall,,Bermondsey Street,,London,SE1 3UH,03802204,1200021888537,17145,2/4/2027,E,
,10-15,Market Passage,,Cambridge,CB2 3PF,00845072,1015685275049,,6/6/2026,E,
YEE TUNG RESTAURANT,20,Gerrard Street,,LONDON,W1D 6JQ,49450506,49450506,1008047,1/10/2028,,
,35,Allendale Road,,Sunderland,SR3 3DE,0084502C,1591046873453,,6/11/2026,E,
David Inman (Opticians) Ltd,902,Ecclesall Road,,Sheffield,S11 8TR,0380102B,2331000842711,22890,2/2/2027,E,
,28,WEST STREET,,SOUTHPORT,PR8 1QN,00845D04,1300035378444,,19/10/2026,E,
Regent Bridge Bar,30,Regent Quay,,Aberdeen,AB11 5AH,03801P06,1714739292507,14021,29/5/2026,E,
"Enertek International Ltd,",,Malmo Road,,HULL,HU7 0FY,9154767507,9154767507,86695,8/4/2028,,
Cyderhall Farm,,,,Dornoch,IV25 3RW,03500R52,1710230170601,14490,16/1/2027,E,
,19,Figtree Lane,,Sheffield,S1 2DJ,03800999,2331611458911,,2/11/2025,D,
8A,,Daimler Close,,Daventry,NN11 8QJ,2204961905,2204961905,0,1/1/2027,,
Unit 128,,Percy Street,,SHEFFIELD,S3 8BT,0380102B,2333909466815,575,2/11/2025,E,
,1,Radnor Street,,Preston,PR1 1JN,03801631,1610013037460,95,4/3/2028,E,
,3,Crombie Road,,Aberdeen,AB11 9QQ,00845P82,1714463284000,,1/8/2027,E,
,3-5,Blenheim Terrace,,London,NW8 0EH,3393437100,3393437100,15408,2/11/2025,,
,29,Bedford Square,,London,WC1B 3ED,03801203,1200037798211,19632,16/1/2027,E,
,1,Canal Street,,Sheffield,S4 7ZE,0090005A,2300000702154,,15/7/2026,E,
Park Works,,Ainley Industrial Estate,,Elland,HX5 9JP,0380102C,2326014376216,15545,6/4/2027,E,
ALMONDSBURY INTERCHA,,GLOUCESTER ROAD,,BRISTOL,BS32 4AA,19290907,19290907,301083,1/8/2026,,
Plot 2,,Office Dev,,Durham,DH7 8XL,0084505A,1580000466893,,1/9/2028,E,
LONGROYDS,,COMMERCIAL ROAD,,HUDDERSFIELD,HD8 9EQ,12049507,12049507,200985,1/10/2026,,
Coronation Works,,Armytage Road,,Brighouse,HD6 1QA,14405603,14405603,,1/8/2030,,
,18,Upper Oldfield Park,,BATH,BA2 3JZ,03800N13,2200012758221,,2/11/2025,D,
Bezzells Farm,,Woodrow Road,,MELKSHAM,SN12 7RE,04044H17,2000006144325,3366,1/2/2027,E,
Unit 3 & 5,,S KEMP AND SONS LTD,,Morcambe,LA3 3EA,55589905,55589905,2591,21/8/2027,,
,9,London Road South,,STOCKPORT,SK12 1JX,04811284,1610011533935,36752,3/5/2027,E,
Depot Short Street,,Albert Cresent,,Bristol,BS2 0SU,03801N12,2200017974220,16613,31/8/2026,E,
,31,Broadwalk Shopping Centre,,Bristol,BS4 2QU,03801N14,2200015315651,5553,2/11/2025,E,
74,,Friday Street,,LEICESTER,LE1 3BW,2174475404,2174475404,1,1/4/2026,,
Unit 26,,Claycliffe Business Park,,SOUTH YORKSHIRE,S75 1JU,0380102D,2380000751091,24051,8/11/2027,E,
Workshop Rear Of,259,Foxhill Road,,Nottingham,NG4 1PL,03801N12,1100006923150,3150,9/5/2026,E,
"GROUND FLOOR,",,"5, RECTORY LANE,",,"BANSTEAD,",SM7 3PP,03801201,1900092205908,1758,9/5/2026,E,
First Floor; Drivertime,18,Bark Street East,,Bolton,BL1 2BQ,03500131,1610029984530,2017,9/5/2026,E,
,64,Shaftesbury Avenue,,LONDON,W1D 6LU,62110503,62110503,357555,9/5/2028,,
DOUGHTY ENGINEERING LIMITED,,Crow Arch Lane,,Ringwood,BH24 1NZ,8814790609,8814790609,170690,1/4/2027,,
,18,The Lea,,STOKE-ON-TRENT,ST4 8DY,04807N13,1419758420008,17731,2/8/2026,E,
,37,Victoria Street,,Liverpool,L1 6BQ,06011D04,1300035387893,80902,2/11/2025,E,
,148,High Street,,BERKHAMSTED,HP4 3AT,03801202,1012960393055,6857,10/5/2026,E,
,33-35,Sawmills Road,,DISS,IP22 4GG,03801202,1050000336863,1984,10/5/2026,E,
Trusham Road,,,,EXETER,EX2 8RL,8814790306,8814790306,1,2/11/2025,,
,41,St Johns Hill,,Shrewsbury,SY1 1JQ,03801N12,1416471200005,6240,10/5/2027,E,
,112,Green Lane Road,,Leicester,LE5 3TJ,04811N14,1100012940647,93587,1/2/2027,E,
,21,Wardour Street,,London,W1D 6PN,3391943700,3391943700,614298,16/5/2027,,
,230,Smithycroft Road,,Glasgow,G33 2QZ,03826D03,1800026192985,11169,2/11/2025,E,
,208,Watford Road,,Rickmansworth,WD3 3DD,04807203,1012424558830,14594,10/5/2027,E,
"Unit 1, Penny Corner",,Farthing Road,,IPSWICH,IP1 5AP,03801201,1012890653378,,19/8/2028,E,
"UNIT 9,",,DARTS BUSINESS PARK,,CLYST ST GEORGE,EX3 0QH,03801N12,2200043382978,6149,11/5/2026,E,
,92,Fore Street,,EXETER,EX1 2RS,16217107,16217107,147857,1/11/2027,,
Wishaw Golf Club,,Bulls Lane,,Sutton Coldfield,B76 9QW,00900N12,1460001879039,,29/5/2026,E,
The Wishaw Golf Club Limited,,Bulls Lane,,Wishaw,B76 9QW,03801N14,1410840731003,64493,15/5/2026,E,
,37,"Forbes Buildings, Linthorpe Road",,MIDDLESBROUGH,TS1 4AW,0380102A,1591050479780,4912,13/5/2027,E,
267A,,Acklam Road,,Middlesbrough,TS5 7BP,0090002D,1591056592598,,13/5/2026,E,
Unit 7,,Venture Court,,WISBECH,PE13 2XQ,03801202,1023496723878,3384,13/5/2027,E,
,104,Windmill Road,,Brentford,TW8 9NA,04108H49,2000000265112,115182,7/2/2027,E,
,26,Market Square,,Cambridgeshire,PE19 2AF,04807203,1012442840612,7090,13/5/2027,E,
,,Hands Lane,,Rochdale,OL11 5JY,7570033903,7570033903,128022,10/3/2026,,
,26,Market Square,,Huntingdon,PE19 2AF,04124203,1012442840844,12743,13/5/2027,E,
Indus Restaurant,688,Attercliffe Road,,Sheffield,S9 3RP,0380102A,2334551287919,25625,6/9/2027,E,
,451-459,Stratford Road,,Birmingham,B11 4LD,03801N14,1415876711003,51444,14/5/2027,E,
Unit 1,,Nunn Close,,Sutton-in-Ashfield,NG17 2HW,04811N12,1100003950870,12563,15/5/2026,E,
,,U 43 Second Drove Ind Est,,Peterborough,PE1 5XA,04874201,1012881056852,900,14/5/2026,E,
Unit 2,,Nunn Close,,Sutton-in-Ashfield,NG17 2HW,00900N14,1100003950880,,15/5/2026,E,
,329,Penn Road,,WOLVERHAMPTON,WV4 5QF,03801N14,1428639000001,,23/6/2028,E,
,25,Queen Street,,NEWCASTLE UPON TYNE,NE1 3UG,0480702B,1591057945159,,16/5/2026,E,
Unit 21,,Weybourne Road,,Sheringham,NR26 8AF,03801204,1012733577863,6439,16/5/2027,E,
,,Tiptoe Road,,NEW MILTON,BH25 5SJ,3911702301,3911702301,21937,26/2/2026,,
Unit 7-8,,Brinell Way,,Great Yarmouth,NR31 0LU,03801201,1012671806766,360,17/12/2026,E,
,38,Burners Lane,,MILTON KEYNES,MK11 3HB,69068600,69068600,42377,3/4/2026,,
,121,High Road,,Benfleet,SS7 5LN,04809203,1012596532593,,18/6/2027,E,
,Unit 4,Richard Street,,WIGAN,WN3 4JN,03801014,1610011113561,28148,2/11/2025,E,
Country View Caravan Park,29,Sand Road,,Weston Super Mare,BS22 9UJ,04800210,2200013239264,,2/11/2025,D,
,2,Baxter Gate,,Loughborough,LE11 1TG,03801013,1100013176866,575,29/10/2026,E,
,,Car Sales Site,,Diss,IP22 4GG,03801202,1050000035772,7224,17/5/2026,E,
Miners Arms,136,Mina Road,,Bristol,BS2 9YQ,03801110,2200017215105,,2/11/2025,E,
,,Pegasus Mews,,Biggleswade,SG18 8QA,03801202,1023542044911,31101,17/1/2026,E,
,42,HIGH STREET,,OAKHAM,LE15 6AL,03801N12,1100001740920,,20/5/2026,E,
,42,High Street,,OAKHAM,LE15 6AL,04811037,1100001740939,197,20/5/2026,E,
,,WENTWORTH AVENUE,,Slough,SL2 2DH,3340088302,3340088302,18105,8/11/2027,,
,49,Wellington Street,,Luton,LU1 2QH,03801203,1050002417024,16433,30/5/2026,E,
"Unit 2, Tattenham Works",,Leigh Road,,WIGAN,WN2 4SZ,03801004,1610011271719,7740,29/1/2026,E,
,26,Trafalgar Road,,Sheffield,S6 1JY,0380102B,2332140712318,6375,2/11/2025,E,
,,"Unit 12b, Chalex Industrial Estate",,BRIGHTON,BN42 4NH,03801202,1900090299444,5589,1/5/2027,E,
IMAGE BUSINESS PARK,UNIT 2,EAST CANNOCK ROAD,,Cannock HEDNESFORD,WS12 1LT,03801007,1422564000002,2593,12/3/2026,E,
Unit A,,The Croft,,Wallingford,OX10 9RG,03801H01,2000010218494,95,18/5/2027,E,
Office,,2 North street,,Bicester,OX26 6ND,04044H17,2000008391506,7326,18/5/2026,E,
,239,Well Street,,London,E9 6RG,03801203,1200041847873,11826,20/5/2026,E,
Unit 4 Block Pegasus,,Orion Court,,Ipswich,IP6 0LW,03801202,1030020642965,4165,20/5/2026,E,
"65, CRADGE BANK",,"SPALDING,",,"LINCOLNSHIRE,",PE11 3AR,03801N12,1170001550405,4763,20/5/2027,E,
Western Units,,Pottery Road,,NEWTON ABBOT,TQ13 9JJ,04807N13,2200020368150,13731,20/5/2027,E,
,1-5,Lowther Street,,CARLISLE,CA3 8ES,03801631,1610031457093,2344,2/11/2025,E,
,57,OLD MARKET ST,,BRISTOL,BS2 0ER,03801N12,2200017240617,5441,14/6/2028,E,
Prec LTG,,Middle Street,,Yeovil,BA20 1LQ,03801H02,2000026022055,799,17/12/2025,E,
Retail Unit,34,St. Nicholas Street,,Bristol,BS1 1TG,00900203,2200042428902,,31/12/2027,E,
,2,Woolley Bridge Road,,Glossop,SK13 2NR,03801004,1610006016777,7628,20/5/2027,E,
,,The Leasows,,Shrewsbury,SY4 2JD,04800010,1411601600001,,2/11/2025,D,
,24,Fawcett Street,,Sunderland,SR1 1RH,0380102C,1591060839911,,2/11/2025,E,
Shop,48,Cargo Fleet Lane,,MIDDLESBROUGH,TS3 0PL,0380102D,1591012205399,50092,21/5/2026,E,
Alexander House,3,Hillside Road,,BURY ST. EDMUNDS,IP32 7EA,00900203,1023529547172,,22/5/2026,E,
,UNIT 23,HARLING ROAD,,NORWICH,NR16 2JU,03801201,1030049247604,6893,22/5/2026,E,
Ashfield Care Home,18,Windsor Square,,Exmouth,EX8 1JX,00900N14,2200030087870,,1/12/2030,E,
,107,St Georges Road,,Bristol,BS1 5UW,03801110,2200015833731,1724,7/5/2026,E,
,148,Enderby Road,,Leicester,LE8 6JJ,04031N14,1100012260106,103589,1/8/2027,E,
,431,Hagley Road West,,Birmingham,B32 2AD,03801N12,1412155121004,2574,22/5/2026,E,
,982,Stockport Road,,Manchester,M19 3NN,03801014,1610000958635,27033,23/5/2027,E,
Spar Stores,7-9,Abbey Lane,,SHEFFIELD,S8 0BJ,0090002D,2336532691210,,23/5/2026,E,
Office,14,King Street,,Bristol,BS1 4EF,03801N14,2200017157109,29144,27/3/2027,E,
,,28 Southbury Road,,Enfield,EN1 1SA,04811203,1013029372819,10087,23/5/2027,E,
"Unit 5, Block 18",,"Amber Business Centre, Greenhill Lane",,ALFRETON,DE55 4BR,00900058,1160001022428,,10/10/2026,E,
Ten Harley Street Ltd,10,Harley Street,,London,W1G 9PF,61665510,61665510,108147,1/10/2026,,
"Care Home, Park Farm House",,Parkfield,,BRISTOL,BS16 9NS,01801010,2200017648142,32143,31/5/2026,E,
,,Blackbrook,,LEEK,ST13 7QR,04812N14,1429673000007,22704,1/2/2027,E,
,18,Bank Street,,ASHFORD,TN23 1BE,04811202,1900023218800,8229,2/11/2025,D,
,30,Bank Street,,"Kilmarnock, Ayrshire",KA1 1HA,00900D04,1800035242189,,2/11/2025,E,
,.,"OXFORD ARCHITECTS, BAGLEY CROFT",,,OX1 5BS,10649903,10649903,128779,1/4/2026,,
,,Unit 3,,ENFIELD,EN3 7XF,00845072,1014571201049,,24/5/2026,E,
,299,HALE LANE,,EDGWARE,HA8 7AX,03801201,1013017897426,,31/10/2026,E,
Burnham Nurseries,,Forches Cross Road,,NEWTON ABBOT,TQ12 6PZ,12393904,12393904,326857,1/5/2027,,
Baker Brook Ind Est,,Wigwam Lane,,Nottingham,NG15 7SZ,03801N13,1100005225082,,24/5/2027,E,
,,"The Promenade, Clifton Down",,BRISTOL,BS8 3NJ,03801N14,2200015860503,26685,8/5/2027,E,
Cafe Princess;Trisians Family,21,Princess Parade,,Bury,BL9 0QL,03801014,1610028879756,37250,21/5/2026,E,
,155,Whiteladies Road,,Bristol,BS8 2RF,04042210,2200016373609,7226,3/10/2026,E,
"CROSS GUNS, AVONCLIFF",,BRADFORD-ON-AVON,,WILTSHIRE,BA15 2HB,03104H37,2000006245130,28209,31/3/2026,E,
,31,West Street,,Blandford Forum,DT11 7AW,8897874410,8897874410,54369,10/8/2027,,
,94,Shop,,London,W14 9EX,00900072,1200030599475,,16/8/2027,E,
Fish & Chip Shop,130,Woolwich High Street,,LONDON,SE18 6DS,47607009,47607009,58880,27/7/2026,,
Videk Ltd,,"Kingsbury Trading Estate, Church Lane",,LONDON,NW9 8AU,03801202,1023488576817,20969,30/8/2026,E,
"Unit 18, Station Road Industrial Estate",,Valley Road,,BARNSLEY,S73 0BS,0380102C,2332809808013,22810,25/5/2027,E,
,55,High Street,,Bristol,BS16 5HD,00900N13,2200017485461,,10/1/2027,E,
,54,Boundary Lane,,Congleton,CW12 3JA,49850702,49850702,159683,1/5/2028,,
Greenfields School,,Priory Road,,Forest Row,RH18 5JD,73249804,73249804,342253,1/1/2027,,
Ground Floor Office,10,Derwent Street,,Sunderland,SR1 3NT,0380102B,1591147604514,13299,11/6/2026,E,
Petals,924,City Road,,Sheffield,S2 1GQ,0380102B,2336052451815,7446,4/2/2026,E,
The Pheasant,300,Kimbolton Road,,Bedford,MK41 8YR,04138204,1012355580912,64298,1/10/2026,E,
,,10A Derwent Street,,Sunderland,SR1 3NT,0481102B,1591158502893,14904,11/6/2026,E,
,69,Regent Street,,BRISTOL,BS15 8LQ,03801110,2200017792750,13565,2/11/2025,E,
,150,Chiswick High Road,,London,W4 1PR,04044H17,2000000482991,,6/9/2026,E,
Unit L,55,Ver House,,St Albans,AL3 8JP,04811202,1012390957212,9062,28/5/2026,E,
Jeffreys Hotel,,Jeffrey Street,,Mountain Ash,CF45 4AD,52301302,52301302,45604,13/9/2027,,
10-12,,FRONT STREET,,CONSETT,DH8 0HH,22070807,22070807,153328,11/6/2027,,
,128/129,Central Parade,,HERNE BAY,CT6 8SS,07801204,1900043426941,80051,28/5/2026,E,
,130,Central Parade,,HERNE BAY,CT6 8SS,00900204,1900039426258,,28/5/2026,E,
,132/134,Central Parade,,HERNE BAY,CT6 8SS,00900204,1900035426166,,28/5/2026,E,
Unit 8-9,,High Green Court,,Cannock,WS11 1GR,03801N14,1413295113000,34132,2/11/2025,E,
,132/134,Central Parade,,HERNE BAY,CT6 8SS,00900204,1900035426175,,28/5/2026,E,
,243-245,MAIN ROAD,,KING'S LYNN,PE34 4AG,04808202,1012663889934,57208,15/6/2028,E,
"Unit 14,Whitebridge Farm Industrial Esta",,Crays Hill,,Billericay,CM11 2UL,03801202,1012567344210,5937,29/5/2027,E,
"Kenman Holdings, The Royal Hotel",,Cromwell Street,,STORNOWAY,HS1 2DG,1067761500,1067761500,0,16/1/2027,,
,11-15,Guildhall Lane,,Leicester,LE1 5FQ,04811N14,1100014213650,33929,17/5/2026,E,
,80-80a,Eastgate Street,,GLOUCESTER,GL1 1QN,03801N13,1419766912004,9928,2/11/2025,E,
,Non-PAF De,North Main Street,,FALKIRK,FK2 8HZ,00845D04,1800036583050,,23/2/2026,E,
ELLAMES,43,REGENT ROAD,,GREAT YARMOUTH,NR30 2AJ,200635900,200635900,76237,31/8/2027,,
"W GODFREY, STIRKS BUTCHERS,",71,Sea Road,,Sunderland,SR6 9BW,0090002B,1591011943440,,2/11/2025,E,
Eden Leisure Village,,Millcroft Road,,Glasgow,G67 4AG,03801D03,1800060651628,44241,4/4/2027,E,
,,Novers Park Road,,Bristol,BS4 1RN,03801N13,2200015564615,56430,15/12/2025,E,
38,,NEW BANK ROAD,,BLACKBURN,BB2 6JW,03801004,1610021708770,5174,30/5/2026,E,
Factory First Floor,659,Green Lanes,,London,N8 0QY,03801203,1013085280520,8418,9/7/2026,E,
Basement And Shop,32,Clifton Road,,London,W9 1ST,03801201,1200032415587,9856,31/5/2027,E,
,,,,CARDIGAN,SA43 3DG,04146N12,2199999215247,3660,25/8/2026,E,
,23,West St Helen Street,,Abingdon,OX14 5BL,04044H17,2000009543695,6341,2/11/2025,E,
Tyhen,,Ferwig,,CARDIGAN,SA43 1QJ,04807N14,2199999163954,180908,1/10/2028,E,
Just For Men,20,Yardley Road,,Birmingham,B27 6ED,04811010,1417923141000,2939,31/5/2026,E,
SA Performing Arts Centre,,Potts Street,,Newcastle Upon Tyne,NE6 1ED,0084505A,1591058949873,,16/7/2026,E,
Unit 2,,"Byfleet Technical Centre, Canada Road",,WEST BYFLEET,KT14 7JX,00845073,1900070192935,,1/10/2026,E,
Wallasey Village,118,,,Wallasey,CH45 3LN,03801D03,1300006789733,9776,1/6/2026,E,
,96,North Street,,Hornchurch,RM11 1SU,04808203,1012581272559,,20/5/2026,E,
,,58-62 Bristol Hill,,Bristol,BS4 5AB,03801110,2200015197777,8171,7/11/2026,E,
,72,Warren Farm Road,,BIRMINGHAM,B44 0QN,00845127,1420836100001,,1/6/2026,E,
"Unit 5-6, The Sovereign Centre",,Farthing Road,,IPSWICH,IP1 5AP,04808204,1012890639806,,1/6/2027,E,
"Unit 5-6, The Sovereign Centre",,Farthing Road,,IPSWICH,IP1 5AP,04811204,1012890640722,93626,1/6/2027,E,
Unit 6,,Farthing Road,,IPSWICH,IP1 5AP,04808204,1012890640494,59368,1/6/2027,E,
Labour Club,,Oak Road,,Leeds,LS12 2HJ,71927307,71927307,1,2/11/2025,,
PLOT 1 SHAPPEN STORES,,QRINGWOOD ROAD,,,BH24 4AB,03801H09,2000058025440,51299,1/6/2027,E,
100,,High Street,,Carnoustie,DD7 6AE,03094P27,1716686183001,23,2/11/2025,E,
,10,Abbotsford Road,,Bristol,BS6 6HB,03801110,2200016326840,3402,16/11/2026,E,
Golden Cockrel,5,Brothock Bridge,,ARBROATH,DD11 1NF,03094R68,1716580312002,3194,19/9/2026,E,
Ground,60,Parkway,,London,NW1 7AH,03801202,1200034593876,27651,2/11/2025,D,
,,Quarry Steps Clifton,,Bristol,BS8 2UD,03801110,2200016370885,2132,3/1/2026,E,
,84,Lambourne Road,,Chigwell,IG7 6EN,9089322606,9089322606,145524,7/10/2028,,
The Lamplighters,,Station Road,,Bristol,BS11 9XA,00900N14,2200030000920,,26/1/2026,E,
Kineton House,31,Horse Fair,,Banbury,OX16 0AE,03801N12,1415105181002,6162,1/6/2026,E,
,20,Broad Street,,BRISTOL,BS16 5NX,03801110,2200017666889,139,2/11/2025,E,
,128,High Street,,BRISTOL,BS16 5HH,04042210,2200017470181,,2/11/2025,E,
MERCEDES BENZ SERVICE CENTRE,,Keighley Road,,Skipton,BD23 2QR,0084502C,2380000834599,,1/6/2026,E,
Unit 35,,Regent Arcade,,Cheltenham,GL50 1JZ,00845127,1425678100000,,1/6/2027,E,
,9,Redcatch Road,,Bristol,BS4 2EP,03801110,2200015312508,3828,1/4/2026,E,
THE OAK,,Stratford Road,,WEST MIDLANDS,B94 5NW,00845L02,1424187100008,,1/6/2026,E,
,,12-14,,Sunderland,SR13NX,0084502B,1591020504362,,2/6/2026,E,
,110a,North Street,,HORNCHURCH,RM11 1SU,03801202,1012581277840,1963,2/6/2027,E,
,182,North High Sreet,,Edinburgh,EH21 6BH,50029706,50029706,166544,1/6/2026,,
,1,Kings Road,,Bristol,BS4 3HH,04800251,2200015272547,,2/11/2025,D,
Unit 9 Homedown Park,,ASHCHURCH,,Tewkesbury,GL20 7BQ,03801N13,1414363203001,7110,2/11/2025,E,
Townsend Piece,7,Bicester Road,,Aylesbury,HP19 8BQ,03801201,1012459350472,5766,2/6/2028,E,
UNIT 108,,MARINER,,TAMWORTH,B79 7UL,14111204,14111204,,1/4/2029,,
,5,Oxford Road,,YEOVIL,BA21 5HR,03801H06,2000026163838,11047,2/6/2026,E,
,,STOCKWOOD VALE,,BRISTOL,BS31 2AL,03801N12,2200015152614,3995,2/6/2028,E,
,,Unit 3,,STANMORE,HA7 1PZ,3303409208,3303409208,20198,18/5/2027,,
Amusement Arcade,,The Promenade,,Abergele,LL22 7PP,00900D04,1300009607969,,2/11/2025,E,
,39-41,Wilmslow Road,,CHEADLE,SK8 1DR,04811024,1610028538982,17183,15/9/2026,E,
,,Armstrong Mall Southwood Business Park,,Farnborough,GU14 0NR,00900Q02,2000027415054,,2/11/2025,E,
Unit D,,Beckingham Street,,Maldon,CM9 8LZ,03801204,1012626985284,49297,3/6/2026,E,
M G L Floor Coverings,3,Northenden Road,,SALE,M33 2DH,03801631,1610028053074,3845,15/2/2026,E,
,30,HALLGARTH STREET,,DURHAM,DH1 3AT,1341260703,1341260703,51893,1/10/2027,,
New Sports Hall,,Chequers Way,,Reading,RG5 3EL,00845H86,2000027850480,,23/8/2027,E,
,17a,Bridge Street,,Denbigh,LL16 3LF,04811D01,1300009271490,8,3/6/2026,E,
Unit 16,,Hoddesdon Industrial Centre,,Hoddesdon,EN11 0DD,03801202,1012762757276,8840,1/8/2026,E,
Vorwerk House,6,Ashville Way,,WOKINGHAM,RG41 2PL,03801H04,2000054687938,22771,29/5/2026,E,
St. Peter's Church,,Main Street,,Kettering,NN14 3BX,03826N12,1100021232815,1677,4/6/2026,E,
Unit 18,,"Hoddesdon Industrial Centre, Pindar Road",,HODDESDON,EN11 0DD,03801201,1012762752213,41898,5/6/2027,E,
,86,The broadway,,London,SW19 1RH,00900204,1200025341442,,5/6/2027,E,
THE BULL INN,1,CHURCH STREET,,KING'S LYNN,PE32 2NS,03801203,1023545808058,20487,5/1/2027,E,
,40,Hornsby Square,,Basildon,SS15 6SD,00900203,1012562745368,,2/11/2025,E,
Unit 3,,Langley Park Indus Estate,,Durham,DH7 6TX,0380102C,1570000170885,22535,4/4/2027,E,
,23,Lampits Hill,,Stanford-Le-Hope,SS17 9AA,03801201,1012554757697,2057,6/6/2028,E,
,55,Central Avenue,,West Molesey,KT8 2QZ,73101906,73101906,467,2/11/2025,,
,,Building 2 Stair 1,,Wrexham,LL11 1PA,03801D02,1300053084822,34535,11/3/2026,E,
Station Garage,,,,Wareham,BH20 4AS,03801H08,2000022327801,13531,17/6/2026,E,
Shree Hindu Community Centre,541,Warwick Road,,Birmingham,B11 2JP,59851710,59851710,213445,12/5/2026,,
,50,Manse Road,,Wishaw,ML2 9AX,03801D04,1800018479988,30777,6/6/2026,E,
,3,Prospect Street,,READING,RG4 8JB,03801H02,2000009916386,54,2/11/2025,D,
,51,Barking Road,,London,E6 1PY,03801201,1200041506033,15129,2/11/2025,E,
,4,Bridgewater Close,,Reading,RG30 1JT,00845H86,2000027371976,,4/7/2026,E,
Unit 17-18,17,Churchill Way,,LEICESTER,LE8 8UD,58334505,58334505,90432,1/10/2026,,
,738,Oxford Road,,Reading,RG30 1EH,00900Q03,2000027372534,,18/7/2028,E,
,62,Second Drove,,PETERBOROUGH,PE1 5XA,03801201,1050000169077,,6/3/2026,E,
PORT GLASGOW INDUSTRIAL ESTATE,,MUIRSHIEL ROAD,,PORT GLASGOW,PA14 5XS,03802D04,1800050808390,91698,1/2/2026,E,
,61,Second Drove Industrial Estate,,Peterborough,PE1 5XA,03801201,1012881075483,2115,6/3/2026,E,
,19,Tanner Row,,York,YO1 6JB,8899007608,8899007608,75255,19/6/2026,,
P Hewitt & Sons Garages Ltd,,Enville Street,,Stourbridge,DY8 3PY,00900N14,1421990100007,,11/1/2027,E,
,48,Poplar Road,,Birmingham,B14 7AG,03800N12,1418000311003,,2/11/2025,D,
Adelaide Wharf,120,Queensbridge Road,,London,E2 8PD,9209194903,9209194903,972693,1/4/2027,,
,,Show Room 2,,London,SW19 5EE,03801201,1200051789252,1390,8/6/2026,E,
Kidz Kingdom,,Gloster Road,,IPSWICH,IP5 3RJ,14845800,14845800,159859,1/11/2026,,
Catterall House Rest Home,,Garstang by-Pass Road,,PRESTON,PR3 0QA,8890303,8890303,198215,2/11/2025,,
,25,Bailgate,,Lincoln,LN1 3AP,03801N12,1100002324621,4703,9/5/2028,E,
,,17-19 St. Stephens Road,,Norwich,NR1 3SP,03136203,1012685108583,20802,9/6/2028,E,
,20,Grange Road,,STOURBRIDGE,DY9 7LE,00845N14,1424960100000,,10/6/2026,E,
,,Viking Road,,Great Yarmouth,NR31 0NU,00845071,1014568975569,,4/4/2026,E,
Unit 6 Forbes Court,,Billington Road,,Burnley,BB11 5UB,00900831,1640000070030,,2/5/2026,E,
Cathedral Hotel,7,Milford Street,,Salisbruy,SP1 2AJ,00845H86,2000027484689,,9/12/2025,E,
"Unit 4, Orpheus House",,,,Reading,RG7 8TA,00845H86,2000011379722,,20/9/2026,E,
Royal Vincent Hotel,22-30,Hull Road,,Blackpool,FY1 4QB,03801131,1610004110370,1937,2/11/2025,E,
,,22-30 Hull Road,,Blackpool,FY1 4QB,03801131,1610004110399,2806,2/11/2025,E,
,,Hamburg Way,,KING'S LYNN,PE30 2ND,9122144408,9122144408,0,26/10/2028,,
,205a,High Street,,BLACKWOOD,NP12 1AA,2790553803,2790553803,5725,1/8/2026,,
,9,Weller Drive,,Wokingham,RG40 4QZ,03801H04,2000005058631,67762,5/5/2027,E,
Top Brandocks,,Greenbury Way,,Chelmsford,CM1 3FE,00900203,1050000518955,,31/5/2026,E,
,17,Dean Street,,Blackpool,FY4 1AU,03801631,1610004050961,10455,11/6/2027,E,
SILVERSCREENS,1,Wesley Yard,,Newquay,TR7 1LB,03801N12,2200022108293,4261,23/4/2026,E,
,36,WIKELEY WAY,,CHESTERFIELD,S43 1AQ,04828N13,1100008451690,,17/4/2026,E,
,,Storforth Lane,,CHESTERFIELD,S40 2TU,03801N13,1100051190886,,1/11/2028,E,
Unit 7,,Leaton Industrial Estate,,Shrewsbury,SY4 3AP,03801007,1419399203008,512,12/6/2026,E,
Oakhill Medical Practice,,Oakhill Road,,Sheffield,S18 2EJ,0380102A,2300000489165,2098,19/11/2026,E,
,,16-18 Midland Street,,Manchester,M12 6LB,8813296910,8813296910,16909,4/2/2027,,
29-31,,29-31 Monument Street,,London,EC2R 8BT,00845071,1200050547295,,21/10/2026,E,
University House,,53-55,,LONDON,N1 6AH,03801201,1200030109388,1107,13/6/2026,E,
Ground Floor,55,East Road,,London,N1 6AH,03801201,1200030109449,460,13/6/2026,E,
,16,Rose Street,,Wokingham,RG40 1XU,03801H02,2000005373499,2401,24/11/2026,E,
Ground Floor,55,East Road,,London,N1 6AH,03801201,1200030109430,502,13/6/2026,E,
Ground Floor,55,East Road,,London,N1 6AH,03801201,1200030109458,291,13/6/2026,E,
123-125,,Bridgnorth Road,,Stirbridge,DY8 3NX,04811N13,1419644680003,9414,13/6/2027,E,
,,Molefre,,Gwynedd,LL72 8NN,03801D03,1300011906894,19247,28/10/2026,E,
,197,Carmarthen Road,,Swansea,SA1 1HE,03801200,2199998327248,6506,13/6/2026,E,
,115,Station Road,,,SA15 1YS,03801N13,2199996850042,25816,2/11/2025,E,
Unit 1B,,Monks Road Industrial Estate,,Alfreton,DE55 7RL,00900N13,1100039630320,,24/4/2026,E,
,134,Church Street,,Leeds,LS10 2AZ,53054608,53054608,1,15/10/2026,,
,,Camps Industrial Estate,,KIRKNEWTON,EH27 8DF,03801D03,1800020219513,12068,8/7/2027,E,
,31,St Stephens Road,,Norwich,NR1 3SP,04166201,1012685110192,66159,3/6/2026,E,
,43a,High Street,,IPSWICH,IP7 5AB,03801203,1012987099500,4363,25/7/2026,E,
,24,Leslie Street,,BLAIRGOWRIE,PH10 6AH,03801P07,1717388815003,7874,2/11/2026,E,
,,Woodlands Crematorium,,Paisley,PA1 2NP,03801D04,1800028038219,117659,1/10/2027,E,
,,8 Alexandra Road,,Farnborough,GU14 6DA,00900Q02,2000017236746,,31/5/2026,E,
,1,Steward Street,,Birmingham,B18 7AE,00900N12,1421396100000,,2/11/2025,E,
Strathnaver Museum Shed,,"Clachan,",,Thurso,KW14 7SS,03801P07,1700060028209,5632,15/6/2027,E,
,795,Great Cambridge Rd,,Enfield,EN1 3PN,03801202,1013040824511,9615,18/7/2026,E,
24 Hammond Buisness Centre,,Hammond Close,,Nuneaton,CV11 6RY,03801N12,1100040502362,347,2/11/2025,E,
Shop 6,175,Station Road,,Ferndown,BH22 0HX,04044H17,2000021785222,9385,15/6/2026,E,
Albury House,6,Albury Road,,GUILDFORD,GU1 2BT,00900204,1900001383631,,25/8/2026,E,
,143,Main Road,,JOHNSTONE,PA5 9ES,03801D02,1800028353786,7586,1/1/2027,E,
,21,FAWCETT STREET,,SUNDERLAND,SR1 1RH,0380102A,1591058921112,33161,9/4/2026,E,
,,1-3 Tobago Street,,Greenock,PA15 1PB,03802D04,1800035197330,73718,19/5/2027,E,
,724,Christchurch Road,,Bournemouth,BH7 6BZ,03104H34,2000020463479,65311,6/5/2026,E,
,31-32,Durham Street,,SCARBOROUGH,YO12 7PT,52707207,52707207,1,2/11/2025,,
,86,TOOTING HIGH STREET,,LONDON,SW17 0RN,03801202,1200039894303,51176,15/12/2025,E,
,309,London Road,,CAMBERLEY,GU15 3HE,03801H01,2000004778297,4024,2/11/2025,E,
,,99 Barkby Road,,Leicester,LE4 6LG,00900N14,1170000233349,,2/12/2025,E,
,8,"Enterprise Industrial Estate, Station Road West",,ALDERSHOT,GU12 5QJ,03801H07,2000016233460,436,15/7/2027,E,
,29,Colwyn Avenue,,COLWYN BAY,LL28 4RB,03801D02,1300009090978,2970,16/6/2026,E,
,27,Bond Street,,London,W5 5AS,03801H02,2000000184721,17443,20/1/2027,E,
Pro Tech Precision,,Station Road West,,Aldershot,GU12 5QD,00845H89,2000027416350,,5/3/2026,E,
,3,Wickham Road,,Bournemouth,BH7 6JX,03801H01,2000020379375,277,27/10/2026,E,
Seldons Leisureworld,,Whitburn Road,,Sunderland,SR6 8AA,0084505A,1591040553639,,17/6/2026,E,
,3,Grange Road,,Wirral,CH48 4DY,04009D02,1300007462877,21159,7/5/2026,E,
Shop,74,East Barnet Road,,Barnet,EN4 8RQ,03801202,1012994114739,13379,17/6/2027,E,
,17A,EAST END ROAD,,LONDON,N3 3QE,03801203,1050000116544,32804,18/6/2026,E,
,5,Lake Road,,Ambleside,LA22 0AD,04812661,1610005291190,,2/11/2025,E,
Unit 1B,,Gaerwen Industrial Estate,,Gaerwen,LL60 6HR,03801D01,1300054415115,8230,18/6/2027,E,
,508,Wimborne Road,,Bournemouth,BH9 2EX,04576140,2000020872210,,6/9/2026,E,
21,,PURDEYS WAY,,ROCHFORD,SS4 1ND,03136201,1012608233614,4198,24/5/2026,E,
White Hart,,Thaxted Road,,SAFFRON WALDEN,CB10 2UZ,04139202,1012788425967,47,1/4/2026,E,
,74,Green Road,,Bournemouth,BH9 1EB,03800H01,2000020700399,,2/11/2025,D,
Unit 51,,Crofty Industrial Estate,,Swansea,SA4 3RS,03801200,2199997488334,2174,19/6/2027,E,
,61,Broad Lane,,London,N15 4DJ,3047352509,3047352509,47145,15/8/2026,,
,,19-21 Wicker,,Sheffield,S3 8HS,0380102A,2334310159019,5893,25/6/2026,E,
,88,Regent Street,,Bristol,BS15 8HU,03801N12,2200017789057,8423,20/6/2027,E,
LL supply,,mateo drive,,Bournemouth,BH9 2FD,03801H01,2000020932598,,29/7/2026,E,
16-32,,Bellgrove Parade,,Welling,DA16 2RE,00845071,1200010168788,,2/11/2025,E,
,,SANDYHURST LANE,,ASHFORD,TN25 4PE,04829203,1900047197929,28740,1/4/2028,E,
Unit 1 Crossways House,,The Square,,Cheltenham,GL54 1AB,04811010,1410675871008,4260,20/6/2026,E,
,85,Deardengate,,ROSSENDALE,BB4 5SN,03801131,1610022665347,1945,20/6/2026,E,
B AMPLIVOX ULTRATONE HEARING CARE CENTRE,20,King Street,,Lancashire,FY1 3EJ,03800631,1610003589310,,2/11/2025,D,
Reg:Winchester,,83 High Street,,Winchester,SO23 9AP,03801H02,2000024617308,6159,30/6/2027,E,
,34,LITTLE CASTERTON ROAD,,STAMFORD,PE9 1BE,04811N13,1100001971275,66529,27/6/2027,E,
,,Duns Tew Road,,CHIPPING NORTON,OX7 7DG,03801H02,2000008674360,1691,20/6/2026,E,
,99,Shop & Flat,,Blackpool,FY1 3QX,03801144,1610003644938,,30/8/2027,E,
26,,STARBECK AVENUE,,,NE2 1RJ,0380102A,1570000327970,3035,21/6/2027,E,
Spring Lodge,,Powers Hall End,,WITHAM,CM8 2HE,5026282704,5026282704,0,,,
,32,Glenburn Road,,Glasgow,G74 5BA,03801D03,1800029881917,20903,21/6/2026,E,
Hayes Cottage Nursing Home,,Grange Road,,Hayes,UB3 2RR,9188913306,9188913306,516516,1/4/2027,,
Beaufort House,,Clarke Way,,Swansea,SA1 7ER,03801N14,2199997706145,48458,21/6/2026,E,
,1288,Wimborne Road,,Bournemouth,BH10 7AJ,03801H01,2000020879828,1109,21/2/2026,E,
,101,St Aldates,,Oxford,OX1 1BT,03105H34,2000008728661,49258,21/6/2027,E,
Cheers Hotel,50,Coronation Street,,Blackpool,FY1 4PD,04811004,1610004102788,3641,17/1/2027,E,
,,90a Islington Street,,Leicester,LE2 7SQ,8930248600,8930248600,28950,9/1/2026,,
Throckmarton Arms,,Coughton Hill,,Alcester,B49 5HX,00845N14,1421012200008,,22/6/2026,E,
,3,Bridge Street,,Bridgnorth,WV15 6AF,03801007,1416499802002,11053,23/3/2027,E,
N/A,155,Longford Road,,CANNOCK,WS11 0LG,17110801,17110801,68306,21/5/2027,,
218-220,,Church Street,,Blackpool,FY1 3PT,03801631,1610004121911,3226,11/10/2026,E,
UNIT 10,,RHOSDDU INDUSTRIAL ESTATE,,WREXHAM,LL11 4YL,00845G01,1300000516987,,23/6/2026,E,
Unit 1,565,Blandford Road,,Poole,BH16 5BW,03801H06,2000022286234,4185,15/7/2026,E,
Johnson Cleaners UK Ltd,17,Market Street,,NEWTON-LE-WILLOWS,WA12 9BQ,03801004,1610009461226,4710,21/4/2026,E,
The Old Black Horse,,Market Place,,KING'S LYNN,PE31 8HD,04811202,1012646693068,6926,2/11/2025,E,
Sutton Corner Garage En,,Sheep Pen Lane,,Seaford,BN25 4QR,03801201,1900045279250,200,23/6/2026,E,
,,Poole Arms,,Poole,BH15 1HJ,03801H03,2000021528588,49631,19/8/2026,E,
Grantley Court,22,York Road,,SUTTON,SM2 6HH,65435502,65435502,1,17/9/2026,,
Camber Docks,,Gunwhale Road,,Portsmouth,PO1 2JX,00900Q04,2000027397992,,5/7/2026,E,
,,18C Pony Road,,Oxford,OX4 2SA,03801H06,2000054851154,3003,24/6/2027,E,
,88,High Street,,DUDLEY,DY1 1QP,04811N12,1410968201004,6261,8/10/2027,E,
Unit 36,,Dawkins Road Industrial Estate,,Poole,BH15 4JD,03801H07,2000022060961,7060,2/10/2027,E,
,53,Main Street,,Keighley,BD20 8TT,0380102A,2314357471115,,10/6/2026,E,
,53,Main Street,,Keighley,BD20 8TT,0380102A,2314357486510,948,10/6/2028,E,
,,53A Main Street,,Keighley,BD20 8TT,0380102A,2314357473910,1995,10/6/2028,E,
,4,Ball Green,,Manchester,M32 0QT,03801024,1630000369604,20647,3/10/2027,E,
,7,"Top Oth Meadow, Wooley Lane",,ACCRINGTON,BB5 2EA,03801014,1610022501408,22912,21/10/2026,E,
The Huntsman,,Wellington Road,,Telford,TF6 5BH,00845N14,1413496800007,,24/6/2026,E,
Ms Victoria Holonou T/A Victostar,166,Infirmary Road,,Sheffield,S6 3DH,0380102A,2334300714710,3016,25/6/2026,E,
Eastfield,,Hill Brow Road,,Liss,GU33 7PS,04800H23,2000015984316,,2/11/2025,D,
Unit 8,,Fairfax Road,,NEWTON ABBOT,TQ12 6UD,00900N14,2200030097070,,25/6/2026,E,
Bramley Golf Club,,Links Road,,Guildford,GU5 0AL,00845204,1900031424731,,1/5/2026,E,
,19,Bonehurst Road,,Horley,RH6 8PP,48757606,48757606,242667,3/2/2027,,
,25,Lampits Hill,,Stanford-Le-Hope,SS17 9AA,04100202,1012554758380,6102,25/6/2027,E,
,197,Gleneagles Road,,SUNDERLAND,SR4 8JD,0380102D,1591053061169,20123,5/3/2026,E,
William Morris House,,Chipmans Platt,,Gloucester,GL10 3SH,67351001,67351001,310992,2/8/2026,,
Waste Transfer Site,14,St Georges Avenue,,Poole,BH12 4ND,03801H06,2000053202032,13247,1/12/2026,E,
,421,Linthorpe Road,,Middlesborough,TS5 6HH,0380102B,1591117208734,6601,26/6/2026,E,
Alderney Plating(1986) Ltd,,Thrush Road,,Poole,BH12 4NP,00845H86,2000027448139,,19/4/2026,E,
,54,Westow Hill,,LONDON,SE19 1RX,8899392009,8899392009,10641,7/12/2027,,
,549,Kingsbury Road,,LONDON,NW9 9EL,03801203,1050001998060,104985,27/6/2026,E,
,975,Stratford Road,,Birmingham,B28 8BG,04536040,1419605551008,14411,21/1/2027,E,
,11,New Broadway,,WORTHING,BN11 4HP,03801201,1900042411191,647,2/11/2025,E,
601,,NEW NORTH ROAD,,ILFORD,IG6 3XS,03801203,1200041501197,37982,16/10/2026,E,
Frederick Knight Sports Ground,,Willoughby Lane,,London,N17 0RY,00900203,1023479985625,,8/4/2026,E,
Unit 25,,Boleness Road,,Wisbech,PE13 2RB,04807201,1012867747677,255,2/11/2025,E,
,76,Dartford Road,,Dartford,DA1 3ER,03801203,1200025928495,19760,26/12/2025,E,
,1,Dalby Court,,"Northwich, Cheshire",CW9 7TN,03801D03,1300000222030,13292,29/6/2027,E,
Unit 2,,Hollins Grove Street,,Darwen,BB3 1HG,03801144,1610022826847,1060,1/4/2026,E,
,22,Dalby Court,,Northwich,CW9 7TN,03801D02,1300013396377,7087,29/6/2027,E,
,5,Fellside Road,,Newcastle,NE16 4AL,0380102B,1591056843837,3550,12/12/2026,E,
Far Pavilions,,Bypass Road,,Carnforth,LA5 8JA,03801014,1610023132457,45999,31/7/2027,E,
Hull City Wire Works Ltd,,Wiltshire Road,,HULL,HU4 6PE,0380102D,2360515165010,56627,29/6/2026,E,
Cedar Cottage,,Marden Park,,Caterham,CR3 7JE,03801202,1900024122554,11361,1/10/2027,E,
Dairycoates Industrial Estate,,Wiltshire Road,,HULL,HU4 6PA,0481102D,2360515183019,40049,29/6/2026,E,
Dairycoates Industrial Estate,,Wiltshire Road,,HULL,HU4 6PA,0380102C,2360515077914,19500,29/6/2026,E,
PENWORTHAM WAY,,WHITESTAKE,,Preston,PR4 4LF,03801024,1610021091339,54657,14/6/2027,E,
,,Beech Avenue,,NORWICH,NR8 6HP,00845071,1030082604041,,29/6/2026,E,
,19,Anglesea Road,,London,SE18 6EG,560963504,560963504,65686,7/1/2028,,
,30,Western Road,,Hove,BN3 1AF,04815202,1900004335213,3016,17/7/2027,E,
UNIT 1,,"Phoenix Industrial Park, Freshfields Road",,HARWICH,CO12 4EL,04812201,1023523205610,3340,12/6/2026,E,
,89,"Condor Close ,Woolsbridge Industrial Estate",,Wimbourne,BH21 6SU,03801H02,2000026951578,9338,16/6/2027,E,
Station Garage,,Northport,,Wareham,BH20 4AS,03801H06,2000022327796,4854,17/6/2026,E,
Unit D1,,Dominion Way,,Littlehampton,BN16 3HQ,03801203,1900030401167,6003,24/2/2027,E,
Unit U2,,"Rudford Industrial Estate, Ford Road",,ARUNDEL,BN18 0BF,04811H17,2000018560819,7191,29/6/2027,E,
Yellow Lion,24,Church Street,,Rotherham,S61 4DX,0482802D,2336550142019,30851,6/4/2026,E,
Empire House,28,Main Street,,Hull,HU10 6BU,0481102C,2361800369110,13284,30/6/2026,E,
Unit 2,,Dalby Court,,Northwich,CW9 7TN,00900D02,1300000222040,,30/6/2027,E,
,14,"Rowallen Parade, Green Lane",,DAGENHAM,RM8 1XU,04808202,1200039855225,7096,17/6/2026,E,
Honey Pot Farm,,Honey Pot Lane,,Clacton-on-Sea,CO16 9BJ,00900204,1014569920170,,2/11/2025,E,
Ken Fish,8,LIMBRICK LANE,,,BN12 6JL,04811203,1900024406598,12478,30/6/2027,E,
Sachins Restaurant,,Forth Banks,,Newcastle upon Tyne,NE1 3SG,47122108,47122108,98783,12/8/2026,,
,,279-283 Brompton Road,,London,SW3 2DY,03006202,1200035438986,68448,8/8/2027,E,
,253,Chillingham Road,,New Castle Upon Tyne,NE6 5LL,0380102D,1591057259193,,1/7/2026,E,
The Camrose Football Ground,,Western Way,,Basingstoke,RG22 6HW,03800H37,2000017832917,,2/11/2025,D,
,2,"Mulberry Court, Victoria Road",,WARRINGTON,WA4 2DB,03801D01,1300005710820,,1/7/2027,E,
4 Woodland Business Village,,Coronation Road,,Basingstoke,RG21 4JX,03800H02,2000018142113,,2/11/2025,D,
,14,HIGH OAKS,,ST. ALBANS,AL3 6DL,03801204,1012476635892,,1/7/2026,E,
Threeways House,,Gloucester Street,,OXFORD,OX1 2BJ,00845H86,2000027360575,,24/2/2026,E,
,,GREAT BINFIELDS ROAD,,"LYCHPIT, BASINGSTOKE, HAMPSHIRE",RG24 8TF,00845H86,2000027425016,,2/11/2025,E,
,31,High Street,,Salisbury,SP4 9DR,03801H07,2000027149277,31868,10/1/2027,E,
UNIT 21,,LEESIDE ROAD,,LONDON,N17 0QJ,00845074,1050001765995,,30/4/2026,E,
VALS HOTEL,2,Harkness Street,,Manchester,M12 6BT,00800831,1600000059690,,2/11/2025,D,
Paint Store,,Viola Street,,Bolton,BL1 8NG,04811004,1610030059155,6556,1/2/2027,E,
39-41,,"Chapel Street, Chapel Street",,"WEST YORKSHIRE,",BD1 5BY,8920133509,8920133509,1,2/11/2025,,
,107,Annesley Road,,Nottingham,NG15 7DR,04811037,1100006300606,2853,12/4/2026,E,
,91,Elgar Street,,London,SE16 7QW,8818307005,8818307005,33996,19/8/2028,,
4A,,WEST GATE,,STEVENAGE,SG1 1QR,03801204,1012825209400,,1/7/2026,E,
,,Codnor Gate Industrial Estate,,Ripley,DE5 3YD,00845991,1100039627772,,1/7/2026,E,
Unit 20,,"Kent Park Industrial Estate, Ruby Street",,LONDON,SE15 1LR,03801204,1200032723709,6817,2/11/2025,E,
,232,Ashton Road,,OLDHAM,OL8 1QN,03801131,1610002351119,42,2/11/2025,E,
Unit 1 Phase 1 Ind Estate,,Wallows Road,,Brierley Hill,DY5 3ST,03801N12,1417610880007,4974,1/7/2026,E,
,25,Heddon Street,,London,W1R 7LG,8820781010,8820781010,325610,1/3/2026,,
UPTON LEA PARADE,2,Wexham Road,,SLOUGH,SL2 5JU,5090623301,5090623301,252979,9/1/2027,,
,BOLTON,United Kingdom,,Bolton,BL1 2AX,03801004,1630000580354,28845,1/7/2026,E,
,,LUNESIDE NEW QUEY ROAD,,LANCASTER,LA1 5QP,00845074,1620000530357,,17/10/2027,E,
,48,Elliott Road,,Cirencester,GL7 1YG,00845H86,2000027381167,,1/7/2026,E,
"ELLIOTT ROAD, UNIT 1& 2",,LOVE LANE IND EST,,CIRENCESTER,GL7 1YS,00845H87,2000027381185,,1/7/2026,E,
,69,Lever Street,,Lancashire,BL3 2AB,04511091,1610029543910,,1/7/2027,E,
,1-2,Eastmoor Street,,LONDON,SE7 8LX,03802204,1200032927450,138506,1/4/2026,E,
,,GRETTON BROOK ROAD,,CORBY,NN17 4BA,00845L03,1160000926702,,1/8/2026,E,
,,Aesculap Rest Home,,BOLTON,BL6 5JS,62617100,62617100,283759,13/12/2025,,
,5,"Mayfield Mobile Home Park, Draycott Road",,DERBY,DE72 3DA,03801013,1100011315429,4551,2/7/2027,E,
,5-6,Sundon Park Parade,,LUTON,LU3 3BH,5069606609,5069606609,135594,2/11/2025,,
,,Mossy Lea Rd.,,Wigan,WN6 9RF,03500274,1610021338965,19497,1/10/2026,E,
Shanghai Chinese,20,East Street,,Blandford Forum,DT11 7DR,03801H02,2000022219112,2964,1/5/2027,E,
Unit 5,,Pindar Road,,Hoddesdon,EN11 0DD,03801202,1015681382299,4522,2/7/2026,E,
,,Reliance Enterprise Park,,MANCHESTER,M40 3AL,03801631,1610018253423,11374,2/7/2026,E,
"JONIC ENGINEERING LI, 2A",,SPEEDWELL ROAD,,BIRMINGHAM,B25 8EU,00845L02,1420017100004,,1/4/2026,E,
PATEL GROCERS,220,Tonge Moor Road,,Bolton,BL2 2HN,03801014,1610029841406,3002,27/2/2028,E,
,,Bush House,,ATTLEBOROUGH,NR17 2AF,04807203,1012719964851,11839,3/9/2027,E,
1st Impressions,33,Broughton Street,,Manchester,M8 8LZ,03801014,1610018637046,15488,4/6/2026,E,
Stall 52,,Guildhall Market,,Bath,BA2 4AW,03801110,2200040477420,1968,2/7/2027,E,
Stall 51-52,,Guildhall Market,,Bath,BA2 4AW,03801110,2200012357348,1465,2/7/2027,E,
,1,The Studios,,Bolton,BL1 6AH,03801014,1620001625187,10201,30/1/2028,E,
15a,,High Street,,Kidderminster,DY14 8DG,04811010,1410084012005,17361,7/10/2026,E,
Almonds Farm,105,Whittingham Lane,,Preston,PR3 5DB,03801014,1610014737660,5912,2/7/2026,E,
,325,Bury Road,,BOLTON,BL2 6BB,03801631,1610029803066,4169,19/9/2026,E,
The Barton,,,,North Tawton,EX20 2AN,04808N13,2200011829226,15192,7/4/2027,E,
323 Chartwell North,,Victoria Plaza,,Southend-on-sea,SS2 5SR,04807202,1012534173613,19436,3/7/2028,E,
,164,Tonge Moor Road,,"Bolton, LANCASHIRE",BL2 2HN,03801631,1610029841061,5546,1/4/2026,E,
The Maisonette,3,Mount Folly Square,,BODMIN,PL31 2DG,4200166306,4200166306,37914,20/1/2026,,
,28,West Main Street,,BATHGATE,EH47 0QZ,03801D03,1800030827078,27205,2/11/2025,E,
Buildings,,CLAY HALL FARM,,DISS,IP22 2BQ,04800203,1012984802721,,2/11/2025,D,
,43b,High Street,,IPSWICH,IP7 5AB,04812202,1012987099731,7553,25/7/2026,E,
Anchor Inn,,Eagle Street,,Bolton,BL2 5PJ,03801014,1610029819846,,7/4/2029,E,
C J Garage,,Plas Gwyn Road,,Llanelli,SA14 7RY,03801N12,2199997200754,8224,4/7/2026,E,
,71-75,Promenade,,Bridlington,YO15 2QE,0084502D,2366580515011,,2/11/2025,D,
,,Peace Street,,BOLTON,BL3 5LJ,03801131,1610030440985,,2/11/2025,E,
,222,St Vincent St West,,Birmingham,B16 8RP,03801N13,1419731801000,7871,6/1/2028,E,
26-28,,Green Street,,Edinburgh,EH6 5PB,03800D01,1800050310909,,2/11/2025,D,
Filling Station and Garage,51,High Street,,BRIDLINGTON,YO15 1HB,0380102B,2364485639910,,1/12/2026,E,
West Hampstead Womens Centre,26-30,Cotleigh Road,,London,NW6 2NP,03801202,1200021898048,4867,2/11/2025,E,
Unit 2,,Claymore,,Tamworth,B77 5DQ,03801N12,1100022310688,20694,2/11/2025,E,
Suite 4,27,,,Norfolk,NR2 1JN,03801203,1030078779149,6837,6/7/2026,E,
,268,Harrow Road,,London,W2 5ES,03801204,1200022673900,58939,3/11/2026,E,
Friary Farm,Non-PAF De,Cley Road,,HOLT,NR25 7NW,00845072,1014568790183,,28/3/2028,E,
Suite 5,27,,,Norfolk,NR2 1JN,03801202,1030078779830,27070,6/7/2026,E,
Suite 6,27,St Giles,,Norfolk,NR2 1JN,03801201,1030078778456,3161,6/7/2026,E,
,40,Whitehill Road,,Coalville,LE67 1EL,04031N14,1100018824705,34841,6/7/2026,E,
,,Unit 1,,London,E15 4HF,00900204,1200060210530,,1/3/2028,E,
,Unit 13,"Beaver Industrial Estate,",,LIPHOOK,GU30 7EU,03801H07,2000017448196,458,26/3/2026,E,
,.,Adelaide Street,,BOLTON,BL3 3NY,00845801,1600000085732,,15/8/2026,E,
,57,High Street,,Minster,CT12 4BT,705766202,705766202,13496,25/1/2027,,
"NITELITES LTD, UNIT S4",,SECOND AVENUE,,NORTH SHIELDS,NE29 7SY,9090056201,9090056201,93997,1/10/2027,,
Unit 4A,,Cranfield Road,,Bolton,BL6 4SB,03800131,1620001275350,,2/11/2025,D,
,1,Brunel Way,,Thetford,IP24 1HP,00900201,1014570426861,,7/7/2026,E,
J Greeley Butcher,27,Winter Hey Lane,,Bolton,BL6 7AD,04811024,1610030329099,96410,11/8/2027,E,
,,Unit P,,LEIGHTON BUZZARD,LU7 4UH,00900204,1014570187892,,7/7/2027,E,
Unit 3 Cobden Mews,90,The Broadway,,London,SW19 1RH,03801202,1200025341559,12196,7/7/2026,E,
"Workshop Rear, Kens Den",21-23,Higher Market Street,,Bolton,BL4 8HQ,03873024,1610029301100,,4/2/2026,E,
,4,Foxholes Road,,Leicester,LE3 1TH,03801N12,1100051149327,615,7/7/2026,E,
Willington Road Oscroft,,Willington Road,,Chester,CH3 8NL,04043D04,1300013439792,124652,24/7/2026,E,
Unit 8A,,Charles Industrial Estate,,Stowmarket,IP14 5AH,03801202,1012971509649,1492,2/7/2026,E,
Castle Gate News,11,Union Road,,LINCOLN,LN1 3BJ,03801N12,1100002642337,47578,8/7/2027,E,
Eagle Lodge,,Stanhope Avenue,,WOODHALL SPA,LN10 6SP,00845L02,1170000190926,,8/7/2026,E,
,,Hopton Industrial Estate,,Devizes,SN10 2EU,04811H16,2000006604120,543,9/1/2027,E,
The Eaton Oak,,Crosshall Road,,St Neots,PE19 1AH,74835710,74835710,282205,1/10/2026,,
"Unit 1, 176a",,Blackburn Road,,Accrington,BB5 0AE,00900831,1600000030102,,17/9/2026,E,
Prject Wshp Lains Fm,,Quarley,,Andover,SP11 8PX,04044H17,2000007763354,18377,25/10/2026,E,
Old House Farm,,Hanbury Road,,Bromsgrove,B60 4BU,00811127,1419931302002,,8/7/2026,E,
,570,London Road,,SUTTON,SM3 9AB,8826910003,8826910003,71485,11/7/2027,,
Lains Farm,,,,Andover,SP11 8PX,03801H02,2000007763345,11196,25/10/2028,E,
"5, Royal Parade",,Tilford Road,,Hindhead,GU26 6TD,04576140,2000016271234,,9/7/2026,E,
,,Workshop,,LEICESTER,LE8 4GZ,04811037,1100013039751,13977,9/7/2026,E,
,200a,Bury Road,,BURY,BL8 3DX,03801014,1610028694663,12615,1/9/2027,E,
,,18d Pony Road,,Oxford,OX4 2SA,03801H06,2000054851190,828,9/7/2027,E,
White Elephant,96,Brownshill Green Road,,Coventry,CV6 2DT,04811N12,1100023310420,3610,9/7/2026,E,
,91,London Road,,Benfleet,SS7 5TG,03801203,1012596692678,13485,17/9/2028,E,
Unit 21,,Maitland Road,,Ipswich,IP6 8NZ,04807201,1023458863114,13649,2/4/2027,E,
INDOOR BOWLS CENTRE,,BEECHDALE ROAD,,NOTTINGHAM,NG8 3FH,19023603,19023603,227074,1/10/2026,,
,23,Crown Passage,,LONDON,SW1Y 6PP,3384997306,3384997306,36006,7/11/2025,,
,11-13,Pontamman Road,,AMMANFORD,SA18 2HX,03220N14,2199997358500,,29/7/2026,E,
Unit 22,,Maitland Road,,Ipswich,IP6 8NZ,04807202,1023458863346,8690,10/7/2027,E,
Hobson Industrial Estate,,Hobson,,Newcastle Upon Tyne,NE16 6EA,0084505A,1591057861410,,15/9/2027,E,
Welfare Hall,,Heol y Neuadd,,LLANELLI,SA14 6HR,03220N14,2199996970081,34475,19/8/2026,E,
,18-20,Shellard Hotel,,BLACKPOOL,FY4 1AU,04005014,1610004052588,15899,11/7/2026,E,
Unit 13b,,Tanfield Ind Est,,Stanley,DH9 9UU,0084505A,1592007606801,,1/2/2027,E,
WELLHEAD ELECTRICAL SUPPLIES LTD,,WELLHEADS CRESCENT,,ABERDEEN,AB21 7GA,11928609,11928609,186151,1/4/2026,,
158a,,Gresty Road,,Crewe,CW2 6EF,03801D03,1300007648801,1434,2/11/2025,E,
Plot 1,,Ruffside Fell Farm,,Consett,DH8 9PE,0580102D,1580000783328,85367,25/11/2026,E,
Unit 6,,Wheelock Heath Business Court,,Sandbach,CW11 4RQ,03801D04,1300060289303,26892,2/11/2025,E,
UNIT,,BREMBER ROAD,,HARROW,HA2 8UJ,19811505,19811505,216906,1/8/2026,,
,109,London Road,,BEXHILL-ON-SEA,TN39 3LB,66777109,66777109,116801,1/4/2028,,
Redmires Buildings Services,,Clifton Street,,Sheffield,S9 2DQ,5020718505,5020718505,23102,14/2/2026,,
,98,KIMBOLTON ROAD,,BEDFORD,MK40 2PF,49176804,49176804,159999,1/10/2026,,
,8,Boutport Street,,Barnstaple,EX31 1RJ,03801N12,2200014038418,5397,2/11/2025,E,
,,Higher Suffenton Farm,,Bodmin,PL30 3LN,04808N12,2200022161029,9507,4/9/2026,E,
,,WALSTEAD ROAD,,Walsall,WS5 4DP,6079901,6079901,33577,22/7/2026,,
Outbuilding,,Vicarage Farm,,Delabole,PL33 9DZ,04042210,2200022240503,92,15/4/2026,E,
,29,St James Place,,Devon,EX34 9BJ,03801110,2200014351817,8539,6/7/2028,E,
,38,,,STONE,ST15 8AS,70441006,70441006,140536,12/3/2026,,
THE WAREHOUSE,32,HIGH STREET,,DEVON,EX34 9DA,00800203,2200030077905,,2/11/2025,D,
,,Lake Drive,,POOLE,BH15 4LR,69139810,69139810,92388,9/3/2027,,
Le Taj Restaurant;,31,Osborne Road,,Southsea,PO5 3LR,03105H31,2000013636330,26296,2/11/2025,E,
,91,High Street,,Swanage,BH19 2LZ,68194802,68194802,323773,9/10/2026,,
,373,Bury New Road,,Manchester,M25 1AW,9178619401,9178619401,21102,9/1/2026,,
ST ANNES,,ST. ANNES CLOSE,,GRAYS,RM16 2AY,63340110,63340110,242712,15/2/2028,,
null,,DOLPHIN STREET,,COLYTON,EX24 6NA,4239877606,4239877606,35629,18/12/2026,,
Church Inn,91,Middleton Road,,OLDHAM,OL2 5JJ,04005014,1610002034842,13993,2/11/2025,E,
,,High Street,,HENFIELD,BN5 9DE,03801201,1900001327121,1522,20/8/2026,E,
,,166 DELCE RD,,KENT,ME1 2EP,672819105,672819105,38472,23/5/2027,,
,18,High Street,,NEWHAVEN,BN9 9PD,04069204,1900061085712,37727,2/8/2026,E,
,87-95,Neilston Road,,Paisley,PA2 6ES,03801D02,1800033728732,4265,2/11/2025,E,
,6,Coldharbour,,Sherborne,DT9 4HA,03107H33,2000025586797,16775,2/11/2025,E,
Rear Of,168,South Coast Road,,PEACEHAVEN,BN10 8JH,03801202,1900090782345,10665,27/3/2027,E,
,,Kingsdale Business Centre,,CHELMSFORD,CM1 1PE,03801204,1050000033507,39563,11/7/2028,E,
,9,Station Road,,London,N3 2SB,3395432908,3395432908,13099,16/1/2027,,
,,Buzzard Works,,LEIGHTON BUZZARD,LU7 4TN,03801204,1012381277894,,11/7/2026,E,
LEIGHTON COACHWORKS,,Buzzard Works,,LEIGHTON BUZZARD,LU7 4TN,03801203,1012381278587,15374,11/7/2026,E,
,13/14,Service Bay,,HARLOW,CM18 7NW,03136201,1012750582917,20976,24/7/2026,E,
Blaenwaun Garage,,Blaenwaun,,Whitland,SA34 0JA,03801200,2199999084994,11940,15/1/2026,E,
,54,Stepney Street,,LLANELLI,SA15 3TG,04811N14,2199996812678,30347,16/7/2026,E,
THE TALBOT INN,,High Street,,HAYWARDS HEATH,RH17 5JX,00845204,1900018358639,,25/7/2026,E,
,,10a Cavendish Street,,Skipton,BD23 2AB,0380102A,2315253835514,755,16/7/2026,E,
,108,Burley Road,,Leeds,LS3 1JP,0380102A,2341233389515,14201,13/7/2026,E,
,3,Bell Villas,,Newcastle upon Tyne,NE20 9BD,0084502D,1591016241780,,2/5/2026,E,
First Floor,5,Bigg Market,,Newcastle Upon Tyne,NE1 1UN,0380002B,1591048294207,,2/11/2025,D,
Lancashire,CLITHEROE,United Kingdom,,,BB7 2AW,03801024,1610014565994,76435,13/7/2027,E,
Unit 10,,Bridge Road,,CAMBERLEY,GU15 2QR,4034400009,4034400009,18421,23/1/2027,,
,,29-35 Main Street,,Irvine,KA11 4AQ,00900D02,1800035212040,,15/7/2026,E,
,16,Queen Street,,Newton Abbot,TQ12 2EF,04808N12,2200019886996,25016,15/7/2027,E,
,2,Whalley Road,,Accrington,BB5 5DT,03801004,1610022658650,2944,15/7/2027,E,
,,10a Station Road,,March,PE15 8LB,3094902006,3094902006,132104,26/1/2027,,
,32,Park Square West,,LEEDS,LS1 2PF,53102301,53102301,6099,9/8/2026,,
,,U 2 Market Place,,Garstang,PR3 1ZA,00900831,1610023214116,,2/11/2025,E,
Golf Club,,Spatham Lane,,East Sussex,BN6 8XJ,00900204,1900005426252,,11/1/2026,E,
70a,,East Barnet Road,,Barnet,EN4 8RQ,03801201,1012994112893,1561,16/7/2027,E,
,53,Leopold Road,,Felixstowe,IP11 7NR,03801203,1012909656438,11980,16/7/2026,E,
Lowes Electrical,,Freeman Road,,Lincoln,LN6 9AP,03801013,1100002882467,1088,16/7/2026,E,
Unit A3-3,8,Festival Way,,Basildon,SS14 3WB,00845072,1050000891100,,2/11/2025,E,
,155,Hylton Road,,Sunderland,SR4 7YF,0380102C,1591041427971,15598,17/7/2027,E,
Landlords Supply,17,Bigg Market,,Newcastle Upon Tyne,NE1 1UN,0380102A,1591042111227,455,7/11/2025,E,
Boundary Court,,Heaton Chapel,,Stockport,SK4 5GA,00845074,1620001259906,,17/7/2028,E,
Pavilion Tucker Park,,Park Road,,FARINGDON,SN7 7BP,03105H38,2000011897797,14338,17/7/2027,E,
,336,Witton Road,,BIRMINGHAM,B6 6PD,2565245807,2565245807,0,27/4/2025,,
Barrow Moor Farm,,Dog Lane,,Ashbourne,DE6 3EH,04817N13,1100008683621,54522,18/7/2026,E,
,329,Kirkstall Road,,Leeds,LS4 2HD,5009706408,5009706408,4943,23/6/2028,,
,,Stones Cross House,,Bath,BA3 2QB,03046110,2200011919136,17991,13/6/2027,E,
Fairburn Engineering LTD,73-79,Clarence Street,,Hull,HU9 1DH,0380102D,2390000069505,26818,18/7/2026,E,
UNIT 8-9,,BRUNTS BUSINESS CENTRE,,MANSFIELD,NG18 2AH,03801N12,1100003916355,6632,23/7/2026,E,
Unit 3 New Court Business Park,,Perry Road,,HARLOW,CM18 7NS,03801202,1012750588894,1712,27/5/2026,E,
10G,,Folgate Road,,North Walsham,NR28 0AJ,03801201,1012729321253,1574,25/7/2027,E,
Chantry Wynd Bistro,,Finkle Street,,Richmond,DL10 4QB,1308819001,1308819001,91346,24/11/2026,,
,,Boston Road,,Skegness,PE24 4HH,04811N13,1100000051058,14829,26/1/2028,E,
,Unit 4,Centurian Business Park,,Nottingham,NG6 8WA,03801N14,1100005087945,64775,1/9/2028,E,
Bradford M D C (s0125e),25,Hallfield Road,,Bradford,BD1 3RP,0380102B,2316102331517,17637,2/3/2028,E,
,128,Upper Richmond Road,,London,SW15 2SP,03006203,1200021960004,8384,9/4/2026,E,
,,Cherrycourt Way,,Leighton Buzzard,LU7 8UH,04811202,1012381380244,6145,21/7/2026,E,
,12-14,Adelaide Street,,BRADFORD,BD5 0EA,0380102A,2312708544110,1636,2/11/2025,E,
,175,Uxbridge Road,,LONDON,W7 3TH,3358475401,3358475401,1,2/11/2025,,
Unit 2,,The Common,,Norwich,NR14 8AE,03801203,1012721035046,15557,21/7/2026,E,
,Unit 8,Bartec 4,,Yeovil,BA20 2SU,04044H18,2000025947678,22945,2/11/2025,E,
,32,High Street,,Broadway,WR12 7DT,03801N13,1418859571003,83525,21/7/2028,E,
,107,Unit E,,Leicester,LE4 9LG,03801013,1170001375912,3013,2/11/2025,E,
Hall Livesley Brown,25,Chester Street,,WREXHAM,LL13 8BG,00900D01,1300011141610,,2/11/2025,E,
,25a,Chester Street,,WREXHAM,LL13 8BG,03801D02,1300000472744,2579,21/7/2026,E,
Brutons of Nailsworth,,Cossack Square,,STROUD,GL6 0DB,8817397802,8817397802,22751,26/3/2027,,
New Golf Clubhouse,,Riversde Drive,,Peterhead,AB42 1LT,,1715001090255,68579,25/1/2027,1,
"Unit 2, Grantwood House",,The Ridgeway,,IVER,SL0 9HW,03801H02,2000003921479,8880,10/6/2028,E,
BELLA BRONZE,25,"GROSVENOR ROAD,",,DERBYSHIRE,DE5 3JE,03801N14,1170001306565,42256,18/9/2026,E,
Spectrum Electrical Engineers,10,Coton Lane,,Birmingham,B23 6TP,03801007,1413395721004,80,2/11/2025,E,
Unit 1,73,Morris Road,,Leicester,LE2 6BR,04811N12,1100013756079,5013,2/8/2027,E,
Motor Spares,199,Richardshaw Lane,,Pudsey,LS28 6AA,0380102A,2313620141614,1216,2/11/2025,E,
A Iborra;Green Lane Chippy,509,Holden Road,,Leigh,WN7 2JJ,03801024,1610009285066,29685,7/8/2026,E,
,99,Willoughby Road,,SCUNTHORPE,DN17 2DJ,0380102C,2375850537618,10419,2/11/2025,E,
Unit 1-2,620,Bristol Road South,,BIRMINGHAM,B31 2JR,03801N12,1414892211000,14524,8/3/2026,E,
Tor View Farm Buildings,,Galhampton,,Yeovil,BA22 7AE,03801H06,2000027838934,37369,1/8/2027,E,
,257,Watling Street,,RADLETT,WD7 7LA,04138204,1012428153501,65204,1/9/2026,E,
,19,Bankhead Drive,,Edinburgh,EH11 4DW,00900D04,1800035282020,,16/9/2026,E,
,83,OLD CHRISTCHURCH ROAD,,BOURNEMOUTH,BH1 1EP,03801H09,2000020860784,79546,1/10/2026,E,
,61,Queen Street,,EDINBURGH,EH2 4NA,03801D03,1800023036810,17261,26/4/2027,E,
UNIT 14,,HALLAMWAY,,MANSFIELD WOODHOUSE,NG19 9BG,03801N13,1170000545593,25872,6/9/2026,E,
The Francis Centre,,Wretham Road,,Birmingham,B19 1ED,00900N14,1411302331005,,16/8/2026,E,
,,Bridgeman Street,,WALSALL,WS2 9PG,00900N13,1426985000007,,10/9/2026,E,
1,,"QUEENS PARADE,GREEN LANES",,LONDON,N8 0RD,03136202,1013085379888,35431,11/9/2026,E,
,92,High Street,,MILFORD HAVEN,SA73 1TF,03801N12,2199999629120,9661,12/9/2026,E,
Shop,15,Rumbridge Street,,Southampton,SO40 9DQ,03801H01,2000024857526,10021,13/9/2026,E,
