Site Building Name,Site Street No,Site Street 1,Site Street 2,Site Town,Site Postcode,MPAN Topline,Meter Number,Usage,Proposed Start Date,Energization Status,Annualised AQ,Status
,,,,,,,8819515702,8819515702,,,20188,Unfound
,,,,,,,8871480907,8871480907,,,32018,Unfound
,,,,,,,8927560205,8927560205,,,8927560205,Unfound
,,,,,,,8819619209,8819619209,,,8819619209,Unfound
,,,,,,,9090857404,9090857404,,,9090857404,Unfound
,,,,,,,8871540506,8871540506,,,8871540506,Unfound
,,,,,,,5061804404,5061804404,,,5061804404,Unfound
,,,,,,,9213015100,9213015100,,,9213015100,Unfound
,,,,,,,5061905904,5061905904,,,89140,Unfound
,,,,,,,8819661208,8819661208,,,46686,Unfound
,,,,,,,8819669101,8819669101,,,124646,Unfound
,,,,,,,5062056407,5062056407,,,127888,Unfound
,,,,,,,9090864906,9090864906,,,299095,Unfound
,,,,,,,8819671806,8819671806,,,189,Unfound
,,,,,,,8819690810,8819690810,,,645296,Unfound
,,,,,,,8872072908,8872072908,,,27335,Unfound
,,,,,,,9090911103,9090911103,,,2212408,Unfound
,,,,,,,5064096710,5064096710,,,109326,Unfound
,,,,,,,8819852507,8819852507,,,72888,Unfound
,,,,,,,8819962402,8819962402,,,1,Unfound
,,,,,,,5065216901,5065216901,,,8529,Unfound
,,,,,,,8820021704,8820021704,,,40638,Unfound
,,,,,,,8872699605,8872699605,,,73042,Unfound
,,,,,,,8872854007,8872854007,,,12250,Unfound
,,,,,,,9213055505,9213055505,,,57082,Unfound
,,,,,,,8820382905,8820382905,,,2,Unfound
,,,,,,,591674408,591674408,,,50762,Unfound
,,,,,,,9092151609,9092151609,,,21019,Unfound
,,,,,,,8873032901,8873032901,,,48607,Unfound
,,,,,,,9158645906,9158645906,,,1,Unfound
,,,,,,,5068548100,5068548100,,,89460,Unfound
,,,,,,,8873087410,8873087410,,,54599,Unfound
,,,,,,,8820439504,8820439504,,,237373,Unfound
,,,,,,,5069041508,5069041508,,,95935,Unfound
,,,,,,,9092402709,9092402709,,,9092402709,Unfound
,,,,,,,8820537908,8820537908,,,8820537908,Unfound
,,,,,,,5069220003,5069220003,,,5069220003,Unfound
,,,,,,,8873122902,8873122902,,,8873122902,Unfound
,,,,,,,5069512106,5069512106,,,5069512106,Unfound
,,,,,,,8820543207,8820543207,,,8820543207,Unfound
,,,,,,,9092551704,9092551704,,,23206,Unfound
,,,,,,,8873128308,8873128308,,,1,Unfound
,,,,,,,8873258703,8873258703,,,7568,Unfound
,,,,,,,8873426709,8873426709,,,29759,Unfound
,,,,,,,8820772907,8820772907,,,122952,Unfound
,,,,,,,9158683701,9158683701,,,52788,Unfound
,,,,,,,8927875006,8927875006,,,99864,Unfound
,,,,,,,9093166100,9093166100,,,288661,Unfound
,,,,,,,8862665604,8862665604,,,5344,Unfound
,,,,,,,9207015406,9207015406,,,124355,Unfound
,,,,,,,9207122901,9207122901,,,23599,Unfound
,,,,,,,8822997908,8822997908,,,117135,Unfound
,,,,,,,5056269304,5056269304,,,6422,Unfound
,,,,,,,624850202,624850202,,,18206,Unfound
,,,,,,,9158691610,9158691610,,,94767,Unfound
,,,,,,,9088107103,9088107103,,,1,Unfound
,,,,,,,9213113403,9213113403,,,55452,Unfound
,,,,,,,8863392600,8863392600,,,62971,Unfound
,,,,,,,9208401405,9208401405,,,12377,Unfound
,,,,,,,9088176302,9088176302,,,6575,Unfound
,,,,,,,9208696900,9208696900,,,95054,Unfound
,,,,,,,9208769800,9208769800,,,77794,Unfound
,,,,,,,8823218402,8823218402,,,196894,Unfound
,,,,,,,8863916608,8863916608,,,62958,Unfound
,,,,,,,8823286610,8823286610,,,18691,Unfound
,,,,,,,8823357304,8823357304,,,90538,Unfound
,,,,,,,5077846906,5077846906,,,36882,Unfound
,,,,,,,9158764903,9158764903,,,9533,Unfound
,,,,,,,8823586802,8823586802,,,96385,Unfound
,,,,,,,8928747002,8928747002,,,2270,Unfound
,,,,,,,9158799002,9158799002,,,33954,Unfound
,,,,,,,8865458300,8865458300,,,1,Unfound
,,,,,,,8817402106,8817402106,,,128437,Unfound
,,,,,,,74135502,74135502,,,79049,Unfound
,,,,,,,8817435705,8817435705,,,77380,Unfound
,,,,,,,9156199001,9156199001,,,17904,Unfound
,,,,,,,8813933005,8813933005,,,15886,Unfound
,,,,,,,8866355205,8866355205,,,365,Unfound
,,,,,,,8817577209,8817577209,,,29654,Unfound
,,,,,,,9213205004,9213205004,,,23736,Unfound
,,,,,,,8814005608,8814005608,,,1,Unfound
,,,,,,,8814055006,8814055006,,,88710,Unfound
,,,,,,,8814063308,8814063308,,,5102,Unfound
,,,,,,,8868374309,8868374309,,,52231,Unfound
,,,,,,,8814081703,8814081703,,,61991,Unfound
,,,,,,,9213278200,9213278200,,,1,Unfound
,,,,,,,8814083707,8814083707,,,175149,Unfound
,,,,,,,9157198700,9157198700,,,55847,Unfound
,,,,,,,45030508,45030508,,,44944,Unfound
,,,,,,,4264351706,4264351706,,,59642,Unfound
,,,,,,,67210207,67210207,,,17229,Unfound
,,,,,,,4267475908,4267475908,,,37930,Unfound
,,,,,,,882470007,882470007,,,882470007,Unfound
,,,,,,,4271933405,4271933405,,,5685,Unfound
,,,,,,,1000451906,1000451906,,,33120,Unfound
,,,,,,,48091701,48091701,,,321107,Unfound
,,,,,,,4631511506,4631511506,,,88292,Unfound
,,,,,,,5000472206,5000472206,,,41269,Unfound
,,,,,,,49299102,49299102,,,57888,Unfound
,,,,,,,9084067703,9084067703,,,13486,Unfound
,,,,,,,9159034601,9159034601,,,49814,Unfound
,,,,,,,9084954607,9084954607,,,30282,Unfound
,,,,,,,8860015004,8860015004,,,366795,Unfound
,,,,,,,1099097106,1099097106,,,24174,Unfound
,,,,,,,1900024298601,,,,,Unfound
,,,,,,,9159117302,9159117302,,,133606,Unfound
,,,,,,,9159135405,9159135405,,,49901,Unfound
,,,,,,,9086704403,9086704403,,,29406,Unfound
,,,,,,,9159142503,9159142503,,,1,Unfound
,,,,,,,8861525302,8861525302,,,15562,Unfound
,,,,,,,8861573100,8861573100,,,8861573100,Unfound
,,,,,,,8816624501,8816624501,,,109982,Unfound
,,,,,,,9159155007,9159155007,,,67662,Unfound
,,,,,,,8816630608,8816630608,,,130889,Unfound
,,,,,,,9159159700,9159159700,,,371307,Unfound
,,,,,,,8861748008,8861748008,,,1,Unfound
,,,,,,,8816734407,8816734407,,,2709,Unfound
,,,,,,,8862590801,8862590801,,,1740,Unfound
,,,,,,,23 6530 7119 210,,,,,Unfound
,,,,,,,9171489502,9171489502,,,46950,Unfound
,,,,,,,4177067308,4177067308,,,1241,Unfound
,,,,,,,8853403505,8853403505,,,58961,Unfound
,,,,,,,9081867507,9081867507,,,35942,Unfound
,,,,,,,9081955403,9081955403,,,5,Unfound
,,,,,,,8854208905,8854208905,,,49607,Unfound
,,,,,,,8854456004,8854456004,,,8306,Unfound
,,,,,,,9082721607,9082721607,,,1,Unfound
,,,,,,,4252195500,4252195500,,,5738,Unfound
,,,,,,,4252720605,4252720605,,,45493,Unfound
,,,,,,,4185496406,4185496406,,,36929,Unfound
,,,,,,,8855118404,8855118404,,,31765,Unfound
,,,,,,,3926675603,3926675603,,,23073,Unfound
,,,,,,,9164301904,9164301904,,,1126,Unfound
,,,,,,,8937869309,8937869309,,,438604,Unfound
,,,,,,,17563603,17563603,,,71065,Unfound
,,,,,,,3939013903,3939013903,,,35001,Unfound
,,,,,,,8938344805,8938344805,,,36243,Unfound
,,,,,,,18223707,18223707,,,131787,Unfound
,,,,,,,18491710,18491710,,,67481,Unfound
,,,,,,,18651504,18651504,,,107489,Unfound
,,,,,,,8938696410,8938696410,,,61052,Unfound
,,,,,,,8857595505,8857595505,,,5707,Unfound
,,,,,,,8938997200,8938997200,,,1,Unfound
,,,,,,,1479709105,,,,,Unfound
,,,,,,,9080349610,9080349610,,,9080349610,Unfound
,,,,,,,4204258500,4204258500,,,27541,Unfound
,,,,,,,8930255709,8930255709,,,114798,Unfound
,,,,,,,4206599604,4206599604,,,1,Unfound
,,,,,,,8930265005,8930265005,,,58767,Unfound
,,,,,,,8850591506,8850591506,,,1,Unfound
,,,,,,,8930298503,8930298503,,,32084,Unfound
,,,,,,,8930302804,8930302804,,,1,Unfound
,,,,,,,4208914708,4208914708,,,45975,Unfound
,,,,,,,8930332701,8930332701,,,154244,Unfound
,,,,,,,8930350804,8930350804,,,15918,Unfound
,,,,,,,4210066207,4210066207,,,31520,Unfound
,,,,,,,4210264907,4210264907,,,15391,Unfound
,,,,,,,8931010504,8931010504,,,32521,Unfound
,,,,,,,4198304100,4198304100,,,1,Unfound
,,,,,,,8843334809,8843334809,,,69064,Unfound
,,,,,,,8843346502,8843346502,,,34410,Unfound
,,,,,,,4200986906,4200986906,,,2948,Unfound
,,,,,,,9144512703,9144512703,,,9144512703,Unfound
,,,,,,,8934052008,8934052008,,,1,Unfound
,,,,,,,6545102,6545102,,,6545102,Unfound
,,,,,,,7881980,7881980,,,7881980,Unfound
,,,,,,,4253407505,4253407505,,,4253407505,Unfound
,,,,,,,4203082203,4203082203,,,17494,Unfound
,,,,,,,9145091407,9145091407,,,7254,Unfound
,,,,,,,8919303301,8919303301,,,2007,Unfound
,,,,,,,8816837900,8816837900,,,49613,Unfound
,,,,,,,8849324006,8849324006,,,437053,Unfound
,,,,,,,8920304510,8920304510,,,49957,Unfound
,,,,,,,9171253304,9171253304,,,37310,Unfound
,,,,,,,8828169901,8828169901,,,69861,Unfound
,,,,,,,8817129406,8817129406,,,23608,Unfound
,,,,,,,8829287609,8829287609,,,1,Unfound
,,,,,,,8817197805,8817197805,,,48321,Unfound
,,,,,,,8817283809,8817283809,,,109491,Unfound
,,,,,,,9186866100,9186866100,,,9186866100,Unfound
,,,,,,,8817256301,,,,,Unfound
,,,,,,,8830413301,8830413301,,,185111,Unfound
,,,,,,,9157794110,9157794110,,,3089,Unfound
,,,,,,,7557717407,7557717407,,,490161,Unfound
,,,,,,,9297359101,9297359101,,,34737,Unfound
,,,,,,,9131223809,9131223809,,,82372,Unfound
,,,,,,,7676433901,7676433901,,,68377,Unfound
,,,,,,,8842049805,8842049805,,,63058,Unfound
,,,,,,,8842653910,8842653910,,,84,Unfound
,,,,,,,8842702100,8842702100,,,81345,Unfound
,,,,,,,9304279601,9304279601,,,125699,Unfound
,,,,,,,9151790610,9151790610,,,2966,Unfound
,,,,,,,8835754510,8835754510,,,10876,Unfound
,,,,,,,9152396005,9152396005,,,1,Unfound
,,,,,,,5017601008,5017601008,,,3037,Unfound
,,,,,,,9090836306,,,,,Unfound
,,,,,,,9152567803,9152567803,,,67617,Unfound
,,,,,,,5019625302,5019625302,,,14043,Unfound
,,,,,,,8836177009,8836177009,,,141277,Unfound
,,,,,,,9152714902,9152714902,,,1,Unfound
,,,,,,,8836422804,8836422804,,,69982,Unfound
,,,,,,,9152964701,9152964701,,,31973,Unfound
,,,,,,,9153258110,9153258110,,,11565,Unfound
,,,,,,,5022908307,5022908307,,,35801,Unfound
,,,,,,,9153365201,9153365201,,,27828,Unfound
,,,,,,,4260124910,4260124910,,,9358,Unfound
,,,,,,,1013060264575,,,,,Unfound
,,,,,,,8838234802,8838234802,,,2308,Unfound
,,,,,,,9153859406,9153859406,,,9153859406,Unfound
,,,,,,,9302948810,9302948810,,,129993,Unfound
,,,,,,,9307249304,9307249304,,,17870,Unfound
,,,,,,,9303050507,9303050507,,,11212,Unfound
,,,,,,,9308500908,9308500908,,,62011,Unfound
,,,,,,,8450568101,8450568101,,,61467,Unfound
,,,,,,,9141154710,9141154710,,,1,Unfound
,,,,,,,9308388402,,,,,Unfound
,,,,,,,8896132910,,,,,Unfound
,,,,,,,8451397307,8451397307,,,8864,Unfound
,,,,,,,9144356801,9144356801,,,9144356801,Unfound
,,,,,,,8921859101,8921859101,,,1,Unfound
,,,,,,,8812902505,8812902505,,,111099,Unfound
,,,,,,,9146319405,9146319405,,,9146319405,Unfound
,,,,,,,8833957402,8833957402,,,59465,Unfound
,,,,,,,8813035803,8813035803,,,31708,Unfound
,,,,,,,8922614805,8922614805,,,17,Unfound
,,,,,,,8922757401,8922757401,,,6356,Unfound
,,,,,,,1550599500,1550599500,,,63020,Unfound
,,,,,,,9158289506,9158289506,,,14825,Unfound
,,,,,,,2515494203,2515494203,,,1581,Unfound
,,,,,,,8825891806,8825891806,,,8825891806,Unfound
,,,,,,,9158291403,9158291403,,,3637,Unfound
,,,,,,,8814112407,8814112407,,,39345,Unfound
,,,,,,,8912408706,8912408706,,,189341,Unfound
,,,,,,,9218003601,9218003601,,,152149,Unfound
,,,,,,,9218011106,9218011106,,,31469,Unfound
,,,,,,,8912528301,8912528301,,,28226,Unfound
,,,,,,,5074124302,5074124302,,,19999,Unfound
,,,,,,,8814128501,8814128501,,,104547,Unfound
,,,,,,,56909902,56909902,,,185679,Unfound
,,,,,,,5076313910,5076313910,,,25834,Unfound
,,,,,,,5076484601,5076484601,,,18761,Unfound
,,,,,,,55693709,55693709,,,39178,Unfound
,,,,,,,8814188003,8814188003,,,90586,Unfound
,,,,,,,5077218910,5077218910,,,1435,Unfound
,,,,,,,5077568500,5077568500,,,161446,Unfound
,,,,,,,8896963000,8896963000,,,38647,Unfound
,,,,,,,5078997405,5078997405,,,4591,Unfound
,,,,,,,8914491505,8914491505,,,37043,Unfound
,,,,,,,59719710,59719710,,,53354,Unfound
,,,,,,,8814509401,8814509401,,,25695,Unfound
,,,,,,,9220700308,9220700308,,,1,Unfound
,,,,,,,8814537608,8814537608,,,43397,Unfound
,,,,,,,5082822704,5082822704,,,69554,Unfound
,,,,,,,9209262804,9209262804,,,17457,Unfound
,,,,,,,8824628303,8824628303,,,128370,Unfound
,,,,,,,5040619807,5040619807,,,95133,Unfound
,,,,,,,1666280903,1666280903,,,26219,Unfound
,,,,,,,9180609801,9180609801,,,821593,Unfound
,,,,,,,5043920909,5043920909,,,9695,Unfound
,,,,,,,8825324400,8825324400,,,39865,Unfound
,,,,,,,8917491105,8917491105,,,303955,Unfound
,,,,,,,1673158100,1673158100,,,9433,Unfound
,,,,,,,8825464304,8825464304,,,10130,Unfound
,,,,,,,8825730310,8825730310,,,8035,Unfound
,,,,,,,1691354809,1691354809,,,138967,Unfound
,,,,,,,2200023433040,,,,,Unfound
,,,,,,,8901937206,8901937206,,,516960,Unfound
,,,,,,,8902430210,8902430210,,,48487,Unfound
,,,,,,,4229140503,4229140503,,,13529,Unfound
,,,,,,,3019321602,3019321602,,,3115,Unfound
,,,,,,,8904016109,8904016109,,,200461,Unfound
,,,,,,,8815481006,8815481006,,,178822,Unfound
,,,,,,,53885405,53885405,,,2192,Unfound
,,,,,,,556842909,556842909,,,28858,Unfound
,,,,,,,8815512204,8815512204,,,8815512204,Unfound
,,,,,,,8813111703,8813111703,,,4056,Unfound
,,,,,,,8813146004,8813146004,,,23354,Unfound
,,,,,,,7473368707,7473368707,,,16453,Unfound
,,,,,,,8911712704,8911712704,,,1,Unfound
,,,,,,,8824472208,8824472208,,,230,Unfound
,,,,,,,8906744209,8906744209,,,9399,Unfound
,,,,,,,5040075602,5040075602,,,27244,Unfound
,,,,,,,5060105507,5060105507,,,28882,Unfound
,,,,,,,1906189700,1906189700,,,16294,Unfound
,,,,,,,2140351504,2140351504,,,59926,Unfound
,,,,,,,9209792407,9209792407,,,1,Unfound
,,,,,,,5053325003,5053325003,,,8465,Unfound
,,,,,,,5053868704,5053868704,,,12794,Unfound
,,,,,,,8930330001,8930330001,,,55475,Unfound
,,,,,,,5057648104,5057648104,,,1,Unfound
,,,,,,,8908471502,8908471502,,,2976,Unfound
,,,,,,,9212770906,9212770906,,,173798,Unfound
,,,,,,,8909369606,8909369606,,,30287,Unfound
,,,,,,,8909393008,8909393008,,,1,Unfound
,,,,,,,9109544302,9109544302,,,1,Unfound
,,,,,,,9202952401,9202952401,,,88958,Unfound
,,,,,,,8821181608,8821181608,,,1,Unfound
,,,,,,,4190472507,4190472507,,,88437,Unfound
,,,,,,,9125119402,9125119402,,,1,Unfound
,,,,,,,9154061208,9154061208,,,159562,Unfound
,,,,,,,9204378708,9204378708,,,26775,Unfound
,,,,,,,4195094403,4195094403,,,25381,Unfound
,,,,,,,8906011502,8906011502,,,76718,Unfound
,,,,,,,77365108,77365108,,,1,Unfound
,,,,,,,9206095706,9206095706,,,109,Unfound
,,,,,,,4196022506,4196022506,,,37211,Unfound
,,,,,,,9167398007,9167398007,,,31907,Unfound
,,,,,,,9206688700,9206688700,,,30140,Unfound
,,,,,,,9114942710,,,,,Unfound
,,,,,,,8815695800,8815695800,,,1,Unfound
,,,,,,,9117221105,9117221105,,,7374,Unfound
,,,,,,,8815747400,8815747400,,,22259,Unfound
,,,,,,,8815201905,8815201905,,,71838,Unfound
,,,,,,,8815203606,8815203606,,,35444,Unfound
,,,,,,,9215181610,9215181610,,,90730,Unfound
,,,,,,,9118024108,9118024108,,,123198,Unfound
,,,,,,,78770100,78770100,,,63630,Unfound
,,,,,,,9135071103,9135071103,,,1,Unfound
,,,,,,,9118742902,9118742902,,,13093,Unfound
,,,,,,,9201508406,9201508406,,,9201508406,Unfound
,,,,,,,9125926802,9125926802,,,232918,Unfound
,,,,,,,8900580208,8900580208,,,20678,Unfound
,,,,,,,8900893308,8900893308,,,1,Unfound
,,,,,,,9138063501,9138063501,,,13781,Unfound
,,,,,,,8815389703,8815389703,,,79546,Unfound
,,,,,,,9183792003,9183792003,,,80908,Unfound
,,,,,,,8901243307,8901243307,,,26052,Unfound
,,,,,,,8815420906,8815420906,,,144270,Unfound
,,,,,,,8815783303,8815783303,,,30475,Unfound
,,,,,,,9116059005,9116059005,,,11855,Unfound
,,,,,,,9188160103,9188160103,,,4920,Unfound
,,,,,,,80033945,80033945,,,80033945,Unfound
,,,,,,,9116447205,9116447205,,,1217,Unfound
,,,,,,,9184082403,9184082403,,,182158,Unfound
,,,,,,,9313740000,9313740000,,,12320,Unfound
,,,,,,,8815033102,8815033102,,,57497,Unfound
,,,,,,,9155261008,9155261008,,,84510,Unfound
,,,,,,,1012649316908,,,,,Unfound
,,,,,,,8871407403,,,,8871407403,Unfound
,,,,,,,5060610004,,,,5060610004,Unfound
,,,,,,,1100003705857,,,,,Unfound
,,,,,,,2000000672453,,,,,Unfound
,,,,,,,1200042619173,,,,,Unfound
,,,,,,,1012345960240,,,,,Unfound
,,,,,,,9090822407,,,,4469,Unfound
,,,,,,,1200042498800,,,,,Unfound
,,,,,,,1100021469970,,,,,Unfound
,,,,,,,1012647589837,,,,,Unfound
,,,,,,,2000000580591,,,,,Unfound
,,,,,,,1012353542650,,,,,Unfound
,,,,,,,8819536508,,,,8819536508,Unfound
,,,,,,,1100003717356,,,,,Unfound
,,,,,,,5060937609,,,,5060937609,Unfound
,,,,,,,9158466906,,,,9158466906,Unfound
,,,,,,,1012650891710,,,,,Unfound
,,,,,,,1100021524948,,,,,Unfound
,,,,,,,1100003769665,,,,,Unfound
,,,,,,,8819559307,,,,8819559307,Unfound
,,,,,,,8871495202,,,,8871495202,Unfound
,,,,,,,1100021653591,,,,,Unfound
,,,,,,,1200050076709,,,,,Unfound
,,,,,,,1012653501989,,,,,Unfound
,,,,,,,2000001251635,,,,,Unfound
,,,,,,,1012365511855,,,,,Unfound
,,,,,,,1100003874546,,,,,Unfound
,,,,,,,1100021653607,,,,,Unfound
,,,,,,,1012658484478,,,,,Unfound
,,,,,,,1200050309074,,,,,Unfound
,,,,,,,2000001405687,,,,,Unfound
,,,,,,,1012365579019,,,,,Unfound
,,,,,,,1100003892712,,,,,Unfound
,,,,,,,5061951900,,,,5061951900,Unfound
,,,,,,,1100004197512,,,,,Unfound
,,,,,,,1012688458762,,,,,Unfound
,,,,,,,2000001416155,,,,,Unfound
,,,,,,,1012367676150,,,,,Unfound
,,,,,,,1100021686072,,,,,Unfound
,,,,,,,9090863803,,,,1,Unfound
,,,,,,,1012690235976,,,,,Unfound
,,,,,,,1012371415722,,,,,Unfound
,,,,,,,1100004336201,,,,,Unfound
,,,,,,,1200050383360,,,,,Unfound
,,,,,,,2000001754860,,,,,Unfound
,,,,,,,8871955401,,,,8871955401,Unfound
,,,,,,,9158489110,,,,9158489110,Unfound
,,,,,,,1100021689988,,,,,Unfound
,,,,,,,1200050511721,,,,,Unfound
,,,,,,,1012690306581,,,,,Unfound
,,,,,,,1012372530996,,,,,Unfound
,,,,,,,1100004396664,,,,,Unfound
,,,,,,,5062074409,,,,5062074409,Unfound
,,,,,,,8819686707,,,,8819686707,Unfound
,,,,,,,8927569706,,,,8927569706,Unfound
,,,,,,,8871958003,,,,8871958003,Unfound
,,,,,,,1012690704029,,,,,Unfound
,,,,,,,1012373605320,,,,,Unfound
,,,,,,,2000002208064,,,,,Unfound
,,,,,,,1200050570806,,,,,Unfound
,,,,,,,1100004699594,,,,,Unfound
,,,,,,,9213026408,,,,9213026408,Unfound
,,,,,,,1100023545053,,,,,Unfound
,,,,,,,1200050595420,,,,,Unfound
,,,,,,,1012690778085,,,,,Unfound
,,,,,,,2000002287145,,,,,Unfound
,,,,,,,1012373660065,,,,,Unfound
,,,,,,,5062623607,,,,9424,Unfound
,,,,,,,1100004800740,,,,,Unfound
,,,,,,,8819762304,,,,8819762304,Unfound
,,,,,,,8872123607,,,,8872123607,Unfound
,,,,,,,1100023777883,,,,,Unfound
,,,,,,,1200050637512,,,,,Unfound
,,,,,,,1012699868602,,,,,Unfound
,,,,,,,1100004800768,,,,,Unfound
,,,,,,,2000002389316,,,,,Unfound
,,,,,,,1012380943018,,,,,Unfound
,,,,,,,8872148006,,,,8872148006,Unfound
,,,,,,,8819823208,,,,8819823208,Unfound
,,,,,,,5063095007,,,,5063095007,Unfound
,,,,,,,1100024586014,,,,,Unfound
,,,,,,,1200050724991,,,,,Unfound
,,,,,,,1012704862590,,,,,Unfound
,,,,,,,2000002418507,,,,,Unfound
,,,,,,,1012381380012,,,,,Unfound
,,,,,,,1100005026223,,,,,Unfound
,,,,,,,8819832703,,,,8819832703,Unfound
,,,,,,,8872181206,,,,8872181206,Unfound
,,,,,,,1100024916280,,,,,Unfound
,,,,,,,565941407,,,,565941407,Unfound
,,,,,,,2000002548970,,,,,Unfound
,,,,,,,1012705881725,,,,,Unfound
,,,,,,,1012386076387,,,,,Unfound
,,,,,,,1100005078899,,,,,Unfound
,,,,,,,5064168305,,,,5064168305,Unfound
,,,,,,,8819837702,,,,,Unfound
,,,,,,,8872287604,,,,8872287604,Unfound
,,,,,,,8927601709,,,,8927601709,Unfound
,,,,,,,1100024987193,,,,,Unfound
,,,,,,,2000002781330,,,,,Unfound
,,,,,,,1012705995803,,,,,Unfound
,,,,,,,1200050820511,,,,,Unfound
,,,,,,,1012389575607,,,,,Unfound
,,,,,,,1100005273077,,,,,Unfound
,,,,,,,8819845510,,,,8819845510,Unfound
,,,,,,,8872331109,,,,8872331109,Unfound
,,,,,,,9091185004,,,,9091185004,Unfound
,,,,,,,1100025005343,,,,,Unfound
,,,,,,,9213036310,,,,9213036310,Unfound
,,,,,,,1012708146073,,,,,Unfound
,,,,,,,1012398324572,,,,,Unfound
,,,,,,,1100005276468,,,,,Unfound
,,,,,,,8872336209,,,,8872336209,Unfound
,,,,,,,9091188302,,,,9091188302,Unfound
,,,,,,,1200050908361,,,,,Unfound
,,,,,,,2000003034188,,,,,Unfound
,,,,,,,1012403829620,,,,,Unfound
,,,,,,,1100005292344,,,,,Unfound
,,,,,,,8819875609,,,,22619,Unfound
,,,,,,,5065062103,,,,33210,Unfound
,,,,,,,8872401901,,,,8872401901,Unfound
,,,,,,,9091326108,,,,20584,Unfound
,,,,,,,1100025254413,,,,,Unfound
,,,,,,,1200050913798,,,,,Unfound
,,,,,,,1012715248930,,,,,Unfound
,,,,,,,2000003060684,,,,,Unfound
,,,,,,,1100005387146,,,,,Unfound
,,,,,,,9091417605,,,,391998,Unfound
,,,,,,,9158546500,,,,7735,Unfound
,,,,,,,571448207,,,,571448207,Unfound
,,,,,,,1100025693278,,,,,Unfound
,,,,,,,1012715286652,,,,,Unfound
,,,,,,,2000003104808,,,,,Unfound
,,,,,,,1012407543897,,,,,Unfound
,,,,,,,5065369803,,,,11906,Unfound
,,,,,,,8872583103,,,,8872583103,Unfound
,,,,,,,1200050971949,,,,,Unfound
,,,,,,,1100039227980,,,,,Unfound
,,,,,,,8927641306,,,,23594,Unfound
,,,,,,,1012726681773,,,,,Unfound
,,,,,,,1012410340004,,,,,Unfound
,,,,,,,1100005503380,,,,,Unfound
,,,,,,,5065484107,,,,14490,Unfound
,,,,,,,8820085910,,,,,Unfound
,,,,,,,8872663101,,,,357102,Unfound
,,,,,,,1100039233920,,,,,Unfound
,,,,,,,1012729663721,,,,,Unfound
,,,,,,,2000003333430,,,,,Unfound
,,,,,,,1012410490190,,,,,Unfound
,,,,,,,1100005554640,,,,,Unfound
,,,,,,,5065614902,,,,5065614902,Unfound
,,,,,,,1100039362591,,,,,Unfound
,,,,,,,8820109707,,,,54353,Unfound
,,,,,,,9091807910,,,,5,Unfound
,,,,,,,1012732573450,,,,,Unfound
,,,,,,,2000003489660,,,,,Unfound
,,,,,,,1200051126982,,,,,Unfound
,,,,,,,1100005625167,,,,,Unfound
,,,,,,,8820153407,,,,10213,Unfound
,,,,,,,5065777605,,,,17799,Unfound
,,,,,,,8872795006,,,,24674,Unfound
,,,,,,,9091826308,,,,182046,Unfound
,,,,,,,1012735331618,,,,,Unfound
,,,,,,,1012415413571,,,,,Unfound
,,,,,,,1100005735152,,,,,Unfound
,,,,,,,2000004200076,,,,,Unfound
,,,,,,,5065963905,,,,395977,Unfound
,,,,,,,8820235106,,,,32317,Unfound
,,,,,,,9091898603,,,,9091898603,Unfound
,,,,,,,574273808,,,,574273808,Unfound
,,,,,,,1100039510188,,,,,Unfound
,,,,,,,1012424491673,,,,,Unfound
,,,,,,,2000005186635,,,,,Unfound
,,,,,,,1100006051267,,,,,Unfound
,,,,,,,9158598901,,,,50646,Unfound
,,,,,,,8820255101,,,,16360,Unfound
,,,,,,,5065977108,,,,5065977108,Unfound
,,,,,,,1012742753719,,,,,Unfound
,,,,,,,8927735708,,,,1,Unfound
,,,,,,,9132039002,,,,21965,Unfound
,,,,,,,1100039642743,,,,,Unfound
,,,,,,,2000005205800,,,,,Unfound
,,,,,,,1200051527546,,,,,Unfound
,,,,,,,1100006090920,,,,,Unfound
,,,,,,,8820278001,,,,8820278001,Unfound
,,,,,,,5066307505,,,,5066307505,Unfound
,,,,,,,8872857810,,,,8872857810,Unfound
,,,,,,,1100039651650,,,,,Unfound
,,,,,,,1012424545725,,,,,Unfound
,,,,,,,1200051620556,,,,,Unfound
,,,,,,,1012753051501,,,,,Unfound
,,,,,,,1100006261728,,,,,Unfound
,,,,,,,2000005215019,,,,,Unfound
,,,,,,,1012425246303,,,,,Unfound
,,,,,,,5067606105,,,,23033,Unfound
,,,,,,,8820299301,,,,8820299301,Unfound
,,,,,,,8872892700,,,,8872892700,Unfound
,,,,,,,2000005351973,,,,,Unfound
,,,,,,,1012776349128,,,,,Unfound
,,,,,,,9092115706,,,,9092115706,Unfound
,,,,,,,1012426462540,,,,,Unfound
,,,,,,,1100006429745,,,,,Unfound
,,,,,,,8820366009,,,,56054,Unfound
,,,,,,,1100050641514,,,,,Unfound
,,,,,,,8873001800,,,,63,Unfound
,,,,,,,9092143700,,,,9092143700,Unfound
,,,,,,,1012778653490,,,,,Unfound
,,,,,,,2000005504327,,,,,Unfound
,,,,,,,1012427125638,,,,,Unfound
,,,,,,,5067985005,,,,5067985005,Unfound
,,,,,,,1100006592761,,,,,Unfound
,,,,,,,1100051217934,,,,,Unfound
,,,,,,,1200051833664,,,,,Unfound
,,,,,,,1012427446488,,,,,Unfound
,,,,,,,2000005707320,,,,,Unfound
,,,,,,,1100006741184,,,,,Unfound
,,,,,,,8873048703,,,,8873048703,Unfound
,,,,,,,8927780601,,,,8927780601,Unfound
,,,,,,,1200051842827,,,,,Unfound
,,,,,,,1012792054900,,,,,Unfound
,,,,,,,1012430166468,,,,,Unfound
,,,,,,,1100007062687,,,,,Unfound
,,,,,,,9213059109,,,,1,Unfound
,,,,,,,2000005785106,,,,,Unfound
,,,,,,,2000005997753,,,,,Unfound
,,,,,,,1012430685115,,,,,Unfound
,,,,,,,1012796142462,,,,,Unfound
,,,,,,,1100007144090,,,,,Unfound
,,,,,,,2000006123316,,,,,Unfound
,,,,,,,1130000055283,,,,,Unfound
,,,,,,,1012801098960,,,,,Unfound
,,,,,,,1200051903921,,,,,Unfound
,,,,,,,1012433627046,,,,,Unfound
,,,,,,,1100007261997,,,,,Unfound
,,,,,,,1160000299992,,,,,Unfound
,,,,,,,1160000715735,,,,,Unfound
,,,,,,,9092688406,,,,14080,Unfound
,,,,,,,9158669909,,,,72274,Unfound
,,,,,,,1012437427108,,,,,Unfound
,,,,,,,2000007316526,,,,,Unfound
,,,,,,,1100007377308,,,,,Unfound
,,,,,,,1200052015061,,,,,Unfound
,,,,,,,8820609705,,,,8820609705,Unfound
,,,,,,,1200052071605,,,,,Unfound
,,,,,,,1012801592543,,,,,Unfound
,,,,,,,2000007516459,,,,,Unfound
,,,,,,,1012439271240,,,,,Unfound
,,,,,,,1100007403214,,,,,Unfound
,,,,,,,5069735407,,,,5069735407,Unfound
,,,,,,,8820648008,,,,8820648008,Unfound
,,,,,,,1100007471580,,,,,Unfound
,,,,,,,8873268100,,,,8873268100,Unfound
,,,,,,,2000007673240,,,,,Unfound
,,,,,,,1012439869470,,,,,Unfound
,,,,,,,5069883602,,,,5069883602,Unfound
,,,,,,,8927861410,,,,8927861410,Unfound
,,,,,,,8820660301,,,,8820660301,Unfound
,,,,,,,1160000727581,,,,,Unfound
,,,,,,,8873326402,,,,8873326402,Unfound
,,,,,,,1160000799460,,,,,Unfound
,,,,,,,9213064405,,,,9213064405,Unfound
,,,,,,,9092756004,,,,9092756004,Unfound
,,,,,,,2000007827548,,,,,Unfound
,,,,,,,1100007608190,,,,,Unfound
,,,,,,,1012440161801,,,,,Unfound
,,,,,,,1160000799540,,,,,Unfound
,,,,,,,8820683302,,,,8820683302,Unfound
,,,,,,,1012806137579,,,,,Unfound
,,,,,,,8873336304,,,,18573,Unfound
,,,,,,,5070967007,,,,5070967007,Unfound
,,,,,,,1200052330157,,,,,Unfound
,,,,,,,1012807191897,,,,,Unfound
,,,,,,,9092800407,,,,33524,Unfound
,,,,,,,2000008147499,,,,,Unfound
,,,,,,,1012442855335,,,,,Unfound
,,,,,,,5071175607,,,,5071175607,Unfound
,,,,,,,1200052339080,,,,,Unfound
,,,,,,,1012442885696,,,,,Unfound
,,,,,,,2000008462496,,,,,Unfound
,,,,,,,1160000959586,,,,,Unfound
,,,,,,,1100007836711,,,,,Unfound
,,,,,,,5071601104,,,,5071601104,Unfound
,,,,,,,9093107207,,,,9093107207,Unfound
,,,,,,,8873437703,,,,8873437703,Unfound
,,,,,,,615701509,,,,615701509,Unfound
,,,,,,,1160000991214,,,,,Unfound
,,,,,,,1012821817363,,,,,Unfound
,,,,,,,1012444360229,,,,,Unfound
,,,,,,,1100007871869,,,,,Unfound
,,,,,,,1200052420712,,,,,Unfound
,,,,,,,5071868100,,,,5071868100,Unfound
,,,,,,,2000008630619,,,,,Unfound
,,,,,,,8820780210,,,,8820780210,Unfound
,,,,,,,1160001206330,,,,,Unfound
,,,,,,,1012821854392,,,,,Unfound
,,,,,,,2000008673028,,,,,Unfound
,,,,,,,1012447620938,,,,,Unfound
,,,,,,,1170000708089,,,,,Unfound
,,,,,,,5071962103,,,,115340,Unfound
,,,,,,,8873595104,,,,8873595104,Unfound
,,,,,,,8820797901,,,,8820797901,Unfound
,,,,,,,9213070501,,,,9213070501,Unfound
,,,,,,,1100007909184,,,,,Unfound
,,,,,,,1200060060102,,,,,Unfound
,,,,,,,2000008733787,,,,,Unfound
,,,,,,,1012448576810,,,,,Unfound
,,,,,,,1100008018759,,,,,Unfound
,,,,,,,5072608404,,,,32676,Unfound
,,,,,,,8820838608,,,,8820838608,Unfound
,,,,,,,1800028922527,,,,,Unfound
,,,,,,,1591052612595,,,,,Unfound
,,,,,,,8873613708,,,,8873613708,Unfound
,,,,,,,9093250302,,,,9093250302,Unfound
,,,,,,,2000027642742,,,,,Unfound
,,,,,,,8822972106,,,,8822972106,Unfound
,,,,,,,9088021104,,,,9088021104,Unfound
,,,,,,,9158689107,,,,,Unfound
,,,,,,,1012817077068,,,,,Unfound
,,,,,,,1800029440385,,,,,Unfound
,,,,,,,1591123497935,,,,,Unfound
,,,,,,,1591053097485,,,,,Unfound
,,,,,,,8822983504,,,,8822983504,Unfound
,,,,,,,8927916005,,,,1,Unfound
,,,,,,,8862672601,,,,8862672601,Unfound
,,,,,,,9088025303,,,,9088025303,Unfound
,,,,,,,2000027671743,,,,,Unfound
,,,,,,,1012818173707,,,,,Unfound
,,,,,,,1800029574488,,,,,Unfound
,,,,,,,1591053305429,,,,,Unfound
,,,,,,,8862711304,,,,8862711304,Unfound
,,,,,,,2000027776205,,,,,Unfound
,,,,,,,9088025606,,,,9088025606,Unfound
,,,,,,,1592001020209,,,,,Unfound
,,,,,,,1800029883143,,,,,Unfound
,,,,,,,1100009036049,,,,,Unfound
,,,,,,,1012821758949,,,,,Unfound
,,,,,,,1591055136676,,,,,Unfound
,,,,,,,2000027899937,,,,,Unfound
,,,,,,,8823020908,,,,8823020908,Unfound
,,,,,,,9088038806,,,,46323,Unfound
,,,,,,,8862757104,,,,99888,Unfound
,,,,,,,9207580909,,,,9207580909,Unfound
,,,,,,,1012823292123,,,,,Unfound
,,,,,,,1591055147232,,,,,Unfound
,,,,,,,1800030113568,,,,,Unfound
,,,,,,,1100009048578,,,,,Unfound
,,,,,,,2000030000000,,,,,Unfound
,,,,,,,9088040501,,,,1,Unfound
,,,,,,,9207623609,,,,9207623609,Unfound
,,,,,,,1012831447003,,,,,Unfound
,,,,,,,8862845606,,,,8862845606,Unfound
,,,,,,,1591055745260,,,,,Unfound
,,,,,,,1592001092471,,,,,Unfound
,,,,,,,1100009090046,,,,,Unfound
,,,,,,,1800030765927,,,,,Unfound
,,,,,,,2000035134944,,,,,Unfound
,,,,,,,8862869901,,,,180181,Unfound
,,,,,,,1592001104160,,,,,Unfound
,,,,,,,1800031015490,,,,,Unfound
,,,,,,,1591055976703,,,,,Unfound
,,,,,,,8823063500,,,,,Unfound
,,,,,,,2000050000000,,,,,Unfound
,,,,,,,1100009119458,,,,,Unfound
,,,,,,,8862940106,,,,8862940106,Unfound
,,,,,,,8927975010,,,,8927975010,Unfound
,,,,,,,9088060204,,,,9088060204,Unfound
,,,,,,,1012848452976,,,,,Unfound
,,,,,,,1592001115784,,,,,Unfound
,,,,,,,1591056178199,,,,,Unfound
,,,,,,,1800031770714,,,,,Unfound
,,,,,,,2000050388405,,,,,Unfound
,,,,,,,1100009290439,,,,,Unfound
,,,,,,,8823070901,,,,8823070901,Unfound
,,,,,,,8862977410,,,,430556,Unfound
,,,,,,,1012853207078,,,,,Unfound
,,,,,,,9088061902,,,,247417,Unfound
,,,,,,,9207922900,,,,9207922900,Unfound
,,,,,,,1800031996097,,,,,Unfound
,,,,,,,2000050560110,,,,,Unfound
,,,,,,,1100009424926,,,,,Unfound
,,,,,,,1591056371099,,,,,Unfound
,,,,,,,8823073806,,,,48192,Unfound
,,,,,,,8863031107,,,,8863031107,Unfound
,,,,,,,1592001143921,,,,,Unfound
,,,,,,,9208048505,,,,1,Unfound
,,,,,,,2000050752830,,,,,Unfound
,,,,,,,1800032252680,,,,,Unfound
,,,,,,,1591057145111,,,,,Unfound
,,,,,,,1100009425265,,,,,Unfound
,,,,,,,8863032704,,,,8863032704,Unfound
,,,,,,,8823100805,,,,8823100805,Unfound
,,,,,,,9208089104,,,,9208089104,Unfound
,,,,,,,9088075105,,,,9088075105,Unfound
,,,,,,,1012859674447,,,,,Unfound
,,,,,,,1592001148112,,,,,Unfound
,,,,,,,1800032261870,,,,,Unfound
,,,,,,,1100009434881,,,,,Unfound
,,,,,,,8823122209,,,,8823122209,Unfound
,,,,,,,9208098801,,,,7751,Unfound
,,,,,,,9088077300,,,,32542,Unfound
,,,,,,,8863102306,,,,71349,Unfound
,,,,,,,1012867994466,,,,,Unfound
,,,,,,,1591058638038,,,,,Unfound
,,,,,,,1800032666030,,,,,Unfound
,,,,,,,9158715407,,,,9158715407,Unfound
,,,,,,,2000051412644,,,,,Unfound
,,,,,,,1592006624456,,,,,Unfound
,,,,,,,1800032673710,,,,,Unfound
,,,,,,,8927981005,,,,33121,Unfound
,,,,,,,8823124404,,,,389305,Unfound
,,,,,,,8863104804,,,,29957,Unfound
,,,,,,,9088105705,,,,58429,Unfound
,,,,,,,8863317406,,,,8863317406,Unfound
,,,,,,,2000051446954,,,,,Unfound
,,,,,,,1591059261079,,,,,Unfound
,,,,,,,1012875878630,,,,,Unfound
,,,,,,,1100009751032,,,,,Unfound
,,,,,,,2000051663641,,,,,Unfound
,,,,,,,5071593300,,,,5071593300,Unfound
,,,,,,,1800032706240,,,,,Unfound
,,,,,,,8823140009,,,,8823140009,Unfound
,,,,,,,1012887141040,,,,,Unfound
,,,,,,,9208348910,,,,65757,Unfound
,,,,,,,8863372504,,,,8863372504,Unfound
,,,,,,,9088109803,,,,51894,Unfound
,,,,,,,1592008112520,,,,,Unfound
,,,,,,,2000052325443,,,,,Unfound
,,,,,,,1100010041650,,,,,Unfound
,,,,,,,1012889562711,,,,,Unfound
,,,,,,,1800033193334,,,,,Unfound
,,,,,,,1100010357320,,,,,Unfound
,,,,,,,1591060132113,,,,,Unfound
,,,,,,,9088138900,,,,43066,Unfound
,,,,,,,9208520200,,,,9208520200,Unfound
,,,,,,,8823159210,,,,8823159210,Unfound
,,,,,,,652257705,,,,652257705,Unfound
,,,,,,,1012890646246,,,,,Unfound
,,,,,,,9158719404,,,,,Unfound
,,,,,,,1600000022858,,,,,Unfound
,,,,,,,2000052505750,,,,,Unfound
,,,,,,,1591060767522,,,,,Unfound
,,,,,,,1800033305776,,,,,Unfound
,,,,,,,1100010805351,,,,,Unfound
,,,,,,,8823162704,,,,8823162704,Unfound
,,,,,,,8863590604,,,,1,Unfound
,,,,,,,1800033607986,,,,,Unfound
,,,,,,,1100010822269,,,,,Unfound
,,,,,,,8928043010,,,,8928043010,Unfound
,,,,,,,8823189309,,,,8823189309,Unfound
,,,,,,,8863635701,,,,8863635701,Unfound
,,,,,,,9088184907,,,,9088184907,Unfound
,,,,,,,9213113504,,,,9213113504,Unfound
,,,,,,,9208636410,,,,9208636410,Unfound
,,,,,,,1600000026417,,,,,Unfound
,,,,,,,1800035127779,,,,,Unfound
,,,,,,,2000053294502,,,,,Unfound
,,,,,,,1591110359784,,,,,Unfound
,,,,,,,8823192803,,,,8823192803,Unfound
,,,,,,,8863670007,,,,8863670007,Unfound
,,,,,,,1012893909715,,,,,Unfound
,,,,,,,9208662007,,,,9208662007,Unfound
,,,,,,,9088192704,,,,102087,Unfound
,,,,,,,1800035134084,,,,,Unfound
,,,,,,,1100010845586,,,,,Unfound
,,,,,,,1100010921651,,,,,Unfound
,,,,,,,8823199200,,,,8823199200,Unfound
,,,,,,,8863721402,,,,8863721402,Unfound
,,,,,,,1012904822525,,,,,Unfound
,,,,,,,2000054211525,,,,,Unfound
,,,,,,,1800035151888,,,,,Unfound
,,,,,,,1100010975763,,,,,Unfound
,,,,,,,8863743704,,,,8863743704,Unfound
,,,,,,,652758806,,,,20329,Unfound
,,,,,,,9088210309,,,,67551,Unfound
,,,,,,,9158728506,,,,356397,Unfound
,,,,,,,2000054502690,,,,,Unfound
,,,,,,,1600000035458,,,,,Unfound
,,,,,,,1800035179420,,,,,Unfound
,,,,,,,1100011003201,,,,,Unfound
,,,,,,,8863888809,,,,51561,Unfound
,,,,,,,8823211208,,,,8823211208,Unfound
,,,,,,,1600000044806,,,,,Unfound
,,,,,,,1600000038184,,,,,Unfound
,,,,,,,9088468001,,,,9088468001,Unfound
,,,,,,,9208926408,,,,14339,Unfound
,,,,,,,8928178707,,,,8928178707,Unfound
,,,,,,,2000054630115,,,,,Unfound
,,,,,,,1100011046872,,,,,Unfound
,,,,,,,9213142309,,,,38822,Unfound
,,,,,,,9209050104,,,,1,Unfound
,,,,,,,9088503201,,,,50504,Unfound
,,,,,,,1600000090653,,,,,Unfound
,,,,,,,2000054843056,,,,,Unfound
,,,,,,,1800035201980,,,,,Unfound
,,,,,,,1100011165204,,,,,Unfound
,,,,,,,8823236000,,,,30216,Unfound
,,,,,,,8863952500,,,,8863952500,Unfound
,,,,,,,9088506903,,,,9088506903,Unfound
,,,,,,,1012917010680,,,,,Unfound
,,,,,,,9209075401,,,,9209075401,Unfound
,,,,,,,2100040000000,,,,,Unfound
,,,,,,,1100011328047,,,,,Unfound
,,,,,,,9088507310,,,,139901,Unfound
,,,,,,,8823238700,,,,50567,Unfound
,,,,,,,1600000045118,,,,,Unfound
,,,,,,,9209107410,,,,126974,Unfound
,,,,,,,1800035204643,,,,,Unfound
,,,,,,,2100040122143,,,,,Unfound
,,,,,,,1610000000000,,,,,Unfound
,,,,,,,1100011538952,,,,,Unfound
,,,,,,,9088507400,,,,70154,Unfound
,,,,,,,1012928990690,,,,,Unfound
,,,,,,,655211404,,,,,Unfound
,,,,,,,1600000057007,,,,,Unfound
,,,,,,,9146319304,,,,9146319304,Unfound
,,,,,,,1800035207459,,,,,Unfound
,,,,,,,1610000019499,,,,,Unfound
,,,,,,,1100011625124,,,,,Unfound
,,,,,,,8864239709,,,,90725,Unfound
,,,,,,,9088509909,,,,55868,Unfound
,,,,,,,1610000031510,,,,,Unfound
,,,,,,,8928243007,,,,1,Unfound
,,,,,,,2198765278080,,,,,Unfound
,,,,,,,1100011631554,,,,,Unfound
,,,,,,,8823313003,,,,7629,Unfound
,,,,,,,8829110401,,,,8829110401,Unfound
,,,,,,,8864264607,,,,2363,Unfound
,,,,,,,9088513810,,,,111538,Unfound
,,,,,,,1012935573987,,,,,Unfound
,,,,,,,1100011651435,,,,,Unfound
,,,,,,,1800035218414,,,,,Unfound
,,,,,,,1610000173641,,,,,Unfound
,,,,,,,1600000062735,,,,,Unfound
,,,,,,,9088532803,,,,10983,Unfound
,,,,,,,8864265104,,,,5083,Unfound
,,,,,,,2198765379736,,,,,Unfound
,,,,,,,1610000182948,,,,,Unfound
,,,,,,,1600000068365,,,,,Unfound
,,,,,,,1100011705374,,,,,Unfound
,,,,,,,8823505910,,,,60923,Unfound
,,,,,,,9088534302,,,,16485,Unfound
,,,,,,,9209221610,,,,29456,Unfound
,,,,,,,1610000234773,,,,,Unfound
,,,,,,,1800035223335,,,,,Unfound
,,,,,,,2199989328876,,,,,Unfound
,,,,,,,1100011775441,,,,,Unfound
,,,,,,,8864723905,,,,17723,Unfound
,,,,,,,9209227308,,,,15844,Unfound
,,,,,,,9088624303,,,,9088624303,Unfound
,,,,,,,8823553304,,,,8823553304,Unfound
,,,,,,,1012947021080,,,,,Unfound
,,,,,,,655381205,,,,655381205,Unfound
,,,,,,,1600000094782,,,,,Unfound
,,,,,,,2199989369010,,,,,Unfound
,,,,,,,1100011866062,,,,,Unfound
,,,,,,,8823558808,,,,46364,Unfound
,,,,,,,1610000329900,,,,,Unfound
,,,,,,,1600000097472,,,,,Unfound
,,,,,,,8928409610,,,,28052,Unfound
,,,,,,,9209261207,,,,61315,Unfound
,,,,,,,1610000622018,,,,,Unfound
,,,,,,,8864831504,,,,8864831504,Unfound
,,,,,,,1600000106018,,,,,Unfound
,,,,,,,1012955225180,,,,,Unfound
,,,,,,,9133329802,,,,1,Unfound
,,,,,,,9213152705,,,,195235,Unfound
,,,,,,,1610000772317,,,,,Unfound
,,,,,,,8823570203,,,,,Unfound
,,,,,,,2199990775347,,,,,Unfound
,,,,,,,1012965128527,,,,,Unfound
,,,,,,,9089552601,,,,9089552601,Unfound
,,,,,,,1800035245598,,,,,Unfound
,,,,,,,1100012087959,,,,,Unfound
,,,,,,,2199990859893,,,,,Unfound
,,,,,,,8865059510,,,,1,Unfound
,,,,,,,9209271109,,,,9209271109,Unfound
,,,,,,,8823596805,,,,274165,Unfound
,,,,,,,1012967119862,,,,,Unfound
,,,,,,,9089630505,,,,53135,Unfound
,,,,,,,9209285502,,,,9209285502,Unfound
,,,,,,,2199991316602,,,,,Unfound
,,,,,,,1800035251857,,,,,Unfound
,,,,,,,8823632210,,,,8823632210,Unfound
,,,,,,,1610001075341,,,,,Unfound
,,,,,,,1100012103876,,,,,Unfound
,,,,,,,9209299502,,,,9209299502,Unfound
,,,,,,,9158786509,,,,9158786509,Unfound
,,,,,,,1600000168929,,,,,Unfound
,,,,,,,1800035263843,,,,,Unfound
,,,,,,,1610001202745,,,,,Unfound
,,,,,,,2199991372110,,,,,Unfound
,,,,,,,8823641907,,,,108676,Unfound
,,,,,,,1800035271231,,,,,Unfound
,,,,,,,9089651704,,,,9089651704,Unfound
,,,,,,,1012980280009,,,,,Unfound
,,,,,,,9209317904,,,,9209317904,Unfound
,,,,,,,9107994705,,,,9107994705,Unfound
,,,,,,,8865177303,,,,22260,Unfound
,,,,,,,2199991480330,,,,,Unfound
,,,,,,,1100012386591,,,,,Unfound
,,,,,,,8823653802,,,,525,Unfound
,,,,,,,9089660110,,,,21194,Unfound
,,,,,,,1012981693120,,,,,Unfound
,,,,,,,9213156410,,,,29223,Unfound
,,,,,,,9209326501,,,,9209326501,Unfound
,,,,,,,1610001453636,,,,,Unfound
,,,,,,,8823659309,,,,48049,Unfound
,,,,,,,8865442801,,,,4044,Unfound
,,,,,,,9089704407,,,,67209,Unfound
,,,,,,,5082177207,,,,77184,Unfound
,,,,,,,1800035278167,,,,,Unfound
,,,,,,,2199991832475,,,,,Unfound
,,,,,,,1610001486766,,,,,Unfound
,,,,,,,1610000049768,,,,,Unfound
,,,,,,,9089723310,,,,39015,Unfound
,,,,,,,1100012547771,,,,,Unfound
,,,,,,,8865444906,,,,1,Unfound
,,,,,,,8823676006,,,,4,Unfound
,,,,,,,9209349109,,,,14303,Unfound
,,,,,,,1200026505633,,,,,Unfound
,,,,,,,1100009372960,,,,,Unfound
,,,,,,,1717242516105,,,,,Unfound
,,,,,,,8813771600,,,,81056,Unfound
,,,,,,,1419703041001,,,,,Unfound
,,,,,,,1300054211039,,,,,Unfound
,,,,,,,9155872004,,,,210885,Unfound
,,,,,,,1200027360181,,,,,Unfound
,,,,,,,1100009429599,,,,,Unfound
,,,,,,,1300054426437,,,,,Unfound
,,,,,,,1419710000000,,,,,Unfound
,,,,,,,8817400506,,,,119703,Unfound
,,,,,,,73752308,,,,61535,Unfound
,,,,,,,9155901804,,,,104477,Unfound
,,,,,,,1200027461934,,,,,Unfound
,,,,,,,73737402,,,,54661,Unfound
,,,,,,,1100009599802,,,,,Unfound
,,,,,,,1100000972640,,,,,Unfound
,,,,,,,1419783060002,,,,,Unfound
,,,,,,,8865487004,,,,14548,Unfound
,,,,,,,1200029480576,,,,,Unfound
,,,,,,,8865461805,,,,48376,Unfound
,,,,,,,9155917303,,,,9155917303,Unfound
,,,,,,,1717513755219,,,,,Unfound
,,,,,,,1419790221000,,,,,Unfound
,,,,,,,1100010300705,,,,,Unfound
,,,,,,,8865617900,,,,8865617900,Unfound
,,,,,,,9155999601,,,,9155999601,Unfound
,,,,,,,74042001,,,,22461,Unfound
,,,,,,,1419818841000,,,,,Unfound
,,,,,,,1100010408107,,,,,Unfound
,,,,,,,1200030195299,,,,,Unfound
,,,,,,,1300060144982,,,,,Unfound
,,,,,,,8817406507,,,,103941,Unfound
,,,,,,,9156041010,,,,72738,Unfound
,,,,,,,8865621801,,,,50401,Unfound
,,,,,,,1200030821050,,,,,Unfound
,,,,,,,1100010570714,,,,,Unfound
,,,,,,,1720110875512,,,,,Unfound
,,,,,,,1410005451002,,,,,Unfound
,,,,,,,1419823600003,,,,,Unfound
,,,,,,,9156092600,,,,9156092600,Unfound
,,,,,,,8813801706,,,,8813801706,Unfound
,,,,,,,74449705,,,,32346,Unfound
,,,,,,,1200031109398,,,,,Unfound
,,,,,,,1100010674724,,,,,Unfound
,,,,,,,1720244191404,,,,,Unfound
,,,,,,,8928948304,,,,23464,Unfound
,,,,,,,8865649509,,,,101956,Unfound
,,,,,,,1410055531009,,,,,Unfound
,,,,,,,1419878531006,,,,,Unfound
,,,,,,,8817436000,,,,78955,Unfound
,,,,,,,8865836306,,,,414106,Unfound
,,,,,,,9156095000,,,,1,Unfound
,,,,,,,8813814704,,,,6072,Unfound
,,,,,,,74725007,,,,,Unfound
,,,,,,,1100010871610,,,,,Unfound
,,,,,,,1725016322100,,,,,Unfound
,,,,,,,1200031298863,,,,,Unfound
,,,,,,,1410056750005,,,,,Unfound
,,,,,,,8817486610,,,,76417,Unfound
,,,,,,,8813827500,,,,291707,Unfound
,,,,,,,8865837308,,,,200185,Unfound
,,,,,,,9156149906,,,,12208,Unfound
,,,,,,,1800015579192,,,,,Unfound
,,,,,,,1410105101008,,,,,Unfound
,,,,,,,1200032935887,,,,,Unfound
,,,,,,,1100011077694,,,,,Unfound
,,,,,,,8817488603,,,,67801,Unfound
,,,,,,,8865838501,,,,1,Unfound
,,,,,,,8813854604,,,,88220,Unfound
,,,,,,,75135406,,,,,Unfound
,,,,,,,1419986980000,,,,,Unfound
,,,,,,,1800015752254,,,,,Unfound
,,,,,,,1410137911000,,,,,Unfound
,,,,,,,9156158604,,,,70282,Unfound
,,,,,,,1420673000000,,,,,Unfound
,,,,,,,8813855404,,,,22731,Unfound
,,,,,,,8817490904,,,,102886,Unfound
,,,,,,,1800015868757,,,,,Unfound
,,,,,,,1423998100008,,,,,Unfound
,,,,,,,1410159991002,,,,,Unfound
,,,,,,,9158834303,,,,78505,Unfound
,,,,,,,1200033637733,,,,,Unfound
,,,,,,,9156206005,,,,9156206005,Unfound
,,,,,,,8866026702,,,,58872,Unfound
,,,,,,,8817499406,,,,114435,Unfound
,,,,,,,75603200,,,,209600,Unfound
,,,,,,,8929324405,,,,19878,Unfound
,,,,,,,1800015873960,,,,,Unfound
,,,,,,,1410184012000,,,,,Unfound
,,,,,,,1424495000003,,,,,Unfound
,,,,,,,1200033699127,,,,,Unfound
,,,,,,,1100011946035,,,,,Unfound
,,,,,,,8817526809,,,,8817526809,Unfound
,,,,,,,9156210108,,,,184799,Unfound
,,,,,,,8866043601,,,,78597,Unfound
,,,,,,,75708708,,,,183423,Unfound
,,,,,,,1410235771000,,,,,Unfound
,,,,,,,1800016004489,,,,,Unfound
,,,,,,,1200035384727,,,,,Unfound
,,,,,,,1425385000002,,,,,Unfound
,,,,,,,8817557708,,,,35623,Unfound
,,,,,,,9213195510,,,,83089,Unfound
,,,,,,,8866348702,,,,11,Unfound
,,,,,,,9156247906,,,,70234,Unfound
,,,,,,,75765709,,,,276526,Unfound
,,,,,,,8814393700,,,,121177,Unfound
,,,,,,,1200035426554,,,,,Unfound
,,,,,,,1100012360228,,,,,Unfound
,,,,,,,1426330000003,,,,,Unfound
,,,,,,,1410320921006,,,,,Unfound
,,,,,,,1200035620003,,,,,Unfound
,,,,,,,1800016212376,,,,,Unfound
,,,,,,,1100012500514,,,,,Unfound
,,,,,,,1410420241003,,,,,Unfound
,,,,,,,8813945607,,,,166653,Unfound
,,,,,,,1426680000000,,,,,Unfound
,,,,,,,1200036791605,,,,,Unfound
,,,,,,,76061408,,,,82453,Unfound
,,,,,,,8866411200,,,,55761,Unfound
,,,,,,,8817583608,,,,1,Unfound
,,,,,,,1100012758660,,,,,Unfound
,,,,,,,1410435500008,,,,,Unfound
,,,,,,,8866500906,,,,24052,Unfound
,,,,,,,9156300401,,,,1195491,Unfound
,,,,,,,9158853700,,,,247841,Unfound
,,,,,,,8929390901,,,,46455,Unfound
,,,,,,,1200037397240,,,,,Unfound
,,,,,,,1800016404865,,,,,Unfound
,,,,,,,1410438131003,,,,,Unfound
,,,,,,,1100012866694,,,,,Unfound
,,,,,,,1426943100002,,,,,Unfound
,,,,,,,8817594108,,,,8817594108,Unfound
,,,,,,,8866508204,,,,5109,Unfound
,,,,,,,76399906,,,,80169,Unfound
,,,,,,,8813952402,,,,8813952402,Unfound
,,,,,,,1200038457244,,,,,Unfound
,,,,,,,1800016533817,,,,,Unfound
,,,,,,,1100012999482,,,,,Unfound
,,,,,,,1410438240004,,,,,Unfound
,,,,,,,1428475000006,,,,,Unfound
,,,,,,,8813953000,,,,56739,Unfound
,,,,,,,8817604006,,,,23845,Unfound
,,,,,,,9156394706,,,,307949,Unfound
,,,,,,,8866639601,,,,8866639601,Unfound
,,,,,,,76700102,,,,48422,Unfound
,,,,,,,1200038583143,,,,,Unfound
,,,,,,,1807863607,,,,67291,Unfound
,,,,,,,1100013000569,,,,,Unfound
,,,,,,,1428504100006,,,,,Unfound
,,,,,,,8817607910,,,,73274,Unfound
,,,,,,,8813964005,,,,8813964005,Unfound
,,,,,,,76887706,,,,58470,Unfound
,,,,,,,8866841910,,,,8866841910,Unfound
,,,,,,,1200041142773,,,,,Unfound
,,,,,,,1100013004633,,,,,Unfound
,,,,,,,1460000547064,,,,,Unfound
,,,,,,,1410474341000,,,,,Unfound
,,,,,,,1800016870108,,,,,Unfound
,,,,,,,9156418503,,,,1,Unfound
,,,,,,,8817622805,,,,1292,Unfound
,,,,,,,8813965209,,,,1,Unfound
,,,,,,,9156478409,,,,51701,Unfound
,,,,,,,1800016986248,,,,,Unfound
,,,,,,,2356305313118,,,,,Unfound
,,,,,,,1200042270332,,,,,Unfound
,,,,,,,1410541881005,,,,,Unfound
,,,,,,,1100013207804,,,,,Unfound
,,,,,,,1460000728640,,,,,Unfound
,,,,,,,8817628009,,,,31366,Unfound
,,,,,,,8867218907,,,,37446,Unfound
,,,,,,,9156478600,,,,510483,Unfound
,,,,,,,8813975201,,,,1564,Unfound
,,,,,,,9158857506,,,,33564,Unfound
,,,,,,,1800017241606,,,,,Unfound
,,,,,,,1100000920289,,,,,Unfound
,,,,,,,8929402309,,,,8929402309,Unfound
,,,,,,,1100013384390,,,,,Unfound
,,,,,,,1410551031000,,,,,Unfound
,,,,,,,1460001347062,,,,,Unfound
,,,,,,,8813975908,,,,8813975908,Unfound
,,,,,,,8817631110,,,,34261,Unfound
,,,,,,,1410584471003,,,,,Unfound
,,,,,,,1200051400032,,,,,Unfound
,,,,,,,8867282905,,,,29399,Unfound
,,,,,,,9213224401,,,,36829,Unfound
,,,,,,,1100013467889,,,,,Unfound
,,,,,,,1460001386717,,,,,Unfound
,,,,,,,1100013512478,,,,,Unfound
,,,,,,,8813979501,,,,8813979501,Unfound
,,,,,,,9156565505,,,,117319,Unfound
,,,,,,,8867302705,,,,8867302705,Unfound
,,,,,,,1200051423698,,,,,Unfound
,,,,,,,1160000656930,,,,,Unfound
,,,,,,,1100013660149,,,,,Unfound
,,,,,,,1460001413176,,,,,Unfound
,,,,,,,1410642190001,,,,,Unfound
,,,,,,,1800018309822,,,,,Unfound
,,,,,,,8813982602,,,,99899,Unfound
,,,,,,,1170000249349,,,,,Unfound
,,,,,,,8867411508,,,,8867411508,Unfound
,,,,,,,9156570610,,,,9156570610,Unfound
,,,,,,,8817651509,,,,8817651509,Unfound
,,,,,,,1200061320536,,,,,Unfound
,,,,,,,1410694071000,,,,,Unfound
,,,,,,,1100013741212,,,,,Unfound
,,,,,,,8817655506,,,,41478,Unfound
,,,,,,,1460001627924,,,,,Unfound
,,,,,,,8867436300,,,,8527,Unfound
,,,,,,,9156700002,,,,58596,Unfound
,,,,,,,1800019492720,,,,,Unfound
,,,,,,,1300002215017,,,,,Unfound
,,,,,,,1100013860745,,,,,Unfound
,,,,,,,1460001643076,,,,,Unfound
,,,,,,,1410733261006,,,,,Unfound
,,,,,,,8867662309,,,,69493,Unfound
,,,,,,,9156716500,,,,9156716500,Unfound
,,,,,,,8817656901,,,,123854,Unfound
,,,,,,,1800020040726,,,,,Unfound
,,,,,,,1100013974503,,,,,Unfound
,,,,,,,8929412503,,,,135195,Unfound
,,,,,,,9158858901,,,,146123,Unfound
,,,,,,,1410787680004,,,,,Unfound
,,,,,,,1460001668220,,,,,Unfound
,,,,,,,1100025453193,,,,,Unfound
,,,,,,,8867803402,,,,8867803402,Unfound
,,,,,,,9156813105,,,,36943,Unfound
,,,,,,,1100770793948,,,,,Unfound
,,,,,,,1300007489897,,,,,Unfound
,,,,,,,8814014003,,,,7940,Unfound
,,,,,,,1410856831002,,,,,Unfound
,,,,,,,1460001844170,,,,,Unfound
,,,,,,,8817660802,,,,8817660802,Unfound
,,,,,,,8867855904,,,,8867855904,Unfound
,,,,,,,9156814208,,,,653,Unfound
,,,,,,,1100010975197,,,,,Unfound
,,,,,,,1100015368780,,,,,Unfound
,,,,,,,1300008208103,,,,,Unfound
,,,,,,,1460001900294,,,,,Unfound
,,,,,,,8814021404,,,,8814021404,Unfound
,,,,,,,8867885610,,,,8867885610,Unfound
,,,,,,,8817663000,,,,8817663000,Unfound
,,,,,,,1800020166429,,,,,Unfound
,,,,,,,1160001034558,,,,,Unfound
,,,,,,,9156816010,,,,9156816010,Unfound
,,,,,,,1300008369158,,,,,Unfound
,,,,,,,1410973371000,,,,,Unfound
,,,,,,,1460002035040,,,,,Unfound
,,,,,,,8867906008,,,,8867906008,Unfound
,,,,,,,8814027607,,,,8814027607,Unfound
,,,,,,,1410975721007,,,,,Unfound
,,,,,,,9156861902,,,,39366,Unfound
,,,,,,,1800052225200,,,,,Unfound
,,,,,,,1800020370710,,,,,Unfound
,,,,,,,1300009417885,,,,,Unfound
,,,,,,,8817679509,,,,8817679509,Unfound
,,,,,,,1460002206159,,,,,Unfound
,,,,,,,8868001909,,,,8868001909,Unfound
,,,,,,,9158872805,,,,9158872805,Unfound
,,,,,,,9156899209,,,,9156899209,Unfound
,,,,,,,8929421706,,,,8929421706,Unfound
,,,,,,,1425110100002,,,,,Unfound
,,,,,,,1300009454975,,,,,Unfound
,,,,,,,1411032120006,,,,,Unfound
,,,,,,,1100015703487,,,,,Unfound
,,,,,,,1470000473490,,,,,Unfound
,,,,,,,8868100002,,,,31990,Unfound
,,,,,,,8817692501,,,,176832,Unfound
,,,,,,,9156937909,,,,9156937909,Unfound
,,,,,,,1411034412006,,,,,Unfound
,,,,,,,1800020643168,,,,,Unfound
,,,,,,,1100015827926,,,,,Unfound
,,,,,,,1620000630308,,,,,Unfound
,,,,,,,1570000235200,,,,,Unfound
,,,,,,,1300010686301,,,,,Unfound
,,,,,,,8814060010,,,,39965,Unfound
,,,,,,,8817705304,,,,271309,Unfound
,,,,,,,8868156703,,,,89026,Unfound
,,,,,,,9156980102,,,,9156980102,Unfound
,,,,,,,9213267509,,,,9213267509,Unfound
,,,,,,,656255003,,,,656255003,Unfound
,,,,,,,1800020696132,,,,,Unfound
,,,,,,,1100024833527,,,,,Unfound
,,,,,,,1300012112230,,,,,Unfound
,,,,,,,1100015828628,,,,,Unfound
,,,,,,,8814061809,,,,62012,Unfound
,,,,,,,1570000277752,,,,,Unfound
,,,,,,,9157002600,,,,99175,Unfound
,,,,,,,1100010000185,,,,,Unfound
,,,,,,,1411198091005,,,,,Unfound
,,,,,,,1300013739295,,,,,Unfound
,,,,,,,1800020888454,,,,,Unfound
,,,,,,,1100015905539,,,,,Unfound
,,,,,,,9157023608,,,,9157023608,Unfound
,,,,,,,8868363405,,,,97477,Unfound
,,,,,,,1580000000000,,,,,Unfound
,,,,,,,1411263121003,,,,,Unfound
,,,,,,,1300035353830,,,,,Unfound
,,,,,,,1100003694814,,,,,Unfound
,,,,,,,1100018230979,,,,,Unfound
,,,,,,,1580000168873,,,,,Unfound
,,,,,,,1800021040258,,,,,Unfound
,,,,,,,8814077510,,,,1,Unfound
,,,,,,,9158883305,,,,9158883305,Unfound
,,,,,,,9157072307,,,,9157072307,Unfound
,,,,,,,8929562006,,,,8929562006,Unfound
,,,,,,,1800021209394,,,,,Unfound
,,,,,,,1100012655635,,,,,Unfound
,,,,,,,8814080802,,,,20921,Unfound
,,,,,,,1100018592343,,,,,Unfound
,,,,,,,1411344561003,,,,,Unfound
,,,,,,,1580000352973,,,,,Unfound
,,,,,,,8868451503,,,,8868451503,Unfound
,,,,,,,9157149900,,,,69821,Unfound
,,,,,,,1411373341005,,,,,Unfound
,,,,,,,1300050554809,,,,,Unfound
,,,,,,,1100012291665,,,,,Unfound
,,,,,,,8817724802,,,,9275,Unfound
,,,,,,,8868592308,,,,13568,Unfound
,,,,,,,1100018617290,,,,,Unfound
,,,,,,,1580000480197,,,,,Unfound
,,,,,,,1411398371009,,,,,Unfound
,,,,,,,671106702,,,,6183,Unfound
,,,,,,,8816269709,,,,8816269709,Unfound
,,,,,,,1100019737328,,,,,Unfound
,,,,,,,1300052881992,,,,,Unfound
,,,,,,,8817752201,,,,8817752201,Unfound
,,,,,,,1580000644369,,,,,Unfound
,,,,,,,1100018660064,,,,,Unfound
,,,,,,,1800021347917,,,,,Unfound
,,,,,,,1800021944542,,,,,Unfound
,,,,,,,1100013384150,,,,,Unfound
,,,,,,,1100019397828,,,,,Unfound
,,,,,,,1300053644330,,,,,Unfound
,,,,,,,8817766302,,,,1208,Unfound
,,,,,,,9158888506,,,,63223,Unfound
,,,,,,,1014569069639,,,,,Unfound
,,,,,,,8868744709,,,,16858,Unfound
,,,,,,,1130000052496,,,,,Unfound
,,,,,,,1100012658510,,,,,Unfound
,,,,,,,8934866108,,,,8934866108,Unfound
,,,,,,,1012625419907,,,,,Unfound
,,,,,,,44544804,,,,44544804,Unfound
,,,,,,,1160000349613,,,,,Unfound
,,,,,,,4263092905,,,,44563,Unfound
,,,,,,,66495110,,,,95455,Unfound
,,,,,,,1610011933684,,,,,Unfound
,,,,,,,1012684805902,,,,,Unfound
,,,,,,,1100012713038,,,,,Unfound
,,,,,,,9213384502,,,,9213384502,Unfound
,,,,,,,1014569544584,,,,,Unfound
,,,,,,,44897602,,,,51559,Unfound
,,,,,,,1100012729701,,,,,Unfound
,,,,,,,1012695854642,,,,,Unfound
,,,,,,,4263816102,,,,76124,Unfound
,,,,,,,8934880405,,,,8934880405,Unfound
,,,,,,,1160000800248,,,,,Unfound
,,,,,,,1900023425749,,,,,Unfound
,,,,,,,1012834963240,,,,,Unfound
,,,,,,,1100013012379,,,,,Unfound
,,,,,,,1014570000000,,,,,Unfound
,,,,,,,4264224609,,,,4264224609,Unfound
,,,,,,,8934884110,,,,4955,Unfound
,,,,,,,66816407,,,,10718,Unfound
,,,,,,,45148610,,,,5168,Unfound
,,,,,,,1200010052824,,,,,Unfound
,,,,,,,1610012163173,,,,,Unfound
,,,,,,,1014570067375,,,,,Unfound
,,,,,,,1012841418427,,,,,Unfound
,,,,,,,1100013137333,,,,,Unfound
,,,,,,,8935143802,,,,8935143802,Unfound
,,,,,,,9158909600,,,,9158909600,Unfound
,,,,,,,8929630502,,,,24463,Unfound
,,,,,,,1610012289610,,,,,Unfound
,,,,,,,1015684471199,,,,,Unfound
,,,,,,,1012868941605,,,,,Unfound
,,,,,,,1100013170776,,,,,Unfound
,,,,,,,4265257607,,,,26088,Unfound
,,,,,,,45727200,,,,54561,Unfound
,,,,,,,8935274110,,,,8935274110,Unfound
,,,,,,,1200021828653,,,,,Unfound
,,,,,,,1900024184523,,,,,Unfound
,,,,,,,1012880705416,,,,,Unfound
,,,,,,,4265280310,,,,29031,Unfound
,,,,,,,8935323209,,,,8935323209,Unfound
,,,,,,,9213406306,,,,9213406306,Unfound
,,,,,,,1100013228121,,,,,Unfound
,,,,,,,8816819000,,,,373391,Unfound
,,,,,,,1200022122417,,,,,Unfound
,,,,,,,700070105,,,,700070105,Unfound
,,,,,,,1610012328998,,,,,Unfound
,,,,,,,1023464266272,,,,,Unfound
,,,,,,,1900024320833,,,,,Unfound
,,,,,,,1012923141795,,,,,Unfound
,,,,,,,1100013246334,,,,,Unfound
,,,,,,,4265387104,,,,24251,Unfound
,,,,,,,8935436301,,,,49193,Unfound
,,,,,,,1200022417364,,,,,Unfound
,,,,,,,67349205,,,,67349205,Unfound
,,,,,,,1610012389449,,,,,Unfound
,,,,,,,1023466316952,,,,,Unfound
,,,,,,,1900024417127,,,,,Unfound
,,,,,,,1012954186042,,,,,Unfound
,,,,,,,1100013283674,,,,,Unfound
,,,,,,,4265515401,,,,4265515401,Unfound
,,,,,,,46039801,,,,46039801,Unfound
,,,,,,,8935520604,,,,37522,Unfound
,,,,,,,67402407,,,,67402407,Unfound
,,,,,,,1200022803872,,,,,Unfound
,,,,,,,1610012427485,,,,,Unfound
,,,,,,,1023479234671,,,,,Unfound
,,,,,,,8935570900,,,,23418,Unfound
,,,,,,,9158912409,,,,9158912409,Unfound
,,,,,,,1100013352060,,,,,Unfound
,,,,,,,46349906,,,,38870,Unfound
,,,,,,,1900025313206,,,,,Unfound
,,,,,,,1200022823503,,,,,Unfound
,,,,,,,1023490243859,,,,,Unfound
,,,,,,,1013002527446,,,,,Unfound
,,,,,,,1100013397308,,,,,Unfound
,,,,,,,4265901810,,,,34272,Unfound
,,,,,,,8935661207,,,,8935661207,Unfound
,,,,,,,46473009,,,,277996,Unfound
,,,,,,,1610012941310,,,,,Unfound
,,,,,,,1900025357922,,,,,Unfound
,,,,,,,1200023225920,,,,,Unfound
,,,,,,,67497108,,,,15542,Unfound
,,,,,,,1013010370444,,,,,Unfound
,,,,,,,1023517835804,,,,,Unfound
,,,,,,,1100013501893,,,,,Unfound
,,,,,,,46722902,,,,46722902,Unfound
,,,,,,,67603204,,,,67603204,Unfound
,,,,,,,709526909,,,,1604,Unfound
,,,,,,,1610013018148,,,,,Unfound
,,,,,,,1200024293601,,,,,Unfound
,,,,,,,1023524926703,,,,,Unfound
,,,,,,,1013020607519,,,,,Unfound
,,,,,,,1100013577980,,,,,Unfound
,,,,,,,4266067405,,,,31708,Unfound
,,,,,,,8935688901,,,,76544,Unfound
,,,,,,,46733503,,,,46733503,Unfound
,,,,,,,67636803,,,,80712,Unfound
,,,,,,,1200024318196,,,,,Unfound
,,,,,,,1900026229335,,,,,Unfound
,,,,,,,1610013045601,,,,,Unfound
,,,,,,,1013029238263,,,,,Unfound
,,,,,,,1100013599344,,,,,Unfound
,,,,,,,4267183300,,,,4267183300,Unfound
,,,,,,,1013061130989,,,,,Unfound
,,,,,,,46896610,,,,46896610,Unfound
,,,,,,,1610013469653,,,,,Unfound
,,,,,,,1200026240132,,,,,Unfound
,,,,,,,1900027060900,,,,,Unfound
,,,,,,,1100013719323,,,,,Unfound
,,,,,,,1023533128733,,,,,Unfound
,,,,,,,8935750700,,,,8935750700,Unfound
,,,,,,,4267421402,,,,44110,Unfound
,,,,,,,9158913108,,,,9158913108,Unfound
,,,,,,,46939602,,,,46939602,Unfound
,,,,,,,1013076010603,,,,,Unfound
,,,,,,,1023533896932,,,,,Unfound
,,,,,,,1200027021528,,,,,Unfound
,,,,,,,1900027162461,,,,,Unfound
,,,,,,,1100013761422,,,,,Unfound
,,,,,,,8935767403,,,,1,Unfound
,,,,,,,47064502,,,,1,Unfound
,,,,,,,1013076972003,,,,,Unfound
,,,,,,,1610013533236,,,,,Unfound
,,,,,,,1023536506055,,,,,Unfound
,,,,,,,1900027181818,,,,,Unfound
,,,,,,,68181501,,,,167251,Unfound
,,,,,,,1200027648699,,,,,Unfound
,,,,,,,1100013978154,,,,,Unfound
,,,,,,,4268115400,,,,51998,Unfound
,,,,,,,9303572100,,,,33408,Unfound
,,,,,,,8935809404,,,,8935809404,Unfound
,,,,,,,47123503,,,,123447,Unfound
,,,,,,,1014570372124,,,,,Unfound
,,,,,,,1610013536440,,,,,Unfound
,,,,,,,1200029630596,,,,,Unfound
,,,,,,,1900027354287,,,,,Unfound
,,,,,,,4268192609,,,,193363,Unfound
,,,,,,,1100013993125,,,,,Unfound
,,,,,,,8935822710,,,,20847,Unfound
,,,,,,,1014571456574,,,,,Unfound
,,,,,,,68451605,,,,68451605,Unfound
,,,,,,,1023545663205,,,,,Unfound
,,,,,,,1200031745890,,,,,Unfound
,,,,,,,1100014015273,,,,,Unfound
,,,,,,,4268986007,,,,21596,Unfound
,,,,,,,47416608,,,,39446,Unfound
,,,,,,,8935915010,,,,11829,Unfound
,,,,,,,1015682731013,,,,,Unfound
,,,,,,,1200032046854,,,,,Unfound
,,,,,,,1900028000308,,,,,Unfound
,,,,,,,68578405,,,,121828,Unfound
,,,,,,,1030011515417,,,,,Unfound
,,,,,,,1100014074320,,,,,Unfound
,,,,,,,4270340002,,,,20077,Unfound
,,,,,,,8935937604,,,,8935937604,Unfound
,,,,,,,47433900,,,,47433900,Unfound
,,,,,,,9158914110,,,,9158914110,Unfound
,,,,,,,1023485086332,,,,,Unfound
,,,,,,,1610014134787,,,,,Unfound
,,,,,,,1900028283097,,,,,Unfound
,,,,,,,1100014150520,,,,,Unfound
,,,,,,,1023500145353,,,,,Unfound
,,,,,,,8935978708,,,,18115,Unfound
,,,,,,,47549605,,,,121570,Unfound
,,,,,,,69095401,,,,78132,Unfound
,,,,,,,1200032949009,,,,,Unfound
,,,,,,,1610014211020,,,,,Unfound
,,,,,,,1900028291423,,,,,Unfound
,,,,,,,1030026580871,,,,,Unfound
,,,,,,,8936032708,,,,83668,Unfound
,,,,,,,8817549709,,,,183329,Unfound
,,,,,,,1610014696526,,,,,Unfound
,,,,,,,1023505482730,,,,,Unfound
,,,,,,,1200033204272,,,,,Unfound
,,,,,,,1030042822550,,,,,Unfound
,,,,,,,4272471409,,,,4272471409,Unfound
,,,,,,,1100014214937,,,,,Unfound
,,,,,,,8936041305,,,,8936041305,Unfound
,,,,,,,47653106,,,,103800,Unfound
,,,,,,,69811502,,,,69811502,Unfound
,,,,,,,1610014823646,,,,,Unfound
,,,,,,,1023514790833,,,,,Unfound
,,,,,,,1200034917240,,,,,Unfound
,,,,,,,1030056589662,,,,,Unfound
,,,,,,,1100014215294,,,,,Unfound
,,,,,,,4272525608,,,,4272525608,Unfound
,,,,,,,8936053705,,,,105649,Unfound
,,,,,,,1030059285262,,,,,Unfound
,,,,,,,47653802,,,,125610,Unfound
,,,,,,,69868408,,,,52414,Unfound
,,,,,,,1610018048796,,,,,Unfound
,,,,,,,1200035357175,,,,,Unfound
,,,,,,,1100014282937,,,,,Unfound
,,,,,,,8936120301,,,,13141,Unfound
,,,,,,,1030060125220,,,,,Unfound
,,,,,,,47664908,,,,47664908,Unfound
,,,,,,,1050000078048,,,,,Unfound
,,,,,,,9158937302,,,,1,Unfound
,,,,,,,1200036397754,,,,,Unfound
,,,,,,,1100014660840,,,,,Unfound
,,,,,,,1900029185762,,,,,Unfound
,,,,,,,4272821410,,,,46262,Unfound
,,,,,,,8936150400,,,,67462,Unfound
,,,,,,,47693309,,,,47693309,Unfound
,,,,,,,1030069672985,,,,,Unfound
,,,,,,,1610018300942,,,,,Unfound
,,,,,,,1050000176302,,,,,Unfound
,,,,,,,1200036454793,,,,,Unfound
,,,,,,,1900030000265,,,,,Unfound
,,,,,,,1050000019098,,,,,Unfound
,,,,,,,70033507,,,,,Unfound
,,,,,,,70085403,,,,57636,Unfound
,,,,,,,4519243910,,,,32353,Unfound
,,,,,,,1610018371943,,,,,Unfound
,,,,,,,1050001018616,,,,,Unfound
,,,,,,,1200038234796,,,,,Unfound
,,,,,,,1900030063292,,,,,Unfound
,,,,,,,1100014854672,,,,,Unfound
,,,,,,,4519343802,,,,18483,Unfound
,,,,,,,1100001954819,,,,,Unfound
,,,,,,,1050000770025,,,,,Unfound
,,,,,,,70127909,,,,70127909,Unfound
,,,,,,,1610018386179,,,,,Unfound
,,,,,,,1200039151420,,,,,Unfound
,,,,,,,1900030069806,,,,,Unfound
,,,,,,,1100014905937,,,,,Unfound
,,,,,,,8936231804,,,,60724,Unfound
,,,,,,,4546307206,,,,47057,Unfound
,,,,,,,1100000339583,,,,,Unfound
,,,,,,,1100002043235,,,,,Unfound
,,,,,,,1610018638138,,,,,Unfound
,,,,,,,1900030086217,,,,,Unfound
,,,,,,,1100015039354,,,,,Unfound
,,,,,,,1200039350624,,,,,Unfound
,,,,,,,8936240210,,,,273327,Unfound
,,,,,,,48223602,,,,12951,Unfound
,,,,,,,1067923107,,,,,Unfound
,,,,,,,1100000593811,,,,,Unfound
,,,,,,,9158938506,,,,142745,Unfound
,,,,,,,1610018807407,,,,,Unfound
,,,,,,,1100002054282,,,,,Unfound
,,,,,,,1900030271941,,,,,Unfound
,,,,,,,1200042250309,,,,,Unfound
,,,,,,,1100015133720,,,,,Unfound
,,,,,,,4791214308,,,,263006,Unfound
,,,,,,,8936362303,,,,62620,Unfound
,,,,,,,48255200,,,,48255200,Unfound
,,,,,,,1100000754569,,,,,Unfound
,,,,,,,70245601,,,,32753,Unfound
,,,,,,,1200060043630,,,,,Unfound
,,,,,,,4792962600,,,,4792962600,Unfound
,,,,,,,8936376000,,,,1,Unfound
,,,,,,,1100015421343,,,,,Unfound
,,,,,,,48446005,,,,48446005,Unfound
,,,,,,,70775305,,,,,Unfound
,,,,,,,8817768800,,,,8817768800,Unfound
,,,,,,,1100000757142,,,,,Unfound
,,,,,,,1040459610,,,,1040459610,Unfound
,,,,,,,1100015642416,,,,,Unfound
,,,,,,,1200060057892,,,,,Unfound
,,,,,,,4837138600,,,,145886,Unfound
,,,,,,,8936391501,,,,917429,Unfound
,,,,,,,1100000807430,,,,,Unfound
,,,,,,,48469500,,,,8273,Unfound
,,,,,,,70781008,,,,84843,Unfound
,,,,,,,1610019585959,,,,,Unfound
,,,,,,,1900031000034,,,,,Unfound
,,,,,,,1100015685303,,,,,Unfound
,,,,,,,1100001023130,,,,,Unfound
,,,,,,,71784805,,,,71784805,Unfound
,,,,,,,1100005413381,,,,,Unfound
,,,,,,,48486410,,,,48486410,Unfound
,,,,,,,1100015714178,,,,,Unfound
,,,,,,,1610019857180,,,,,Unfound
,,,,,,,48504902,,,,55252,Unfound
,,,,,,,5002004205,,,,16366,Unfound
,,,,,,,8936467205,,,,8936467205,Unfound
,,,,,,,71996809,,,,36247,Unfound
,,,,,,,1100005527051,,,,,Unfound
,,,,,,,1100001054797,,,,,Unfound
,,,,,,,9158942104,,,,51283,Unfound
,,,,,,,1200062316327,,,,,Unfound
,,,,,,,1900032000601,,,,,Unfound
,,,,,,,5002456600,,,,26569,Unfound
,,,,,,,48577806,,,,44073,Unfound
,,,,,,,1100015813348,,,,,Unfound
,,,,,,,1100006843639,,,,,Unfound
,,,,,,,1100001270408,,,,,Unfound
,,,,,,,1900032001340,,,,,Unfound
,,,,,,,5002743300,,,,5002743300,Unfound
,,,,,,,8936567905,,,,8936567905,Unfound
,,,,,,,72285904,,,,72285904,Unfound
,,,,,,,1100001325439,,,,,Unfound
,,,,,,,48938004,,,,90051,Unfound
,,,,,,,1900032091895,,,,,Unfound
,,,,,,,1100018169818,,,,,Unfound
,,,,,,,5002807008,,,,629400,Unfound
,,,,,,,1100007129240,,,,,Unfound
,,,,,,,49072601,,,,49072601,Unfound
,,,,,,,1100002068684,,,,,Unfound
,,,,,,,1300006667821,,,,,Unfound
,,,,,,,1100009485032,,,,,Unfound
,,,,,,,1610019930788,,,,,Unfound
,,,,,,,1900032113801,,,,,Unfound
,,,,,,,1300008095869,,,,,Unfound
,,,,,,,8936680003,,,,8936680003,Unfound
,,,,,,,5002830306,,,,1,Unfound
,,,,,,,1100002335456,,,,,Unfound
,,,,,,,73168703,,,,73168703,Unfound
,,,,,,,1100010769961,,,,,Unfound
,,,,,,,1610019948999,,,,,Unfound
,,,,,,,1900032266697,,,,,Unfound
,,,,,,,1300008307579,,,,,Unfound
,,,,,,,1100018295888,,,,,Unfound
,,,,,,,8936815808,,,,8936815808,Unfound
,,,,,,,5002958007,,,,1234,Unfound
,,,,,,,8936863707,,,,8936863707,Unfound
,,,,,,,49363410,,,,228560,Unfound
,,,,,,,9158948801,,,,1,Unfound
,,,,,,,1100051197784,,,,,Unfound
,,,,,,,1200037050544,,,,,Unfound
,,,,,,,1591047636102,,,,,Unfound
,,,,,,,1580000230087,,,,,Unfound
,,,,,,,9083892606,,,,34022,Unfound
,,,,,,,8816335505,,,,41543,Unfound
,,,,,,,9158979902,,,,1,Unfound
,,,,,,,1100770106609,,,,,Unfound
,,,,,,,9304980008,,,,35346,Unfound
,,,,,,,1591048480689,,,,,Unfound
,,,,,,,8816347804,,,,21694,Unfound
,,,,,,,8859389804,,,,3757,Unfound
,,,,,,,1100018456570,,,,,Unfound
,,,,,,,1580001480630,,,,,Unfound
,,,,,,,9083928702,,,,9083928702,Unfound
,,,,,,,9158985100,,,,9158985100,Unfound
,,,,,,,1200037364003,,,,,Unfound
,,,,,,,2199990496630,,,,,Unfound
,,,,,,,1074064704,,,,33575,Unfound
,,,,,,,1100770301046,,,,,Unfound
,,,,,,,9158993604,,,,9158993604,Unfound
,,,,,,,9084033405,,,,56799,Unfound
,,,,,,,8859469903,,,,8859469903,Unfound
,,,,,,,1591023761533,,,,,Unfound
,,,,,,,1200037391629,,,,,Unfound
,,,,,,,1100770753323,,,,,Unfound
,,,,,,,1100018616516,,,,,Unfound
,,,,,,,2199990682612,,,,,Unfound
,,,,,,,8816357100,,,,8816357100,Unfound
,,,,,,,9159003410,,,,98091,Unfound
,,,,,,,1130000021897,,,,,Unfound
,,,,,,,1200037396770,,,,,Unfound
,,,,,,,1591025855797,,,,,Unfound
,,,,,,,2199990782103,,,,,Unfound
,,,,,,,1100018617166,,,,,Unfound
,,,,,,,8859506209,,,,9289,Unfound
,,,,,,,9084101800,,,,,Unfound
,,,,,,,9159016307,,,,59735,Unfound
,,,,,,,1591030886361,,,,,Unfound
,,,,,,,1610011034991,,,,,Unfound
,,,,,,,1200037484822,,,,,Unfound
,,,,,,,8859682308,,,,25253,Unfound
,,,,,,,9084259903,,,,,Unfound
,,,,,,,9159019100,,,,9159019100,Unfound
,,,,,,,8818900509,,,,8818900509,Unfound
,,,,,,,1200037527254,,,,,Unfound
,,,,,,,2199991361508,,,,,Unfound
,,,,,,,1591039287203,,,,,Unfound
,,,,,,,1160000590330,,,,,Unfound
,,,,,,,1610013648061,,,,,Unfound
,,,,,,,1100018905898,,,,,Unfound
,,,,,,,8816381602,,,,42286,Unfound
,,,,,,,9084616710,,,,56825,Unfound
,,,,,,,8859731508,,,,3041,Unfound
,,,,,,,9159020904,,,,70726,Unfound
,,,,,,,2199991635710,,,,,Unfound
,,,,,,,1610023498917,,,,,Unfound
,,,,,,,1160000988373,,,,,Unfound
,,,,,,,1100018917012,,,,,Unfound
,,,,,,,8816381905,,,,154149,Unfound
,,,,,,,8859806603,,,,8859806603,Unfound
,,,,,,,9159022605,,,,9159022605,Unfound
,,,,,,,1591054467947,,,,,Unfound
,,,,,,,9084638103,,,,9084638103,Unfound
,,,,,,,1200037862968,,,,,Unfound
,,,,,,,1170000043103,,,,,Unfound
,,,,,,,1710210270603,,,,,Unfound
,,,,,,,2199991685206,,,,,Unfound
,,,,,,,1100019006264,,,,,Unfound
,,,,,,,1200037938429,,,,,Unfound
,,,,,,,8859816303,,,,8859816303,Unfound
,,,,,,,9084663708,,,,9084663708,Unfound
,,,,,,,9159028808,,,,9159028808,Unfound
,,,,,,,2199991904145,,,,,Unfound
,,,,,,,1591058558126,,,,,Unfound
,,,,,,,1800020445428,,,,,Unfound
,,,,,,,1100019016350,,,,,Unfound
,,,,,,,1170000482687,,,,,Unfound
,,,,,,,8859845501,,,,8859845501,Unfound
,,,,,,,9084709100,,,,11812,Unfound
,,,,,,,8816390008,,,,8816390008,Unfound
,,,,,,,1200038100090,,,,,Unfound
,,,,,,,2199991922599,,,,,Unfound
,,,,,,,1200010121256,,,,,Unfound
,,,,,,,1100019077015,,,,,Unfound
,,,,,,,9084781310,,,,5211,Unfound
,,,,,,,1800023490567,,,,,Unfound
,,,,,,,8859878000,,,,18807,Unfound
,,,,,,,8816404610,,,,8816404610,Unfound
,,,,,,,1600000009253,,,,,Unfound
,,,,,,,2199991972066,,,,,Unfound
,,,,,,,1200010131574,,,,,Unfound
,,,,,,,18390210,,,,18390210,Unfound
,,,,,,,1100019373650,,,,,Unfound
,,,,,,,1094604307,,,,34264,Unfound
,,,,,,,1610000205898,,,,,Unfound
,,,,,,,8859965803,,,,8859965803,Unfound
,,,,,,,1200038204931,,,,,Unfound
,,,,,,,2199992373709,,,,,Unfound
,,,,,,,1900011144920,,,,,Unfound
,,,,,,,1100019470975,,,,,Unfound
,,,,,,,8859999607,,,,144238,Unfound
,,,,,,,8816418307,,,,8816418307,Unfound
,,,,,,,9084979702,,,,3266,Unfound
,,,,,,,9159042600,,,,32376,Unfound
,,,,,,,2199992490064,,,,,Unfound
,,,,,,,1200010152750,,,,,Unfound
,,,,,,,1100019636540,,,,,Unfound
,,,,,,,1900018021861,,,,,Unfound
,,,,,,,1610001256769,,,,,Unfound
,,,,,,,8816422803,,,,74755,Unfound
,,,,,,,9085092303,,,,3826,Unfound
,,,,,,,2199992530832,,,,,Unfound
,,,,,,,1200010166991,,,,,Unfound
,,,,,,,8860080105,,,,8860080105,Unfound
,,,,,,,9085222200,,,,1,Unfound
,,,,,,,8816443306,,,,187343,Unfound
,,,,,,,1200038668090,,,,,Unfound
,,,,,,,1610001569641,,,,,Unfound
,,,,,,,1200010195123,,,,,Unfound
,,,,,,,1900031000248,,,,,Unfound
,,,,,,,1100019717785,,,,,Unfound
,,,,,,,8816443407,,,,,Unfound
,,,,,,,8860300205,,,,145593,Unfound
,,,,,,,9085236604,,,,9085236604,Unfound
,,,,,,,9159062202,,,,63161,Unfound
,,,,,,,1200038911516,,,,,Unfound
,,,,,,,2199992886719,,,,,Unfound
,,,,,,,1610001585192,,,,,Unfound
,,,,,,,1900031260746,,,,,Unfound
,,,,,,,1200010202222,,,,,Unfound
,,,,,,,1100019946380,,,,,Unfound
,,,,,,,8819685907,,,,84024,Unfound
,,,,,,,8816464000,,,,8816464000,Unfound
,,,,,,,8860453006,,,,16240,Unfound
,,,,,,,9085342109,,,,7,Unfound
,,,,,,,9159075604,,,,80901,Unfound
,,,,,,,1610001641908,,,,,Unfound
,,,,,,,1200038912412,,,,,Unfound
,,,,,,,1200010204498,,,,,Unfound
,,,,,,,1100020238597,,,,,Unfound
,,,,,,,8816476703,,,,8816476703,Unfound
,,,,,,,1900033006845,,,,,Unfound
,,,,,,,8860660909,,,,8860660909,Unfound
,,,,,,,9085402404,,,,9085402404,Unfound
,,,,,,,9159086901,,,,48435,Unfound
,,,,,,,1610001771420,,,,,Unfound
,,,,,,,1200038968201,,,,,Unfound
,,,,,,,2199992923690,,,,,Unfound
,,,,,,,1200010207132,,,,,Unfound
,,,,,,,1900035010471,,,,,Unfound
,,,,,,,8816479507,,,,1,Unfound
,,,,,,,8860930205,,,,27954,Unfound
,,,,,,,1100020247893,,,,,Unfound
,,,,,,,9085672007,,,,165503,Unfound
,,,,,,,1200039018143,,,,,Unfound
,,,,,,,9159089200,,,,9159089200,Unfound
,,,,,,,1610001952129,,,,,Unfound
,,,,,,,1100020284399,,,,,Unfound
,,,,,,,8816489701,,,,8816489701,Unfound
,,,,,,,1900047155672,,,,,Unfound
,,,,,,,8860941805,,,,8860941805,Unfound
,,,,,,,9085672209,,,,41153,Unfound
,,,,,,,9159093101,,,,49,Unfound
,,,,,,,2199993165200,,,,,Unfound
,,,,,,,1610002746008,,,,,Unfound
,,,,,,,1919884302,,,,24093,Unfound
,,,,,,,8860950200,,,,140858,Unfound
,,,,,,,8816496002,,,,42466,Unfound
,,,,,,,9085896602,,,,12575,Unfound
,,,,,,,9159098403,,,,13848,Unfound
,,,,,,,1200039572392,,,,,Unfound
,,,,,,,1610003991547,,,,,Unfound
,,,,,,,2199993213927,,,,,Unfound
,,,,,,,1100020527051,,,,,Unfound
,,,,,,,8816497801,,,,58139,Unfound
,,,,,,,8861034406,,,,66302,Unfound
,,,,,,,9086052610,,,,6156,Unfound
,,,,,,,1200020501128,,,,,Unfound
,,,,,,,9159108200,,,,21987,Unfound
,,,,,,,1610009487242,,,,,Unfound
,,,,,,,2199993323114,,,,,Unfound
,,,,,,,1107295108,,,,84796,Unfound
,,,,,,,1100020580180,,,,,Unfound
,,,,,,,8816512703,,,,9147,Unfound
,,,,,,,8861036803,,,,8861036803,Unfound
,,,,,,,1200039646050,,,,,Unfound
,,,,,,,2199993589386,,,,,Unfound
,,,,,,,1610010056266,,,,,Unfound
,,,,,,,1200020694731,,,,,Unfound
,,,,,,,1100020725580,,,,,Unfound
,,,,,,,2000020545485,,,,,Unfound
,,,,,,,8816520107,,,,8816520107,Unfound
,,,,,,,9086247008,,,,93960,Unfound
,,,,,,,9159112101,,,,20750,Unfound
,,,,,,,1200039658809,,,,,Unfound
,,,,,,,1100020836310,,,,,Unfound
,,,,,,,1200020833884,,,,,Unfound
,,,,,,,2199993652851,,,,,Unfound
,,,,,,,8816530110,,,,46528,Unfound
,,,,,,,2000027424519,,,,,Unfound
,,,,,,,8861118300,,,,8861118300,Unfound
,,,,,,,9086663303,,,,9086663303,Unfound
,,,,,,,2199994263111,,,,,Unfound
,,,,,,,1200039680896,,,,,Unfound
,,,,,,,1200020838118,,,,,Unfound
,,,,,,,2000027508675,,,,,Unfound
,,,,,,,8816538609,,,,8816538609,Unfound
,,,,,,,8861129900,,,,77575,Unfound
,,,,,,,1200039900418,,,,,Unfound
,,,,,,,2199994397419,,,,,Unfound
,,,,,,,1200021354100,,,,,Unfound
,,,,,,,8816562707,,,,8816562707,Unfound
,,,,,,,8861328805,,,,39476,Unfound
,,,,,,,9086724106,,,,12340,Unfound
,,,,,,,1134739301,,,,9518,Unfound
,,,,,,,2199994931620,,,,,Unfound
,,,,,,,1200039962840,,,,,Unfound
,,,,,,,1200021433417,,,,,Unfound
,,,,,,,1610019780590,,,,,Unfound
,,,,,,,2000053365215,,,,,Unfound
,,,,,,,1100021137152,,,,,Unfound
,,,,,,,9087056208,,,,9087056208,Unfound
,,,,,,,8861430504,,,,8861430504,Unfound
,,,,,,,8816583603,,,,22,Unfound
,,,,,,,2199994985857,,,,,Unfound
,,,,,,,9159144900,,,,132499,Unfound
,,,,,,,1610020820106,,,,,Unfound
,,,,,,,1200040067743,,,,,Unfound
,,,,,,,1200021811065,,,,,Unfound
,,,,,,,2199991570737,,,,,Unfound
,,,,,,,8861483200,,,,184986,Unfound
,,,,,,,1100021371731,,,,,Unfound
,,,,,,,9087116503,,,,9087116503,Unfound
,,,,,,,9159147300,,,,9159147300,Unfound
,,,,,,,1200040242031,,,,,Unfound
,,,,,,,2199995099240,,,,,Unfound
,,,,,,,1610021146235,,,,,Unfound
,,,,,,,1100021430021,,,,,Unfound
,,,,,,,2199996204438,,,,,Unfound
,,,,,,,8816600700,,,,26253,Unfound
,,,,,,,9087116705,,,,9356,Unfound
,,,,,,,9159148706,,,,298467,Unfound
,,,,,,,2199995264621,,,,,Unfound
,,,,,,,1610021232530,,,,,Unfound
,,,,,,,1200021885606,,,,,Unfound
,,,,,,,2200018678830,,,,,Unfound
,,,,,,,1200040289856,,,,,Unfound
,,,,,,,1100021639843,,,,,Unfound
,,,,,,,1200040373018,,,,,Unfound
,,,,,,,9159149304,,,,9159149304,Unfound
,,,,,,,8822637709,,,,8822637709,Unfound
,,,,,,,1610021237947,,,,,Unfound
,,,,,,,2200021858943,,,,,Unfound
,,,,,,,8816609505,,,,,Unfound
,,,,,,,1100021766737,,,,,Unfound
,,,,,,,9087331204,,,,58080,Unfound
,,,,,,,8861624506,,,,31869,Unfound
,,,,,,,9159154600,,,,156903,Unfound
,,,,,,,1265840309,,,,1265840309,Unfound
,,,,,,,1610021453409,,,,,Unfound
,,,,,,,2199995494744,,,,,Unfound
,,,,,,,1200021990870,,,,,Unfound
,,,,,,,1200041142658,,,,,Unfound
,,,,,,,2200023059567,,,,,Unfound
,,,,,,,9087360301,,,,21822,Unfound
,,,,,,,8861697803,,,,1,Unfound
,,,,,,,1610023264367,,,,,Unfound
,,,,,,,1200022375740,,,,,Unfound
,,,,,,,2199995764800,,,,,Unfound
,,,,,,,1200041151449,,,,,Unfound
,,,,,,,1100021822639,,,,,Unfound
,,,,,,,2200030065830,,,,,Unfound
,,,,,,,1200041159651,,,,,Unfound
,,,,,,,1200022516297,,,,,Unfound
,,,,,,,2199995850803,,,,,Unfound
,,,,,,,2200040662054,,,,,Unfound
,,,,,,,1100021839623,,,,,Unfound
,,,,,,,8816636104,,,,8816636104,Unfound
,,,,,,,9087577708,,,,74152,Unfound
,,,,,,,9159166506,,,,9159166506,Unfound
,,,,,,,2199995988886,,,,,Unfound
,,,,,,,1610028418377,,,,,Unfound
,,,,,,,1100021920336,,,,,Unfound
,,,,,,,8816646601,,,,80010,Unfound
,,,,,,,8861787804,,,,35562,Unfound
,,,,,,,9087624309,,,,9087624309,Unfound
,,,,,,,9159167003,,,,9159167003,Unfound
,,,,,,,1200022567325,,,,,Unfound
,,,,,,,2199996009902,,,,,Unfound
,,,,,,,1200041249385,,,,,Unfound
,,,,,,,1610028538653,,,,,Unfound
,,,,,,,2371433540113,,,,,Unfound
,,,,,,,1100021946938,,,,,Unfound
,,,,,,,8816675900,,,,21204,Unfound
,,,,,,,9087656109,,,,7439,Unfound
,,,,,,,9159170003,,,,9159170003,Unfound
,,,,,,,2199996033890,,,,,Unfound
,,,,,,,1200041701117,,,,,Unfound
,,,,,,,1281341709,,,,1,Unfound
,,,,,,,1610029426129,,,,,Unfound
,,,,,,,1200022635375,,,,,Unfound
,,,,,,,2380000195602,,,,,Unfound
,,,,,,,8816684710,,,,53242,Unfound
,,,,,,,8862299010,,,,79296,Unfound
,,,,,,,9159185409,,,,84673,Unfound
,,,,,,,2199996094509,,,,,Unfound
,,,,,,,1200042256133,,,,,Unfound
,,,,,,,1610029442255,,,,,Unfound
,,,,,,,1100021999220,,,,,Unfound
,,,,,,,8816709509,,,,86887,Unfound
,,,,,,,8862541103,,,,681,Unfound
,,,,,,,9087736006,,,,9087736006,Unfound
,,,,,,,1200042367070,,,,,Unfound
,,,,,,,2199996547556,,,,,Unfound
,,,,,,,1610029611630,,,,,Unfound
,,,,,,,1200023054185,,,,,Unfound
,,,,,,,1012345954957,,,,,Unfound
,,,,,,,1100022264473,,,,,Unfound
,,,,,,,9202994507,,,,9202994507,Unfound
,,,,,,,1023525467666,,,,,Unfound
,,,,,,,9087995401,,,,27836,Unfound
,,,,,,,1711825174608,,,,,Unfound
,,,,,,,1900020113370,,,,,Unfound
,,,,,,,1800053913654,,,,,Unfound
,,,,,,,1714726886102,,,,,Unfound
,,,,,,,1100022298357,,,,,Unfound
,,,,,,,4175308709,,,,12750,Unfound
,,,,,,,1900021271918,,,,,Unfound
,,,,,,,1298167503,,,,58936,Unfound
,,,,,,,9081197600,,,,46396,Unfound
,,,,,,,8852773410,,,,8852773410,Unfound
,,,,,,,1711842496505,,,,,Unfound
,,,,,,,1100022311097,,,,,Unfound
,,,,,,,1714757891851,,,,,Unfound
,,,,,,,4177004508,,,,4177004508,Unfound
,,,,,,,4247376400,,,,18994,Unfound
,,,,,,,8852873706,,,,7972,Unfound
,,,,,,,1800054034365,,,,,Unfound
,,,,,,,9081204503,,,,36009,Unfound
,,,,,,,1711847245070,,,,,Unfound
,,,,,,,1023534250675,,,,,Unfound
,,,,,,,1900022121016,,,,,Unfound
,,,,,,,1800054071696,,,,,Unfound
,,,,,,,1100022563840,,,,,Unfound
,,,,,,,8852918500,,,,8852918500,Unfound
,,,,,,,1900023014741,,,,,Unfound
,,,,,,,1711871104765,,,,,Unfound
,,,,,,,1714821353054,,,,,Unfound
,,,,,,,1800060324314,,,,,Unfound
,,,,,,,4247635005,,,,236,Unfound
,,,,,,,1100022603235,,,,,Unfound
,,,,,,,4177061509,,,,4177061509,Unfound
,,,,,,,8853005403,,,,8853005403,Unfound
,,,,,,,9081233600,,,,60325,Unfound
,,,,,,,1900027209260,,,,,Unfound
,,,,,,,1711894994154,,,,,Unfound
,,,,,,,1714822650105,,,,,Unfound
,,,,,,,1100022615036,,,,,Unfound
,,,,,,,1800060326288,,,,,Unfound
,,,,,,,4247657408,,,,10953,Unfound
,,,,,,,8853158709,,,,5823,Unfound
,,,,,,,9081329501,,,,8752,Unfound
,,,,,,,1712005771102,,,,,Unfound
,,,,,,,1715435151204,,,,,Unfound
,,,,,,,1900032312703,,,,,Unfound
,,,,,,,1800060506293,,,,,Unfound
,,,,,,,1100022804659,,,,,Unfound
,,,,,,,4247769700,,,,47355,Unfound
,,,,,,,4177125902,,,,4177125902,Unfound
,,,,,,,9081514608,,,,14684,Unfound
,,,,,,,1023545526322,,,,,Unfound
,,,,,,,1712053962657,,,,,Unfound
,,,,,,,1716433651800,,,,,Unfound
,,,,,,,1800060618277,,,,,Unfound
,,,,,,,1100022808148,,,,,Unfound
,,,,,,,4177364404,,,,687,Unfound
,,,,,,,4247828308,,,,13788,Unfound
,,,,,,,1900034043217,,,,,Unfound
,,,,,,,9081591200,,,,112555,Unfound
,,,,,,,8853286505,,,,34594,Unfound
,,,,,,,1712386654694,,,,,Unfound
,,,,,,,1023545551081,,,,,Unfound
,,,,,,,1100022927280,,,,,Unfound
,,,,,,,1716697472503,,,,,Unfound
,,,,,,,4177410003,,,,14920,Unfound
,,,,,,,4248183809,,,,1323,Unfound
,,,,,,,9081608000,,,,1,Unfound
,,,,,,,1023545772181,,,,,Unfound
,,,,,,,1712403022208,,,,,Unfound
,,,,,,,1900034343401,,,,,Unfound
,,,,,,,1900000162521,,,,,Unfound
,,,,,,,1100023029680,,,,,Unfound
,,,,,,,4177436302,,,,29281,Unfound
,,,,,,,1717012004754,,,,,Unfound
,,,,,,,4248612009,,,,4248612009,Unfound
,,,,,,,9081645601,,,,8746,Unfound
,,,,,,,1712405684506,,,,,Unfound
,,,,,,,1900001111875,,,,,Unfound
,,,,,,,1717015704352,,,,,Unfound
,,,,,,,1900036304895,,,,,Unfound
,,,,,,,1100023108297,,,,,Unfound
,,,,,,,4248613000,,,,4912,Unfound
,,,,,,,4177608608,,,,4177608608,Unfound
,,,,,,,1023545855182,,,,,Unfound
,,,,,,,9081656707,,,,9081656707,Unfound
,,,,,,,1900037101795,,,,,Unfound
,,,,,,,9203188204,,,,9203188204,Unfound
,,,,,,,1712462825008,,,,,Unfound
,,,,,,,1717253995500,,,,,Unfound
,,,,,,,1900001325124,,,,,Unfound
,,,,,,,1100023137758,,,,,Unfound
,,,,,,,4177959301,,,,35764,Unfound
,,,,,,,4248749710,,,,47756,Unfound
,,,,,,,8853489003,,,,98659,Unfound
,,,,,,,9081702800,,,,36,Unfound
,,,,,,,1900040000607,,,,,Unfound
,,,,,,,1712485434004,,,,,Unfound
,,,,,,,1323827503,,,,3158,Unfound
,,,,,,,1100023179711,,,,,Unfound
,,,,,,,1900002019717,,,,,Unfound
,,,,,,,4177959604,,,,4177959604,Unfound
,,,,,,,1900041383143,,,,,Unfound
,,,,,,,4249086109,,,,40796,Unfound
,,,,,,,8853519704,,,,3872,Unfound
,,,,,,,1030000352598,,,,,Unfound
,,,,,,,9081780001,,,,112856,Unfound
,,,,,,,1712496671850,,,,,Unfound
,,,,,,,1100023222242,,,,,Unfound
,,,,,,,1800014778321,,,,,Unfound
,,,,,,,1900003036801,,,,,Unfound
,,,,,,,4178103605,,,,62750,Unfound
,,,,,,,4249281410,,,,7672,Unfound
,,,,,,,9081800901,,,,39057,Unfound
,,,,,,,1900004135284,,,,,Unfound
,,,,,,,1900042002518,,,,,Unfound
,,,,,,,1800014930094,,,,,Unfound
,,,,,,,4178567805,,,,48512,Unfound
,,,,,,,1900042021316,,,,,Unfound
,,,,,,,1030010268126,,,,,Unfound
,,,,,,,4249725510,,,,21180,Unfound
,,,,,,,9081856805,,,,44614,Unfound
,,,,,,,8853540706,,,,14237,Unfound
,,,,,,,1030007467870,,,,,Unfound
,,,,,,,1712794493002,,,,,Unfound
,,,,,,,1100023330124,,,,,Unfound
,,,,,,,4178579408,,,,23480,Unfound
,,,,,,,4249753706,,,,1,Unfound
,,,,,,,1800015697773,,,,,Unfound
,,,,,,,8853671800,,,,52141,Unfound
,,,,,,,9305976101,,,,30077,Unfound
,,,,,,,1713500411400,,,,,Unfound
,,,,,,,1100023372737,,,,,Unfound
,,,,,,,1900060045045,,,,,Unfound
,,,,,,,1900004383537,,,,,Unfound
,,,,,,,1030014486558,,,,,Unfound
,,,,,,,4249753807,,,,20771,Unfound
,,,,,,,1800017227504,,,,,Unfound
,,,,,,,1030014566130,,,,,Unfound
,,,,,,,9081888302,,,,1,Unfound
,,,,,,,8853673209,,,,8853673209,Unfound
,,,,,,,1328694008,,,,3212,Unfound
,,,,,,,8834390706,,,,8834390706,Unfound
,,,,,,,1713509530755,,,,,Unfound
,,,,,,,1800017533669,,,,,Unfound
,,,,,,,1900060685375,,,,,Unfound
,,,,,,,1900005190417,,,,,Unfound
,,,,,,,1100023539184,,,,,Unfound
,,,,,,,8853702403,,,,20489,Unfound
,,,,,,,4250807001,,,,26842,Unfound
,,,,,,,4178914508,,,,24776,Unfound
,,,,,,,9081914400,,,,1,Unfound
,,,,,,,1900090781909,,,,,Unfound
,,,,,,,1100023539389,,,,,Unfound
,,,,,,,1900005275726,,,,,Unfound
,,,,,,,1714132581408,,,,,Unfound
,,,,,,,1030022026415,,,,,Unfound
,,,,,,,4250868605,,,,4250868605,Unfound
,,,,,,,1800018747178,,,,,Unfound
,,,,,,,4178974302,,,,160334,Unfound
,,,,,,,8853709709,,,,8853709709,Unfound
,,,,,,,1900090983546,,,,,Unfound
,,,,,,,1714132803107,,,,,Unfound
,,,,,,,1030023593177,,,,,Unfound
,,,,,,,1800018777145,,,,,Unfound
,,,,,,,1900005329860,,,,,Unfound
,,,,,,,1100023626181,,,,,Unfound
,,,,,,,4250928507,,,,13251,Unfound
,,,,,,,4179145806,,,,21750,Unfound
,,,,,,,2000001405376,,,,,Unfound
,,,,,,,1030025176958,,,,,Unfound
,,,,,,,1714155642458,,,,,Unfound
,,,,,,,1800019169271,,,,,Unfound
,,,,,,,1100023638521,,,,,Unfound
,,,,,,,4179152208,,,,382,Unfound
,,,,,,,4250929307,,,,8452,Unfound
,,,,,,,8853865701,,,,38835,Unfound
,,,,,,,2000001756849,,,,,Unfound
,,,,,,,1714311570304,,,,,Unfound
,,,,,,,1800019402276,,,,,Unfound
,,,,,,,9081996103,,,,1,Unfound
,,,,,,,1100023661520,,,,,Unfound
,,,,,,,1900006137371,,,,,Unfound
,,,,,,,4179412601,,,,4179412601,Unfound
,,,,,,,4250973905,,,,49681,Unfound
,,,,,,,1348196408,,,,14591,Unfound
,,,,,,,1100023661576,,,,,Unfound
,,,,,,,1800020043452,,,,,Unfound
,,,,,,,1900006336895,,,,,Unfound
,,,,,,,1714425514209,,,,,Unfound
,,,,,,,2000002582182,,,,,Unfound
,,,,,,,4179419705,,,,4179419705,Unfound
,,,,,,,4251878310,,,,4251878310,Unfound
,,,,,,,8854001310,,,,4430,Unfound
,,,,,,,9082037403,,,,55767,Unfound
,,,,,,,1030035304777,,,,,Unfound
,,,,,,,1714752820554,,,,,Unfound
,,,,,,,1800020879282,,,,,Unfound
,,,,,,,1900007000260,,,,,Unfound
,,,,,,,2000003076114,,,,,Unfound
,,,,,,,1100023675880,,,,,Unfound
,,,,,,,8854102507,,,,1,Unfound
,,,,,,,4181919208,,,,27446,Unfound
,,,,,,,4251915009,,,,9760,Unfound
,,,,,,,1030051322439,,,,,Unfound
,,,,,,,9082140003,,,,7315,Unfound
,,,,,,,2000003795228,,,,,Unfound
,,,,,,,1800021417662,,,,,Unfound
,,,,,,,1900007001421,,,,,Unfound
,,,,,,,4251949105,,,,1,Unfound
,,,,,,,4182068807,,,,4182068807,Unfound
,,,,,,,2000004489183,,,,,Unfound
,,,,,,,1100023681340,,,,,Unfound
,,,,,,,1715256004824,,,,,Unfound
,,,,,,,1030058112959,,,,,Unfound
,,,,,,,1800021548602,,,,,Unfound
,,,,,,,1100023682432,,,,,Unfound
,,,,,,,4182294401,,,,4182294401,Unfound
,,,,,,,4252023807,,,,4252023807,Unfound
,,,,,,,8854146808,,,,8854146808,Unfound
,,,,,,,2000004594756,,,,,Unfound
,,,,,,,1030066233560,,,,,Unfound
,,,,,,,1100023687671,,,,,Unfound
,,,,,,,4182336402,,,,39041,Unfound
,,,,,,,4252084300,,,,27540,Unfound
,,,,,,,9082538100,,,,130182,Unfound
,,,,,,,1348764307,,,,50328,Unfound
,,,,,,,9171526403,,,,19272,Unfound
,,,,,,,1800022242295,,,,,Unfound
,,,,,,,2000007172030,,,,,Unfound
,,,,,,,1050000078057,,,,,Unfound
,,,,,,,2000007464614,,,,,Unfound
,,,,,,,1900008258592,,,,,Unfound
,,,,,,,1100023777225,,,,,Unfound
,,,,,,,1800022262812,,,,,Unfound
,,,,,,,1715398643118,,,,,Unfound
,,,,,,,1900009072949,,,,,Unfound
,,,,,,,1100023781480,,,,,Unfound
,,,,,,,4183054700,,,,37506,Unfound
,,,,,,,4252510201,,,,1,Unfound
,,,,,,,8854534200,,,,724,Unfound
,,,,,,,9082743101,,,,11575,Unfound
,,,,,,,1100000239337,,,,,Unfound
,,,,,,,1800022851181,,,,,Unfound
,,,,,,,2000008520952,,,,,Unfound
,,,,,,,4183327900,,,,674,Unfound
,,,,,,,1715409630954,,,,,Unfound
,,,,,,,1100023865778,,,,,Unfound
,,,,,,,1900009361403,,,,,Unfound
,,,,,,,2000008661087,,,,,Unfound
,,,,,,,1100000921770,,,,,Unfound
,,,,,,,9082795008,,,,37415,Unfound
,,,,,,,1715466695001,,,,,Unfound
,,,,,,,8854590008,,,,32260,Unfound
,,,,,,,1800023100981,,,,,Unfound
,,,,,,,1100023990850,,,,,Unfound
,,,,,,,4184893703,,,,1,Unfound
,,,,,,,4253024500,,,,24898,Unfound
,,,,,,,8854608506,,,,8854608506,Unfound
,,,,,,,9082821802,,,,52913,Unfound
,,,,,,,1716010525015,,,,,Unfound
,,,,,,,1100000993630,,,,,Unfound
,,,,,,,1100024039918,,,,,Unfound
,,,,,,,2000009097156,,,,,Unfound
,,,,,,,4253379807,,,,4253379807,Unfound
,,,,,,,8854609901,,,,8854609901,Unfound
,,,,,,,9082879205,,,,3718,Unfound
,,,,,,,1351640203,,,,1,Unfound
,,,,,,,1100001012022,,,,,Unfound
,,,,,,,1716128106008,,,,,Unfound
,,,,,,,2000011599331,,,,,Unfound
,,,,,,,1800023382170,,,,,Unfound
,,,,,,,1100024040212,,,,,Unfound
,,,,,,,4185406704,,,,24601,Unfound
,,,,,,,4253849010,,,,4253849010,Unfound
,,,,,,,2000014338222,,,,,Unfound
,,,,,,,9082992908,,,,290869,Unfound
,,,,,,,8854759101,,,,12006,Unfound
,,,,,,,1100001149766,,,,,Unfound
,,,,,,,1716307604008,,,,,Unfound
,,,,,,,1800024402757,,,,,Unfound
,,,,,,,1900011276360,,,,,Unfound
,,,,,,,1100024208071,,,,,Unfound
,,,,,,,4254403704,,,,1,Unfound
,,,,,,,8854823005,,,,36217,Unfound
,,,,,,,9083032903,,,,33716,Unfound
,,,,,,,1100001378928,,,,,Unfound
,,,,,,,1716503321001,,,,,Unfound
,,,,,,,2000014955704,,,,,Unfound
,,,,,,,1800024527368,,,,,Unfound
,,,,,,,1100024215501,,,,,Unfound
,,,,,,,1900011307911,,,,,Unfound
,,,,,,,2000015252383,,,,,Unfound
,,,,,,,8855019009,,,,83403,Unfound
,,,,,,,9083106906,,,,12729,Unfound
,,,,,,,4254458000,,,,23619,Unfound
,,,,,,,1800024783408,,,,,Unfound
,,,,,,,1900011347384,,,,,Unfound
,,,,,,,1100024279471,,,,,Unfound
,,,,,,,1716740953505,,,,,Unfound
,,,,,,,4254637101,,,,25852,Unfound
,,,,,,,8855099707,,,,9081,Unfound
,,,,,,,9083227402,,,,133120,Unfound
,,,,,,,1100001577430,,,,,Unfound
,,,,,,,1800025204869,,,,,Unfound
,,,,,,,2000015822280,,,,,Unfound
,,,,,,,1900011357285,,,,,Unfound
,,,,,,,1716847646209,,,,,Unfound
,,,,,,,4185733405,,,,4185733405,Unfound
,,,,,,,4254755410,,,,2083,Unfound
,,,,,,,1356304403,,,,108072,Unfound
,,,,,,,9083635406,,,,208479,Unfound
,,,,,,,1800025335473,,,,,Unfound
,,,,,,,1717015776409,,,,,Unfound
,,,,,,,1900013193618,,,,,Unfound
,,,,,,,2000017187442,,,,,Unfound
,,,,,,,4186387608,,,,39631,Unfound
,,,,,,,1100024503922,,,,,Unfound
,,,,,,,4255586407,,,,2009,Unfound
,,,,,,,8855129005,,,,8855129005,Unfound
,,,,,,,2000019717445,,,,,Unfound
,,,,,,,1100002030031,,,,,Unfound
,,,,,,,1717047576631,,,,,Unfound
,,,,,,,1900013283519,,,,,Unfound
,,,,,,,1100024519374,,,,,Unfound
,,,,,,,8855166606,,,,3482,Unfound
,,,,,,,4186419202,,,,41488,Unfound
,,,,,,,1100002241807,,,,,Unfound
,,,,,,,9083750103,,,,20369,Unfound
,,,,,,,1717050563119,,,,,Unfound
,,,,,,,2000021210049,,,,,Unfound
,,,,,,,1800025959287,,,,,Unfound
,,,,,,,1900013291087,,,,,Unfound
,,,,,,,4186436808,,,,1,Unfound
,,,,,,,8855562704,,,,46571,Unfound
,,,,,,,4255823406,,,,1,Unfound
,,,,,,,9083797208,,,,9083797208,Unfound
,,,,,,,1717192666015,,,,,Unfound
,,,,,,,1800026064801,,,,,Unfound
,,,,,,,1100024587286,,,,,Unfound
,,,,,,,1100002355513,,,,,Unfound
,,,,,,,4186469105,,,,37477,Unfound
,,,,,,,4255847802,,,,4255847802,Unfound
,,,,,,,9083831709,,,,9083831709,Unfound
,,,,,,,2316511010010,,,,,Unfound
,,,,,,,1591047499100,,,,,Unfound
,,,,,,,8855567905,,,,74394,Unfound
,,,,,,,1452225102,,,,270,Unfound
,,,,,,,1620000718478,,,,,Unfound
,,,,,,,1100011224019,,,,,Unfound
,,,,,,,1100024599928,,,,,Unfound
,,,,,,,8936940508,,,,41447,Unfound
,,,,,,,16501306,,,,233622,Unfound
,,,,,,,8855592500,,,,78589,Unfound
,,,,,,,3385849902,,,,8421,Unfound
,,,,,,,9163930403,,,,38816,Unfound
,,,,,,,2321552180711,,,,,Unfound
,,,,,,,1620001107308,,,,,Unfound
,,,,,,,2199992265836,,,,,Unfound
,,,,,,,1100012049299,,,,,Unfound
,,,,,,,8855781806,,,,18124,Unfound
,,,,,,,8937122209,,,,1,Unfound
,,,,,,,1591047662431,,,,,Unfound
,,,,,,,1100012811161,,,,,Unfound
,,,,,,,1640000253394,,,,,Unfound
,,,,,,,16616604,,,,16616604,Unfound
,,,,,,,2326112689110,,,,,Unfound
,,,,,,,3386436107,,,,5060,Unfound
,,,,,,,2199992519411,,,,,Unfound
,,,,,,,1100024640275,,,,,Unfound
,,,,,,,16625010,,,,46366,Unfound
,,,,,,,2326382550518,,,,,Unfound
,,,,,,,2199992584703,,,,,Unfound
,,,,,,,8937359600,,,,55961,Unfound
,,,,,,,1100013918313,,,,,Unfound
,,,,,,,16714402,,,,51108,Unfound
,,,,,,,3386752903,,,,3386752903,Unfound
,,,,,,,8855927909,,,,8855927909,Unfound
,,,,,,,9203704701,,,,11968,Unfound
,,,,,,,2326530734112,,,,,Unfound
,,,,,,,1712337220356,,,,,Unfound
,,,,,,,1591048362372,,,,,Unfound
,,,,,,,1100024680589,,,,,Unfound
,,,,,,,1100014167152,,,,,Unfound
,,,,,,,1100024730938,,,,,Unfound
,,,,,,,8856137402,,,,,Unfound
,,,,,,,16717206,,,,60588,Unfound
,,,,,,,1591048841036,,,,,Unfound
,,,,,,,3387888103,,,,8587,Unfound
,,,,,,,1452231209,,,,17217,Unfound
,,,,,,,1714207871202,,,,,Unfound
,,,,,,,1100014174638,,,,,Unfound
,,,,,,,2199992748805,,,,,Unfound
,,,,,,,8856187305,,,,7425,Unfound
,,,,,,,1100024769350,,,,,Unfound
,,,,,,,8937509009,,,,8937509009,Unfound
,,,,,,,16746404,,,,16746404,Unfound
,,,,,,,3397642604,,,,3397642604,Unfound
,,,,,,,1715460472326,,,,,Unfound
,,,,,,,9164070103,,,,9164070103,Unfound
,,,,,,,2199992891151,,,,,Unfound
,,,,,,,1100024859809,,,,,Unfound
,,,,,,,8937527909,,,,207922,Unfound
,,,,,,,8856235110,,,,31098,Unfound
,,,,,,,16802500,,,,35555,Unfound
,,,,,,,2330731606710,,,,,Unfound
,,,,,,,1591049215730,,,,,Unfound
,,,,,,,3405359405,,,,107918,Unfound
,,,,,,,1716026277601,,,,,Unfound
,,,,,,,1100024910864,,,,,Unfound
,,,,,,,2199993490083,,,,,Unfound
,,,,,,,8856239208,,,,27241,Unfound
,,,,,,,8937537710,,,,43321,Unfound
,,,,,,,16859002,,,,134901,Unfound
,,,,,,,1591049642232,,,,,Unfound
,,,,,,,3412896602,,,,1,Unfound
,,,,,,,2330907480510,,,,,Unfound
,,,,,,,1716336364106,,,,,Unfound
,,,,,,,1100014495051,,,,,Unfound
,,,,,,,1100025042061,,,,,Unfound
,,,,,,,8856370206,,,,90267,Unfound
,,,,,,,8937575707,,,,7433,Unfound
,,,,,,,2199993548478,,,,,Unfound
,,,,,,,16967106,,,,16967106,Unfound
,,,,,,,3413456601,,,,68281,Unfound
,,,,,,,1716670436008,,,,,Unfound
,,,,,,,2331490734819,,,,,Unfound
,,,,,,,2199993566245,,,,,Unfound
,,,,,,,1100014950498,,,,,Unfound
,,,,,,,1591050282780,,,,,Unfound
,,,,,,,8937580408,,,,142982,Unfound
,,,,,,,1453581410,,,,13133,Unfound
,,,,,,,16987303,,,,16987303,Unfound
,,,,,,,3919344207,,,,17613,Unfound
,,,,,,,1800014500128,,,,,Unfound
,,,,,,,1591050820700,,,,,Unfound
,,,,,,,2332360232016,,,,,Unfound
,,,,,,,2199994152016,,,,,Unfound
,,,,,,,1100015597809,,,,,Unfound
,,,,,,,8856381705,,,,,Unfound
,,,,,,,8937781508,,,,8937781508,Unfound
,,,,,,,1100025162082,,,,,Unfound
,,,,,,,17088700,,,,21066,Unfound
,,,,,,,1800014792159,,,,,Unfound
,,,,,,,1591051114400,,,,,Unfound
,,,,,,,2333960834814,,,,,Unfound
,,,,,,,2199994160062,,,,,Unfound
,,,,,,,1100018526971,,,,,Unfound
,,,,,,,8856466803,,,,8856466803,Unfound
,,,,,,,1100025227837,,,,,Unfound
,,,,,,,1800016817284,,,,,Unfound
,,,,,,,2334530168019,,,,,Unfound
,,,,,,,2199994174696,,,,,Unfound
,,,,,,,8856694008,,,,30236,Unfound
,,,,,,,8938053401,,,,8938053401,Unfound
,,,,,,,17638002,,,,63317,Unfound
,,,,,,,3940906308,,,,3940906308,Unfound
,,,,,,,1591051694700,,,,,Unfound
,,,,,,,1800018399348,,,,,Unfound
,,,,,,,1100019087360,,,,,Unfound
,,,,,,,2336021862917,,,,,Unfound
,,,,,,,2199994174739,,,,,Unfound
,,,,,,,1100025277243,,,,,Unfound
,,,,,,,8938127707,,,,27337,Unfound
,,,,,,,3943197500,,,,12,Unfound
,,,,,,,1800018944550,,,,,Unfound
,,,,,,,17682701,,,,17682701,Unfound
,,,,,,,2336530001011,,,,,Unfound
,,,,,,,1100025286902,,,,,Unfound
,,,,,,,8938217001,,,,175861,Unfound
,,,,,,,1591052605747,,,,,Unfound
,,,,,,,17795108,,,,236172,Unfound
,,,,,,,1455147000,,,,37824,Unfound
,,,,,,,1100019740108,,,,,Unfound
,,,,,,,2199994437132,,,,,Unfound
,,,,,,,1800022370128,,,,,Unfound
,,,,,,,2352225233110,,,,,Unfound
,,,,,,,1100025294202,,,,,Unfound
,,,,,,,8856841309,,,,8856841309,Unfound
,,,,,,,17885906,,,,46320,Unfound
,,,,,,,1591053177990,,,,,Unfound
,,,,,,,2199994680371,,,,,Unfound
,,,,,,,1100025318564,,,,,Unfound
,,,,,,,2355571156913,,,,,Unfound
,,,,,,,8856927802,,,,101354,Unfound
,,,,,,,1591053830037,,,,,Unfound
,,,,,,,17973510,,,,59100,Unfound
,,,,,,,1100020288143,,,,,Unfound
,,,,,,,1800025335784,,,,,Unfound
,,,,,,,2362414039916,,,,,Unfound
,,,,,,,1100025340212,,,,,Unfound
,,,,,,,2372720295014,,,,,Unfound
,,,,,,,8938457302,,,,186961,Unfound
,,,,,,,1591055036270,,,,,Unfound
,,,,,,,3979815908,,,,6533,Unfound
,,,,,,,8856960609,,,,1,Unfound
,,,,,,,1800028478670,,,,,Unfound
,,,,,,,1100020319484,,,,,Unfound
,,,,,,,2199995253940,,,,,Unfound
,,,,,,,8856962310,,,,2232,Unfound
,,,,,,,8938496009,,,,5745,Unfound
,,,,,,,18231706,,,,,Unfound
,,,,,,,2374751275618,,,,,Unfound
,,,,,,,3981840906,,,,33971,Unfound
,,,,,,,1100020364185,,,,,Unfound
,,,,,,,2199995520660,,,,,Unfound
,,,,,,,1800035131376,,,,,Unfound
,,,,,,,8857033900,,,,6951,Unfound
,,,,,,,18472605,,,,18472605,Unfound
,,,,,,,1477446605,,,,1477446605,Unfound
,,,,,,,2380000047300,,,,,Unfound
,,,,,,,3985602506,,,,3985602506,Unfound
,,,,,,,1591055309294,,,,,Unfound
,,,,,,,2199995584840,,,,,Unfound
,,,,,,,1100025403699,,,,,Unfound
,,,,,,,1100020864309,,,,,Unfound
,,,,,,,8857067603,,,,19661,Unfound
,,,,,,,8938538908,,,,27049,Unfound
,,,,,,,3987928401,,,,24519,Unfound
,,,,,,,9165271702,,,,12132,Unfound
,,,,,,,1100020956847,,,,,Unfound
,,,,,,,1591055525173,,,,,Unfound
,,,,,,,1800035204787,,,,,Unfound
,,,,,,,2380002453366,,,,,Unfound
,,,,,,,2199996032229,,,,,Unfound
,,,,,,,3988426808,,,,19292,Unfound
,,,,,,,1100021103349,,,,,Unfound
,,,,,,,1800035313040,,,,,Unfound
,,,,,,,2199996217000,,,,,Unfound
,,,,,,,8857072809,,,,8857072809,Unfound
,,,,,,,18947604,,,,179927,Unfound
,,,,,,,1100025536956,,,,,Unfound
,,,,,,,3998226604,,,,1,Unfound
,,,,,,,1591056078138,,,,,Unfound
,,,,,,,1800036596900,,,,,Unfound
,,,,,,,2394000135323,,,,,Unfound
,,,,,,,1100021173860,,,,,Unfound
,,,,,,,2199997654054,,,,,Unfound
,,,,,,,1100025537189,,,,,Unfound
,,,,,,,8857187108,,,,154287,Unfound
,,,,,,,8938801807,,,,104965,Unfound
,,,,,,,1591056099564,,,,,Unfound
,,,,,,,1100024558188,,,,,Unfound
,,,,,,,1800051484094,,,,,Unfound
,,,,,,,4029247103,,,,90,Unfound
,,,,,,,2199997872010,,,,,Unfound
,,,,,,,8857579900,,,,8857579900,Unfound
,,,,,,,4153527710,,,,12878,Unfound
,,,,,,,2500001812502,,,,,Unfound
,,,,,,,1100024569116,,,,,Unfound
,,,,,,,1100025564304,,,,,Unfound
,,,,,,,1591056691990,,,,,Unfound
,,,,,,,1800053658638,,,,,Unfound
,,,,,,,19330006,,,,137672,Unfound
,,,,,,,1012346288456,,,,,Unfound
,,,,,,,9165363404,,,,50047,Unfound
,,,,,,,1800053883432,,,,,Unfound
,,,,,,,2199998230430,,,,,Unfound
,,,,,,,1591056739221,,,,,Unfound
,,,,,,,1100025619200,,,,,Unfound
,,,,,,,8857671001,,,,,Unfound
,,,,,,,8939017503,,,,39004,Unfound
,,,,,,,9297319807,,,,34131,Unfound
,,,,,,,19672506,,,,176061,Unfound
,,,,,,,1012347151878,,,,,Unfound
,,,,,,,1591057553571,,,,,Unfound
,,,,,,,2199998233723,,,,,Unfound
,,,,,,,1100039370209,,,,,Unfound
,,,,,,,1100025659861,,,,,Unfound
,,,,,,,8857997301,,,,67,Unfound
,,,,,,,19942004,,,,59582,Unfound
,,,,,,,8939071902,,,,23042,Unfound
,,,,,,,1591058239054,,,,,Unfound
,,,,,,,1012352996400,,,,,Unfound
,,,,,,,1800061061683,,,,,Unfound
,,,,,,,2199998236956,,,,,Unfound
,,,,,,,8858258705,,,,84415,Unfound
,,,,,,,19954101,,,,45143,Unfound
,,,,,,,8939139708,,,,1,Unfound
,,,,,,,1012368206992,,,,,Unfound
,,,,,,,4206227106,,,,4206227106,Unfound
,,,,,,,1591058277779,,,,,Unfound
,,,,,,,1100039608627,,,,,Unfound
,,,,,,,1900001044387,,,,,Unfound
,,,,,,,9204367804,,,,9204367804,Unfound
,,,,,,,1100039218781,,,,,Unfound
,,,,,,,8858416506,,,,1,Unfound
,,,,,,,20067505,,,,20067505,Unfound
,,,,,,,4208260406,,,,4208260406,Unfound
,,,,,,,1591059164269,,,,,Unfound
,,,,,,,1900003174422,,,,,Unfound
,,,,,,,1100770007396,,,,,Unfound
,,,,,,,8858665909,,,,19107,Unfound
,,,,,,,20191708,,,,68789,Unfound
,,,,,,,1012374473114,,,,,Unfound
,,,,,,,1591059357706,,,,,Unfound
,,,,,,,2199998910562,,,,,Unfound
,,,,,,,9166187101,,,,11379,Unfound
,,,,,,,1100039239179,,,,,Unfound
,,,,,,,21117409,,,,21117409,Unfound
,,,,,,,8939403003,,,,8939403003,Unfound
,,,,,,,8858791903,,,,160563,Unfound
,,,,,,,4226859504,,,,15548,Unfound
,,,,,,,1012380739695,,,,,Unfound
,,,,,,,2199999113466,,,,,Unfound
,,,,,,,1900006355898,,,,,Unfound
,,,,,,,1160000372792,,,,,Unfound
,,,,,,,8858980906,,,,331,Unfound
,,,,,,,1591059649731,,,,,Unfound
,,,,,,,4232302709,,,,4232302709,Unfound
,,,,,,,1100039242000,,,,,Unfound
,,,,,,,1160000921314,,,,,Unfound
,,,,,,,1900009110540,,,,,Unfound
,,,,,,,1012391027364,,,,,Unfound
,,,,,,,2199999343357,,,,,Unfound
,,,,,,,8939583301,,,,52811,Unfound
,,,,,,,8859027601,,,,81,Unfound
,,,,,,,1100039245410,,,,,Unfound
,,,,,,,1591059677748,,,,,Unfound
,,,,,,,1170000116426,,,,,Unfound
,,,,,,,1900011177580,,,,,Unfound
,,,,,,,2199999369610,,,,,Unfound
,,,,,,,21261304,,,,55897,Unfound
,,,,,,,4236921107,,,,1,Unfound
,,,,,,,8939614903,,,,1,Unfound
,,,,,,,8859039900,,,,39758,Unfound
,,,,,,,1012400000000,,,,,Unfound
,,,,,,,21434803,,,,237963,Unfound
,,,,,,,4237553401,,,,16725,Unfound
,,,,,,,1591060097968,,,,,Unfound
,,,,,,,1012402651107,,,,,Unfound
,,,,,,,1900011245920,,,,,Unfound
,,,,,,,1100039352510,,,,,Unfound
,,,,,,,2199999412930,,,,,Unfound
,,,,,,,8939642908,,,,8939642908,Unfound
,,,,,,,4241665904,,,,4241665904,Unfound
,,,,,,,9167130110,,,,9167130110,Unfound
,,,,,,,21564109,,,,125642,Unfound
,,,,,,,1012403381813,,,,,Unfound
,,,,,,,1900012114810,,,,,Unfound
,,,,,,,1200020577688,,,,,Unfound
,,,,,,,2199999495139,,,,,Unfound
,,,,,,,1100039355594,,,,,Unfound
,,,,,,,8859313310,,,,169534,Unfound
,,,,,,,1012405085652,,,,,Unfound
,,,,,,,21750308,,,,1,Unfound
,,,,,,,1900015277410,,,,,Unfound
,,,,,,,1591060513747,,,,,Unfound
,,,,,,,4245418604,,,,20426,Unfound
,,,,,,,2199999810432,,,,,Unfound
,,,,,,,1200021727705,,,,,Unfound
,,,,,,,1100039355655,,,,,Unfound
,,,,,,,22008409,,,,33816,Unfound
,,,,,,,9081001107,,,,9081001107,Unfound
,,,,,,,4250869405,,,,4250869405,Unfound
,,,,,,,8859313501,,,,1,Unfound
,,,,,,,1900016144924,,,,,Unfound
,,,,,,,1012406061086,,,,,Unfound
,,,,,,,1200021741782,,,,,Unfound
,,,,,,,1100039357839,,,,,Unfound
,,,,,,,8859314009,,,,8859314009,Unfound
,,,,,,,8894307000,,,,114262,Unfound
,,,,,,,2200010000000,,,,,Unfound
,,,,,,,9081036104,,,,9081036104,Unfound
,,,,,,,1012406329728,,,,,Unfound
,,,,,,,22046002,,,,22046002,Unfound
,,,,,,,1200021864369,,,,,Unfound
,,,,,,,1900017417025,,,,,Unfound
,,,,,,,2200010178789,,,,,Unfound
,,,,,,,1100039362972,,,,,Unfound
,,,,,,,9081052405,,,,2162,Unfound
,,,,,,,8859346505,,,,10585,Unfound
,,,,,,,22165010,,,,22165010,Unfound
,,,,,,,5004020303,,,,4017,Unfound
,,,,,,,1200025954254,,,,,Unfound
,,,,,,,1508439600,,,,19230,Unfound
,,,,,,,2000000621876,,,,,Unfound
,,,,,,,9167380010,,,,5041,Unfound
,,,,,,,2000008857464,,,,,Unfound
,,,,,,,2000017394692,,,,,Unfound
,,,,,,,4203907607,,,,4203907607,Unfound
,,,,,,,8849850510,,,,8849850510,Unfound
,,,,,,,8929674006,,,,8929674006,Unfound
,,,,,,,2000000668660,,,,,Unfound
,,,,,,,2000008990802,,,,,Unfound
,,,,,,,2000017415952,,,,,Unfound
,,,,,,,1100039370087,,,,,Unfound
,,,,,,,4203975602,,,,4203975602,Unfound
,,,,,,,8849937500,,,,120937,Unfound
,,,,,,,1415024320000,,,,,Unfound
,,,,,,,8929701005,,,,141581,Unfound
,,,,,,,1800035290874,,,,,Unfound
,,,,,,,2000009048292,,,,,Unfound
,,,,,,,2000000672899,,,,,Unfound
,,,,,,,2000017476802,,,,,Unfound
,,,,,,,4204253905,,,,3514,Unfound
,,,,,,,8929711300,,,,20142,Unfound
,,,,,,,8849953408,,,,,Unfound
,,,,,,,9204906101,,,,6337,Unfound
,,,,,,,1800035291371,,,,,Unfound
,,,,,,,1200026161190,,,,,Unfound
,,,,,,,2000017599977,,,,,Unfound
,,,,,,,2000009871362,,,,,Unfound
,,,,,,,8849982707,,,,9858,Unfound
,,,,,,,8929731609,,,,8929731609,Unfound
,,,,,,,1540360806,,,,1540360806,Unfound
,,,,,,,2000000674051,,,,,Unfound
,,,,,,,1800035293138,,,,,Unfound
,,,,,,,2000018413023,,,,,Unfound
,,,,,,,2000009879041,,,,,Unfound
,,,,,,,4204455401,,,,4527,Unfound
,,,,,,,8929887102,,,,64799,Unfound
,,,,,,,1800035293866,,,,,Unfound
,,,,,,,2000001139599,,,,,Unfound
,,,,,,,2000018592341,,,,,Unfound
,,,,,,,1100039376274,,,,,Unfound
,,,,,,,8850173802,,,,31079,Unfound
,,,,,,,1416166800004,,,,,Unfound
,,,,,,,8930111909,,,,52381,Unfound
,,,,,,,1200026328744,,,,,Unfound
,,,,,,,1800035295358,,,,,Unfound
,,,,,,,4204736600,,,,7202,Unfound
,,,,,,,2000001373690,,,,,Unfound
,,,,,,,2000010470335,,,,,Unfound
,,,,,,,1100039501787,,,,,Unfound
,,,,,,,8850174703,,,,12602,Unfound
,,,,,,,4205064503,,,,20262,Unfound
,,,,,,,1800035301426,,,,,Unfound
,,,,,,,1200026366926,,,,,Unfound
,,,,,,,2000019090992,,,,,Unfound
,,,,,,,1100039509689,,,,,Unfound
,,,,,,,2000001629510,,,,,Unfound
,,,,,,,4205288009,,,,26446,Unfound
,,,,,,,8850217706,,,,8850217706,Unfound
,,,,,,,1200026494576,,,,,Unfound
,,,,,,,8930252501,,,,8930252501,Unfound
,,,,,,,1800035305332,,,,,Unfound
,,,,,,,2000001780113,,,,,Unfound
,,,,,,,1418202003006,,,,,Unfound
,,,,,,,2000010539730,,,,,Unfound
,,,,,,,2000019400433,,,,,Unfound
,,,,,,,1100039509829,,,,,Unfound
,,,,,,,8850489403,,,,293963,Unfound
,,,,,,,4205336510,,,,13339,Unfound
,,,,,,,2000002073432,,,,,Unfound
,,,,,,,2000019519254,,,,,Unfound
,,,,,,,1418950490007,,,,,Unfound
,,,,,,,2000011030189,,,,,Unfound
,,,,,,,8930254808,,,,308070,Unfound
,,,,,,,1800035320172,,,,,Unfound
,,,,,,,1100039512120,,,,,Unfound
,,,,,,,4205349104,,,,75710,Unfound
,,,,,,,1800035336377,,,,,Unfound
,,,,,,,1419247103008,,,,,Unfound
,,,,,,,9202798608,,,,301265,Unfound
,,,,,,,1100050185644,,,,,Unfound
,,,,,,,2000019621199,,,,,Unfound
,,,,,,,2000011642270,,,,,Unfound
,,,,,,,1419358181000,,,,,Unfound
,,,,,,,1200026702802,,,,,Unfound
,,,,,,,8930261502,,,,112369,Unfound
,,,,,,,1100050195633,,,,,Unfound
,,,,,,,2000011817081,,,,,Unfound
,,,,,,,4206816507,,,,1609,Unfound
,,,,,,,1200026761339,,,,,Unfound
,,,,,,,2000002150938,,,,,Unfound
,,,,,,,1800036580101,,,,,Unfound
,,,,,,,2000019838308,,,,,Unfound
,,,,,,,2000012369238,,,,,Unfound
,,,,,,,4207314409,,,,4207314409,Unfound
,,,,,,,8930269709,,,,74529,Unfound
,,,,,,,9205149103,,,,97419,Unfound
,,,,,,,2000020116080,,,,,Unfound
,,,,,,,1800036584221,,,,,Unfound
,,,,,,,2000012496743,,,,,Unfound
,,,,,,,1100050376396,,,,,Unfound
,,,,,,,8850801300,,,,8850801300,Unfound
,,,,,,,4207468403,,,,4207468403,Unfound
,,,,,,,1200026962308,,,,,Unfound
,,,,,,,2000002523744,,,,,Unfound
,,,,,,,1420750100005,,,,,Unfound
,,,,,,,2000020624506,,,,,Unfound
,,,,,,,1100050420628,,,,,Unfound
,,,,,,,4207498109,,,,4207498109,Unfound
,,,,,,,1547811905,,,,26869,Unfound
,,,,,,,8930272709,,,,41929,Unfound
,,,,,,,1420838000007,,,,,Unfound
,,,,,,,2000002804253,,,,,Unfound
,,,,,,,2000020703112,,,,,Unfound
,,,,,,,2000012843296,,,,,Unfound
,,,,,,,1100050677510,,,,,Unfound
,,,,,,,8850953200,,,,69941,Unfound
,,,,,,,4207549201,,,,14536,Unfound
,,,,,,,8930278609,,,,56294,Unfound
,,,,,,,1200027031508,,,,,Unfound
,,,,,,,9167405808,,,,16477,Unfound
,,,,,,,1421220100008,,,,,Unfound
,,,,,,,1800036603549,,,,,Unfound
,,,,,,,2000003030350,,,,,Unfound
,,,,,,,2000020810923,,,,,Unfound
,,,,,,,1100050817700,,,,,Unfound
,,,,,,,8930279409,,,,143005,Unfound
,,,,,,,8850967301,,,,40628,Unfound
,,,,,,,4161204603,,,,12799,Unfound
,,,,,,,1800050316264,,,,,Unfound
,,,,,,,1422930000009,,,,,Unfound
,,,,,,,1100050819317,,,,,Unfound
,,,,,,,2000020930155,,,,,Unfound
,,,,,,,2000013391094,,,,,Unfound
,,,,,,,2000003070103,,,,,Unfound
,,,,,,,8930280607,,,,63560,Unfound
,,,,,,,1423026000000,,,,,Unfound
,,,,,,,2000003335845,,,,,Unfound
,,,,,,,1200027878092,,,,,Unfound
,,,,,,,1800050547804,,,,,Unfound
,,,,,,,2000013420666,,,,,Unfound
,,,,,,,2000021176451,,,,,Unfound
,,,,,,,1100051007915,,,,,Unfound
,,,,,,,1200028456795,,,,,Unfound
,,,,,,,8851102200,,,,945,Unfound
,,,,,,,4207751600,,,,4207751600,Unfound
,,,,,,,8930285404,,,,238361,Unfound
,,,,,,,1423960100009,,,,,Unfound
,,,,,,,2000003599976,,,,,Unfound
,,,,,,,1100051169699,,,,,Unfound
,,,,,,,4207915503,,,,90825,Unfound
,,,,,,,8851210102,,,,51031,Unfound
,,,,,,,2000013675028,,,,,Unfound
,,,,,,,1549421509,,,,47782,Unfound
,,,,,,,1800050617718,,,,,Unfound
,,,,,,,1423970200002,,,,,Unfound
,,,,,,,2000003667359,,,,,Unfound
,,,,,,,2000021591376,,,,,Unfound
,,,,,,,2000013829292,,,,,Unfound
,,,,,,,1200028642563,,,,,Unfound
,,,,,,,8930293010,,,,151264,Unfound
,,,,,,,9167616305,,,,18012,Unfound
,,,,,,,1424099000005,,,,,Unfound
,,,,,,,1800050633950,,,,,Unfound
,,,,,,,2000021823979,,,,,Unfound
,,,,,,,2000013925150,,,,,Unfound
,,,,,,,1100051225493,,,,,Unfound
,,,,,,,2000003667846,,,,,Unfound
,,,,,,,1200028876254,,,,,Unfound
,,,,,,,8851254100,,,,8851254100,Unfound
,,,,,,,4208501301,,,,4208501301,Unfound
,,,,,,,2000003833566,,,,,Unfound
,,,,,,,1100770001516,,,,,Unfound
,,,,,,,2000013975329,,,,,Unfound
,,,,,,,8851272708,,,,844,Unfound
,,,,,,,2000022335937,,,,,Unfound
,,,,,,,1424203000005,,,,,Unfound
,,,,,,,1424478000001,,,,,Unfound
,,,,,,,1200028975150,,,,,Unfound
,,,,,,,2000003938490,,,,,Unfound
,,,,,,,2000014127877,,,,,Unfound
,,,,,,,1800051283200,,,,,Unfound
,,,,,,,1100770233102,,,,,Unfound
,,,,,,,8851421205,,,,8851421205,Unfound
,,,,,,,1425074000008,,,,,Unfound
,,,,,,,1800051490450,,,,,Unfound
,,,,,,,2000003941350,,,,,Unfound
,,,,,,,8930307410,,,,8930307410,Unfound
,,,,,,,2000023067898,,,,,Unfound
,,,,,,,1100770380340,,,,,Unfound
,,,,,,,8851426103,,,,1,Unfound
,,,,,,,8930317402,,,,216513,Unfound
,,,,,,,1200029365330,,,,,Unfound
,,,,,,,1550185203,,,,117563,Unfound
,,,,,,,1425143200003,,,,,Unfound
,,,,,,,2000024513965,,,,,Unfound
,,,,,,,2000014567138,,,,,Unfound
,,,,,,,1800051557307,,,,,Unfound
,,,,,,,1100770471290,,,,,Unfound
,,,,,,,8851603604,,,,8851603604,Unfound
,,,,,,,4209107100,,,,31885,Unfound
,,,,,,,8930320806,,,,8930320806,Unfound
,,,,,,,1200029365828,,,,,Unfound
,,,,,,,1800051706778,,,,,Unfound
,,,,,,,2000015038961,,,,,Unfound
,,,,,,,1100770507946,,,,,Unfound
,,,,,,,4209130409,,,,25603,Unfound
,,,,,,,2000024733964,,,,,Unfound
,,,,,,,8851731602,,,,126314,Unfound
,,,,,,,8930321202,,,,8930321202,Unfound
,,,,,,,1200029366167,,,,,Unfound
,,,,,,,1800052878431,,,,,Unfound
,,,,,,,2000004474293,,,,,Unfound
,,,,,,,2000015073229,,,,,Unfound
,,,,,,,2000024742560,,,,,Unfound
,,,,,,,1414424831004,,,,,Unfound
,,,,,,,4209291905,,,,25982,Unfound
,,,,,,,8930326605,,,,8930326605,Unfound
,,,,,,,9205276200,,,,96042,Unfound
,,,,,,,1426355000002,,,,,Unfound
,,,,,,,2000004488213,,,,,Unfound
,,,,,,,2000025329183,,,,,Unfound
,,,,,,,2000015144632,,,,,Unfound
,,,,,,,1100770697096,,,,,Unfound
,,,,,,,4209292200,,,,11033,Unfound
,,,,,,,9307782906,,,,9307782906,Unfound
,,,,,,,1426462200005,,,,,Unfound
,,,,,,,2000004669950,,,,,Unfound
,,,,,,,2000025456936,,,,,Unfound
,,,,,,,1100770731677,,,,,Unfound
,,,,,,,1200029519480,,,,,Unfound
,,,,,,,1800053672172,,,,,Unfound
,,,,,,,1200029536936,,,,,Unfound
,,,,,,,4209922308,,,,23213,Unfound
,,,,,,,8851869609,,,,30304,Unfound
,,,,,,,1426651000005,,,,,Unfound
,,,,,,,1800053953443,,,,,Unfound
,,,,,,,2000015753290,,,,,Unfound
,,,,,,,2000025938441,,,,,Unfound
,,,,,,,1100770775178,,,,,Unfound
,,,,,,,8851870010,,,,13875,Unfound
,,,,,,,4210038505,,,,33974,Unfound
,,,,,,,9167681608,,,,113718,Unfound
,,,,,,,1800054049770,,,,,Unfound
,,,,,,,1200029642884,,,,,Unfound
,,,,,,,2000004728880,,,,,Unfound
,,,,,,,2000015980358,,,,,Unfound
,,,,,,,1100770871198,,,,,Unfound
,,,,,,,8851934010,,,,121769,Unfound
,,,,,,,1200029974510,,,,,Unfound
,,,,,,,1800054147653,,,,,Unfound
,,,,,,,2000005058400,,,,,Unfound
,,,,,,,1100770990017,,,,,Unfound
,,,,,,,2000026151390,,,,,Unfound
,,,,,,,1200030008379,,,,,Unfound
,,,,,,,8851998710,,,,30542,Unfound
,,,,,,,8930468704,,,,1368,Unfound
,,,,,,,1800054188153,,,,,Unfound
,,,,,,,2000005197869,,,,,Unfound
,,,,,,,2000016691013,,,,,Unfound
,,,,,,,1427399000007,,,,,Unfound
,,,,,,,2000027003062,,,,,Unfound
,,,,,,,1100770991873,,,,,Unfound
,,,,,,,4210265101,,,,20148,Unfound
,,,,,,,8852073000,,,,70367,Unfound
,,,,,,,8930965707,,,,58491,Unfound
,,,,,,,1800054338094,,,,,Unfound
,,,,,,,2000016769255,,,,,Unfound
,,,,,,,2000027308690,,,,,Unfound
,,,,,,,2000005731537,,,,,Unfound
,,,,,,,1160000174440,,,,,Unfound
,,,,,,,1427824500000,,,,,Unfound
,,,,,,,8852099703,,,,77166,Unfound
,,,,,,,4210295200,,,,10665,Unfound
,,,,,,,2000016931421,,,,,Unfound
,,,,,,,8930968208,,,,94701,Unfound
,,,,,,,1800054351796,,,,,Unfound
,,,,,,,1200030186480,,,,,Unfound
,,,,,,,1160000212538,,,,,Unfound
,,,,,,,2000027377996,,,,,Unfound
,,,,,,,8852145403,,,,15220,Unfound
,,,,,,,1200030254847,,,,,Unfound
,,,,,,,8930990010,,,,7320,Unfound
,,,,,,,9167698008,,,,72501,Unfound
,,,,,,,2000016966248,,,,,Unfound
,,,,,,,2000027419945,,,,,Unfound
,,,,,,,8852148308,,,,24647,Unfound
,,,,,,,1900001209311,,,,,Unfound
,,,,,,,2000005865277,,,,,Unfound
,,,,,,,1429052100005,,,,,Unfound
,,,,,,,2000017180075,,,,,Unfound
,,,,,,,2000005812104,,,,,Unfound
,,,,,,,1900000250790,,,,,Unfound
,,,,,,,4211012806,,,,1,Unfound
,,,,,,,9205667608,,,,41192,Unfound
,,,,,,,8931056506,,,,18126,Unfound
,,,,,,,2000005885487,,,,,Unfound
,,,,,,,2000017236453,,,,,Unfound
,,,,,,,1900002014579,,,,,Unfound
,,,,,,,1429086100000,,,,,Unfound
,,,,,,,8852537409,,,,50440,Unfound
,,,,,,,1200030847086,,,,,Unfound
,,,,,,,1429282200004,,,,,Unfound
,,,,,,,4211036001,,,,1,Unfound
,,,,,,,8931154102,,,,38871,Unfound
,,,,,,,2000017343252,,,,,Unfound
,,,,,,,1160000572590,,,,,Unfound
,,,,,,,4211045810,,,,24482,Unfound
,,,,,,,8852584306,,,,56283,Unfound
,,,,,,,2000005904926,,,,,Unfound
,,,,,,,9167828410,,,,7055,Unfound
,,,,,,,1800033476899,,,,,Unfound
,,,,,,,1900042000609,,,,,Unfound
,,,,,,,1160000659364,,,,,Unfound
,,,,,,,2000023058699,,,,,Unfound
,,,,,,,8931242806,,,,102374,Unfound
,,,,,,,4196764102,,,,39136,Unfound
,,,,,,,8931270205,,,,3854,Unfound
,,,,,,,1610022738828,,,,,Unfound
,,,,,,,1800035166129,,,,,Unfound
,,,,,,,2000023279600,,,,,Unfound
,,,,,,,1610032143092,,,,,Unfound
,,,,,,,4197104300,,,,8142,Unfound
,,,,,,,8842984406,,,,24631,Unfound
,,,,,,,8931373103,,,,32122,Unfound
,,,,,,,1610023227072,,,,,Unfound
,,,,,,,1900007038263,,,,,Unfound
,,,,,,,1610032207063,,,,,Unfound
,,,,,,,9189697702,,,,152028,Unfound
,,,,,,,1900042222614,,,,,Unfound
,,,,,,,8843021305,,,,13485,Unfound
,,,,,,,2000024615825,,,,,Unfound
,,,,,,,1160000744211,,,,,Unfound
,,,,,,,4197513003,,,,22790,Unfound
,,,,,,,8931470707,,,,91359,Unfound
,,,,,,,1900008414366,,,,,Unfound
,,,,,,,1620000008410,,,,,Unfound
,,,,,,,2000025370711,,,,,Unfound
,,,,,,,1160000921500,,,,,Unfound
,,,,,,,4198057401,,,,1,Unfound
,,,,,,,8843153603,,,,34033,Unfound
,,,,,,,2000027295312,,,,,Unfound
,,,,,,,1900010249143,,,,,Unfound
,,,,,,,1610028183711,,,,,Unfound
,,,,,,,1620000013856,,,,,Unfound
,,,,,,,1160000964284,,,,,Unfound
,,,,,,,8843240407,,,,87984,Unfound
,,,,,,,8931519700,,,,123848,Unfound
,,,,,,,1900019028706,,,,,Unfound
,,,,,,,9167933205,,,,9167933205,Unfound
,,,,,,,1620000098957,,,,,Unfound
,,,,,,,1160000967080,,,,,Unfound
,,,,,,,8931536801,,,,46935,Unfound
,,,,,,,4198953508,,,,838,Unfound
,,,,,,,8817006210,,,,70123,Unfound
,,,,,,,1620000988487,,,,,Unfound
,,,,,,,1620000313270,,,,,Unfound
,,,,,,,1900044024736,,,,,Unfound
,,,,,,,2000050533393,,,,,Unfound
,,,,,,,8931541603,,,,26182,Unfound
,,,,,,,4199021609,,,,163109,Unfound
,,,,,,,1712567155008,,,,,Unfound
,,,,,,,1900044239805,,,,,Unfound
,,,,,,,1160000995724,,,,,Unfound
,,,,,,,1160001036244,,,,,Unfound
,,,,,,,4199281400,,,,102952,Unfound
,,,,,,,8931542908,,,,48453,Unfound
,,,,,,,2000000959976,,,,,Unfound
,,,,,,,1800016361820,,,,,Unfound
,,,,,,,1900044287232,,,,,Unfound
,,,,,,,1620000505519,,,,,Unfound
,,,,,,,2000053667790,,,,,Unfound
,,,,,,,8931544508,,,,8931544508,Unfound
,,,,,,,8843377805,,,,8843377805,Unfound
,,,,,,,4200007005,,,,4200007005,Unfound
,,,,,,,2000003333866,,,,,Unfound
,,,,,,,1800023527056,,,,,Unfound
,,,,,,,1620000648625,,,,,Unfound
,,,,,,,1900044350070,,,,,Unfound
,,,,,,,2000053708807,,,,,Unfound
,,,,,,,1160001153005,,,,,Unfound
,,,,,,,8931628301,,,,27511,Unfound
,,,,,,,4200061101,,,,99838,Unfound
,,,,,,,8843495800,,,,53154,Unfound
,,,,,,,2000005340387,,,,,Unfound
,,,,,,,2000056080625,,,,,Unfound
,,,,,,,1160001225050,,,,,Unfound
,,,,,,,9167949905,,,,256332,Unfound
,,,,,,,1620000657693,,,,,Unfound
,,,,,,,8843623704,,,,27748,Unfound
,,,,,,,2000016099751,,,,,Unfound
,,,,,,,18457901,,,,143332,Unfound
,,,,,,,1800029457991,,,,,Unfound
,,,,,,,1620000752920,,,,,Unfound
,,,,,,,2000056457427,,,,,Unfound
,,,,,,,1160001300743,,,,,Unfound
,,,,,,,1900045178214,,,,,Unfound
,,,,,,,4200166306,,,,,Unfound
,,,,,,,4200870808,,,,432,Unfound
,,,,,,,8843631400,,,,5228,Unfound
,,,,,,,8931741701,,,,20238,Unfound
,,,,,,,2000021922777,,,,,Unfound
,,,,,,,2972567602,,,,42734,Unfound
,,,,,,,1800035244716,,,,,Unfound
,,,,,,,1620000806274,,,,,Unfound
,,,,,,,1160001404762,,,,,Unfound
,,,,,,,2000056658975,,,,,Unfound
,,,,,,,1900045382700,,,,,Unfound
,,,,,,,8843711207,,,,1,Unfound
,,,,,,,4200943102,,,,30614,Unfound
,,,,,,,9206016010,,,,16,Unfound
,,,,,,,2100040685800,,,,,Unfound
,,,,,,,1620000903410,,,,,Unfound
,,,,,,,1900046000505,,,,,Unfound
,,,,,,,8844162003,,,,,Unfound
,,,,,,,2000052731210,,,,,Unfound
,,,,,,,1620001228076,,,,,Unfound
,,,,,,,8931939105,,,,1353,Unfound
,,,,,,,9185142501,,,,76777,Unfound
,,,,,,,1800035287533,,,,,Unfound
,,,,,,,2100041224272,,,,,Unfound
,,,,,,,1900046014084,,,,,Unfound
,,,,,,,1170000154946,,,,,Unfound
,,,,,,,8844285210,,,,116,Unfound
,,,,,,,2199989650189,,,,,Unfound
,,,,,,,8932221702,,,,20499,Unfound
,,,,,,,9168024902,,,,87159,Unfound
,,,,,,,2199989625252,,,,,Unfound
,,,,,,,1620001286069,,,,,Unfound
,,,,,,,1900001281122,,,,,Unfound
,,,,,,,1170000320337,,,,,Unfound
,,,,,,,3002621808,,,,16358,Unfound
,,,,,,,2199996930682,,,,,Unfound
,,,,,,,8932413509,,,,13699,Unfound
,,,,,,,1200010007672,,,,,Unfound
,,,,,,,1900046360902,,,,,Unfound
,,,,,,,2199989878336,,,,,Unfound
,,,,,,,1620001441691,,,,,Unfound
,,,,,,,4201154910,,,,28169,Unfound
,,,,,,,8932462208,,,,25470,Unfound
,,,,,,,8844692302,,,,90373,Unfound
,,,,,,,1840664410,,,,34090,Unfound
,,,,,,,1900011275029,,,,,Unfound
,,,,,,,2200024030160,,,,,Unfound
,,,,,,,2199990366514,,,,,Unfound
,,,,,,,4201160108,,,,4201160108,Unfound
,,,,,,,9220868201,,,,156,Unfound
,,,,,,,8844849208,,,,20899,Unfound
,,,,,,,1900013289422,,,,,Unfound
,,,,,,,2199992398590,,,,,Unfound
,,,,,,,2313607201610,,,,,Unfound
,,,,,,,8932464706,,,,247849,Unfound
,,,,,,,1900047190542,,,,,Unfound
,,,,,,,1200010016339,,,,,Unfound
,,,,,,,4201534909,,,,10610,Unfound
,,,,,,,8845070306,,,,86759,Unfound
,,,,,,,8932600508,,,,29578,Unfound
,,,,,,,1900015074718,,,,,Unfound
,,,,,,,8892044309,,,,26270,Unfound
,,,,,,,1900047210933,,,,,Unfound
,,,,,,,2199992777452,,,,,Unfound
,,,,,,,1630000095386,,,,,Unfound
,,,,,,,4201612409,,,,13828,Unfound
,,,,,,,8845122501,,,,129873,Unfound
,,,,,,,2361197519817,,,,,Unfound
,,,,,,,9168057109,,,,23196,Unfound
,,,,,,,8932760710,,,,46503,Unfound
,,,,,,,2199995198225,,,,,Unfound
,,,,,,,1900047362929,,,,,Unfound
,,,,,,,1200010024710,,,,,Unfound
,,,,,,,2365090244119,,,,,Unfound
,,,,,,,1900028000939,,,,,Unfound
,,,,,,,1630000189732,,,,,Unfound
,,,,,,,4201737508,,,,6879,Unfound
,,,,,,,8845240204,,,,72415,Unfound
,,,,,,,14218110,,,,555764,Unfound
,,,,,,,2199995997914,,,,,Unfound
,,,,,,,1630000515211,,,,,Unfound
,,,,,,,1200010025662,,,,,Unfound
,,,,,,,4201971404,,,,43383,Unfound
,,,,,,,56034202,,,,38795,Unfound
,,,,,,,1900048039230,,,,,Unfound
,,,,,,,2199996907530,,,,,Unfound
,,,,,,,1900048295450,,,,,Unfound
,,,,,,,1200010031870,,,,,Unfound
,,,,,,,8845654703,,,,576945,Unfound
,,,,,,,8933019903,,,,83789,Unfound
,,,,,,,4201982308,,,,17433,Unfound
,,,,,,,9206535809,,,,208005,Unfound
,,,,,,,1900046092659,,,,,Unfound
,,,,,,,1012522873716,,,,,Unfound
,,,,,,,1630000804264,,,,,Unfound
,,,,,,,1900049053699,,,,,Unfound
,,,,,,,1200010039610,,,,,Unfound
,,,,,,,2199998660591,,,,,Unfound
,,,,,,,4202004110,,,,63167,Unfound
,,,,,,,8933022106,,,,10873,Unfound
,,,,,,,2513693008,,,,112308,Unfound
,,,,,,,1900046384851,,,,,Unfound
,,,,,,,1630000828353,,,,,Unfound
,,,,,,,2200011078222,,,,,Unfound
,,,,,,,1200010070976,,,,,Unfound
,,,,,,,1900049382280,,,,,Unfound
,,,,,,,1012522873948,,,,,Unfound
,,,,,,,4202055206,,,,7540,Unfound
,,,,,,,8814251601,,,,46262,Unfound
,,,,,,,9168172906,,,,40531,Unfound
,,,,,,,1012655254120,,,,,Unfound
,,,,,,,1640000234940,,,,,Unfound
,,,,,,,2200011093569,,,,,Unfound
,,,,,,,1200010078920,,,,,Unfound
,,,,,,,4202062506,,,,20740,Unfound
,,,,,,,8845862609,,,,50896,Unfound
,,,,,,,8933340603,,,,78000,Unfound
,,,,,,,1788703,,,,13624,Unfound
,,,,,,,2200012131198,,,,,Unfound
,,,,,,,1900060064934,,,,,Unfound
,,,,,,,1012721586353,,,,,Unfound
,,,,,,,4202149709,,,,110089,Unfound
,,,,,,,8845874302,,,,18738,Unfound
,,,,,,,8933343800,,,,166941,Unfound
,,,,,,,1012722323964,,,,,Unfound
,,,,,,,1640000253989,,,,,Unfound
,,,,,,,2200012271132,,,,,Unfound
,,,,,,,1200010097825,,,,,Unfound
,,,,,,,4202398910,,,,42423,Unfound
,,,,,,,8845896604,,,,26233,Unfound
,,,,,,,8933552304,,,,24,Unfound
,,,,,,,1012725632748,,,,,Unfound
,,,,,,,2000009985158,,,,,Unfound
,,,,,,,9220996401,,,,52754,Unfound
,,,,,,,2200013951257,,,,,Unfound
,,,,,,,1200010103911,,,,,Unfound
,,,,,,,8846011407,,,,350,Unfound
,,,,,,,4202409204,,,,21087,Unfound
,,,,,,,1900060118456,,,,,Unfound
,,,,,,,8933973104,,,,5729,Unfound
,,,,,,,4671809,,,,82938,Unfound
,,,,,,,1700051045165,,,,,Unfound
,,,,,,,1012817084190,,,,,Unfound
,,,,,,,1200010108440,,,,,Unfound
,,,,,,,2200014874054,,,,,Unfound
,,,,,,,1900060169432,,,,,Unfound
,,,,,,,8933984906,,,,131426,Unfound
,,,,,,,4202655500,,,,8902,Unfound
,,,,,,,8846045604,,,,29570,Unfound
,,,,,,,4781210,,,,361728,Unfound
,,,,,,,2000012290999,,,,,Unfound
,,,,,,,9168365109,,,,9168365109,Unfound
,,,,,,,1700051057649,,,,,Unfound
,,,,,,,1200010122659,,,,,Unfound
,,,,,,,2200015905926,,,,,Unfound
,,,,,,,4202884807,,,,74695,Unfound
,,,,,,,8934028808,,,,6677,Unfound
,,,,,,,8846159507,,,,70779,Unfound
,,,,,,,5821908,,,,109591,Unfound
,,,,,,,1012861115166,,,,,Unfound
,,,,,,,1900060250127,,,,,Unfound
,,,,,,,2200015911121,,,,,Unfound
,,,,,,,1200010134440,,,,,Unfound
,,,,,,,4202931206,,,,61802,Unfound
,,,,,,,8846183706,,,,1,Unfound
,,,,,,,8934048904,,,,4081,Unfound
,,,,,,,1012893255131,,,,,Unfound
,,,,,,,2000018467010,,,,,Unfound
,,,,,,,1710014802757,,,,,Unfound
,,,,,,,2200017055150,,,,,Unfound
,,,,,,,1200010135009,,,,,Unfound
,,,,,,,4202948504,,,,4202948504,Unfound
,,,,,,,9295952505,,,,9183,Unfound
,,,,,,,8846210301,,,,8846210301,Unfound
,,,,,,,9106705206,,,,315572,Unfound
,,,,,,,1012911608211,,,,,Unfound
,,,,,,,2200022377411,,,,,Unfound
,,,,,,,2000018605985,,,,,Unfound
,,,,,,,4202982706,,,,1,Unfound
,,,,,,,8846227408,,,,64390,Unfound
,,,,,,,1710035180700,,,,,Unfound
,,,,,,,2000019695410,,,,,Unfound
,,,,,,,8934053706,,,,45276,Unfound
,,,,,,,1710038152404,,,,,Unfound
,,,,,,,2200023122624,,,,,Unfound
,,,,,,,1900060457729,,,,,Unfound
,,,,,,,1200010136703,,,,,Unfound
,,,,,,,8934236501,,,,139066,Unfound
,,,,,,,7979404,,,,337401,Unfound
,,,,,,,4203035508,,,,16128,Unfound
,,,,,,,2200023824421,,,,,Unfound
,,,,,,,8846447804,,,,1046,Unfound
,,,,,,,4203081100,,,,10588,Unfound
,,,,,,,1200010144500,,,,,Unfound
,,,,,,,8023502,,,,8023502,Unfound
,,,,,,,2000025439105,,,,,Unfound
,,,,,,,1710167505007,,,,,Unfound
,,,,,,,2200030099165,,,,,Unfound
,,,,,,,8934463501,,,,,Unfound
,,,,,,,8846547101,,,,245132,Unfound
,,,,,,,8648408,,,,13427,Unfound
,,,,,,,8934337204,,,,117887,Unfound
,,,,,,,1710225220400,,,,,Unfound
,,,,,,,1200010164222,,,,,Unfound
,,,,,,,1900060571092,,,,,Unfound
,,,,,,,2200040322920,,,,,Unfound
,,,,,,,4203143107,,,,51887,Unfound
,,,,,,,8846686407,,,,18261,Unfound
,,,,,,,9206721009,,,,46984,Unfound
,,,,,,,8934478806,,,,376601,Unfound
,,,,,,,2000027752630,,,,,Unfound
,,,,,,,1711629524800,,,,,Unfound
,,,,,,,2200040581501,,,,,Unfound
,,,,,,,1200010180999,,,,,Unfound
,,,,,,,9106821006,,,,49382,Unfound
,,,,,,,8846726000,,,,14069,Unfound
,,,,,,,1900060606727,,,,,Unfound
,,,,,,,9185285310,,,,205414,Unfound
,,,,,,,8934479909,,,,28085,Unfound
,,,,,,,1200010181060,,,,,Unfound
,,,,,,,2200042664258,,,,,Unfound
,,,,,,,1900060634992,,,,,Unfound
,,,,,,,4203195104,,,,1,Unfound
,,,,,,,8846734807,,,,93800,Unfound
,,,,,,,8934721710,,,,51,Unfound
,,,,,,,4203170301,,,,,Unfound
,,,,,,,1012986161334,,,,,Unfound
,,,,,,,9068002,,,,192,Unfound
,,,,,,,1415039630000,,,,,Unfound
,,,,,,,1900006237698,,,,,Unfound
,,,,,,,9170595608,,,,12358,Unfound
,,,,,,,1610029894018,,,,,Unfound
,,,,,,,2000026127227,,,,,Unfound
,,,,,,,1200010182115,,,,,Unfound
,,,,,,,8816735903,,,,66803,Unfound
,,,,,,,8918377404,,,,45620,Unfound
,,,,,,,1610020003838,,,,,Unfound
,,,,,,,1012989306125,,,,,Unfound
,,,,,,,1415060281002,,,,,Unfound
,,,,,,,1610030000922,,,,,Unfound
,,,,,,,2000026163252,,,,,Unfound
,,,,,,,1900011074617,,,,,Unfound
,,,,,,,8918401902,,,,1807,Unfound
,,,,,,,9296324705,,,,27144,Unfound
,,,,,,,8846778805,,,,50241,Unfound
,,,,,,,8816740301,,,,164887,Unfound
,,,,,,,1012989776011,,,,,Unfound
,,,,,,,1415065003006,,,,,Unfound
,,,,,,,9106840706,,,,78056,Unfound
,,,,,,,1900011284618,,,,,Unfound
,,,,,,,1610020168229,,,,,Unfound
,,,,,,,1200010193223,,,,,Unfound
,,,,,,,1620000018108,,,,,Unfound
,,,,,,,8816745109,,,,244242,Unfound
,,,,,,,8846855505,,,,68921,Unfound
,,,,,,,1415068950006,,,,,Unfound
,,,,,,,1900012172760,,,,,Unfound
,,,,,,,1013005289056,,,,,Unfound
,,,,,,,8918467102,,,,47310,Unfound
,,,,,,,1610020391986,,,,,Unfound
,,,,,,,1620001085666,,,,,Unfound
,,,,,,,1200010207727,,,,,Unfound
,,,,,,,2000026372756,,,,,Unfound
,,,,,,,8816749701,,,,8816749701,Unfound
,,,,,,,8846857105,,,,9893,Unfound
,,,,,,,9170739101,,,,24674,Unfound
,,,,,,,8918574204,,,,10511,Unfound
,,,,,,,1610020423653,,,,,Unfound
,,,,,,,1200010210232,,,,,Unfound
,,,,,,,1415100900000,,,,,Unfound
,,,,,,,1630000331248,,,,,Unfound
,,,,,,,1013009841678,,,,,Unfound
,,,,,,,1415131891003,,,,,Unfound
,,,,,,,8846914405,,,,205637,Unfound
,,,,,,,1610020882291,,,,,Unfound
,,,,,,,1900014186203,,,,,Unfound
,,,,,,,8918619402,,,,1,Unfound
,,,,,,,8816750001,,,,13144,Unfound
,,,,,,,1630000414035,,,,,Unfound
,,,,,,,8846930302,,,,16291,Unfound
,,,,,,,2000026738849,,,,,Unfound
,,,,,,,8918637000,,,,8918637000,Unfound
,,,,,,,1415150911008,,,,,Unfound
,,,,,,,2000026825837,,,,,Unfound
,,,,,,,1610020920130,,,,,Unfound
,,,,,,,1900014362784,,,,,Unfound
,,,,,,,8816755000,,,,2900,Unfound
,,,,,,,8918656509,,,,185044,Unfound
,,,,,,,1640000181571,,,,,Unfound
,,,,,,,9187136707,,,,36621,Unfound
,,,,,,,9206827710,,,,37764,Unfound
,,,,,,,9106865509,,,,51,Unfound
,,,,,,,1415312731005,,,,,Unfound
,,,,,,,9296390606,,,,9296390606,Unfound
,,,,,,,1610021129179,,,,,Unfound
,,,,,,,1013014719289,,,,,Unfound
,,,,,,,1900019169179,,,,,Unfound
,,,,,,,1640000564474,,,,,Unfound
,,,,,,,1200020011676,,,,,Unfound
,,,,,,,2000027150858,,,,,Unfound
,,,,,,,1415343490004,,,,,Unfound
,,,,,,,8816776805,,,,210938,Unfound
,,,,,,,1900020186786,,,,,Unfound
,,,,,,,1700051913453,,,,,Unfound
,,,,,,,8816780504,,,,43986,Unfound
,,,,,,,1200020150644,,,,,Unfound
,,,,,,,8918825910,,,,8693,Unfound
,,,,,,,9170761801,,,,5355,Unfound
,,,,,,,2000027289903,,,,,Unfound
,,,,,,,1415348802008,,,,,Unfound
,,,,,,,1900022324863,,,,,Unfound
,,,,,,,1700051978033,,,,,Unfound
,,,,,,,8816787507,,,,26677,Unfound
,,,,,,,8825081905,,,,15957,Unfound
,,,,,,,8918872302,,,,9834,Unfound
,,,,,,,2000027290235,,,,,Unfound
,,,,,,,9157265105,,,,286486,Unfound
,,,,,,,1013018226784,,,,,Unfound
,,,,,,,1610021386408,,,,,Unfound
,,,,,,,1415377422000,,,,,Unfound
,,,,,,,1900023102724,,,,,Unfound
,,,,,,,1714237014757,,,,,Unfound
,,,,,,,8816787810,,,,9891,Unfound
,,,,,,,2000027290290,,,,,Unfound
,,,,,,,8847257602,,,,54752,Unfound
,,,,,,,1415404402005,,,,,Unfound
,,,,,,,1900038038832,,,,,Unfound
,,,,,,,1013023081623,,,,,Unfound
,,,,,,,1200020402000,,,,,Unfound
,,,,,,,1714255985702,,,,,Unfound
,,,,,,,8847462704,,,,8108,Unfound
,,,,,,,8816812008,,,,67819,Unfound
,,,,,,,2000027290314,,,,,Unfound
,,,,,,,9296453705,,,,5089,Unfound
,,,,,,,9107220703,,,,9107220703,Unfound
,,,,,,,1610022361584,,,,,Unfound
,,,,,,,1714821135902,,,,,Unfound
,,,,,,,1415450051000,,,,,Unfound
,,,,,,,1200020569534,,,,,Unfound
,,,,,,,1900038270643,,,,,Unfound
,,,,,,,8847623410,,,,440821,Unfound
,,,,,,,1013029240100,,,,,Unfound
,,,,,,,1610022679873,,,,,Unfound
,,,,,,,8918965208,,,,18040,Unfound
,,,,,,,8816812300,,,,1,Unfound
,,,,,,,8918924800,,,,,Unfound
,,,,,,,1415459961003,,,,,Unfound
,,,,,,,1717379507503,,,,,Unfound
,,,,,,,1900039028621,,,,,Unfound
,,,,,,,1200020784127,,,,,Unfound
,,,,,,,8816814001,,,,54058,Unfound
,,,,,,,8847872903,,,,61395,Unfound
,,,,,,,9170768905,,,,6618,Unfound
,,,,,,,8919007600,,,,88746,Unfound
,,,,,,,1610022704216,,,,,Unfound
,,,,,,,1900039305093,,,,,Unfound
,,,,,,,8816819909,,,,117988,Unfound
,,,,,,,1800015697755,,,,,Unfound
,,,,,,,1013048590920,,,,,Unfound
,,,,,,,1610022786255,,,,,Unfound
,,,,,,,1415496641004,,,,,Unfound
,,,,,,,2000027303540,,,,,Unfound
,,,,,,,1200020834967,,,,,Unfound
,,,,,,,1900046382720,,,,,Unfound
,,,,,,,2000027294230,,,,,Unfound
,,,,,,,8816822202,,,,123618,Unfound
,,,,,,,1200020827384,,,,,Unfound
,,,,,,,1610022986416,,,,,Unfound
,,,,,,,1013055130284,,,,,Unfound
,,,,,,,1800022995496,,,,,Unfound
,,,,,,,1900046386111,,,,,Unfound
,,,,,,,1415507213002,,,,,Unfound
,,,,,,,8919105600,,,,141900,Unfound
,,,,,,,1800021091545,,,,,Unfound
,,,,,,,8816830201,,,,135152,Unfound
,,,,,,,9296492502,,,,6032,Unfound
,,,,,,,2000027354544,,,,,Unfound
,,,,,,,1900047325323,,,,,Unfound
,,,,,,,9107505708,,,,16639,Unfound
,,,,,,,1800023582730,,,,,Unfound
,,,,,,,1415546013008,,,,,Unfound
,,,,,,,1610023294566,,,,,Unfound
,,,,,,,8848172307,,,,1,Unfound
,,,,,,,8816830302,,,,97238,Unfound
,,,,,,,2000027355548,,,,,Unfound
,,,,,,,1200020917718,,,,,Unfound
,,,,,,,1900048092386,,,,,Unfound
,,,,,,,1800023737517,,,,,Unfound
,,,,,,,8816831203,,,,29970,Unfound
,,,,,,,1415582471000,,,,,Unfound
,,,,,,,9170819907,,,,8510,Unfound
,,,,,,,8848228207,,,,289,Unfound
,,,,,,,8919319709,,,,24815,Unfound
,,,,,,,2000027358210,,,,,Unfound
,,,,,,,1610023668613,,,,,Unfound
,,,,,,,1200020985806,,,,,Unfound
,,,,,,,1800024896653,,,,,Unfound
,,,,,,,8848261710,,,,1,Unfound
,,,,,,,1415675670000,,,,,Unfound
,,,,,,,8919459602,,,,51403,Unfound
,,,,,,,9157325209,,,,44034,Unfound
,,,,,,,1900049382059,,,,,Unfound
,,,,,,,1415734550003,,,,,Unfound
,,,,,,,1800025254354,,,,,Unfound
,,,,,,,8816855801,,,,16833,Unfound
,,,,,,,1013064745434,,,,,Unfound
,,,,,,,1610027073112,,,,,Unfound
,,,,,,,1200021228993,,,,,Unfound
,,,,,,,2000027377746,,,,,Unfound
,,,,,,,1800025892367,,,,,Unfound
,,,,,,,8919463503,,,,11525,Unfound
,,,,,,,8848443009,,,,83390,Unfound
,,,,,,,2000000051320,,,,,Unfound
,,,,,,,1415843312007,,,,,Unfound
,,,,,,,8816861706,,,,16607,Unfound
,,,,,,,8919478303,,,,9156,Unfound
,,,,,,,8848627906,,,,9645,Unfound
,,,,,,,9296495609,,,,78791,Unfound
,,,,,,,9107538600,,,,1,Unfound
,,,,,,,1610027087365,,,,,Unfound
,,,,,,,2000027406315,,,,,Unfound
,,,,,,,1200021334103,,,,,Unfound
,,,,,,,1800026942415,,,,,Unfound
,,,,,,,8848642509,,,,171031,Unfound
,,,,,,,8816861908,,,,19047,Unfound
,,,,,,,1013069803133,,,,,Unfound
,,,,,,,2000027420300,,,,,Unfound
,,,,,,,9186249401,,,,1,Unfound
,,,,,,,1415960322002,,,,,Unfound
,,,,,,,2000003599372,,,,,Unfound
,,,,,,,1610027148362,,,,,Unfound
,,,,,,,1800026953295,,,,,Unfound
,,,,,,,1200021358656,,,,,Unfound
,,,,,,,8816862506,,,,173305,Unfound
,,,,,,,8848853309,,,,118071,Unfound
,,,,,,,8919603010,,,,40884,Unfound
,,,,,,,1610027228530,,,,,Unfound
,,,,,,,2000027420931,,,,,Unfound
,,,,,,,1416034412005,,,,,Unfound
,,,,,,,1800029425829,,,,,Unfound
,,,,,,,1200021359400,,,,,Unfound
,,,,,,,2000005537703,,,,,Unfound
,,,,,,,8816862607,,,,25565,Unfound
,,,,,,,8919604607,,,,67879,Unfound
,,,,,,,1013077240416,,,,,Unfound
,,,,,,,1610027248670,,,,,Unfound
,,,,,,,8848857407,,,,1,Unfound
,,,,,,,9157327505,,,,17555,Unfound
,,,,,,,9170858300,,,,,Unfound
,,,,,,,2000005553538,,,,,Unfound
,,,,,,,1800031472856,,,,,Unfound
,,,,,,,1200021404959,,,,,Unfound
,,,,,,,1416104060007,,,,,Unfound
,,,,,,,8848865406,,,,54619,Unfound
,,,,,,,8816863710,,,,8585,Unfound
,,,,,,,1013082983514,,,,,Unfound
,,,,,,,8919694107,,,,1,Unfound
,,,,,,,1610027255890,,,,,Unfound
,,,,,,,2000006248112,,,,,Unfound
,,,,,,,2000027440237,,,,,Unfound
,,,,,,,8816871810,,,,24315,Unfound
,,,,,,,8848886605,,,,78749,Unfound
,,,,,,,8919775410,,,,130915,Unfound
,,,,,,,9296503110,,,,172558,Unfound
,,,,,,,1610028336583,,,,,Unfound
,,,,,,,2000027453635,,,,,Unfound
,,,,,,,9107561505,,,,8393,Unfound
,,,,,,,1200021405224,,,,,Unfound
,,,,,,,1416263512003,,,,,Unfound
,,,,,,,1800033304132,,,,,Unfound
,,,,,,,8816877710,,,,103969,Unfound
,,,,,,,2000007962140,,,,,Unfound
,,,,,,,1610028526426,,,,,Unfound
,,,,,,,1013087994520,,,,,Unfound
,,,,,,,1800035121777,,,,,Unfound
,,,,,,,8919887500,,,,11,Unfound
,,,,,,,8848924710,,,,41362,Unfound
,,,,,,,2000027456947,,,,,Unfound
,,,,,,,1200021508728,,,,,Unfound
,,,,,,,1416368122006,,,,,Unfound
,,,,,,,8816879602,,,,44494,Unfound
,,,,,,,8849178201,,,,426501,Unfound
,,,,,,,8919890107,,,,22964,Unfound
,,,,,,,9170979009,,,,35840,Unfound
,,,,,,,1610028590468,,,,,Unfound
,,,,,,,2000011144851,,,,,Unfound
,,,,,,,2000027459558,,,,,Unfound
,,,,,,,1800035174157,,,,,Unfound
,,,,,,,8849200504,,,,14016,Unfound
,,,,,,,8919921709,,,,31172,Unfound
,,,,,,,8816884707,,,,49016,Unfound
,,,,,,,1416427790000,,,,,Unfound
,,,,,,,9157337609,,,,18282,Unfound
,,,,,,,1200021511873,,,,,Unfound
,,,,,,,2000027462268,,,,,Unfound
,,,,,,,1416491791009,,,,,Unfound
,,,,,,,2000011701971,,,,,Unfound
,,,,,,,8816900600,,,,8816900600,Unfound
,,,,,,,8849285000,,,,8849285000,Unfound
,,,,,,,9146291600,,,,62930,Unfound
,,,,,,,1014568064532,,,,,Unfound
,,,,,,,1610029448196,,,,,Unfound
,,,,,,,1800035320730,,,,,Unfound
,,,,,,,1200021598002,,,,,Unfound
,,,,,,,2000012604870,,,,,Unfound
,,,,,,,8816903303,,,,,Unfound
,,,,,,,1800035325301,,,,,Unfound
,,,,,,,9107663603,,,,,Unfound
,,,,,,,8920199203,,,,798,Unfound
,,,,,,,9296521101,,,,21365,Unfound
,,,,,,,1610030644389,,,,,Unfound
,,,,,,,1416635702000,,,,,Unfound
,,,,,,,8816908100,,,,14337,Unfound
,,,,,,,8893538901,,,,112937,Unfound
,,,,,,,8920257000,,,,257,Unfound
,,,,,,,2000027535048,,,,,Unfound
,,,,,,,1800050563443,,,,,Unfound
,,,,,,,8849439506,,,,40877,Unfound
,,,,,,,1610030691096,,,,,Unfound
,,,,,,,1416856760008,,,,,Unfound
,,,,,,,2000012923871,,,,,Unfound
,,,,,,,8816911201,,,,31776,Unfound
,,,,,,,8849452902,,,,2462,Unfound
,,,,,,,1800060241590,,,,,Unfound
,,,,,,,1014569065494,,,,,Unfound
,,,,,,,1416936310002,,,,,Unfound
,,,,,,,1610030843280,,,,,Unfound
,,,,,,,2000027852210,,,,,Unfound
,,,,,,,2000014040418,,,,,Unfound
,,,,,,,1200021886910,,,,,Unfound
,,,,,,,8816911504,,,,61668,Unfound
,,,,,,,8849526703,,,,5308,Unfound
,,,,,,,8920354705,,,,8920354705,Unfound
,,,,,,,9157342108,,,,1,Unfound
,,,,,,,1800060311608,,,,,Unfound
,,,,,,,1014569295951,,,,,Unfound
,,,,,,,1610031024561,,,,,Unfound
,,,,,,,2000050011315,,,,,Unfound
,,,,,,,1416938871009,,,,,Unfound
,,,,,,,2000015950619,,,,,Unfound
,,,,,,,8920406406,,,,41514,Unfound
,,,,,,,1200021959611,,,,,Unfound
,,,,,,,8849639806,,,,22099,Unfound
,,,,,,,8816932400,,,,20598,Unfound
,,,,,,,1900001376591,,,,,Unfound
,,,,,,,2000050091134,,,,,Unfound
,,,,,,,1200021970759,,,,,Unfound
,,,,,,,1417017891002,,,,,Unfound
,,,,,,,2000015954400,,,,,Unfound
,,,,,,,1014569494445,,,,,Unfound
,,,,,,,1610031427568,,,,,Unfound
,,,,,,,8849737009,,,,29871,Unfound
,,,,,,,8920527800,,,,9253,Unfound
,,,,,,,9296530405,,,,104021,Unfound
,,,,,,,2000050189717,,,,,Unfound
,,,,,,,1900003085915,,,,,Unfound
,,,,,,,1417222731000,,,,,Unfound
,,,,,,,1200021993222,,,,,Unfound
,,,,,,,8816947110,,,,72209,Unfound
,,,,,,,8920549002,,,,154983,Unfound
,,,,,,,8849798602,,,,13508,Unfound
,,,,,,,8893556903,,,,1185,Unfound
,,,,,,,1417228630006,,,,,Unfound
,,,,,,,1900004288627,,,,,Unfound
,,,,,,,2000050315328,,,,,Unfound
,,,,,,,1014569526646,,,,,Unfound
,,,,,,,2000020201595,,,,,Unfound
,,,,,,,1610031565170,,,,,Unfound
,,,,,,,1200022043085,,,,,Unfound
,,,,,,,8849800405,,,,16263,Unfound
,,,,,,,8920609409,,,,29093,Unfound
,,,,,,,9171356000,,,,105238,Unfound
,,,,,,,2000020939478,,,,,Unfound
,,,,,,,1610031950337,,,,,Unfound
,,,,,,,1014569818281,,,,,Unfound
,,,,,,,1900004351001,,,,,Unfound
,,,,,,,1417370381006,,,,,Unfound
,,,,,,,2000050385770,,,,,Unfound
,,,,,,,1200022228540,,,,,Unfound
,,,,,,,8816951707,,,,1,Unfound
,,,,,,,8849812401,,,,8849812401,Unfound
,,,,,,,9157398910,,,,1,Unfound
,,,,,,,1100001478074,,,,,Unfound
,,,,,,,8920809002,,,,150053,Unfound
,,,,,,,2000021875684,,,,,Unfound
,,,,,,,1411481891009,,,,,Unfound
,,,,,,,1200060100633,,,,,Unfound
,,,,,,,1012450705928,,,,,Unfound
,,,,,,,1100002835537,,,,,Unfound
,,,,,,,1200022245624,,,,,Unfound
,,,,,,,1100005649024,,,,,Unfound
,,,,,,,8827831506,,,,193,Unfound
,,,,,,,9296559901,,,,301597,Unfound
,,,,,,,2000012476853,,,,,Unfound
,,,,,,,1100003363240,,,,,Unfound
,,,,,,,1012469312697,,,,,Unfound
,,,,,,,1200060120045,,,,,Unfound
,,,,,,,1411550670009,,,,,Unfound
,,,,,,,8827841902,,,,10353,Unfound
,,,,,,,8893572609,,,,133030,Unfound
,,,,,,,8816967408,,,,153781,Unfound
,,,,,,,2000018149369,,,,,Unfound
,,,,,,,1100008330579,,,,,Unfound
,,,,,,,1200060139677,,,,,Unfound
,,,,,,,1411553213008,,,,,Unfound
,,,,,,,1012470018564,,,,,Unfound
,,,,,,,1100003747420,,,,,Unfound
,,,,,,,1591010454796,,,,,Unfound
,,,,,,,2000005451757,,,,,Unfound
,,,,,,,1100008330588,,,,,Unfound
,,,,,,,8827851108,,,,53286,Unfound
,,,,,,,1012472757861,,,,,Unfound
,,,,,,,1200060639400,,,,,Unfound
,,,,,,,9171374406,,,,1,Unfound
,,,,,,,8816987605,,,,188668,Unfound
,,,,,,,1100004317946,,,,,Unfound
,,,,,,,1591010463940,,,,,Unfound
,,,,,,,1411675501003,,,,,Unfound
,,,,,,,8827890601,,,,42473,Unfound
,,,,,,,8817054401,,,,56058,Unfound
,,,,,,,1200022672438,,,,,Unfound
,,,,,,,1100004502135,,,,,Unfound
,,,,,,,1012792014882,,,,,Unfound
,,,,,,,9157409608,,,,,Unfound
,,,,,,,1200060653896,,,,,Unfound
,,,,,,,1591010797600,,,,,Unfound
,,,,,,,1200022673520,,,,,Unfound
,,,,,,,1411694760005,,,,,Unfound
,,,,,,,1100022311246,,,,,Unfound
,,,,,,,1012485895924,,,,,Unfound
,,,,,,,8828070107,,,,169,Unfound
,,,,,,,8817056405,,,,202678,Unfound
,,,,,,,1200060713348,,,,,Unfound
,,,,,,,1012477405707,,,,,Unfound
,,,,,,,1100004726360,,,,,Unfound
,,,,,,,1411695701000,,,,,Unfound
,,,,,,,1591011054106,,,,,Unfound
,,,,,,,1012512040712,,,,,Unfound
,,,,,,,1100005098733,,,,,Unfound
,,,,,,,1200034545924,,,,,Unfound
,,,,,,,1411760070009,,,,,Unfound
,,,,,,,9296981607,,,,1571,Unfound
,,,,,,,8817062905,,,,656,Unfound
,,,,,,,1100025243040,,,,,Unfound
,,,,,,,1591011288570,,,,,Unfound
,,,,,,,1200022896548,,,,,Unfound
,,,,,,,8817073203,,,,189769,Unfound
,,,,,,,9108148805,,,,30494,Unfound
,,,,,,,1200061229347,,,,,Unfound
,,,,,,,9186480706,,,,1,Unfound
,,,,,,,1411770812005,,,,,Unfound
,,,,,,,1200023043591,,,,,Unfound
,,,,,,,1012526987950,,,,,Unfound
,,,,,,,1591011431104,,,,,Unfound
,,,,,,,2000005096619,,,,,Unfound
,,,,,,,8893907704,,,,1404826,Unfound
,,,,,,,8817079507,,,,122859,Unfound
,,,,,,,10277409,,,,148895,Unfound
,,,,,,,1100006314041,,,,,Unfound
,,,,,,,9171385602,,,,54,Unfound
,,,,,,,1591021513456,,,,,Unfound
,,,,,,,1100006723956,,,,,Unfound
,,,,,,,1591011769125,,,,,Unfound
,,,,,,,1411852080007,,,,,Unfound
,,,,,,,1012534901336,,,,,Unfound
,,,,,,,1200023158673,,,,,Unfound
,,,,,,,8828339608,,,,39512,Unfound
,,,,,,,1300000104300,,,,,Unfound
,,,,,,,1200022846272,,,,,Unfound
,,,,,,,1411870281006,,,,,Unfound
,,,,,,,1100008264340,,,,,Unfound
,,,,,,,1012552519794,,,,,Unfound
,,,,,,,1100007830570,,,,,Unfound
,,,,,,,8828360206,,,,81876,Unfound
,,,,,,,8817119807,,,,1,Unfound
,,,,,,,9149204,,,,9149204,Unfound
,,,,,,,2334840666912,,,,,Unfound
,,,,,,,1012602779164,,,,,Unfound
,,,,,,,1300000270753,,,,,Unfound
,,,,,,,1200023113520,,,,,Unfound
,,,,,,,1200023208970,,,,,Unfound
,,,,,,,1411888921006,,,,,Unfound
,,,,,,,1591013559890,,,,,Unfound
,,,,,,,1100008349000,,,,,Unfound
,,,,,,,1200027467059,,,,,Unfound
,,,,,,,1200023403479,,,,,Unfound
,,,,,,,9297094304,,,,6,Unfound
,,,,,,,8828456702,,,,14459,Unfound
,,,,,,,1300000386068,,,,,Unfound
,,,,,,,1411916221004,,,,,Unfound
,,,,,,,1591014682470,,,,,Unfound
,,,,,,,1200023405138,,,,,Unfound
,,,,,,,1900091842688,,,,,Unfound
,,,,,,,1012684806135,,,,,Unfound
,,,,,,,9108149010,,,,1,Unfound
,,,,,,,9186535301,,,,612,Unfound
,,,,,,,8893955109,,,,1,Unfound
,,,,,,,1200029364912,,,,,Unfound
,,,,,,,1300000496587,,,,,Unfound
,,,,,,,1100019816680,,,,,Unfound
,,,,,,,1012709602431,,,,,Unfound
,,,,,,,1200023488923,,,,,Unfound
,,,,,,,8817133004,,,,14990,Unfound
,,,,,,,1591014723364,,,,,Unfound
,,,,,,,1411952280005,,,,,Unfound
,,,,,,,8828586109,,,,98284,Unfound
,,,,,,,1100009399711,,,,,Unfound
,,,,,,,9171396304,,,,178286,Unfound
,,,,,,,1012735071027,,,,,Unfound
,,,,,,,2199991164000,,,,,Unfound
,,,,,,,1411975810003,,,,,Unfound
,,,,,,,1300001375299,,,,,Unfound
,,,,,,,1100010139383,,,,,Unfound
,,,,,,,1591014761731,,,,,Unfound
,,,,,,,1200023505817,,,,,Unfound
,,,,,,,8828602709,,,,15431,Unfound
,,,,,,,9157419802,,,,36125,Unfound
,,,,,,,1100021796323,,,,,Unfound
,,,,,,,1200035910440,,,,,Unfound
,,,,,,,1300001445139,,,,,Unfound
,,,,,,,1012759571081,,,,,Unfound
,,,,,,,1200023579794,,,,,Unfound
,,,,,,,1591022931210,,,,,Unfound
,,,,,,,1100011049410,,,,,Unfound
,,,,,,,9272203,,,,216149,Unfound
,,,,,,,8817144110,,,,39170,Unfound
,,,,,,,8828704100,,,,74883,Unfound
,,,,,,,1012761164292,,,,,Unfound
,,,,,,,1100011112601,,,,,Unfound
,,,,,,,1412092280007,,,,,Unfound
,,,,,,,1200023579980,,,,,Unfound
,,,,,,,1591015903840,,,,,Unfound
,,,,,,,8817155508,,,,8817155508,Unfound
,,,,,,,8828814702,,,,85674,Unfound
,,,,,,,9146466609,,,,11315,Unfound
,,,,,,,1300012588146,,,,,Unfound
,,,,,,,1419339191004,,,,,Unfound
,,,,,,,1300001488141,,,,,Unfound
,,,,,,,1012846788232,,,,,Unfound
,,,,,,,9297248103,,,,495012,Unfound
,,,,,,,1100011192040,,,,,Unfound
,,,,,,,1412138201002,,,,,Unfound
,,,,,,,1591016064776,,,,,Unfound
,,,,,,,1200023696021,,,,,Unfound
,,,,,,,1300013798468,,,,,Unfound
,,,,,,,9108294704,,,,91428,Unfound
,,,,,,,8894005601,,,,19591,Unfound
,,,,,,,8817160703,,,,2664,Unfound
,,,,,,,1300009862606,,,,,Unfound
,,,,,,,1100011322426,,,,,Unfound
,,,,,,,1412177770006,,,,,Unfound
,,,,,,,1591016626830,,,,,Unfound
,,,,,,,1012850285612,,,,,Unfound
,,,,,,,1200023698473,,,,,Unfound
,,,,,,,8817167403,,,,1,Unfound
,,,,,,,8828938103,,,,10274,Unfound
,,,,,,,9171412410,,,,13796,Unfound
,,,,,,,1800017016467,,,,,Unfound
,,,,,,,1300001925700,,,,,Unfound
,,,,,,,1012854205736,,,,,Unfound
,,,,,,,1591016902892,,,,,Unfound
,,,,,,,1200023716087,,,,,Unfound
,,,,,,,1610004109738,,,,,Unfound
,,,,,,,1412178551001,,,,,Unfound
,,,,,,,8817168102,,,,6369,Unfound
,,,,,,,9157428904,,,,30750,Unfound
,,,,,,,8829003804,,,,16856,Unfound
,,,,,,,1300011126046,,,,,Unfound
,,,,,,,1410526530001,,,,,Unfound
,,,,,,,1412188040005,,,,,Unfound
,,,,,,,1100012419722,,,,,Unfound
,,,,,,,1012883856873,,,,,Unfound
,,,,,,,1300002626501,,,,,Unfound
,,,,,,,1200061404470,,,,,Unfound
,,,,,,,1412353031005,,,,,Unfound
,,,,,,,1300002727130,,,,,Unfound
,,,,,,,1012929347883,,,,,Unfound
,,,,,,,1412302331007,,,,,Unfound
,,,,,,,1100012575991,,,,,Unfound
,,,,,,,1200023856616,,,,,Unfound
,,,,,,,1591017209139,,,,,Unfound
,,,,,,,1200023857460,,,,,Unfound
,,,,,,,8829111706,,,,81794,Unfound
,,,,,,,8817177002,,,,132942,Unfound
,,,,,,,9297287102,,,,28614,Unfound
,,,,,,,1300002941137,,,,,Unfound
,,,,,,,1900015173516,,,,,Unfound
,,,,,,,1412453960009,,,,,Unfound
,,,,,,,1012949013807,,,,,Unfound
,,,,,,,1100012738237,,,,,Unfound
,,,,,,,1412378911005,,,,,Unfound
,,,,,,,8829124210,,,,38981,Unfound
,,,,,,,8817186205,,,,48526,Unfound
,,,,,,,1100013211457,,,,,Unfound
,,,,,,,1415179002009,,,,,Unfound
,,,,,,,9108361704,,,,15061,Unfound
,,,,,,,1591017881203,,,,,Unfound
,,,,,,,1012783052933,,,,,Unfound
,,,,,,,1200023903851,,,,,Unfound
,,,,,,,1012955335812,,,,,Unfound
,,,,,,,1300002989919,,,,,Unfound
,,,,,,,1591018009847,,,,,Unfound
,,,,,,,1412390000000,,,,,Unfound
,,,,,,,1300003320900,,,,,Unfound
,,,,,,,1100014570930,,,,,Unfound
,,,,,,,1415195570001,,,,,Unfound
,,,,,,,8829225508,,,,302240,Unfound
,,,,,,,1012438217845,,,,,Unfound
,,,,,,,1412410200003,,,,,Unfound
,,,,,,,1013004006349,,,,,Unfound
,,,,,,,1591018115917,,,,,Unfound
,,,,,,,1200024031505,,,,,Unfound
,,,,,,,1415491600003,,,,,Unfound
,,,,,,,1100015583202,,,,,Unfound
,,,,,,,2000001731269,,,,,Unfound
,,,,,,,1300003743044,,,,,Unfound
,,,,,,,1591018727168,,,,,Unfound
,,,,,,,1100018283891,,,,,Unfound
,,,,,,,8829456606,,,,2930,Unfound
,,,,,,,9348603,,,,180239,Unfound
,,,,,,,8817211907,,,,8817211907,Unfound
,,,,,,,1013051891881,,,,,Unfound
,,,,,,,1300003804060,,,,,Unfound
,,,,,,,2000051911527,,,,,Unfound
,,,,,,,1591018740920,,,,,Unfound
,,,,,,,1100018728883,,,,,Unfound
,,,,,,,1200024296611,,,,,Unfound
,,,,,,,1900022007725,,,,,Unfound
,,,,,,,8817228610,,,,8817228610,Unfound
,,,,,,,1300004357594,,,,,Unfound
,,,,,,,8829456808,,,,28220,Unfound
,,,,,,,1013080646488,,,,,Unfound
,,,,,,,1412551310003,,,,,Unfound
,,,,,,,1591018745627,,,,,Unfound
,,,,,,,8817232107,,,,1,Unfound
,,,,,,,1200024372894,,,,,Unfound
,,,,,,,1800028598130,,,,,Unfound
,,,,,,,1591015831441,,,,,Unfound
,,,,,,,1100018783156,,,,,Unfound
,,,,,,,8894198403,,,,8894198403,Unfound
,,,,,,,1014570328427,,,,,Unfound
,,,,,,,1412565022000,,,,,Unfound
,,,,,,,9108411401,,,,27828,Unfound
,,,,,,,8829482405,,,,146391,Unfound
,,,,,,,1200024473477,,,,,Unfound
,,,,,,,1591019274120,,,,,Unfound
,,,,,,,1100019882415,,,,,Unfound
,,,,,,,8829490404,,,,12,Unfound
,,,,,,,1591056968002,,,,,Unfound
,,,,,,,1300004500280,,,,,Unfound
,,,,,,,1591019933918,,,,,Unfound
,,,,,,,1412582981005,,,,,Unfound
,,,,,,,1591019982710,,,,,Unfound
,,,,,,,1014571869426,,,,,Unfound
,,,,,,,1100020114289,,,,,Unfound
,,,,,,,1200024519077,,,,,Unfound
,,,,,,,8829547205,,,,1,Unfound
,,,,,,,1300004754056,,,,,Unfound
,,,,,,,1014573037364,,,,,Unfound
,,,,,,,1412626731007,,,,,Unfound
,,,,,,,1591019966719,,,,,Unfound
,,,,,,,1591060669203,,,,,Unfound
,,,,,,,1200024528513,,,,,Unfound
,,,,,,,8829552310,,,,10160,Unfound
,,,,,,,1015679997007,,,,,Unfound
,,,,,,,9157509702,,,,9157509702,Unfound
,,,,,,,8817264603,,,,102791,Unfound
,,,,,,,1100020507409,,,,,Unfound
,,,,,,,1591020093166,,,,,Unfound
,,,,,,,1200024567780,,,,,Unfound
,,,,,,,1300004851984,,,,,Unfound
,,,,,,,1419578841007,,,,,Unfound
,,,,,,,1023467318835,,,,,Unfound
,,,,,,,8829564609,,,,102616,Unfound
,,,,,,,9297317107,,,,9297317107,Unfound
,,,,,,,1610013212789,,,,,Unfound
,,,,,,,1100010793421,,,,,Unfound
,,,,,,,1100023152310,,,,,Unfound
,,,,,,,1200024664378,,,,,Unfound
,,,,,,,8829606206,,,,513668,Unfound
,,,,,,,1300004948445,,,,,Unfound
,,,,,,,8817294904,,,,331944,Unfound
,,,,,,,1591020117630,,,,,Unfound
,,,,,,,8894302001,,,,8894302001,Unfound
,,,,,,,1300004985679,,,,,Unfound
,,,,,,,1418166631003,,,,,Unfound
,,,,,,,1412649512009,,,,,Unfound
,,,,,,,1200024720020,,,,,Unfound
,,,,,,,1100023680240,,,,,Unfound
,,,,,,,8817317609,,,,125007,Unfound
,,,,,,,1412660412009,,,,,Unfound
,,,,,,,1100024412790,,,,,Unfound
,,,,,,,8829728209,,,,8829728209,Unfound
,,,,,,,1030010167153,,,,,Unfound
,,,,,,,1591020881082,,,,,Unfound
,,,,,,,1200024811652,,,,,Unfound
,,,,,,,1900032046865,,,,,Unfound
,,,,,,,8817336501,,,,97281,Unfound
,,,,,,,8829874905,,,,326965,Unfound
,,,,,,,1050000027503,,,,,Unfound
,,,,,,,1412739010008,,,,,Unfound
,,,,,,,1620000645527,,,,,Unfound
,,,,,,,9171553507,,,,9171553507,Unfound
,,,,,,,1710075626500,,,,,Unfound
,,,,,,,1610021982545,,,,,Unfound
,,,,,,,1300005115398,,,,,Unfound
,,,,,,,1200025077050,,,,,Unfound
,,,,,,,1591021598539,,,,,Unfound
,,,,,,,9157710302,,,,6805,Unfound
,,,,,,,1050000315599,,,,,Unfound
,,,,,,,9368710,,,,180660,Unfound
,,,,,,,2200022436183,,,,,Unfound
,,,,,,,1800014750405,,,,,Unfound
,,,,,,,1591022482844,,,,,Unfound
,,,,,,,1300005209600,,,,,Unfound
,,,,,,,1050000495786,,,,,Unfound
,,,,,,,8817356507,,,,57500,Unfound
,,,,,,,1412771590007,,,,,Unfound
,,,,,,,8829954005,,,,28111,Unfound
,,,,,,,1800018513584,,,,,Unfound
,,,,,,,1300005333380,,,,,Unfound
,,,,,,,1200025565000,,,,,Unfound
,,,,,,,1591023379010,,,,,Unfound
,,,,,,,1200025567648,,,,,Unfound
,,,,,,,2200015110386,,,,,Unfound
,,,,,,,1100050373730,,,,,Unfound
,,,,,,,8830022409,,,,29017,Unfound
,,,,,,,9108667403,,,,14691,Unfound
,,,,,,,1800019888678,,,,,Unfound
,,,,,,,1100770128870,,,,,Unfound
,,,,,,,1412784531001,,,,,Unfound
,,,,,,,1900032121227,,,,,Unfound
,,,,,,,1100770220878,,,,,Unfound
,,,,,,,1050000944560,,,,,Unfound
,,,,,,,1800019940380,,,,,Unfound
,,,,,,,8817391902,,,,104849,Unfound
,,,,,,,1200025576243,,,,,Unfound
,,,,,,,1591023639912,,,,,Unfound
,,,,,,,2000009721764,,,,,Unfound
,,,,,,,1100001702854,,,,,Unfound
,,,,,,,1591023903232,,,,,Unfound
,,,,,,,8817395506,,,,50067,Unfound
,,,,,,,1200025725827,,,,,Unfound
,,,,,,,1100001959348,,,,,Unfound
,,,,,,,1100770472318,,,,,Unfound
,,,,,,,1412858812005,,,,,Unfound
,,,,,,,1800029236010,,,,,Unfound
,,,,,,,2331651200713,,,,,Unfound
,,,,,,,1300005647921,,,,,Unfound
,,,,,,,1591024277931,,,,,Unfound
,,,,,,,1200025729724,,,,,Unfound
,,,,,,,8817396508,,,,4783,Unfound
,,,,,,,8830675601,,,,11567,Unfound
,,,,,,,1100003165811,,,,,Unfound
,,,,,,,1414595930004,,,,,Unfound
,,,,,,,2000024860110,,,,,Unfound
,,,,,,,1200025775916,,,,,Unfound
,,,,,,,7538566607,,,,7538566607,Unfound
,,,,,,,2356072341010,,,,,Unfound
,,,,,,,9297358907,,,,217647,Unfound
,,,,,,,9108672508,,,,35902,Unfound
,,,,,,,2356553058018,,,,,Unfound
,,,,,,,2000026540260,,,,,Unfound
,,,,,,,1100003524519,,,,,Unfound
,,,,,,,1200025797194,,,,,Unfound
,,,,,,,1415495930000,,,,,Unfound
,,,,,,,7551184603,,,,39587,Unfound
,,,,,,,8838932703,,,,8838932703,Unfound
,,,,,,,8894457805,,,,41907,Unfound
,,,,,,,2356122553017,,,,,Unfound
,,,,,,,1900070072506,,,,,Unfound
,,,,,,,1415595930006,,,,,Unfound
,,,,,,,1100006724259,,,,,Unfound
,,,,,,,2361070053011,,,,,Unfound
,,,,,,,2000027005291,,,,,Unfound
,,,,,,,8838965808,,,,56792,Unfound
,,,,,,,1416395930007,,,,,Unfound
,,,,,,,2360380204116,,,,,Unfound
,,,,,,,1200025934727,,,,,Unfound
,,,,,,,2361261439921,,,,,Unfound
,,,,,,,1100007598072,,,,,Unfound
,,,,,,,1416495930002,,,,,Unfound
,,,,,,,9130315102,,,,15779,Unfound
,,,,,,,9157807710,,,,11379,Unfound
,,,,,,,9463502,,,,289835,Unfound
,,,,,,,1200026032227,,,,,Unfound
,,,,,,,2360894574510,,,,,Unfound
,,,,,,,1900070229150,,,,,Unfound
,,,,,,,7555991002,,,,44774,Unfound
,,,,,,,8839398804,,,,40986,Unfound
,,,,,,,9130357410,,,,9130357410,Unfound
,,,,,,,1416595930008,,,,,Unfound
,,,,,,,1200026170265,,,,,Unfound
,,,,,,,2361111458018,,,,,Unfound
,,,,,,,1900070272518,,,,,Unfound
,,,,,,,8839667603,,,,14440,Unfound
,,,,,,,2362006987715,,,,,Unfound
,,,,,,,9108705407,,,,9108705407,Unfound
,,,,,,,2000027382036,,,,,Unfound
,,,,,,,2000027327903,,,,,Unfound
,,,,,,,1417295930003,,,,,Unfound
,,,,,,,8839764309,,,,15798,Unfound
,,,,,,,1100009132031,,,,,Unfound
,,,,,,,2362213219015,,,,,Unfound
,,,,,,,8894511201,,,,1,Unfound
,,,,,,,2000027494400,,,,,Unfound
,,,,,,,1200026278172,,,,,Unfound
,,,,,,,2361307479017,,,,,Unfound
,,,,,,,1200026278303,,,,,Unfound
,,,,,,,8839879708,,,,1,Unfound
,,,,,,,7580507401,,,,4205,Unfound
,,,,,,,1417595930000,,,,,Unfound
,,,,,,,2000027829823,,,,,Unfound
,,,,,,,2362309489612,,,,,Unfound
,,,,,,,1900070503639,,,,,Unfound
,,,,,,,9130534709,,,,450,Unfound
,,,,,,,2361420649116,,,,,Unfound
,,,,,,,7600870008,,,,21304,Unfound
,,,,,,,9157810901,,,,423796,Unfound
,,,,,,,9130599008,,,,224619,Unfound
,,,,,,,2362462169327,,,,,Unfound
,,,,,,,1900070519977,,,,,Unfound
,,,,,,,2000051894439,,,,,Unfound
,,,,,,,2362904974918,,,,,Unfound
,,,,,,,1418125930009,,,,,Unfound
,,,,,,,1200026507143,,,,,Unfound
,,,,,,,7604383309,,,,4980,Unfound
,,,,,,,9130636302,,,,40,Unfound
,,,,,,,8840289108,,,,16876,Unfound
,,,,,,,1418395930000,,,,,Unfound
,,,,,,,2362482919215,,,,,Unfound
,,,,,,,1900070522818,,,,,Unfound
,,,,,,,1100009592286,,,,,Unfound
,,,,,,,2000051895186,,,,,Unfound
,,,,,,,2363150395910,,,,,Unfound
,,,,,,,1200026510527,,,,,Unfound
,,,,,,,7605923107,,,,10190,Unfound
,,,,,,,9130707400,,,,27431,Unfound
,,,,,,,8840542004,,,,14160,Unfound
,,,,,,,9108808103,,,,43529,Unfound
,,,,,,,2362595036219,,,,,Unfound
,,,,,,,2000053087460,,,,,Unfound
,,,,,,,1900070538232,,,,,Unfound
,,,,,,,9297386104,,,,39434,Unfound
,,,,,,,1100009641669,,,,,Unfound
,,,,,,,1418495930006,,,,,Unfound
,,,,,,,1200026534500,,,,,Unfound
,,,,,,,7609770701,,,,111374,Unfound
,,,,,,,1900070565306,,,,,Unfound
,,,,,,,2000053627742,,,,,Unfound
,,,,,,,2363611103118,,,,,Unfound
,,,,,,,1419295930007,,,,,Unfound
,,,,,,,1200026546203,,,,,Unfound
,,,,,,,7612015904,,,,6185,Unfound
,,,,,,,8840608704,,,,146600,Unfound
,,,,,,,9130730709,,,,2878,Unfound
,,,,,,,2363332179418,,,,,Unfound
,,,,,,,1100010365181,,,,,Unfound
,,,,,,,1200026571431,,,,,Unfound
,,,,,,,2000054284904,,,,,Unfound
,,,,,,,1900070616360,,,,,Unfound
,,,,,,,1419395930002,,,,,Unfound
,,,,,,,2364373639010,,,,,Unfound
,,,,,,,8840757306,,,,1846,Unfound
,,,,,,,7612717510,,,,139923,Unfound
,,,,,,,2363514933218,,,,,Unfound
,,,,,,,9131105309,,,,867,Unfound
,,,,,,,9157871506,,,,45896,Unfound
,,,,,,,9687109,,,,34875,Unfound
,,,,,,,1100011924078,,,,,Unfound
,,,,,,,1900070642350,,,,,Unfound
,,,,,,,1419495930008,,,,,Unfound
,,,,,,,1200026587733,,,,,Unfound
,,,,,,,2000054514989,,,,,Unfound
,,,,,,,8840803601,,,,207979,Unfound
,,,,,,,1419595930003,,,,,Unfound
,,,,,,,7642075907,,,,1961396,Unfound
,,,,,,,1900070735076,,,,,Unfound
,,,,,,,1100012256651,,,,,Unfound
,,,,,,,2364513509113,,,,,Unfound
,,,,,,,9131174205,,,,7523,Unfound
,,,,,,,2363708419014,,,,,Unfound
,,,,,,,2000054799140,,,,,Unfound
,,,,,,,1200027090470,,,,,Unfound
,,,,,,,2365192932310,,,,,Unfound
,,,,,,,7643352901,,,,7643352901,Unfound
,,,,,,,8840879309,,,,33008,Unfound
,,,,,,,9108849106,,,,65,Unfound
,,,,,,,9131198208,,,,22301,Unfound
,,,,,,,1420173000003,,,,,Unfound
,,,,,,,9297388602,,,,235243,Unfound
,,,,,,,1100012823264,,,,,Unfound
,,,,,,,2363708420117,,,,,Unfound
,,,,,,,1200027199159,,,,,Unfound
,,,,,,,2000055931829,,,,,Unfound
,,,,,,,2365305209411,,,,,Unfound
,,,,,,,2100040482391,,,,,Unfound
,,,,,,,1200027228330,,,,,Unfound
,,,,,,,7650687508,,,,60620,Unfound
,,,,,,,2363917808910,,,,,Unfound
,,,,,,,8840938007,,,,228949,Unfound
,,,,,,,2100040485667,,,,,Unfound
,,,,,,,1422683000001,,,,,Unfound
,,,,,,,2366510418015,,,,,Unfound
,,,,,,,1100014635287,,,,,Unfound
,,,,,,,1200027312211,,,,,Unfound
,,,,,,,8840944709,,,,24642,Unfound
,,,,,,,9157884201,,,,74163,Unfound
,,,,,,,10136009,,,,54091,Unfound
,,,,,,,1470000909840,,,,,Unfound
,,,,,,,1900070760300,,,,,Unfound
,,,,,,,2199989535928,,,,,Unfound
,,,,,,,2370368040013,,,,,Unfound
,,,,,,,2364700299119,,,,,Unfound
,,,,,,,7675548700,,,,,Unfound
,,,,,,,1200027397785,,,,,Unfound
,,,,,,,8841014006,,,,79416,Unfound
,,,,,,,7675936810,,,,54657,Unfound
,,,,,,,1900070797728,,,,,Unfound
,,,,,,,1470001038613,,,,,Unfound
,,,,,,,2199989676610,,,,,Unfound
,,,,,,,1200027484170,,,,,Unfound
,,,,,,,7676399602,,,,65540,Unfound
,,,,,,,8841025606,,,,11862,Unfound
,,,,,,,9131397607,,,,9131397607,Unfound
,,,,,,,2370820000000,,,,,Unfound
,,,,,,,9297405407,,,,103814,Unfound
,,,,,,,1470001160378,,,,,Unfound
,,,,,,,9108866701,,,,,Unfound
,,,,,,,2371435985510,,,,,Unfound
,,,,,,,1200027594591,,,,,Unfound
,,,,,,,8894834708,,,,189577,Unfound
,,,,,,,9187137709,,,,4183,Unfound
,,,,,,,2199991339089,,,,,Unfound
,,,,,,,1470001160387,,,,,Unfound
,,,,,,,1100015678101,,,,,Unfound
,,,,,,,1900090041799,,,,,Unfound
,,,,,,,2372630725614,,,,,Unfound
,,,,,,,1200027639931,,,,,Unfound
,,,,,,,8841171707,,,,21275,Unfound
,,,,,,,2365109973910,,,,,Unfound
,,,,,,,9131561403,,,,163076,Unfound
,,,,,,,7676527506,,,,7676527506,Unfound
,,,,,,,2199992232307,,,,,Unfound
,,,,,,,1100015740470,,,,,Unfound
,,,,,,,1900090042472,,,,,Unfound
,,,,,,,1610005878081,,,,,Unfound
,,,,,,,1200027724940,,,,,Unfound
,,,,,,,2372713980913,,,,,Unfound
,,,,,,,8841300007,,,,42880,Unfound
,,,,,,,9131590107,,,,797,Unfound
,,,,,,,2199993352268,,,,,Unfound
,,,,,,,1100015829199,,,,,Unfound
,,,,,,,1610005878090,,,,,Unfound
,,,,,,,1900090272498,,,,,Unfound
,,,,,,,9157894709,,,,9157894709,Unfound
,,,,,,,2366512001018,,,,,Unfound
,,,,,,,2372720020210,,,,,Unfound
,,,,,,,1200028269880,,,,,Unfound
,,,,,,,7678635003,,,,1,Unfound
,,,,,,,2199995513820,,,,,Unfound
,,,,,,,1610005878106,,,,,Unfound
,,,,,,,9131740807,,,,37214,Unfound
,,,,,,,8841427907,,,,66019,Unfound
,,,,,,,1200028317187,,,,,Unfound
,,,,,,,2373028350010,,,,,Unfound
,,,,,,,2366512245115,,,,,Unfound
,,,,,,,7695689809,,,,356393,Unfound
,,,,,,,9131953207,,,,71724,Unfound
,,,,,,,8841755206,,,,59964,Unfound
,,,,,,,1900090272521,,,,,Unfound
,,,,,,,9108900809,,,,23794,Unfound
,,,,,,,2199997353920,,,,,Unfound
,,,,,,,1610005878115,,,,,Unfound
,,,,,,,1100018884086,,,,,Unfound
,,,,,,,2366521211015,,,,,Unfound
,,,,,,,1200028350723,,,,,Unfound
,,,,,,,8894969810,,,,40294,Unfound
,,,,,,,8841773309,,,,15549,Unfound
,,,,,,,7697528806,,,,1,Unfound
,,,,,,,2199997674111,,,,,Unfound
,,,,,,,1100018977207,,,,,Unfound
,,,,,,,1900090358550,,,,,Unfound
,,,,,,,1610005878133,,,,,Unfound
,,,,,,,2374252120519,,,,,Unfound
,,,,,,,1200028579432,,,,,Unfound
,,,,,,,2199997783140,,,,,Unfound
,,,,,,,8841801007,,,,18122,Unfound
,,,,,,,8410226901,,,,6775,Unfound
,,,,,,,1610005878142,,,,,Unfound
,,,,,,,9132251000,,,,7299,Unfound
,,,,,,,1100019148999,,,,,Unfound
,,,,,,,2366523800013,,,,,Unfound
,,,,,,,8410236107,,,,17716,Unfound
,,,,,,,2375350290518,,,,,Unfound
,,,,,,,1900090382535,,,,,Unfound
,,,,,,,9132404403,,,,24094,Unfound
,,,,,,,8841820303,,,,19760,Unfound
,,,,,,,9157896500,,,,9157896500,Unfound
,,,,,,,2199998099518,,,,,Unfound
,,,,,,,1100019376190,,,,,Unfound
,,,,,,,1610005878151,,,,,Unfound
,,,,,,,1900090465261,,,,,Unfound
,,,,,,,2376315380017,,,,,Unfound
,,,,,,,1100019386738,,,,,Unfound
,,,,,,,8841874809,,,,1,Unfound
,,,,,,,2199998300361,,,,,Unfound
,,,,,,,10458402,,,,176377,Unfound
,,,,,,,1900090530725,,,,,Unfound
,,,,,,,8410305807,,,,135267,Unfound
,,,,,,,2380000000000,,,,,Unfound
,,,,,,,2366541704014,,,,,Unfound
,,,,,,,8842025802,,,,24833,Unfound
,,,,,,,8420380300,,,,333,Unfound
,,,,,,,2370211873410,,,,,Unfound
,,,,,,,1900090742820,,,,,Unfound
,,,,,,,2199998359728,,,,,Unfound
,,,,,,,1200028713346,,,,,Unfound
,,,,,,,2380000052338,,,,,Unfound
,,,,,,,9297413507,,,,251415,Unfound
,,,,,,,1610005878189,,,,,Unfound
,,,,,,,9132985304,,,,959137,Unfound
,,,,,,,2199999529601,,,,,Unfound
,,,,,,,8894988107,,,,143082,Unfound
,,,,,,,8420390808,,,,14254,Unfound
,,,,,,,1610005878198,,,,,Unfound
,,,,,,,2380000099665,,,,,Unfound
,,,,,,,2370212233518,,,,,Unfound
,,,,,,,1200028819799,,,,,Unfound
,,,,,,,9207921808,,,,15180,Unfound
,,,,,,,8420586702,,,,14963,Unfound
,,,,,,,9133311401,,,,214952,Unfound
,,,,,,,1610005878203,,,,,Unfound
,,,,,,,2199999726603,,,,,Unfound
,,,,,,,1100020077176,,,,,Unfound
,,,,,,,2199999753945,,,,,Unfound
,,,,,,,1200028839085,,,,,Unfound
,,,,,,,8842582801,,,,38524,Unfound
,,,,,,,9157910310,,,,2793,Unfound
,,,,,,,9133315308,,,,24844,Unfound
,,,,,,,8420628400,,,,37225,Unfound
,,,,,,,2380000125641,,,,,Unfound
,,,,,,,2380000248803,,,,,Unfound
,,,,,,,1610005878230,,,,,Unfound
,,,,,,,1900091014893,,,,,Unfound
,,,,,,,1200028968589,,,,,Unfound
,,,,,,,8842622001,,,,12949,Unfound
,,,,,,,2370432783214,,,,,Unfound
,,,,,,,2200011078436,,,,,Unfound
,,,,,,,1900091248158,,,,,Unfound
,,,,,,,1610005878240,,,,,Unfound
,,,,,,,9133326403,,,,1,Unfound
,,,,,,,1200029056772,,,,,Unfound
,,,,,,,2380000337055,,,,,Unfound
,,,,,,,1100020345768,,,,,Unfound
,,,,,,,9133327304,,,,25167,Unfound
,,,,,,,9297436407,,,,89317,Unfound
,,,,,,,9109011109,,,,24850,Unfound
,,,,,,,1610005878259,,,,,Unfound
,,,,,,,2200012061994,,,,,Unfound
,,,,,,,1200029072170,,,,,Unfound
,,,,,,,2000000070918,,,,,Unfound
,,,,,,,2380000500401,,,,,Unfound
,,,,,,,10912308,,,,41827,Unfound
,,,,,,,8430332710,,,,1,Unfound
,,,,,,,1100020365861,,,,,Unfound
,,,,,,,8842666706,,,,8842666706,Unfound
,,,,,,,8894994203,,,,8894994203,Unfound
,,,,,,,2200013871178,,,,,Unfound
,,,,,,,1610005878268,,,,,Unfound
,,,,,,,1100020743793,,,,,Unfound
,,,,,,,2380001640457,,,,,Unfound
,,,,,,,2000000171616,,,,,Unfound
,,,,,,,2370610930619,,,,,Unfound
,,,,,,,9133351907,,,,1,Unfound
,,,,,,,2200013898816,,,,,Unfound
,,,,,,,8440260504,,,,1,Unfound
,,,,,,,1610005878277,,,,,Unfound
,,,,,,,1100020958037,,,,,Unfound
,,,,,,,2000000507616,,,,,Unfound
,,,,,,,2370762820618,,,,,Unfound
,,,,,,,1200029210441,,,,,Unfound
,,,,,,,2380001956368,,,,,Unfound
,,,,,,,1100021342777,,,,,Unfound
,,,,,,,8842740400,,,,38387,Unfound
,,,,,,,9133358405,,,,4487,Unfound
,,,,,,,9157946500,,,,78133,Unfound
,,,,,,,1610005878286,,,,,Unfound
,,,,,,,2200021751960,,,,,Unfound
,,,,,,,2380001959721,,,,,Unfound
,,,,,,,2370865100518,,,,,Unfound
,,,,,,,8842790707,,,,3228,Unfound
,,,,,,,9133381501,,,,6518,Unfound
,,,,,,,11198306,,,,231348,Unfound
,,,,,,,1591024349346,,,,,Unfound
,,,,,,,1300008436975,,,,,Unfound
,,,,,,,2316520080218,,,,,Unfound
,,,,,,,1013009363962,,,,,Unfound
,,,,,,,9109031901,,,,33148,Unfound
,,,,,,,4256196500,,,,4256196500,Unfound
,,,,,,,5016291003,,,,9255,Unfound
,,,,,,,8835229109,,,,17821,Unfound
,,,,,,,8923055003,,,,3478,Unfound
,,,,,,,8895048602,,,,1,Unfound
,,,,,,,9151680805,,,,104398,Unfound
,,,,,,,9187282606,,,,2412,Unfound
,,,,,,,1300008457441,,,,,Unfound
,,,,,,,1013011744469,,,,,Unfound
,,,,,,,1591024986736,,,,,Unfound
,,,,,,,8835320510,,,,136610,Unfound
,,,,,,,4256196601,,,,163865,Unfound
,,,,,,,2405618103,,,,15907,Unfound
,,,,,,,1013013609308,,,,,Unfound
,,,,,,,1300009340363,,,,,Unfound
,,,,,,,2316520845311,,,,,Unfound
,,,,,,,1591024988014,,,,,Unfound
,,,,,,,8835462003,,,,63569,Unfound
,,,,,,,4256563400,,,,10553,Unfound
,,,,,,,8923183001,,,,8923183001,Unfound
,,,,,,,5016515100,,,,15936,Unfound
,,,,,,,9151894409,,,,4884,Unfound
,,,,,,,1013017874190,,,,,Unfound
,,,,,,,9157967508,,,,58590,Unfound
,,,,,,,9304438000,,,,191822,Unfound
,,,,,,,2320121851719,,,,,Unfound
,,,,,,,1300009535506,,,,,Unfound
,,,,,,,1591025640751,,,,,Unfound
,,,,,,,4256838705,,,,1,Unfound
,,,,,,,5016627605,,,,41380,Unfound
,,,,,,,8923276210,,,,8923276210,Unfound
,,,,,,,9152113303,,,,269166,Unfound
,,,,,,,11232908,,,,24850,Unfound
,,,,,,,9304481809,,,,71962,Unfound
,,,,,,,1591027062660,,,,,Unfound
,,,,,,,1013017878567,,,,,Unfound
,,,,,,,1300009685196,,,,,Unfound
,,,,,,,5017047603,,,,22413,Unfound
,,,,,,,4256981901,,,,112285,Unfound
,,,,,,,8923293906,,,,91249,Unfound
,,,,,,,9152126301,,,,35023,Unfound
,,,,,,,8835506300,,,,49740,Unfound
,,,,,,,9304521009,,,,81244,Unfound
,,,,,,,9297496605,,,,983,Unfound
,,,,,,,1300009891147,,,,,Unfound
,,,,,,,1013018020479,,,,,Unfound
,,,,,,,1591027489231,,,,,Unfound
,,,,,,,4257111100,,,,26015,Unfound
,,,,,,,8923344908,,,,6187,Unfound
,,,,,,,1300009944222,,,,,Unfound
,,,,,,,5017123604,,,,79356,Unfound
,,,,,,,8835588003,,,,405649,Unfound
,,,,,,,9187310304,,,,38587,Unfound
,,,,,,,8895060906,,,,8577,Unfound
,,,,,,,2320913601713,,,,,Unfound
,,,,,,,1013025575517,,,,,Unfound
,,,,,,,1591030653498,,,,,Unfound
,,,,,,,5017217905,,,,2705,Unfound
,,,,,,,4257177501,,,,1,Unfound
,,,,,,,8835648904,,,,105979,Unfound
,,,,,,,1013029255515,,,,,Unfound
,,,,,,,9152255402,,,,96946,Unfound
,,,,,,,9305039002,,,,52388,Unfound
,,,,,,,4257338701,,,,22505,Unfound
,,,,,,,2321237275312,,,,,Unfound
,,,,,,,1300010112200,,,,,Unfound
,,,,,,,1591033297340,,,,,Unfound
,,,,,,,2409303906,,,,13592,Unfound
,,,,,,,8923522008,,,,8923522008,Unfound
,,,,,,,9305107700,,,,9305107700,Unfound
,,,,,,,5017562507,,,,19031,Unfound
,,,,,,,9152364901,,,,62354,Unfound
,,,,,,,9157985701,,,,397145,Unfound
,,,,,,,2321311294116,,,,,Unfound
,,,,,,,1300010207369,,,,,Unfound
,,,,,,,1013029284491,,,,,Unfound
,,,,,,,4257429210,,,,58390,Unfound
,,,,,,,8923820207,,,,151013,Unfound
,,,,,,,9305259308,,,,44331,Unfound
,,,,,,,1300010365640,,,,,Unfound
,,,,,,,11388109,,,,11388109,Unfound
,,,,,,,1013029327277,,,,,Unfound
,,,,,,,1591033753265,,,,,Unfound
,,,,,,,4258118007,,,,1,Unfound
,,,,,,,8924150305,,,,41964,Unfound
,,,,,,,9305271309,,,,33576,Unfound
,,,,,,,9152501604,,,,18208,Unfound
,,,,,,,8835784800,,,,20187,Unfound
,,,,,,,1013029329344,,,,,Unfound
,,,,,,,9297533708,,,,80505,Unfound
,,,,,,,1300010470460,,,,,Unfound
,,,,,,,9109086803,,,,1,Unfound
,,,,,,,2322634201613,,,,,Unfound
,,,,,,,1591034364040,,,,,Unfound
,,,,,,,5018628606,,,,114314,Unfound
,,,,,,,8835785802,,,,11181,Unfound
,,,,,,,8924201610,,,,1,Unfound
,,,,,,,1591036369494,,,,,Unfound
,,,,,,,4258234110,,,,172318,Unfound
,,,,,,,1300010496895,,,,,Unfound
,,,,,,,9305433107,,,,9305433107,Unfound
,,,,,,,2322924300011,,,,,Unfound
,,,,,,,5018723903,,,,5018723903,Unfound
,,,,,,,9152558600,,,,9152558600,Unfound
,,,,,,,8924219001,,,,4583,Unfound
,,,,,,,9305455701,,,,9305455701,Unfound
,,,,,,,1013032964269,,,,,Unfound
,,,,,,,2322987755314,,,,,Unfound
,,,,,,,1591036617013,,,,,Unfound
,,,,,,,4258560303,,,,468,Unfound
,,,,,,,5018967404,,,,5018967404,Unfound
,,,,,,,8836108506,,,,39935,Unfound
,,,,,,,8924219203,,,,3187,Unfound
,,,,,,,9152573102,,,,1,Unfound
,,,,,,,1300011806434,,,,,Unfound
,,,,,,,9305469409,,,,20982,Unfound
,,,,,,,9157991808,,,,2249,Unfound
,,,,,,,1013035231606,,,,,Unfound
,,,,,,,1591036630185,,,,,Unfound
,,,,,,,2323013021513,,,,,Unfound
,,,,,,,4258592002,,,,34383,Unfound
,,,,,,,8836111607,,,,1,Unfound
,,,,,,,5019433506,,,,60669,Unfound
,,,,,,,9152660905,,,,30839,Unfound
,,,,,,,8924229801,,,,50840,Unfound
,,,,,,,1300011863910,,,,,Unfound
,,,,,,,12089800,,,,225119,Unfound
,,,,,,,1591038136390,,,,,Unfound
,,,,,,,1013039231530,,,,,Unfound
,,,,,,,9305478803,,,,109261,Unfound
,,,,,,,2323886475511,,,,,Unfound
,,,,,,,4258664203,,,,1,Unfound
,,,,,,,8836152307,,,,74739,Unfound
,,,,,,,8924282109,,,,66092,Unfound
,,,,,,,9305662403,,,,1,Unfound
,,,,,,,1300012008654,,,,,Unfound
,,,,,,,2324423011311,,,,,Unfound
,,,,,,,9109088010,,,,180662,Unfound
,,,,,,,1013041012428,,,,,Unfound
,,,,,,,4258745506,,,,62018,Unfound
,,,,,,,5019807409,,,,1,Unfound
,,,,,,,8836153601,,,,28247,Unfound
,,,,,,,8924542805,,,,84707,Unfound
,,,,,,,9152678509,,,,1,Unfound
,,,,,,,1300012015590,,,,,Unfound
,,,,,,,8895408000,,,,8895408000,Unfound
,,,,,,,2324423593111,,,,,Unfound
,,,,,,,1013041029900,,,,,Unfound
,,,,,,,1591039380125,,,,,Unfound
,,,,,,,4258752806,,,,54426,Unfound
,,,,,,,5019829610,,,,45541,Unfound
,,,,,,,8924726905,,,,73,Unfound
,,,,,,,1300012225810,,,,,Unfound
,,,,,,,4258894400,,,,68938,Unfound
,,,,,,,8836293808,,,,8836293808,Unfound
,,,,,,,9305977507,,,,,Unfound
,,,,,,,9152757606,,,,32022,Unfound
,,,,,,,5020385908,,,,44535,Unfound
,,,,,,,8924786407,,,,9988,Unfound
,,,,,,,2412894500,,,,26466,Unfound
,,,,,,,9158000500,,,,87725,Unfound
,,,,,,,1300012234610,,,,,Unfound
,,,,,,,2325360436810,,,,,Unfound
,,,,,,,1591040727534,,,,,Unfound
,,,,,,,4259139907,,,,14750,Unfound
,,,,,,,9152821106,,,,1,Unfound
,,,,,,,8924836901,,,,2034,Unfound
,,,,,,,1013043192139,,,,,Unfound
,,,,,,,2325438125110,,,,,Unfound
,,,,,,,5020833606,,,,3570,Unfound
,,,,,,,4259140106,,,,1,Unfound
,,,,,,,1300012276977,,,,,Unfound
,,,,,,,8836570909,,,,1469,Unfound
,,,,,,,8924902708,,,,124077,Unfound
,,,,,,,9152845906,,,,66451,Unfound
,,,,,,,9298748600,,,,165041,Unfound
,,,,,,,2325982940710,,,,,Unfound
,,,,,,,1300012646072,,,,,Unfound
,,,,,,,1013045999280,,,,,Unfound
,,,,,,,9109102707,,,,333581,Unfound
,,,,,,,1591042989650,,,,,Unfound
,,,,,,,9306008209,,,,1,Unfound
,,,,,,,8836584404,,,,43241,Unfound
,,,,,,,4259257801,,,,26779,Unfound
,,,,,,,5020915608,,,,76889,Unfound
,,,,,,,8924912700,,,,8924912700,Unfound
,,,,,,,8895464504,,,,13158,Unfound
,,,,,,,9306025108,,,,46239,Unfound
,,,,,,,1300012664504,,,,,Unfound
,,,,,,,1013046084612,,,,,Unfound
,,,,,,,4259461710,,,,4259461710,Unfound
,,,,,,,9153086601,,,,9755,Unfound
,,,,,,,8924980504,,,,8429,Unfound
,,,,,,,2326354615013,,,,,Unfound
,,,,,,,9306059305,,,,1,Unfound
,,,,,,,8836778103,,,,8836778103,Unfound
,,,,,,,1300012697030,,,,,Unfound
,,,,,,,1591043735236,,,,,Unfound
,,,,,,,1013048575978,,,,,Unfound
,,,,,,,1591043598163,,,,,Unfound
,,,,,,,4259529909,,,,4259529909,Unfound
,,,,,,,5021235602,,,,61450,Unfound
,,,,,,,8836850500,,,,8836850500,Unfound
,,,,,,,8925003409,,,,,Unfound
,,,,,,,9153156506,,,,12759,Unfound
,,,,,,,9158012204,,,,9158012204,Unfound
,,,,,,,2419412109,,,,2419412109,Unfound
,,,,,,,2326535665011,,,,,Unfound
,,,,,,,9306137602,,,,,Unfound
,,,,,,,1591044239294,,,,,Unfound
,,,,,,,4259552208,,,,16197,Unfound
,,,,,,,5021971006,,,,5021971006,Unfound
,,,,,,,8837024404,,,,13580,Unfound
,,,,,,,9306142000,,,,179085,Unfound
,,,,,,,1300012767194,,,,,Unfound
,,,,,,,54226706,,,,54226706,Unfound
,,,,,,,2330107355018,,,,,Unfound
,,,,,,,12330408,,,,12330408,Unfound
,,,,,,,1591044308558,,,,,Unfound
,,,,,,,1013049847410,,,,,Unfound
,,,,,,,4259615307,,,,4259615307,Unfound
,,,,,,,8837101800,,,,8837101800,Unfound
,,,,,,,8925037202,,,,8925037202,Unfound
,,,,,,,9306213210,,,,9306213210,Unfound
,,,,,,,1300012868663,,,,,Unfound
,,,,,,,2330320642718,,,,,Unfound
,,,,,,,9109135700,,,,30022,Unfound
,,,,,,,1591044946427,,,,,Unfound
,,,,,,,1013057568513,,,,,Unfound
,,,,,,,4259689202,,,,20842,Unfound
,,,,,,,9306219503,,,,37834,Unfound
,,,,,,,8925095306,,,,8925095306,Unfound
,,,,,,,1300034472484,,,,,Unfound
,,,,,,,1013058220105,,,,,Unfound
,,,,,,,2330471594712,,,,,Unfound
,,,,,,,1591044948665,,,,,Unfound
,,,,,,,5023652303,,,,2862,Unfound
,,,,,,,8837159809,,,,2360,Unfound
,,,,,,,1300035383259,,,,,Unfound
,,,,,,,8925106206,,,,1554,Unfound
,,,,,,,1591045465127,,,,,Unfound
,,,,,,,4259767600,,,,,Unfound
,,,,,,,4259820903,,,,16722,Unfound
,,,,,,,5023674302,,,,5023674302,Unfound
,,,,,,,8925214400,,,,46522,Unfound
,,,,,,,8837167202,,,,72637,Unfound
,,,,,,,2439810908,,,,64023,Unfound
,,,,,,,9306255204,,,,236545,Unfound
,,,,,,,9158023310,,,,22603,Unfound
,,,,,,,1300035401642,,,,,Unfound
,,,,,,,8837459204,,,,8837459204,Unfound
,,,,,,,1013065422554,,,,,Unfound
,,,,,,,9153628106,,,,1,Unfound
,,,,,,,8925244005,,,,8925244005,Unfound
,,,,,,,5023749610,,,,5023749610,Unfound
,,,,,,,1300035402948,,,,,Unfound
,,,,,,,2331771849016,,,,,Unfound
,,,,,,,9306263304,,,,86612,Unfound
,,,,,,,12796702,,,,70746,Unfound
,,,,,,,1591046086559,,,,,Unfound
,,,,,,,5023837607,,,,55515,Unfound
,,,,,,,8925259209,,,,13894,Unfound
,,,,,,,9302835404,,,,41273,Unfound
,,,,,,,9306340801,,,,29170,Unfound
,,,,,,,9153685309,,,,9153685309,Unfound
,,,,,,,4260217805,,,,39,Unfound
,,,,,,,5023999701,,,,27750,Unfound
,,,,,,,1591046382562,,,,,Unfound
,,,,,,,9153710001,,,,83120,Unfound
,,,,,,,8895801002,,,,32234,Unfound
,,,,,,,1013072299780,,,,,Unfound
,,,,,,,1591046506012,,,,,Unfound
,,,,,,,5024139509,,,,58038,Unfound
,,,,,,,9153731110,,,,94031,Unfound
,,,,,,,1300037750784,,,,,Unfound
,,,,,,,9306400400,,,,727638,Unfound
,,,,,,,2332108087210,,,,,Unfound
,,,,,,,1591046796941,,,,,Unfound
,,,,,,,8837938003,,,,295586,Unfound
,,,,,,,5024766806,,,,30840,Unfound
,,,,,,,4260305409,,,,7932,Unfound
,,,,,,,1013084295660,,,,,Unfound
,,,,,,,9153745503,,,,50018,Unfound
,,,,,,,8925737803,,,,9166,Unfound
,,,,,,,9306404408,,,,1909,Unfound
,,,,,,,9158029603,,,,36,Unfound
,,,,,,,2332141326715,,,,,Unfound
,,,,,,,2441225009,,,,33448,Unfound
,,,,,,,1013084694021,,,,,Unfound
,,,,,,,4260514901,,,,8340,Unfound
,,,,,,,9306622104,,,,9999,Unfound
,,,,,,,8925744407,,,,360902,Unfound
,,,,,,,9153774106,,,,99775,Unfound
,,,,,,,13138803,,,,1,Unfound
,,,,,,,1591047419540,,,,,Unfound
,,,,,,,8838095309,,,,183141,Unfound
,,,,,,,1591047499689,,,,,Unfound
,,,,,,,1013086940667,,,,,Unfound
,,,,,,,4260515106,,,,163077,Unfound
,,,,,,,5025006102,,,,,Unfound
,,,,,,,9109225106,,,,21095,Unfound
,,,,,,,1591048167350,,,,,Unfound
,,,,,,,1300038141658,,,,,Unfound
,,,,,,,5025297701,,,,106476,Unfound
,,,,,,,1013087322002,,,,,Unfound
,,,,,,,8838269810,,,,8838269810,Unfound
,,,,,,,8925917109,,,,32634,Unfound
,,,,,,,4260539210,,,,10164,Unfound
,,,,,,,9178997310,,,,44929,Unfound
,,,,,,,8896083306,,,,38640,Unfound
,,,,,,,1300051017504,,,,,Unfound
,,,,,,,2334494215716,,,,,Unfound
,,,,,,,9090891909,,,,47597,Unfound
,,,,,,,1591048170609,,,,,Unfound
,,,,,,,4260592809,,,,9184,Unfound
,,,,,,,8838482305,,,,81203,Unfound
,,,,,,,8925966100,,,,5928,Unfound
,,,,,,,5025391300,,,,122850,Unfound
,,,,,,,9153918800,,,,1,Unfound
,,,,,,,1300051659600,,,,,Unfound
,,,,,,,1014568405392,,,,,Unfound
,,,,,,,2334551328510,,,,,Unfound
,,,,,,,1591048997382,,,,,Unfound
,,,,,,,4260923301,,,,23462,Unfound
,,,,,,,8838501608,,,,1,Unfound
,,,,,,,1014568452081,,,,,Unfound
,,,,,,,5025784106,,,,24469,Unfound
,,,,,,,9153932603,,,,18536,Unfound
,,,,,,,9308179000,,,,315449,Unfound
,,,,,,,2446030401,,,,11518,Unfound
,,,,,,,1014568866318,,,,,Unfound
,,,,,,,2335053081716,,,,,Unfound
,,,,,,,1300051826476,,,,,Unfound
,,,,,,,8926217400,,,,80054,Unfound
,,,,,,,4261663508,,,,45864,Unfound
,,,,,,,1591050223172,,,,,Unfound
,,,,,,,8838765508,,,,70093,Unfound
,,,,,,,5026532308,,,,36033,Unfound
,,,,,,,8926332501,,,,8926332501,Unfound
,,,,,,,9154009105,,,,15835,Unfound
,,,,,,,13188010,,,,118869,Unfound
,,,,,,,1300052649505,,,,,Unfound
,,,,,,,54975310,,,,3156,Unfound
,,,,,,,1014568983611,,,,,Unfound
,,,,,,,8838795304,,,,117298,Unfound
,,,,,,,5026811806,,,,4099,Unfound
,,,,,,,1591052555110,,,,,Unfound
,,,,,,,9154040110,,,,20984,Unfound
,,,,,,,9179008702,,,,8000,Unfound
,,,,,,,2000053630300,,,,,Unfound
,,,,,,,1460000561236,,,,,Unfound
,,,,,,,1200033143345,,,,,Unfound
,,,,,,,1610031698622,,,,,Unfound
,,,,,,,8450048501,,,,123475,Unfound
,,,,,,,9109253908,,,,,Unfound
,,,,,,,8920825606,,,,58499,Unfound
,,,,,,,9141102410,,,,35825,Unfound
,,,,,,,8830809809,,,,37001,Unfound
,,,,,,,9208590401,,,,9208590401,Unfound
,,,,,,,1591024682750,,,,,Unfound
,,,,,,,1610031766228,,,,,Unfound
,,,,,,,1200029642643,,,,,Unfound
,,,,,,,2000053708782,,,,,Unfound
,,,,,,,8830816110,,,,8830816110,Unfound
,,,,,,,1460000778924,,,,,Unfound
,,,,,,,8920837905,,,,15103,Unfound
,,,,,,,1200033204306,,,,,Unfound
,,,,,,,9158078504,,,,138113,Unfound
,,,,,,,2452413100,,,,37774,Unfound
,,,,,,,1460000863669,,,,,Unfound
,,,,,,,1591039668215,,,,,Unfound
,,,,,,,2000053744656,,,,,Unfound
,,,,,,,1610032045623,,,,,Unfound
,,,,,,,1200029656042,,,,,Unfound
,,,,,,,1200033211828,,,,,Unfound
,,,,,,,8450855508,,,,7309,Unfound
,,,,,,,8830845600,,,,3853,Unfound
,,,,,,,1300008235418,,,,,Unfound
,,,,,,,9141345403,,,,9141345403,Unfound
,,,,,,,8920860507,,,,21522,Unfound
,,,,,,,13189304,,,,1,Unfound
,,,,,,,1460001802825,,,,,Unfound
,,,,,,,1620000290082,,,,,Unfound
,,,,,,,1200033589248,,,,,Unfound
,,,,,,,1200029757948,,,,,Unfound
,,,,,,,8451395404,,,,,Unfound
,,,,,,,2000053950086,,,,,Unfound
,,,,,,,9109377904,,,,159677,Unfound
,,,,,,,9303119809,,,,3631,Unfound
,,,,,,,2313804801217,,,,,Unfound
,,,,,,,1470000171990,,,,,Unfound
,,,,,,,1200030000096,,,,,Unfound
,,,,,,,8451395808,,,,,Unfound
,,,,,,,8831448404,,,,279720,Unfound
,,,,,,,1620000378843,,,,,Unfound
,,,,,,,9141651702,,,,71801,Unfound
,,,,,,,1200033682499,,,,,Unfound
,,,,,,,2373921225010,,,,,Unfound
,,,,,,,9179030201,,,,1,Unfound
,,,,,,,8920904804,,,,85651,Unfound
,,,,,,,8896211109,,,,9423,Unfound
,,,,,,,8831596004,,,,1,Unfound
,,,,,,,1200030012366,,,,,Unfound
,,,,,,,2000054230430,,,,,Unfound
,,,,,,,1610013058381,,,,,Unfound
,,,,,,,1620000718715,,,,,Unfound
,,,,,,,1580001445583,,,,,Unfound
,,,,,,,1200030108170,,,,,Unfound
,,,,,,,8451399502,,,,,Unfound
,,,,,,,8831781706,,,,33296,Unfound
,,,,,,,9144260702,,,,45343,Unfound
,,,,,,,1591033061944,,,,,Unfound
,,,,,,,2000008391542,,,,,Unfound
,,,,,,,2000054284913,,,,,Unfound
,,,,,,,9158110507,,,,88338,Unfound
,,,,,,,2463572906,,,,25084,Unfound
,,,,,,,1200030154335,,,,,Unfound
,,,,,,,8451444705,,,,,Unfound
,,,,,,,8831820903,,,,12980,Unfound
,,,,,,,8921377105,,,,8921377105,Unfound
,,,,,,,13307508,,,,58413,Unfound
,,,,,,,1012821460406,,,,,Unfound
,,,,,,,1620001149567,,,,,Unfound
,,,,,,,9303278605,,,,679714,Unfound
,,,,,,,8831928407,,,,3300,Unfound
,,,,,,,8921400702,,,,35557,Unfound
,,,,,,,8460175110,,,,84103,Unfound
,,,,,,,1200034653276,,,,,Unfound
,,,,,,,1591035969863,,,,,Unfound
,,,,,,,2000054378145,,,,,Unfound
,,,,,,,1620001152090,,,,,Unfound
,,,,,,,1200030297948,,,,,Unfound
,,,,,,,8460179006,,,,35999,Unfound
,,,,,,,8832107607,,,,29656,Unfound
,,,,,,,2000054449345,,,,,Unfound
,,,,,,,1200034665625,,,,,Unfound
,,,,,,,9109460801,,,,57231,Unfound
,,,,,,,8896337109,,,,767,Unfound
,,,,,,,8921449104,,,,77125,Unfound
,,,,,,,1591052711348,,,,,Unfound
,,,,,,,1591048215000,,,,,Unfound
,,,,,,,2199996396560,,,,,Unfound
,,,,,,,1620001257458,,,,,Unfound
,,,,,,,1200030392811,,,,,Unfound
,,,,,,,8460367905,,,,71317,Unfound
,,,,,,,1200034743317,,,,,Unfound
,,,,,,,1620001396374,,,,,Unfound
,,,,,,,1100025635620,,,,,Unfound
,,,,,,,1591053574026,,,,,Unfound
,,,,,,,9144522807,,,,150838,Unfound
,,,,,,,8921504703,,,,67452,Unfound
,,,,,,,2000054461820,,,,,Unfound
,,,,,,,8812846510,,,,1,Unfound
,,,,,,,9144563103,,,,22967,Unfound
,,,,,,,8832210510,,,,51597,Unfound
,,,,,,,2464906005,,,,8141,Unfound
,,,,,,,1591058760730,,,,,Unfound
,,,,,,,1200034833830,,,,,Unfound
,,,,,,,2000054707060,,,,,Unfound
,,,,,,,1200030463125,,,,,Unfound
,,,,,,,8812850703,,,,1,Unfound
,,,,,,,1620001674788,,,,,Unfound
,,,,,,,8921677207,,,,80267,Unfound
,,,,,,,1417291661009,,,,,Unfound
,,,,,,,8832396203,,,,473749,Unfound
,,,,,,,9144966305,,,,42659,Unfound
,,,,,,,13803902,,,,94410,Unfound
,,,,,,,1600000012585,,,,,Unfound
,,,,,,,1630000310860,,,,,Unfound
,,,,,,,1200030505608,,,,,Unfound
,,,,,,,8812879604,,,,134891,Unfound
,,,,,,,8832466209,,,,67454,Unfound
,,,,,,,9145013005,,,,8347,Unfound
,,,,,,,1012835239244,,,,,Unfound
,,,,,,,1200035341556,,,,,Unfound
,,,,,,,2000055213426,,,,,Unfound
,,,,,,,1600000133475,,,,,Unfound
,,,,,,,1630000334940,,,,,Unfound
,,,,,,,8812885902,,,,1,Unfound
,,,,,,,8832561001,,,,104553,Unfound
,,,,,,,8921774508,,,,44386,Unfound
,,,,,,,9179139807,,,,55140,Unfound
,,,,,,,9109466701,,,,22021,Unfound
,,,,,,,8896343306,,,,8337,Unfound
,,,,,,,1200035362050,,,,,Unfound
,,,,,,,2000051875366,,,,,Unfound
,,,,,,,1610000777281,,,,,Unfound
,,,,,,,1630000756220,,,,,Unfound
,,,,,,,8812886309,,,,18540,Unfound
,,,,,,,8832569500,,,,1,Unfound
,,,,,,,8921821109,,,,1,Unfound
,,,,,,,1200035602583,,,,,Unfound
,,,,,,,1630000783516,,,,,Unfound
,,,,,,,1610003134343,,,,,Unfound
,,,,,,,1012620741934,,,,,Unfound
,,,,,,,2000056966664,,,,,Unfound
,,,,,,,8832633101,,,,164538,Unfound
,,,,,,,9145259206,,,,4701,Unfound
,,,,,,,8921842005,,,,397137,Unfound
,,,,,,,2477533204,,,,30573,Unfound
,,,,,,,1200035695133,,,,,Unfound
,,,,,,,2100040110440,,,,,Unfound
,,,,,,,1630000798415,,,,,Unfound
,,,,,,,2000016490684,,,,,Unfound
,,,,,,,1200030600572,,,,,Unfound
,,,,,,,8812887008,,,,18056,Unfound
,,,,,,,8832697004,,,,103811,Unfound
,,,,,,,1610003482790,,,,,Unfound
,,,,,,,1200035889995,,,,,Unfound
,,,,,,,9145376401,,,,5810,Unfound
,,,,,,,2100040152565,,,,,Unfound
,,,,,,,1417418720008,,,,,Unfound
,,,,,,,14082807,,,,22508,Unfound
,,,,,,,1610004206983,,,,,Unfound
,,,,,,,1200030699523,,,,,Unfound
,,,,,,,1630000820099,,,,,Unfound
,,,,,,,8812893710,,,,247201,Unfound
,,,,,,,8832712108,,,,1,Unfound
,,,,,,,1200036154109,,,,,Unfound
,,,,,,,9146109304,,,,12430,Unfound
,,,,,,,8921876000,,,,420,Unfound
,,,,,,,1200030779978,,,,,Unfound
,,,,,,,2200042925977,,,,,Unfound
,,,,,,,1640000208772,,,,,Unfound
,,,,,,,2100040207504,,,,,Unfound
,,,,,,,1610004529172,,,,,Unfound
,,,,,,,8812897202,,,,49755,Unfound
,,,,,,,8921922104,,,,106567,Unfound
,,,,,,,1200036182773,,,,,Unfound
,,,,,,,9179239609,,,,6285,Unfound
,,,,,,,8896375106,,,,20992,Unfound
,,,,,,,1610011177690,,,,,Unfound
,,,,,,,2600000416142,,,,,Unfound
,,,,,,,1200030821877,,,,,Unfound
,,,,,,,8832839402,,,,114138,Unfound
,,,,,,,1640000257361,,,,,Unfound
,,,,,,,8921945004,,,,12327,Unfound
,,,,,,,9091144506,,,,9091144506,Unfound
,,,,,,,2100040226631,,,,,Unfound
,,,,,,,1610011711215,,,,,Unfound
,,,,,,,1714349464109,,,,,Unfound
,,,,,,,1200036570852,,,,,Unfound
,,,,,,,1200030977468,,,,,Unfound
,,,,,,,1640000305801,,,,,Unfound
,,,,,,,8833046506,,,,1,Unfound
,,,,,,,9158201409,,,,2166,Unfound
,,,,,,,8922020405,,,,63816,Unfound
,,,,,,,2479544500,,,,26576,Unfound
,,,,,,,1640000326467,,,,,Unfound
,,,,,,,1800021809630,,,,,Unfound
,,,,,,,1200036685679,,,,,Unfound
,,,,,,,1610011970116,,,,,Unfound
,,,,,,,1200031052458,,,,,Unfound
,,,,,,,8922101102,,,,431,Unfound
,,,,,,,8812929301,,,,53856,Unfound
,,,,,,,9146319607,,,,9146319607,Unfound
,,,,,,,1414198310000,,,,,Unfound
,,,,,,,55564810,,,,123501,Unfound
,,,,,,,1200036832563,,,,,Unfound
,,,,,,,1200031140101,,,,,Unfound
,,,,,,,8812940906,,,,48067,Unfound
,,,,,,,1610012029255,,,,,Unfound
,,,,,,,1640000372533,,,,,Unfound
,,,,,,,2100040639176,,,,,Unfound
,,,,,,,9146466508,,,,80337,Unfound
,,,,,,,8922102508,,,,11066,Unfound
,,,,,,,8833212306,,,,13432,Unfound
,,,,,,,2000013454007,,,,,Unfound
,,,,,,,2100040796560,,,,,Unfound
,,,,,,,1640000425600,,,,,Unfound
,,,,,,,1610012122051,,,,,Unfound
,,,,,,,1200031146520,,,,,Unfound
,,,,,,,8812950909,,,,466971,Unfound
,,,,,,,8833665804,,,,138929,Unfound
,,,,,,,1200037082722,,,,,Unfound
,,,,,,,8896521910,,,,153616,Unfound
,,,,,,,8922119402,,,,41041,Unfound
,,,,,,,9179334805,,,,1,Unfound
,,,,,,,2199994241456,,,,,Unfound
,,,,,,,1610012405073,,,,,Unfound
,,,,,,,9109498905,,,,1,Unfound
,,,,,,,2100040811624,,,,,Unfound
,,,,,,,1200031244079,,,,,Unfound
,,,,,,,8812991003,,,,163418,Unfound
,,,,,,,1200037258875,,,,,Unfound
,,,,,,,8922283202,,,,1,Unfound
,,,,,,,1700051207525,,,,,Unfound
,,,,,,,1200031466999,,,,,Unfound
,,,,,,,2100041028910,,,,,Unfound
,,,,,,,1610013014357,,,,,Unfound
,,,,,,,8922474804,,,,64404,Unfound
,,,,,,,2486435901,,,,,Unfound
,,,,,,,1200037284411,,,,,Unfound
,,,,,,,8833816608,,,,,Unfound
,,,,,,,9158233400,,,,100423,Unfound
,,,,,,,1200031612899,,,,,Unfound
,,,,,,,1700052376934,,,,,Unfound
,,,,,,,2100041166407,,,,,Unfound
,,,,,,,8813003307,,,,61555,Unfound
,,,,,,,9146503510,,,,183,Unfound
,,,,,,,8834030406,,,,8834030406,Unfound
,,,,,,,2364602984911,,,,,Unfound
,,,,,,,8922483109,,,,88911,Unfound
,,,,,,,14724709,,,,110249,Unfound
,,,,,,,1610018783173,,,,,Unfound
,,,,,,,2198765196525,,,,,Unfound
,,,,,,,1200037297420,,,,,Unfound
,,,,,,,1700052634906,,,,,Unfound
,,,,,,,1200031669158,,,,,Unfound
,,,,,,,8922491602,,,,31469,Unfound
,,,,,,,8813006504,,,,41970,Unfound
,,,,,,,8834033704,,,,1,Unfound
,,,,,,,9146912808,,,,6194,Unfound
,,,,,,,1200037537703,,,,,Unfound
,,,,,,,1710053641005,,,,,Unfound
,,,,,,,1200031734505,,,,,Unfound
,,,,,,,8834064109,,,,16689,Unfound
,,,,,,,8813016406,,,,22827,Unfound
,,,,,,,1610019173220,,,,,Unfound
,,,,,,,8922523409,,,,26729,Unfound
,,,,,,,8896525009,,,,24634,Unfound
,,,,,,,9146913507,,,,5314,Unfound
,,,,,,,1200037674748,,,,,Unfound
,,,,,,,2000022601440,,,,,Unfound
,,,,,,,2198765201798,,,,,Unfound
,,,,,,,1610020689416,,,,,Unfound
,,,,,,,1711619325803,,,,,Unfound
,,,,,,,1200037703752,,,,,Unfound
,,,,,,,8813018601,,,,126517,Unfound
,,,,,,,8922549203,,,,12275,Unfound
,,,,,,,9146951010,,,,20059,Unfound
,,,,,,,1200031883536,,,,,Unfound
,,,,,,,1100008162071,,,,,Unfound
,,,,,,,8922572400,,,,129582,Unfound
,,,,,,,8834141000,,,,40052,Unfound
,,,,,,,1200037817496,,,,,Unfound
,,,,,,,2496291505,,,,44487,Unfound
,,,,,,,9147036308,,,,9147036308,Unfound
,,,,,,,9158249000,,,,94780,Unfound
,,,,,,,1610021934987,,,,,Unfound
,,,,,,,1200032046482,,,,,Unfound
,,,,,,,1711881076200,,,,,Unfound
,,,,,,,2199989346411,,,,,Unfound
,,,,,,,1200038026472,,,,,Unfound
,,,,,,,1170000886376,,,,,Unfound
,,,,,,,2199989610716,,,,,Unfound
,,,,,,,9147036409,,,,9147036409,Unfound
,,,,,,,1712002012100,,,,,Unfound
,,,,,,,1200032181767,,,,,Unfound
,,,,,,,8922687900,,,,51444,Unfound
,,,,,,,9147544810,,,,134821,Unfound
,,,,,,,8813043409,,,,161201,Unfound
,,,,,,,2000023070400,,,,,Unfound
,,,,,,,1200038213839,,,,,Unfound
,,,,,,,1712023471471,,,,,Unfound
,,,,,,,2199989642337,,,,,Unfound
,,,,,,,8813047900,,,,52659,Unfound
,,,,,,,9179378803,,,,1132,Unfound
,,,,,,,1200032348266,,,,,Unfound
,,,,,,,8896605602,,,,1,Unfound
,,,,,,,2199989642693,,,,,Unfound
,,,,,,,1200032407860,,,,,Unfound
,,,,,,,8813052904,,,,330595,Unfound
,,,,,,,1712066390104,,,,,Unfound
,,,,,,,8922801310,,,,45488,Unfound
,,,,,,,8834449904,,,,8834449904,Unfound
,,,,,,,1610027817908,,,,,Unfound
,,,,,,,9147818608,,,,53819,Unfound
,,,,,,,1200023646439,,,,,Unfound
,,,,,,,1200032440360,,,,,Unfound
,,,,,,,1610029000603,,,,,Unfound
,,,,,,,8813056104,,,,767525,Unfound
,,,,,,,8922855704,,,,21541,Unfound
,,,,,,,9147848505,,,,45,Unfound
,,,,,,,8834547904,,,,34,Unfound
,,,,,,,1200038385175,,,,,Unfound
,,,,,,,1100008079900,,,,,Unfound
,,,,,,,2511318308,,,,2511318308,Unfound
,,,,,,,1610030153823,,,,,Unfound
,,,,,,,1712792633254,,,,,Unfound
,,,,,,,8813059503,,,,1,Unfound
,,,,,,,8922975703,,,,18505,Unfound
,,,,,,,8834698903,,,,8834698903,Unfound
,,,,,,,9147975310,,,,18877,Unfound
,,,,,,,1200038398990,,,,,Unfound
,,,,,,,1610030272594,,,,,Unfound
,,,,,,,1713500251001,,,,,Unfound
,,,,,,,14902505,,,,289994,Unfound
,,,,,,,2199989817430,,,,,Unfound
,,,,,,,1200032587295,,,,,Unfound
,,,,,,,8923017208,,,,36620,Unfound
,,,,,,,8813060308,,,,339241,Unfound
,,,,,,,1414496750003,,,,,Unfound
,,,,,,,1200038413380,,,,,Unfound
,,,,,,,8835008407,,,,33516,Unfound
,,,,,,,2199990314942,,,,,Unfound
,,,,,,,1200032680481,,,,,Unfound
,,,,,,,9148265901,,,,34895,Unfound
,,,,,,,1713588482550,,,,,Unfound
,,,,,,,8813065408,,,,427773,Unfound
,,,,,,,8923048904,,,,31222,Unfound
,,,,,,,9148409708,,,,590207,Unfound
,,,,,,,8896645401,,,,48428,Unfound
,,,,,,,9179421003,,,,1481,Unfound
,,,,,,,1575171701,,,,1575171701,Unfound
,,,,,,,1300005908666,,,,,Unfound
,,,,,,,1200032717830,,,,,Unfound
,,,,,,,1900042287694,,,,,Unfound
,,,,,,,8912404709,,,,157899,Unfound
,,,,,,,8814107403,,,,14188,Unfound
,,,,,,,8825865603,,,,7042,Unfound
,,,,,,,9217997500,,,,113529,Unfound
,,,,,,,54060406,,,,30765,Unfound
,,,,,,,1200021999492,,,,,Unfound
,,,,,,,1200032917897,,,,,Unfound
,,,,,,,5073125703,,,,34635,Unfound
,,,,,,,1300006210866,,,,,Unfound
,,,,,,,1900042420210,,,,,Unfound
,,,,,,,1200032919227,,,,,Unfound
,,,,,,,5073634803,,,,5073634803,Unfound
,,,,,,,8814113701,,,,72289,Unfound
,,,,,,,8826016708,,,,8826016708,Unfound
,,,,,,,54257605,,,,1,Unfound
,,,,,,,1200032982910,,,,,Unfound
,,,,,,,8814117608,,,,51556,Unfound
,,,,,,,1200022530618,,,,,Unfound
,,,,,,,8826018207,,,,208769,Unfound
,,,,,,,9218028606,,,,84416,Unfound
,,,,,,,54582302,,,,66332,Unfound
,,,,,,,8896720804,,,,49901,Unfound
,,,,,,,1300006241368,,,,,Unfound
,,,,,,,1200024476983,,,,,Unfound
,,,,,,,1900043428674,,,,,Unfound
,,,,,,,1200033094273,,,,,Unfound
,,,,,,,8814127005,,,,85633,Unfound
,,,,,,,8826048205,,,,48075,Unfound
,,,,,,,9091538000,,,,1,Unfound
,,,,,,,8912702908,,,,8912702908,Unfound
,,,,,,,1577864002,,,,2031,Unfound
,,,,,,,1200024483990,,,,,Unfound
,,,,,,,1300006649024,,,,,Unfound
,,,,,,,1200033094566,,,,,Unfound
,,,,,,,1300006789877,,,,,Unfound
,,,,,,,55170901,,,,1,Unfound
,,,,,,,1900044112392,,,,,Unfound
,,,,,,,1200024935000,,,,,Unfound
,,,,,,,1200033094636,,,,,Unfound
,,,,,,,5075804509,,,,44633,Unfound
,,,,,,,5075803507,,,,152546,Unfound
,,,,,,,9218174000,,,,113569,Unfound
,,,,,,,8814134608,,,,31557,Unfound
,,,,,,,8826080908,,,,126533,Unfound
,,,,,,,8912832506,,,,8912832506,Unfound
,,,,,,,55478402,,,,135303,Unfound
,,,,,,,1200025340750,,,,,Unfound
,,,,,,,1900045019036,,,,,Unfound
,,,,,,,1200033164201,,,,,Unfound
,,,,,,,15364205,,,,79317,Unfound
,,,,,,,5075975705,,,,93570,Unfound
,,,,,,,1300007010109,,,,,Unfound
,,,,,,,9218270007,,,,9218270007,Unfound
,,,,,,,8912842902,,,,76332,Unfound
,,,,,,,55482707,,,,43246,Unfound
,,,,,,,1300007172370,,,,,Unfound
,,,,,,,1900045042754,,,,,Unfound
,,,,,,,1200033204227,,,,,Unfound
,,,,,,,9218324105,,,,4476,Unfound
,,,,,,,1200026195998,,,,,Unfound
,,,,,,,5076092202,,,,44824,Unfound
,,,,,,,8912910107,,,,194462,Unfound
,,,,,,,8826128001,,,,19390,Unfound
,,,,,,,8814148900,,,,255265,Unfound
,,,,,,,55482808,,,,77380,Unfound
,,,,,,,1300007512455,,,,,Unfound
,,,,,,,1200027467963,,,,,Unfound
,,,,,,,9179472009,,,,8028,Unfound
,,,,,,,1900045376210,,,,,Unfound
,,,,,,,1200033237686,,,,,Unfound
,,,,,,,8826246400,,,,16679,Unfound
,,,,,,,8814150404,,,,24706,Unfound
,,,,,,,5076301510,,,,19547,Unfound
,,,,,,,8912914710,,,,80435,Unfound
,,,,,,,8896747701,,,,8896747701,Unfound
,,,,,,,9218339601,,,,28347,Unfound
,,,,,,,1200028583085,,,,,Unfound
,,,,,,,1900046000329,,,,,Unfound
,,,,,,,1200033367933,,,,,Unfound
,,,,,,,8814155201,,,,332646,Unfound
,,,,,,,1300007513351,,,,,Unfound
,,,,,,,1200033406468,,,,,Unfound
,,,,,,,1200028901079,,,,,Unfound
,,,,,,,1300007708201,,,,,Unfound
,,,,,,,2534391503,,,,76719,Unfound
,,,,,,,55586506,,,,100036,Unfound
,,,,,,,1900046052080,,,,,Unfound
,,,,,,,8912963106,,,,262028,Unfound
,,,,,,,9219445403,,,,9693,Unfound
,,,,,,,15498608,,,,,Unfound
,,,,,,,1300008414243,,,,,Unfound
,,,,,,,1200033453254,,,,,Unfound
,,,,,,,1200029969272,,,,,Unfound
,,,,,,,5076843704,,,,12752,Unfound
,,,,,,,1900046299132,,,,,Unfound
,,,,,,,8826381002,,,,3074,Unfound
,,,,,,,8814190809,,,,82081,Unfound
,,,,,,,8912989809,,,,30145,Unfound
,,,,,,,1300008625967,,,,,Unfound
,,,,,,,1200031241175,,,,,Unfound
,,,,,,,1200033466332,,,,,Unfound
,,,,,,,1900047083070,,,,,Unfound
,,,,,,,9219586006,,,,569,Unfound
,,,,,,,56125609,,,,136819,Unfound
,,,,,,,5076903101,,,,1,Unfound
,,,,,,,8814193703,,,,30203,Unfound
,,,,,,,8826434300,,,,101,Unfound
,,,,,,,8913028600,,,,176475,Unfound
,,,,,,,9219666801,,,,1,Unfound
,,,,,,,9179526904,,,,10647,Unfound
,,,,,,,1200031599449,,,,,Unfound
,,,,,,,1200033480434,,,,,Unfound
,,,,,,,1900048000260,,,,,Unfound
,,,,,,,8814196507,,,,21033,Unfound
,,,,,,,5076928600,,,,7172,Unfound
,,,,,,,8826436708,,,,1,Unfound
,,,,,,,8913071601,,,,67182,Unfound
,,,,,,,9219681808,,,,364491,Unfound
,,,,,,,1591548007,,,,3,Unfound
,,,,,,,1200033541487,,,,,Unfound
,,,,,,,1900048007966,,,,,Unfound
,,,,,,,5076968500,,,,26351,Unfound
,,,,,,,9219714505,,,,36057,Unfound
,,,,,,,8826439602,,,,415768,Unfound
,,,,,,,8913217704,,,,185473,Unfound
,,,,,,,57205309,,,,155171,Unfound
,,,,,,,2546593902,,,,1027,Unfound
,,,,,,,1900048175800,,,,,Unfound
,,,,,,,1200034457091,,,,,Unfound
,,,,,,,8814254405,,,,36836,Unfound
,,,,,,,5077088205,,,,17900,Unfound
,,,,,,,8826440104,,,,18833,Unfound
,,,,,,,8913335205,,,,113057,Unfound
,,,,,,,9219722504,,,,16899,Unfound
,,,,,,,1300008900934,,,,,Unfound
,,,,,,,15543508,,,,182350,Unfound
,,,,,,,57330301,,,,1,Unfound
,,,,,,,1200033587621,,,,,Unfound
,,,,,,,1200034988064,,,,,Unfound
,,,,,,,1900048208721,,,,,Unfound
,,,,,,,8814255800,,,,17606,Unfound
,,,,,,,5077161301,,,,22317,Unfound
,,,,,,,8826512507,,,,1,Unfound
,,,,,,,1200036385225,,,,,Unfound
,,,,,,,1300008968612,,,,,Unfound
,,,,,,,1900048320390,,,,,Unfound
,,,,,,,1200033761608,,,,,Unfound
,,,,,,,8814259202,,,,65193,Unfound
,,,,,,,8913452804,,,,33772,Unfound
,,,,,,,8826513700,,,,155219,Unfound
,,,,,,,57780400,,,,15302,Unfound
,,,,,,,1300009358281,,,,,Unfound
,,,,,,,9179548106,,,,50876,Unfound
,,,,,,,1200037455050,,,,,Unfound
,,,,,,,1200033859711,,,,,Unfound
,,,,,,,57337102,,,,113474,Unfound
,,,,,,,1900049058206,,,,,Unfound
,,,,,,,8896952309,,,,6682,Unfound
,,,,,,,8814270201,,,,796,Unfound
,,,,,,,9219732810,,,,93474,Unfound
,,,,,,,8913483905,,,,23383,Unfound
,,,,,,,9219734107,,,,60518,Unfound
,,,,,,,1596161210,,,,36262,Unfound
,,,,,,,1200037747945,,,,,Unfound
,,,,,,,1900049235354,,,,,Unfound
,,,,,,,5077682509,,,,27240,Unfound
,,,,,,,1200033865636,,,,,Unfound
,,,,,,,8826558610,,,,1,Unfound
,,,,,,,57841708,,,,93880,Unfound
,,,,,,,9219734904,,,,1,Unfound
,,,,,,,1200038098741,,,,,Unfound
,,,,,,,8913506307,,,,19400,Unfound
,,,,,,,2562555504,,,,14672,Unfound
,,,,,,,1900049250370,,,,,Unfound
,,,,,,,1200033902535,,,,,Unfound
,,,,,,,5077844206,,,,19204,Unfound
,,,,,,,8814283109,,,,14,Unfound
,,,,,,,9219746900,,,,248537,Unfound
,,,,,,,1300009870341,,,,,Unfound
,,,,,,,15622706,,,,14248,Unfound
,,,,,,,1900049288843,,,,,Unfound
,,,,,,,8913835203,,,,60436,Unfound
,,,,,,,5078048209,,,,24171,Unfound
,,,,,,,8814284201,,,,54859,Unfound
,,,,,,,58041804,,,,34615,Unfound
,,,,,,,8826740801,,,,36597,Unfound
,,,,,,,9219797210,,,,30180,Unfound
,,,,,,,58088404,,,,1,Unfound
,,,,,,,1200038819634,,,,,Unfound
,,,,,,,1900060165386,,,,,Unfound
,,,,,,,1200034185407,,,,,Unfound
,,,,,,,8814308009,,,,40828,Unfound
,,,,,,,8826777308,,,,8826777308,Unfound
,,,,,,,1300009948529,,,,,Unfound
,,,,,,,9219908900,,,,109726,Unfound
,,,,,,,1900060451550,,,,,Unfound
,,,,,,,58320303,,,,81332,Unfound
,,,,,,,1200042283944,,,,,Unfound
,,,,,,,8913973204,,,,1,Unfound
,,,,,,,5078655309,,,,28328,Unfound
,,,,,,,8814328004,,,,,Unfound
,,,,,,,9219937806,,,,131125,Unfound
,,,,,,,1603106004,,,,39849,Unfound
,,,,,,,8914044210,,,,55020,Unfound
,,,,,,,1200034371090,,,,,Unfound
,,,,,,,1200042409233,,,,,Unfound
,,,,,,,8826893703,,,,1,Unfound
,,,,,,,8814341007,,,,61133,Unfound
,,,,,,,5078954207,,,,28395,Unfound
,,,,,,,1900060549149,,,,,Unfound
,,,,,,,1300010118211,,,,,Unfound
,,,,,,,8914121505,,,,116412,Unfound
,,,,,,,9219976906,,,,517221,Unfound
,,,,,,,58623209,,,,63713,Unfound
,,,,,,,1300010123620,,,,,Unfound
,,,,,,,1900060587126,,,,,Unfound
,,,,,,,2574715202,,,,37671,Unfound
,,,,,,,1200034377659,,,,,Unfound
,,,,,,,1200050236319,,,,,Unfound
,,,,,,,5078967205,,,,26939,Unfound
,,,,,,,9219978607,,,,71293,Unfound
,,,,,,,8914207908,,,,60100,Unfound
,,,,,,,8826904300,,,,47110,Unfound
,,,,,,,1300010246075,,,,,Unfound
,,,,,,,15813208,,,,46087,Unfound
,,,,,,,1200050410410,,,,,Unfound
,,,,,,,1900061019988,,,,,Unfound
,,,,,,,1200034488249,,,,,Unfound
,,,,,,,8827062204,,,,12,Unfound
,,,,,,,8814376902,,,,21353,Unfound
,,,,,,,9219991004,,,,11495,Unfound
,,,,,,,8914229301,,,,80601,Unfound
,,,,,,,58921509,,,,160531,Unfound
,,,,,,,1300011038490,,,,,Unfound
,,,,,,,1200051550340,,,,,Unfound
,,,,,,,1200034545872,,,,,Unfound
,,,,,,,8814381109,,,,81988,Unfound
,,,,,,,8827185310,,,,1,Unfound
,,,,,,,9219995001,,,,4849,Unfound
,,,,,,,1300011264580,,,,,Unfound
,,,,,,,1900090526463,,,,,Unfound
,,,,,,,1200060780450,,,,,Unfound
,,,,,,,9179983910,,,,23,Unfound
,,,,,,,5080097502,,,,39164,Unfound
,,,,,,,8827297501,,,,39545,Unfound
,,,,,,,1200034546184,,,,,Unfound
,,,,,,,9220023909,,,,,Unfound
,,,,,,,58983004,,,,101712,Unfound
,,,,,,,9091990108,,,,13489,Unfound
,,,,,,,1615322700,,,,67794,Unfound
,,,,,,,1200034719100,,,,,Unfound
,,,,,,,5080342208,,,,30148,Unfound
,,,,,,,1200061826530,,,,,Unfound
,,,,,,,1900090691789,,,,,Unfound
,,,,,,,8814388000,,,,8296,Unfound
,,,,,,,8827317604,,,,34853,Unfound
,,,,,,,1300000350600,,,,,Unfound
,,,,,,,2704459406,,,,5742,Unfound
,,,,,,,9220263200,,,,89700,Unfound
,,,,,,,1200034719573,,,,,Unfound
,,,,,,,5080416503,,,,5080416503,Unfound
,,,,,,,9220270803,,,,1,Unfound
,,,,,,,8914843510,,,,9051,Unfound
,,,,,,,59008205,,,,42960,Unfound
,,,,,,,16173001,,,,93323,Unfound
,,,,,,,1900090727130,,,,,Unfound
,,,,,,,1200034987664,,,,,Unfound
,,,,,,,5080552702,,,,44069,Unfound
,,,,,,,8914843600,,,,5195,Unfound
,,,,,,,1300011757896,,,,,Unfound
,,,,,,,9220414509,,,,1,Unfound
,,,,,,,57790504,,,,65541,Unfound
,,,,,,,1300003055277,,,,,Unfound
,,,,,,,1300004198988,,,,,Unfound
,,,,,,,1900091307487,,,,,Unfound
,,,,,,,5080880102,,,,2647,Unfound
,,,,,,,8827460205,,,,82645,Unfound
,,,,,,,8814453209,,,,61323,Unfound
,,,,,,,9220432208,,,,31108,Unfound
,,,,,,,8914861703,,,,305905,Unfound
,,,,,,,59449404,,,,42709,Unfound
,,,,,,,5081523801,,,,106150,Unfound
,,,,,,,1200035152068,,,,,Unfound
,,,,,,,1300004943172,,,,,Unfound
,,,,,,,1300011871577,,,,,Unfound
,,,,,,,9179993105,,,,71879,Unfound
,,,,,,,2000000000000,,,,,Unfound
,,,,,,,8827477110,,,,8858,Unfound
,,,,,,,1300007247263,,,,,Unfound
,,,,,,,1632241708,,,,17298,Unfound
,,,,,,,9220494904,,,,347900,Unfound
,,,,,,,59672800,,,,373731,Unfound
,,,,,,,8914904807,,,,78706,Unfound
,,,,,,,1300011964585,,,,,Unfound
,,,,,,,2000000047547,,,,,Unfound
,,,,,,,8827483004,,,,21537,Unfound
,,,,,,,5082332305,,,,26229,Unfound
,,,,,,,2000000142892,,,,,Unfound
,,,,,,,2706773905,,,,9361,Unfound
,,,,,,,8814473810,,,,111967,Unfound
,,,,,,,1300011968126,,,,,Unfound
,,,,,,,5082474909,,,,67044,Unfound
,,,,,,,1300008569346,,,,,Unfound
,,,,,,,1200035183368,,,,,Unfound
,,,,,,,8827700906,,,,2,Unfound
,,,,,,,9220589500,,,,76817,Unfound
,,,,,,,1300012036509,,,,,Unfound
,,,,,,,1300009201127,,,,,Unfound
,,,,,,,16255104,,,,16255104,Unfound
,,,,,,,2000000195263,,,,,Unfound
,,,,,,,5082767610,,,,1,Unfound
,,,,,,,8827720306,,,,14916,Unfound
,,,,,,,8915375901,,,,51998,Unfound
,,,,,,,59830208,,,,51213,Unfound
,,,,,,,1300009978329,,,,,Unfound
,,,,,,,2000000403990,,,,,Unfound
,,,,,,,1200035276083,,,,,Unfound
,,,,,,,8827750506,,,,98333,Unfound
,,,,,,,5082806807,,,,42973,Unfound
,,,,,,,9220760910,,,,9220760910,Unfound
,,,,,,,8915379202,,,,8915379202,Unfound
,,,,,,,52591910,,,,75481,Unfound
,,,,,,,9180313802,,,,9180313802,Unfound
,,,,,,,1300012525164,,,,,Unfound
,,,,,,,2000000407753,,,,,Unfound
,,,,,,,1300010476124,,,,,Unfound
,,,,,,,8814557008,,,,,Unfound
,,,,,,,8915412409,,,,8915412409,Unfound
,,,,,,,8827773103,,,,8827773103,Unfound
,,,,,,,1638259904,,,,1638259904,Unfound
,,,,,,,2709613404,,,,31493,Unfound
,,,,,,,2000012957160,,,,,Unfound
,,,,,,,2000051009423,,,,,Unfound
,,,,,,,1200010039498,,,,,Unfound
,,,,,,,2313523255017,,,,,Unfound
,,,,,,,1012548315396,,,,,Unfound
,,,,,,,1610002286027,,,,,Unfound
,,,,,,,5038530410,,,,39903,Unfound
,,,,,,,8824486904,,,,1,Unfound
,,,,,,,2000051493990,,,,,Unfound
,,,,,,,1200010039888,,,,,Unfound
,,,,,,,1610002422763,,,,,Unfound
,,,,,,,2313920291111,,,,,Unfound
,,,,,,,1012555172615,,,,,Unfound
,,,,,,,1200035309056,,,,,Unfound
,,,,,,,8824567904,,,,1,Unfound
,,,,,,,5039049506,,,,22815,Unfound
,,,,,,,8915725408,,,,8915725408,Unfound
,,,,,,,1200010053679,,,,,Unfound
,,,,,,,16386905,,,,10942,Unfound
,,,,,,,2000013007145,,,,,Unfound
,,,,,,,2000053128318,,,,,Unfound
,,,,,,,1012558501409,,,,,Unfound
,,,,,,,1610002514129,,,,,Unfound
,,,,,,,2314058015519,,,,,Unfound
,,,,,,,1200035439206,,,,,Unfound
,,,,,,,8824575701,,,,86948,Unfound
,,,,,,,9180315604,,,,129648,Unfound
,,,,,,,1200010056651,,,,,Unfound
,,,,,,,2000053142400,,,,,Unfound
,,,,,,,2000013086875,,,,,Unfound
,,,,,,,2314912434511,,,,,Unfound
,,,,,,,1200035553642,,,,,Unfound
,,,,,,,8915809201,,,,51639,Unfound
,,,,,,,1610002519048,,,,,Unfound
,,,,,,,1644859106,,,,1,Unfound
,,,,,,,2000056224181,,,,,Unfound
,,,,,,,1200010060852,,,,,Unfound
,,,,,,,1012583246189,,,,,Unfound
,,,,,,,2315056911910,,,,,Unfound
,,,,,,,1610002636244,,,,,Unfound
,,,,,,,5039398206,,,,102,Unfound
,,,,,,,1200035584376,,,,,Unfound
,,,,,,,1200010071881,,,,,Unfound
,,,,,,,8824688209,,,,86703,Unfound
,,,,,,,2710270102,,,,36659,Unfound
,,,,,,,1610002695417,,,,,Unfound
,,,,,,,2000013118932,,,,,Unfound
,,,,,,,2315251956519,,,,,Unfound
,,,,,,,1012584371340,,,,,Unfound
,,,,,,,1200035612234,,,,,Unfound
,,,,,,,5039653903,,,,57034,Unfound
,,,,,,,8824695105,,,,6137,Unfound
,,,,,,,8915971603,,,,8971,Unfound
,,,,,,,1200010074864,,,,,Unfound
,,,,,,,2000013120027,,,,,Unfound
,,,,,,,2100040540370,,,,,Unfound
,,,,,,,2315410821510,,,,,Unfound
,,,,,,,1012585907051,,,,,Unfound
,,,,,,,5040315405,,,,11258,Unfound
,,,,,,,2198765136623,,,,,Unfound
,,,,,,,8824718506,,,,469637,Unfound
,,,,,,,1200010083984,,,,,Unfound
,,,,,,,8916003902,,,,57145,Unfound
,,,,,,,1200035747020,,,,,Unfound
,,,,,,,1012586539095,,,,,Unfound
,,,,,,,1610003470002,,,,,Unfound
,,,,,,,1200035749816,,,,,Unfound
,,,,,,,5040382600,,,,132150,Unfound
,,,,,,,8824754106,,,,71871,Unfound
,,,,,,,2320711001518,,,,,Unfound
,,,,,,,1610003514459,,,,,Unfound
,,,,,,,9180381808,,,,9180381808,Unfound
,,,,,,,2321032981110,,,,,Unfound
,,,,,,,2000013386304,,,,,Unfound
,,,,,,,1200010092000,,,,,Unfound
,,,,,,,1200035755002,,,,,Unfound
,,,,,,,5040502101,,,,1,Unfound
,,,,,,,8824799308,,,,326908,Unfound
,,,,,,,1651029100,,,,,Unfound
,,,,,,,8916174200,,,,18005,Unfound
,,,,,,,1610004114384,,,,,Unfound
,,,,,,,1200036096352,,,,,Unfound
,,,,,,,2199989998073,,,,,Unfound
,,,,,,,2321133361511,,,,,Unfound
,,,,,,,1012592529676,,,,,Unfound
,,,,,,,2199995365490,,,,,Unfound
,,,,,,,8824818005,,,,112971,Unfound
,,,,,,,2000013638319,,,,,Unfound
,,,,,,,5040535801,,,,90341,Unfound
,,,,,,,1610004255590,,,,,Unfound
,,,,,,,8916180610,,,,8916180610,Unfound
,,,,,,,1012592769565,,,,,Unfound
,,,,,,,1200036126955,,,,,Unfound
,,,,,,,2321256420212,,,,,Unfound
,,,,,,,8916448110,,,,124873,Unfound
,,,,,,,8824841101,,,,20,Unfound
,,,,,,,1200010126227,,,,,Unfound
,,,,,,,2000013884559,,,,,Unfound
,,,,,,,1610004343810,,,,,Unfound
,,,,,,,2321322841617,,,,,Unfound
,,,,,,,1200010128438,,,,,Unfound
,,,,,,,1012593788008,,,,,Unfound
,,,,,,,5040722710,,,,14718,Unfound
,,,,,,,8916496907,,,,325482,Unfound
,,,,,,,8824864809,,,,83750,Unfound
,,,,,,,2000014143985,,,,,Unfound
,,,,,,,2199996173286,,,,,Unfound
,,,,,,,1200010135658,,,,,Unfound
,,,,,,,1610004462119,,,,,Unfound
,,,,,,,5041039300,,,,148865,Unfound
,,,,,,,1200036228337,,,,,Unfound
,,,,,,,8916516101,,,,872,Unfound
,,,,,,,9180386605,,,,5390,Unfound
,,,,,,,2323735741519,,,,,Unfound
,,,,,,,2000014538350,,,,,Unfound
,,,,,,,1012601621343,,,,,Unfound
,,,,,,,1200036347372,,,,,Unfound
,,,,,,,5041262909,,,,59402,Unfound
,,,,,,,2199999192440,,,,,Unfound
,,,,,,,1610004604183,,,,,Unfound
,,,,,,,8824904009,,,,8824904009,Unfound
,,,,,,,8916549004,,,,10622,Unfound
,,,,,,,9092235009,,,,449487,Unfound
,,,,,,,1200010159073,,,,,Unfound
,,,,,,,2323832211817,,,,,Unfound
,,,,,,,1200036452796,,,,,Unfound
,,,,,,,1012609166260,,,,,Unfound
,,,,,,,8824942208,,,,330729,Unfound
,,,,,,,5041353205,,,,21713,Unfound
,,,,,,,8916618906,,,,1,Unfound
,,,,,,,2718863900,,,,2690,Unfound
,,,,,,,2000014603098,,,,,Unfound
,,,,,,,1200010166122,,,,,Unfound
,,,,,,,2199999993755,,,,,Unfound
,,,,,,,1012610379058,,,,,Unfound
,,,,,,,8824955801,,,,19424,Unfound
,,,,,,,5041430208,,,,12683,Unfound
,,,,,,,1200036564352,,,,,Unfound
,,,,,,,1200010166559,,,,,Unfound
,,,,,,,1610004818124,,,,,Unfound
,,,,,,,2200011299340,,,,,Unfound
,,,,,,,2330151440710,,,,,Unfound
,,,,,,,1012617398190,,,,,Unfound
,,,,,,,1200036577547,,,,,Unfound
,,,,,,,5042082800,,,,36707,Unfound
,,,,,,,8824969902,,,,27062,Unfound
,,,,,,,58576204,,,,293134,Unfound
,,,,,,,1610005027100,,,,,Unfound
,,,,,,,8916979602,,,,46840,Unfound
,,,,,,,2330254952715,,,,,Unfound
,,,,,,,1200010166888,,,,,Unfound
,,,,,,,1012617428320,,,,,Unfound
,,,,,,,1200036614279,,,,,Unfound
,,,,,,,5042128304,,,,128199,Unfound
,,,,,,,1200010192424,,,,,Unfound
,,,,,,,8825004808,,,,110007,Unfound
,,,,,,,8917060908,,,,27479,Unfound
,,,,,,,2200016122416,,,,,Unfound
,,,,,,,2330400976717,,,,,Unfound
,,,,,,,1200036715083,,,,,Unfound
,,,,,,,8825051301,,,,66427,Unfound
,,,,,,,1610005100709,,,,,Unfound
,,,,,,,1012619996732,,,,,Unfound
,,,,,,,1671324507,,,,5418,Unfound
,,,,,,,8917110807,,,,28513,Unfound
,,,,,,,2000015730897,,,,,Unfound
,,,,,,,1200010207391,,,,,Unfound
,,,,,,,2200016467452,,,,,Unfound
,,,,,,,2000015863922,,,,,Unfound
,,,,,,,1610005105869,,,,,Unfound
,,,,,,,1012622649098,,,,,Unfound
,,,,,,,1200036754853,,,,,Unfound
,,,,,,,8825107302,,,,1,Unfound
,,,,,,,5042913009,,,,5042913009,Unfound
,,,,,,,1200010210419,,,,,Unfound
,,,,,,,8917154805,,,,70314,Unfound
,,,,,,,2755818601,,,,2755818601,Unfound
,,,,,,,1610005139194,,,,,Unfound
,,,,,,,2330418535914,,,,,Unfound
,,,,,,,1200037040607,,,,,Unfound
,,,,,,,5042936908,,,,42441,Unfound
,,,,,,,8917270807,,,,19545,Unfound
,,,,,,,1012623327820,,,,,Unfound
,,,,,,,2330419490111,,,,,Unfound
,,,,,,,2000016543333,,,,,Unfound
,,,,,,,1200037040927,,,,,Unfound
,,,,,,,8917274501,,,,292114,Unfound
,,,,,,,5043302007,,,,21599,Unfound
,,,,,,,2330460730314,,,,,Unfound
,,,,,,,1012627628827,,,,,Unfound
,,,,,,,1200037049335,,,,,Unfound
,,,,,,,1200010256770,,,,,Unfound
,,,,,,,8917319306,,,,47575,Unfound
,,,,,,,5043903505,,,,44562,Unfound
,,,,,,,1610005830113,,,,,Unfound
,,,,,,,1200037072120,,,,,Unfound
,,,,,,,8825161409,,,,8825161409,Unfound
,,,,,,,5043905206,,,,32263,Unfound
,,,,,,,1671837503,,,,44059,Unfound
,,,,,,,8917375406,,,,8917375406,Unfound
,,,,,,,1012630890689,,,,,Unfound
,,,,,,,1012631581143,,,,,Unfound
,,,,,,,2330572580920,,,,,Unfound
,,,,,,,1200037331434,,,,,Unfound
,,,,,,,1610006115770,,,,,Unfound
,,,,,,,2200030081637,,,,,Unfound
,,,,,,,2000016862292,,,,,Unfound
,,,,,,,2774340401,,,,8037,Unfound
,,,,,,,8917453209,,,,1,Unfound
,,,,,,,2000016955023,,,,,Unfound
,,,,,,,1200020588494,,,,,Unfound
,,,,,,,2330608420010,,,,,Unfound
,,,,,,,1610009287462,,,,,Unfound
,,,,,,,1012632822227,,,,,Unfound
,,,,,,,5043937107,,,,1,Unfound
,,,,,,,8917464809,,,,425995,Unfound
,,,,,,,8825257703,,,,90771,Unfound
,,,,,,,2000017383111,,,,,Unfound
,,,,,,,1610009293261,,,,,Unfound
,,,,,,,2331127350911,,,,,Unfound
,,,,,,,1200037545226,,,,,Unfound
,,,,,,,1012645762482,,,,,Unfound
,,,,,,,1200020867216,,,,,Unfound
,,,,,,,2200040463950,,,,,Unfound
,,,,,,,2000017551725,,,,,Unfound
,,,,,,,8917477201,,,,169924,Unfound
,,,,,,,8825303605,,,,11868,Unfound
,,,,,,,1610009317452,,,,,Unfound
,,,,,,,2331209105218,,,,,Unfound
,,,,,,,1012651463268,,,,,Unfound
,,,,,,,5044257404,,,,5044257404,Unfound
,,,,,,,1200020875801,,,,,Unfound
,,,,,,,2331611232414,,,,,Unfound
,,,,,,,1610010556356,,,,,Unfound
,,,,,,,1200037584020,,,,,Unfound
,,,,,,,5044457401,,,,16992,Unfound
,,,,,,,8825329208,,,,155299,Unfound
,,,,,,,8917547903,,,,133551,Unfound
,,,,,,,2000018012752,,,,,Unfound
,,,,,,,9180619703,,,,51599,Unfound
,,,,,,,1200020966014,,,,,Unfound
,,,,,,,2000018488056,,,,,Unfound
,,,,,,,1012655028953,,,,,Unfound
,,,,,,,2331743540413,,,,,Unfound
,,,,,,,1200037591375,,,,,Unfound
,,,,,,,1200021261528,,,,,Unfound
,,,,,,,8917553404,,,,12442,Unfound
,,,,,,,2312106261015,,,,,Unfound
,,,,,,,1610010756303,,,,,Unfound
,,,,,,,2000018560590,,,,,Unfound
,,,,,,,2331811258715,,,,,Unfound
,,,,,,,1200037762172,,,,,Unfound
,,,,,,,8825363410,,,,56250,Unfound
,,,,,,,5044868703,,,,5044868703,Unfound
,,,,,,,1200021515441,,,,,Unfound
,,,,,,,1610011381402,,,,,Unfound
,,,,,,,1012665113997,,,,,Unfound
,,,,,,,2331858594319,,,,,Unfound
,,,,,,,1200037798425,,,,,Unfound
,,,,,,,8917726106,,,,66181,Unfound
,,,,,,,5044959010,,,,92092,Unfound
,,,,,,,2316541380018,,,,,Unfound
,,,,,,,1200021743585,,,,,Unfound
,,,,,,,8917813000,,,,1,Unfound
,,,,,,,1610011399960,,,,,Unfound
,,,,,,,2000018810152,,,,,Unfound
,,,,,,,2331909876718,,,,,Unfound
,,,,,,,1200037863084,,,,,Unfound
,,,,,,,1012666109894,,,,,Unfound
,,,,,,,8825514203,,,,43270,Unfound
,,,,,,,5045123601,,,,20663,Unfound
,,,,,,,1200021887296,,,,,Unfound
,,,,,,,2332058399916,,,,,Unfound
,,,,,,,2000019427987,,,,,Unfound
,,,,,,,1012667025525,,,,,Unfound
,,,,,,,1610011571675,,,,,Unfound
,,,,,,,5045459410,,,,3801,Unfound
,,,,,,,8918004409,,,,1,Unfound
,,,,,,,8825521110,,,,250537,Unfound
,,,,,,,9180649510,,,,117658,Unfound
,,,,,,,1685241204,,,,98632,Unfound
,,,,,,,1200021931420,,,,,Unfound
,,,,,,,2000019565970,,,,,Unfound
,,,,,,,9089982705,,,,661298,Unfound
,,,,,,,2361325289015,,,,,Unfound
,,,,,,,1012668558931,,,,,Unfound
,,,,,,,1610011571727,,,,,Unfound
,,,,,,,5045703709,,,,133617,Unfound
,,,,,,,8825534501,,,,1,Unfound
,,,,,,,8918011507,,,,1,Unfound
,,,,,,,1200022002024,,,,,Unfound
,,,,,,,2332320000000,,,,,Unfound
,,,,,,,1200038334037,,,,,Unfound
,,,,,,,5045789510,,,,1,Unfound
,,,,,,,8918132003,,,,31325,Unfound
,,,,,,,2332460000000,,,,,Unfound
,,,,,,,8825660203,,,,116175,Unfound
,,,,,,,2783277309,,,,21693,Unfound
,,,,,,,2073773209,,,,18001,Unfound
,,,,,,,2000019591525,,,,,Unfound
,,,,,,,1610011591900,,,,,Unfound
,,,,,,,2000019610930,,,,,Unfound
,,,,,,,1200022165011,,,,,Unfound
,,,,,,,1610011710889,,,,,Unfound
,,,,,,,2332541416715,,,,,Unfound
,,,,,,,1200038418690,,,,,Unfound
,,,,,,,1012669262967,,,,,Unfound
,,,,,,,5046033100,,,,9072,Unfound
,,,,,,,1012671801935,,,,,Unfound
,,,,,,,1012355031212,,,,,Unfound
,,,,,,,2332808175014,,,,,Unfound
,,,,,,,1610012341553,,,,,Unfound
,,,,,,,8918167707,,,,26277,Unfound
,,,,,,,5046518304,,,,89866,Unfound
,,,,,,,1200038528694,,,,,Unfound
,,,,,,,1012813977122,,,,,Unfound
,,,,,,,2333031291814,,,,,Unfound
,,,,,,,1200038529313,,,,,Unfound
,,,,,,,1012671802168,,,,,Unfound
,,,,,,,5047163601,,,,5047163601,Unfound
,,,,,,,1610012450563,,,,,Unfound
,,,,,,,2000019708715,,,,,Unfound
,,,,,,,8825783208,,,,81012,Unfound
,,,,,,,8918256302,,,,38754,Unfound
,,,,,,,1200032151336,,,,,Unfound
,,,,,,,9180738206,,,,18598,Unfound
,,,,,,,2000019774781,,,,,Unfound
,,,,,,,2333707895312,,,,,Unfound
,,,,,,,1012671832297,,,,,Unfound
,,,,,,,2950115207,,,,29181,Unfound
,,,,,,,1900022153899,,,,,Unfound
,,,,,,,8825863004,,,,16406,Unfound
,,,,,,,1200022515512,,,,,Unfound
,,,,,,,1200039055368,,,,,Unfound
,,,,,,,1200038426431,,,,,Unfound
,,,,,,,2000006542769,,,,,Unfound
,,,,,,,2000006562710,,,,,Unfound
,,,,,,,49537608,,,,3165,Unfound
,,,,,,,8901663105,,,,4065,Unfound
,,,,,,,1130000061621,,,,,Unfound
,,,,,,,1200038556901,,,,,Unfound
,,,,,,,4225868006,,,,6355,Unfound
,,,,,,,1200022605246,,,,,Unfound
,,,,,,,1200039074779,,,,,Unfound
,,,,,,,1200039245200,,,,,Unfound
,,,,,,,4226092907,,,,4226092907,Unfound
,,,,,,,8818351805,,,,8818351805,Unfound
,,,,,,,2200022835219,,,,,Unfound
,,,,,,,8901735003,,,,8901735003,Unfound
,,,,,,,1200039099987,,,,,Unfound
,,,,,,,2200023246686,,,,,Unfound
,,,,,,,1200022676441,,,,,Unfound
,,,,,,,1200039299020,,,,,Unfound
,,,,,,,2000006624775,,,,,Unfound
,,,,,,,2000016529125,,,,,Unfound
,,,,,,,1693558308,,,,30606,Unfound
,,,,,,,8901785703,,,,113469,Unfound
,,,,,,,1200022996321,,,,,Unfound
,,,,,,,8818353001,,,,336592,Unfound
,,,,,,,4226299907,,,,216590,Unfound
,,,,,,,2000007323392,,,,,Unfound
,,,,,,,1200039886570,,,,,Unfound
,,,,,,,1200020296821,,,,,Unfound
,,,,,,,4226301508,,,,72525,Unfound
,,,,,,,8818355510,,,,8818355510,Unfound
,,,,,,,50224109,,,,139042,Unfound
,,,,,,,2959847306,,,,12699,Unfound
,,,,,,,4226538001,,,,4226538001,Unfound
,,,,,,,8818360907,,,,337022,Unfound
,,,,,,,50264705,,,,62339,Unfound
,,,,,,,2300000213410,,,,,Unfound
,,,,,,,2000055665410,,,,,Unfound
,,,,,,,1200039515302,,,,,Unfound
,,,,,,,2000007323807,,,,,Unfound
,,,,,,,1200040000000,,,,,Unfound
,,,,,,,1200039166765,,,,,Unfound
,,,,,,,1200023179060,,,,,Unfound
,,,,,,,2000007380600,,,,,Unfound
,,,,,,,2300000421246,,,,,Unfound
,,,,,,,1200040079136,,,,,Unfound
,,,,,,,1800035180452,,,,,Unfound
,,,,,,,8902191600,,,,1,Unfound
,,,,,,,8818364208,,,,101385,Unfound
,,,,,,,1200023215142,,,,,Unfound
,,,,,,,4226679906,,,,26652,Unfound
,,,,,,,50273403,,,,281338,Unfound
,,,,,,,2310810701812,,,,,Unfound
,,,,,,,1200040198915,,,,,Unfound
,,,,,,,2000007384980,,,,,Unfound
,,,,,,,4227300702,,,,12334,Unfound
,,,,,,,8818368003,,,,89557,Unfound
,,,,,,,8902287501,,,,1,Unfound
,,,,,,,1200023219810,,,,,Unfound
,,,,,,,1023513483516,,,,,Unfound
,,,,,,,1803818402,,,,5266,Unfound
,,,,,,,9181063900,,,,51300,Unfound
,,,,,,,1200040240169,,,,,Unfound
,,,,,,,1200039733128,,,,,Unfound
,,,,,,,4227304306,,,,62661,Unfound
,,,,,,,8818371205,,,,6845,Unfound
,,,,,,,2312106320015,,,,,Unfound
,,,,,,,2000007757769,,,,,Unfound
,,,,,,,2312821221711,,,,,Unfound
,,,,,,,50400810,,,,446658,Unfound
,,,,,,,1200023361447,,,,,Unfound
,,,,,,,2000007586251,,,,,Unfound
,,,,,,,1200039746535,,,,,Unfound
,,,,,,,8902320506,,,,8902320506,Unfound
,,,,,,,4227441608,,,,4901,Unfound
,,,,,,,8818379109,,,,36189,Unfound
,,,,,,,50411108,,,,57105,Unfound
,,,,,,,2971082909,,,,57885,Unfound
,,,,,,,1200023421185,,,,,Unfound
,,,,,,,2313210941810,,,,,Unfound
,,,,,,,1200039826075,,,,,Unfound
,,,,,,,1714740198812,,,,,Unfound
,,,,,,,8818386600,,,,48922,Unfound
,,,,,,,1200023516562,,,,,Unfound
,,,,,,,50467405,,,,49881,Unfound
,,,,,,,1200041024546,,,,,Unfound
,,,,,,,2000008383310,,,,,Unfound
,,,,,,,1727450374506,,,,,Unfound
,,,,,,,4227890503,,,,36638,Unfound
,,,,,,,8818387209,,,,51666,Unfound
,,,,,,,8902409309,,,,17257,Unfound
,,,,,,,50811304,,,,156605,Unfound
,,,,,,,2325813741716,,,,,Unfound
,,,,,,,1200023654494,,,,,Unfound
,,,,,,,4227965609,,,,4227965609,Unfound
,,,,,,,8902415910,,,,95330,Unfound
,,,,,,,8818400208,,,,8818400208,Unfound
,,,,,,,2332781216712,,,,,Unfound
,,,,,,,2000008522550,,,,,Unfound
,,,,,,,1807292904,,,,21781,Unfound
,,,,,,,1900012064284,,,,,Unfound
,,,,,,,1200023697210,,,,,Unfound
,,,,,,,1200040121522,,,,,Unfound
,,,,,,,1200041161109,,,,,Unfound
,,,,,,,1900013036038,,,,,Unfound
,,,,,,,4228206008,,,,9721,Unfound
,,,,,,,51347400,,,,51347400,Unfound
,,,,,,,2333190728014,,,,,Unfound
,,,,,,,2000008533678,,,,,Unfound
,,,,,,,1200041185387,,,,,Unfound
,,,,,,,4228218700,,,,66336,Unfound
,,,,,,,8818472907,,,,1,Unfound
,,,,,,,1200040161989,,,,,Unfound
,,,,,,,51471401,,,,293722,Unfound
,,,,,,,1610009816060,,,,,Unfound
,,,,,,,555492308,,,,98896,Unfound
,,,,,,,2333351594815,,,,,Unfound
,,,,,,,2000008607503,,,,,Unfound
,,,,,,,1200040382893,,,,,Unfound
,,,,,,,8818479102,,,,1,Unfound
,,,,,,,59285501,,,,109954,Unfound
,,,,,,,8902488309,,,,1345,Unfound
,,,,,,,2116397204,,,,188750,Unfound
,,,,,,,1200024063872,,,,,Unfound
,,,,,,,2000008663001,,,,,Unfound
,,,,,,,2334550536718,,,,,Unfound
,,,,,,,1200041496704,,,,,Unfound
,,,,,,,1200040130651,,,,,Unfound
,,,,,,,1200040681124,,,,,Unfound
,,,,,,,8818483306,,,,155159,Unfound
,,,,,,,8902539603,,,,550,Unfound
,,,,,,,4228653000,,,,4228653000,Unfound
,,,,,,,1200024093520,,,,,Unfound
,,,,,,,1200041633256,,,,,Unfound
,,,,,,,2000008728616,,,,,Unfound
,,,,,,,1200040709764,,,,,Unfound
,,,,,,,8902637805,,,,50139,Unfound
,,,,,,,9181111907,,,,68090,Unfound
,,,,,,,8818487707,,,,100219,Unfound
,,,,,,,4228673309,,,,38219,Unfound
,,,,,,,2336513726310,,,,,Unfound
,,,,,,,1200041854550,,,,,Unfound
,,,,,,,2000008743614,,,,,Unfound
,,,,,,,2000008061804,,,,,Unfound
,,,,,,,1200040734422,,,,,Unfound
,,,,,,,4228677901,,,,27071,Unfound
,,,,,,,8818505907,,,,4031,Unfound
,,,,,,,1200041931550,,,,,Unfound
,,,,,,,52111005,,,,61575,Unfound
,,,,,,,8902642001,,,,19964,Unfound
,,,,,,,1200024181015,,,,,Unfound
,,,,,,,8902714202,,,,3851,Unfound
,,,,,,,4228717808,,,,24285,Unfound
,,,,,,,2998533010,,,,174749,Unfound
,,,,,,,1200024181326,,,,,Unfound
,,,,,,,2000008907130,,,,,Unfound
,,,,,,,2343800589714,,,,,Unfound
,,,,,,,1200041040947,,,,,Unfound
,,,,,,,8818519806,,,,1,Unfound
,,,,,,,4228959709,,,,1,Unfound
,,,,,,,1012345759916,,,,,Unfound
,,,,,,,52256806,,,,34206,Unfound
,,,,,,,2350893888611,,,,,Unfound
,,,,,,,1200042002400,,,,,Unfound
,,,,,,,1200024206965,,,,,Unfound
,,,,,,,4229009404,,,,23984,Unfound
,,,,,,,1200041071661,,,,,Unfound
,,,,,,,1012403373992,,,,,Unfound
,,,,,,,8818536604,,,,95638,Unfound
,,,,,,,52384602,,,,249254,Unfound
,,,,,,,1200024288596,,,,,Unfound
,,,,,,,2362165029315,,,,,Unfound
,,,,,,,1200041102292,,,,,Unfound
,,,,,,,8818562010,,,,129470,Unfound
,,,,,,,1012406296602,,,,,Unfound
,,,,,,,1200042168578,,,,,Unfound
,,,,,,,2000008991035,,,,,Unfound
,,,,,,,2376551956116,,,,,Unfound
,,,,,,,4229321305,,,,82073,Unfound
,,,,,,,8902984310,,,,84,Unfound
,,,,,,,1808165105,,,,1,Unfound
,,,,,,,1012406315460,,,,,Unfound
,,,,,,,1200024380812,,,,,Unfound
,,,,,,,2000009159617,,,,,Unfound
,,,,,,,2380000097320,,,,,Unfound
,,,,,,,1200041175096,,,,,Unfound
,,,,,,,4229325504,,,,4229325504,Unfound
,,,,,,,1200050236986,,,,,Unfound
,,,,,,,8818590206,,,,8818590206,Unfound
,,,,,,,8903057410,,,,23518,Unfound
,,,,,,,52646202,,,,1037,Unfound
,,,,,,,2000009180691,,,,,Unfound
,,,,,,,2380000254505,,,,,Unfound
,,,,,,,3011914106,,,,8035,Unfound
,,,,,,,1200024392640,,,,,Unfound
,,,,,,,1200041183910,,,,,Unfound
,,,,,,,8818596207,,,,134642,Unfound
,,,,,,,52772106,,,,52772106,Unfound
,,,,,,,1012410367600,,,,,Unfound
,,,,,,,8903111008,,,,53663,Unfound
,,,,,,,2380000357335,,,,,Unfound
,,,,,,,8818606004,,,,105890,Unfound
,,,,,,,4229377905,,,,24576,Unfound
,,,,,,,2000009751397,,,,,Unfound
,,,,,,,8903236702,,,,21133,Unfound
,,,,,,,1012430208329,,,,,Unfound
,,,,,,,52994405,,,,43552,Unfound
,,,,,,,1200041194559,,,,,Unfound
,,,,,,,2380000612272,,,,,Unfound
,,,,,,,1200024473928,,,,,Unfound
,,,,,,,1200041202721,,,,,Unfound
,,,,,,,4229401505,,,,1,Unfound
,,,,,,,1200051300036,,,,,Unfound
,,,,,,,8818607904,,,,25516,Unfound
,,,,,,,8903262905,,,,38930,Unfound
,,,,,,,9181451202,,,,13694,Unfound
,,,,,,,1012476563217,,,,,Unfound
,,,,,,,2000010001958,,,,,Unfound
,,,,,,,2380001113638,,,,,Unfound
,,,,,,,1200024509060,,,,,Unfound
,,,,,,,1200041503636,,,,,Unfound
,,,,,,,4229657507,,,,4229657507,Unfound
,,,,,,,8818614003,,,,57087,Unfound
,,,,,,,8903352704,,,,47064,Unfound
,,,,,,,53108807,,,,18122,Unfound
,,,,,,,1012486062900,,,,,Unfound
,,,,,,,1809640608,,,,1809640608,Unfound
,,,,,,,2380002247476,,,,,Unfound
,,,,,,,1200024738899,,,,,Unfound
,,,,,,,2000010038257,,,,,Unfound
,,,,,,,1200041578631,,,,,Unfound
,,,,,,,1200051756823,,,,,Unfound
,,,,,,,4229698005,,,,,Unfound
,,,,,,,8903674906,,,,8903674906,Unfound
,,,,,,,1012633195286,,,,,Unfound
,,,,,,,2390000136418,,,,,Unfound
,,,,,,,1200024769052,,,,,Unfound
,,,,,,,53116402,,,,64095,Unfound
,,,,,,,2000010110480,,,,,Unfound
,,,,,,,1200052302638,,,,,Unfound
,,,,,,,1012748701511,,,,,Unfound
,,,,,,,1200041653740,,,,,Unfound
,,,,,,,8818643706,,,,36840,Unfound
,,,,,,,8903808306,,,,29,Unfound
,,,,,,,4229901705,,,,90780,Unfound
,,,,,,,4205281107,,,,32071,Unfound
,,,,,,,1200024820132,,,,,Unfound
,,,,,,,2700002898360,,,,,Unfound
,,,,,,,1200060062698,,,,,Unfound
,,,,,,,1200041809887,,,,,Unfound
,,,,,,,4229917406,,,,119369,Unfound
,,,,,,,1012749331948,,,,,Unfound
,,,,,,,1012451367869,,,,,Unfound
,,,,,,,1200060294911,,,,,Unfound
,,,,,,,1200024937035,,,,,Unfound
,,,,,,,8903929105,,,,256233,Unfound
,,,,,,,2000010508510,,,,,Unfound
,,,,,,,8818664007,,,,8859,Unfound
,,,,,,,53146310,,,,106851,Unfound
,,,,,,,1200041856948,,,,,Unfound
,,,,,,,8818665402,,,,28803,Unfound
,,,,,,,4230044310,,,,2024,Unfound
,,,,,,,8904003201,,,,8904003201,Unfound
,,,,,,,8815453910,,,,3273,Unfound
,,,,,,,53308703,,,,1,Unfound
,,,,,,,1012799987607,,,,,Unfound
,,,,,,,1012477534040,,,,,Unfound
,,,,,,,1200041867898,,,,,Unfound
,,,,,,,8818671206,,,,8818671206,Unfound
,,,,,,,4230268602,,,,1522,Unfound
,,,,,,,1809885706,,,,66890,Unfound
,,,,,,,53497306,,,,73673,Unfound
,,,,,,,1200025134568,,,,,Unfound
,,,,,,,1012477725400,,,,,Unfound
,,,,,,,2000011897110,,,,,Unfound
,,,,,,,1200060680339,,,,,Unfound
,,,,,,,1200041973416,,,,,Unfound
,,,,,,,1012955035432,,,,,Unfound
,,,,,,,8818672208,,,,83783,Unfound
,,,,,,,8904060707,,,,172959,Unfound
,,,,,,,53509904,,,,64880,Unfound
,,,,,,,1200025373133,,,,,Unfound
,,,,,,,1012523182600,,,,,Unfound
,,,,,,,3045459607,,,,16970,Unfound
,,,,,,,2000011989560,,,,,Unfound
,,,,,,,1200042013615,,,,,Unfound
,,,,,,,8818674807,,,,1,Unfound
,,,,,,,8904067306,,,,5462,Unfound
,,,,,,,4230399606,,,,28182,Unfound
,,,,,,,1023484768709,,,,,Unfound
,,,,,,,2227911502,,,,16295,Unfound
,,,,,,,2000012192128,,,,,Unfound
,,,,,,,1200060916528,,,,,Unfound
,,,,,,,4230400710,,,,23075,Unfound
,,,,,,,8818688605,,,,38615,Unfound
,,,,,,,8904077601,,,,53100,Unfound
,,,,,,,1200025420068,,,,,Unfound
,,,,,,,1030010953755,,,,,Unfound
,,,,,,,1200025819616,,,,,Unfound
,,,,,,,53860804,,,,242614,Unfound
,,,,,,,2000012230137,,,,,Unfound
,,,,,,,1012610750737,,,,,Unfound
,,,,,,,1200061162792,,,,,Unfound
,,,,,,,1200042562846,,,,,Unfound
,,,,,,,4230531602,,,,4230531602,Unfound
,,,,,,,8904100603,,,,79473,Unfound
,,,,,,,9181638802,,,,9181638802,Unfound
,,,,,,,1100000727440,,,,,Unfound
,,,,,,,8818715806,,,,69494,Unfound
,,,,,,,1012615821773,,,,,Unfound
,,,,,,,1200061729376,,,,,Unfound
,,,,,,,4230951108,,,,8513,Unfound
,,,,,,,8818721004,,,,172826,Unfound
,,,,,,,8904209603,,,,70276,Unfound
,,,,,,,1200025859716,,,,,Unfound
,,,,,,,1819191510,,,,1,Unfound
,,,,,,,1100000761041,,,,,Unfound
,,,,,,,1012619323522,,,,,Unfound
,,,,,,,53959801,,,,31286,Unfound
,,,,,,,2000012893162,,,,,Unfound
,,,,,,,1300000100820,,,,,Unfound
,,,,,,,8818721700,,,,1,Unfound
,,,,,,,1200042638291,,,,,Unfound
,,,,,,,8904658902,,,,7436,Unfound
,,,,,,,4231086904,,,,28833,Unfound
,,,,,,,54027700,,,,1,Unfound
,,,,,,,1012411268281,,,,,Unfound
,,,,,,,2199996867490,,,,,Unfound
,,,,,,,1300012755222,,,,,Unfound
,,,,,,,7401861705,,,,18080,Unfound
,,,,,,,8813068504,,,,98958,Unfound
,,,,,,,8823679405,,,,80518,Unfound
,,,,,,,2199997009531,,,,,Unfound
,,,,,,,1012428174663,,,,,Unfound
,,,,,,,1200050118243,,,,,Unfound
,,,,,,,8909473107,,,,7408,Unfound
,,,,,,,8813077909,,,,71035,Unfound
,,,,,,,7415408509,,,,21815,Unfound
,,,,,,,1300012872882,,,,,Unfound
,,,,,,,2199997093204,,,,,Unfound
,,,,,,,9181693204,,,,16701,Unfound
,,,,,,,8815492909,,,,57905,Unfound
,,,,,,,8813087104,,,,855,Unfound
,,,,,,,1200050203642,,,,,Unfound
,,,,,,,8909547705,,,,375,Unfound
,,,,,,,7417055501,,,,1,Unfound
,,,,,,,8909621309,,,,270028,Unfound
,,,,,,,8823691204,,,,1,Unfound
,,,,,,,1300013089609,,,,,Unfound
,,,,,,,1012481165745,,,,,Unfound
,,,,,,,7418552105,,,,75533,Unfound
,,,,,,,2199997447978,,,,,Unfound
,,,,,,,1819458502,,,,,Unfound
,,,,,,,1300013188053,,,,,Unfound
,,,,,,,1012491062416,,,,,Unfound
,,,,,,,8823692610,,,,35408,Unfound
,,,,,,,8909657409,,,,51886,Unfound
,,,,,,,8813092501,,,,2742,Unfound
,,,,,,,8823694603,,,,260695,Unfound
,,,,,,,7420632506,,,,21383,Unfound
,,,,,,,8909872604,,,,23086,Unfound
,,,,,,,1300013292311,,,,,Unfound
,,,,,,,59902701,,,,132452,Unfound
,,,,,,,2199997488798,,,,,Unfound
,,,,,,,1012502932483,,,,,Unfound
,,,,,,,1200050359303,,,,,Unfound
,,,,,,,8909930210,,,,41826,Unfound
,,,,,,,8813101801,,,,110313,Unfound
,,,,,,,8823711408,,,,63102,Unfound
,,,,,,,2199997858780,,,,,Unfound
,,,,,,,7430691001,,,,44431,Unfound
,,,,,,,8823759605,,,,36793,Unfound
,,,,,,,1200050406804,,,,,Unfound
,,,,,,,1012510529383,,,,,Unfound
,,,,,,,8910026210,,,,9913,Unfound
,,,,,,,2199998095977,,,,,Unfound
,,,,,,,1200050435647,,,,,Unfound
,,,,,,,1012527024980,,,,,Unfound
,,,,,,,7430946008,,,,16538,Unfound
,,,,,,,8823773408,,,,59300,Unfound
,,,,,,,8910080104,,,,14333,Unfound
,,,,,,,1012557177980,,,,,Unfound
,,,,,,,2199998272591,,,,,Unfound
,,,,,,,1837451804,,,,21815,Unfound
,,,,,,,7430981100,,,,259390,Unfound
,,,,,,,1300034458090,,,,,Unfound
,,,,,,,1200050469497,,,,,Unfound
,,,,,,,7431746600,,,,4937,Unfound
,,,,,,,8910156605,,,,380881,Unfound
,,,,,,,8813130000,,,,67931,Unfound
,,,,,,,2199998273647,,,,,Unfound
,,,,,,,8813132408,,,,115944,Unfound
,,,,,,,1012575064621,,,,,Unfound
,,,,,,,8823784604,,,,99801,Unfound
,,,,,,,8910167206,,,,361023,Unfound
,,,,,,,1300035381517,,,,,Unfound
,,,,,,,1012595463780,,,,,Unfound
,,,,,,,2199998300422,,,,,Unfound
,,,,,,,8823792109,,,,17384,Unfound
,,,,,,,8813139703,,,,27751,Unfound
,,,,,,,2199998301151,,,,,Unfound
,,,,,,,1012614071930,,,,,Unfound
,,,,,,,1200050518300,,,,,Unfound
,,,,,,,8910276503,,,,15458,Unfound
,,,,,,,7432925908,,,,24684,Unfound
,,,,,,,7436736207,,,,16271,Unfound
,,,,,,,8823803301,,,,79193,Unfound
,,,,,,,8910372409,,,,1,Unfound
,,,,,,,9181841103,,,,58050,Unfound
,,,,,,,8815518407,,,,101797,Unfound
,,,,,,,1300035396328,,,,,Unfound
,,,,,,,2199998319600,,,,,Unfound
,,,,,,,8813148502,,,,444521,Unfound
,,,,,,,7438456907,,,,1,Unfound
,,,,,,,1012616693934,,,,,Unfound
,,,,,,,8910475902,,,,11281,Unfound
,,,,,,,1012617372893,,,,,Unfound
,,,,,,,1845109609,,,,32071,Unfound
,,,,,,,8813153708,,,,1,Unfound
,,,,,,,8823820301,,,,37578,Unfound
,,,,,,,8910478201,,,,7346,Unfound
,,,,,,,73908706,,,,65882,Unfound
,,,,,,,1012714460498,,,,,Unfound
,,,,,,,1200050716582,,,,,Unfound
,,,,,,,7444625710,,,,19300,Unfound
,,,,,,,8823844203,,,,2918,Unfound
,,,,,,,1012743206123,,,,,Unfound
,,,,,,,1300035400861,,,,,Unfound
,,,,,,,9353244304,,,,63633,Unfound
,,,,,,,2199999044919,,,,,Unfound
,,,,,,,1200050745306,,,,,Unfound
,,,,,,,8813161909,,,,83401,Unfound
,,,,,,,8823846903,,,,6951,Unfound
,,,,,,,1300035416904,,,,,Unfound
,,,,,,,8910747101,,,,41069,Unfound
,,,,,,,1200050754009,,,,,Unfound
,,,,,,,7445684810,,,,414499,Unfound
,,,,,,,2199999106798,,,,,Unfound
,,,,,,,8813174806,,,,89326,Unfound
,,,,,,,8823847602,,,,8823847602,Unfound
,,,,,,,8910777200,,,,52707,Unfound
,,,,,,,9181881205,,,,3426,Unfound
,,,,,,,1012801386690,,,,,Unfound
,,,,,,,1300035422838,,,,,Unfound
,,,,,,,8815519802,,,,23238,Unfound
,,,,,,,2199999263756,,,,,Unfound
,,,,,,,1012806154592,,,,,Unfound
,,,,,,,1200050873736,,,,,Unfound
,,,,,,,8910844907,,,,12,Unfound
,,,,,,,2199999431650,,,,,Unfound
,,,,,,,1012817912420,,,,,Unfound
,,,,,,,1200051013505,,,,,Unfound
,,,,,,,8813182401,,,,,Unfound
,,,,,,,7449857106,,,,75296,Unfound
,,,,,,,1300037720948,,,,,Unfound
,,,,,,,2199999504420,,,,,Unfound
,,,,,,,1012836530924,,,,,Unfound
,,,,,,,8813185609,,,,132764,Unfound
,,,,,,,1300038885507,,,,,Unfound
,,,,,,,2199999601996,,,,,Unfound
,,,,,,,8911089801,,,,110217,Unfound
,,,,,,,9148422307,,,,23833,Unfound
,,,,,,,8823895703,,,,108962,Unfound
,,,,,,,8823898305,,,,70450,Unfound
,,,,,,,8813191705,,,,221202,Unfound
,,,,,,,7475202503,,,,32108,Unfound
,,,,,,,1300050385691,,,,,Unfound
,,,,,,,8911098005,,,,21041,Unfound
,,,,,,,2199999614513,,,,,Unfound
,,,,,,,1012849445190,,,,,Unfound
,,,,,,,1200051050951,,,,,Unfound
,,,,,,,8813195601,,,,1,Unfound
,,,,,,,8911178901,,,,11275,Unfound
,,,,,,,7475533706,,,,11393,Unfound
,,,,,,,8823937704,,,,9711,Unfound
,,,,,,,9181968105,,,,1,Unfound
,,,,,,,8815530509,,,,8715,Unfound
,,,,,,,2199999729872,,,,,Unfound
,,,,,,,1200051108751,,,,,Unfound
,,,,,,,1300051014150,,,,,Unfound
,,,,,,,7477113009,,,,1374738,Unfound
,,,,,,,8813220708,,,,230627,Unfound
,,,,,,,8911259901,,,,80026,Unfound
,,,,,,,2199999799407,,,,,Unfound
,,,,,,,1300051358670,,,,,Unfound
,,,,,,,1200051223055,,,,,Unfound
,,,,,,,1012852854483,,,,,Unfound
,,,,,,,8813223108,,,,102524,Unfound
,,,,,,,7478665110,,,,8867,Unfound
,,,,,,,8911271509,,,,1,Unfound
,,,,,,,8823998309,,,,185633,Unfound
,,,,,,,2199999864057,,,,,Unfound
,,,,,,,1012954684455,,,,,Unfound
,,,,,,,1200051408592,,,,,Unfound
,,,,,,,7479138204,,,,56201,Unfound
,,,,,,,1860780806,,,,,Unfound
,,,,,,,8824045402,,,,78853,Unfound
,,,,,,,8813235407,,,,104332,Unfound
,,,,,,,8911280802,,,,15203,Unfound
,,,,,,,1300052346630,,,,,Unfound
,,,,,,,2199999867980,,,,,Unfound
,,,,,,,1100005052570,,,,,Unfound
,,,,,,,1012976986866,,,,,Unfound
,,,,,,,9148467801,,,,194193,Unfound
,,,,,,,1200051600160,,,,,Unfound
,,,,,,,7479811807,,,,74501,Unfound
,,,,,,,2199999918386,,,,,Unfound
,,,,,,,1012993615404,,,,,Unfound
,,,,,,,8824170506,,,,3510,Unfound
,,,,,,,8813272907,,,,175143,Unfound
,,,,,,,1200051812024,,,,,Unfound
,,,,,,,8911518405,,,,21750,Unfound
,,,,,,,7483089103,,,,143915,Unfound
,,,,,,,8813283508,,,,30405,Unfound
,,,,,,,8824180307,,,,45340,Unfound
,,,,,,,8911555602,,,,1,Unfound
,,,,,,,8815566205,,,,1,Unfound
,,,,,,,9182023107,,,,24665,Unfound
,,,,,,,1300053055413,,,,,Unfound
,,,,,,,2200010223795,,,,,Unfound
,,,,,,,1200051834988,,,,,Unfound
,,,,,,,1012996988352,,,,,Unfound
,,,,,,,7494897909,,,,54873,Unfound
,,,,,,,1300053463702,,,,,Unfound
,,,,,,,1864428902,,,,401,Unfound
,,,,,,,8824186802,,,,15672,Unfound
,,,,,,,8911652106,,,,,Unfound
,,,,,,,1200051868764,,,,,Unfound
,,,,,,,1013002133685,,,,,Unfound
,,,,,,,7499734210,,,,7499734210,Unfound
,,,,,,,2200010265191,,,,,Unfound
,,,,,,,8813299209,,,,164864,Unfound
,,,,,,,1013002140121,,,,,Unfound
,,,,,,,1300053743858,,,,,Unfound
,,,,,,,1200051896488,,,,,Unfound
,,,,,,,8911691408,,,,79457,Unfound
,,,,,,,7499928908,,,,10980,Unfound
,,,,,,,8813303409,,,,293068,Unfound
,,,,,,,8824282506,,,,7503,Unfound
,,,,,,,2200010772429,,,,,Unfound
,,,,,,,8911709401,,,,77409,Unfound
,,,,,,,1013015455749,,,,,Unfound
,,,,,,,1300054447678,,,,,Unfound
,,,,,,,1200052285275,,,,,Unfound
,,,,,,,2200011111907,,,,,Unfound
,,,,,,,7501985001,,,,11331,Unfound
,,,,,,,1013018441837,,,,,Unfound
,,,,,,,8813318804,,,,50411,Unfound
,,,,,,,1300060218400,,,,,Unfound
,,,,,,,2200011430174,,,,,Unfound
,,,,,,,1200052317323,,,,,Unfound
,,,,,,,7503813206,,,,207921,Unfound
,,,,,,,8813328302,,,,173760,Unfound
,,,,,,,8824341709,,,,83254,Unfound
,,,,,,,8911772408,,,,1,Unfound
,,,,,,,8815569402,,,,90826,Unfound
,,,,,,,1300060322528,,,,,Unfound
,,,,,,,1013029061622,,,,,Unfound
,,,,,,,2200011675897,,,,,Unfound
,,,,,,,7503833201,,,,7503833201,Unfound
,,,,,,,8813329405,,,,8813329405,Unfound
,,,,,,,1013034227194,,,,,Unfound
,,,,,,,8824374410,,,,1,Unfound
,,,,,,,8911800510,,,,11494,Unfound
,,,,,,,2200011754972,,,,,Unfound
,,,,,,,1872223902,,,,65904,Unfound
,,,,,,,1200052377243,,,,,Unfound
,,,,,,,8824388500,,,,1,Unfound
,,,,,,,7509724305,,,,7574,Unfound
,,,,,,,1013092771160,,,,,Unfound
,,,,,,,8911975400,,,,1,Unfound
,,,,,,,1410363121007,,,,,Unfound
,,,,,,,1200052400585,,,,,Unfound
,,,,,,,7511425305,,,,35978,Unfound
,,,,,,,8813348308,,,,26565,Unfound
,,,,,,,1200052411959,,,,,Unfound
,,,,,,,2200011903794,,,,,Unfound
,,,,,,,8912052603,,,,41398,Unfound
,,,,,,,7529425004,,,,30459,Unfound
,,,,,,,8813355608,,,,38063,Unfound
,,,,,,,2200011910834,,,,,Unfound
,,,,,,,8912058402,,,,137845,Unfound
,,,,,,,1412582512006,,,,,Unfound
,,,,,,,1200052449270,,,,,Unfound
,,,,,,,8813356801,,,,59809,Unfound
,,,,,,,8824469601,,,,53988,Unfound
,,,,,,,7531243210,,,,8400,Unfound
,,,,,,,1413075201005,,,,,Unfound
,,,,,,,1014569824499,,,,,Unfound
,,,,,,,8912242204,,,,24012,Unfound
,,,,,,,9182027104,,,,1,Unfound
,,,,,,,2200011984190,,,,,Unfound
,,,,,,,1200060032328,,,,,Unfound
,,,,,,,7534920803,,,,2281,Unfound
,,,,,,,8813358502,,,,163568,Unfound
,,,,,,,8912257408,,,,111024,Unfound
,,,,,,,1413342710003,,,,,Unfound
,,,,,,,1873451000,,,,416,Unfound
,,,,,,,1023479013873,,,,,Unfound
,,,,,,,8912297005,,,,12577,Unfound
,,,,,,,7536770708,,,,1,Unfound
,,,,,,,8824474302,,,,72508,Unfound
,,,,,,,8813360107,,,,24064,Unfound
,,,,,,,1413363481000,,,,,Unfound
,,,,,,,1200060036670,,,,,Unfound
,,,,,,,1200060069898,,,,,Unfound
,,,,,,,7537522200,,,,13264,Unfound
,,,,,,,8912356309,,,,1,Unfound
,,,,,,,9148765304,,,,12267,Unfound
,,,,,,,80415303,,,,245366,Unfound
,,,,,,,8824485004,,,,70986,Unfound
,,,,,,,1100019441510,,,,,Unfound
,,,,,,,2200016863541,,,,,Unfound
,,,,,,,1200060111022,,,,,Unfound
,,,,,,,1418915022007,,,,,Unfound
,,,,,,,9209350509,,,,277931,Unfound
,,,,,,,5019180009,,,,10711,Unfound
,,,,,,,1900003208124,,,,,Unfound
,,,,,,,1100019450905,,,,,Unfound
,,,,,,,2000000140609,,,,,Unfound
,,,,,,,2200017035206,,,,,Unfound
,,,,,,,1610029132833,,,,,Unfound
,,,,,,,8815598510,,,,40160,Unfound
,,,,,,,5047348703,,,,35699,Unfound
,,,,,,,1890331503,,,,101807,Unfound
,,,,,,,2000000425585,,,,,Unfound
,,,,,,,9209398908,,,,1,Unfound
,,,,,,,1100019739149,,,,,Unfound
,,,,,,,1900003237640,,,,,Unfound
,,,,,,,1580000577456,,,,,Unfound
,,,,,,,1200060154044,,,,,Unfound
,,,,,,,2200017090299,,,,,Unfound
,,,,,,,5048069300,,,,33870,Unfound
,,,,,,,8906787508,,,,12985,Unfound
,,,,,,,9209435102,,,,22790,Unfound
,,,,,,,1900004080458,,,,,Unfound
,,,,,,,2200017433560,,,,,Unfound
,,,,,,,5037791905,,,,1,Unfound
,,,,,,,1200060225731,,,,,Unfound
,,,,,,,2200017163200,,,,,Unfound
,,,,,,,9209439110,,,,92185,Unfound
,,,,,,,8906834300,,,,6439,Unfound
,,,,,,,2000000660787,,,,,Unfound
,,,,,,,1100020066290,,,,,Unfound
,,,,,,,1610001733513,,,,,Unfound
,,,,,,,1900004185382,,,,,Unfound
,,,,,,,1200060226498,,,,,Unfound
,,,,,,,2200017228832,,,,,Unfound
,,,,,,,8906876810,,,,48850,Unfound
,,,,,,,9148846809,,,,79813,Unfound
,,,,,,,5049146510,,,,52894,Unfound
,,,,,,,1591010277443,,,,,Unfound
,,,,,,,9209477309,,,,1,Unfound
,,,,,,,1900004220735,,,,,Unfound
,,,,,,,1200060235492,,,,,Unfound
,,,,,,,2000002122639,,,,,Unfound
,,,,,,,8906879805,,,,128,Unfound
,,,,,,,9209479807,,,,221647,Unfound
,,,,,,,9182136300,,,,9182136300,Unfound
,,,,,,,2199989350180,,,,,Unfound
,,,,,,,1900004319141,,,,,Unfound
,,,,,,,2000003975359,,,,,Unfound
,,,,,,,1100020564197,,,,,Unfound
,,,,,,,2200017470465,,,,,Unfound
,,,,,,,8815602407,,,,96565,Unfound
,,,,,,,5050032107,,,,22937,Unfound
,,,,,,,9209494803,,,,71574,Unfound
,,,,,,,2000004284990,,,,,Unfound
,,,,,,,1800030530772,,,,,Unfound
,,,,,,,1900004329743,,,,,Unfound
,,,,,,,1200060612792,,,,,Unfound
,,,,,,,1100020601245,,,,,Unfound
,,,,,,,5050065403,,,,37174,Unfound
,,,,,,,1100020647142,,,,,Unfound
,,,,,,,5074997407,,,,15099,Unfound
,,,,,,,8907015403,,,,40270,Unfound
,,,,,,,1900004382997,,,,,Unfound
,,,,,,,1417317140000,,,,,Unfound
,,,,,,,2200017626291,,,,,Unfound
,,,,,,,2000007164322,,,,,Unfound
,,,,,,,1200060641108,,,,,Unfound
,,,,,,,5050416305,,,,51125,Unfound
,,,,,,,9209528603,,,,12810,Unfound
,,,,,,,8907019007,,,,70896,Unfound
,,,,,,,5076529810,,,,52061,Unfound
,,,,,,,2000007655107,,,,,Unfound
,,,,,,,1900005009614,,,,,Unfound
,,,,,,,1100020948623,,,,,Unfound
,,,,,,,2200017671443,,,,,Unfound
,,,,,,,2200041580829,,,,,Unfound
,,,,,,,2000007788312,,,,,Unfound
,,,,,,,8907026509,,,,33847,Unfound
,,,,,,,9149214002,,,,17553,Unfound
,,,,,,,5050480909,,,,25810,Unfound
,,,,,,,2200018015432,,,,,Unfound
,,,,,,,1900002385550,,,,,Unfound
,,,,,,,1100021142844,,,,,Unfound
,,,,,,,1200060978427,,,,,Unfound
,,,,,,,1900005014321,,,,,Unfound
,,,,,,,8907074105,,,,130760,Unfound
,,,,,,,2000008952090,,,,,Unfound
,,,,,,,1900005057742,,,,,Unfound
,,,,,,,1100021243979,,,,,Unfound
,,,,,,,1200021864350,,,,,Unfound
,,,,,,,9182141809,,,,52413,Unfound
,,,,,,,5081491904,,,,12199,Unfound
,,,,,,,1200061179290,,,,,Unfound
,,,,,,,8815603106,,,,28258,Unfound
,,,,,,,8907250009,,,,97460,Unfound
,,,,,,,5050616908,,,,17386,Unfound
,,,,,,,9209549005,,,,4517,Unfound
,,,,,,,1907763408,,,,30181,Unfound
,,,,,,,1900005173740,,,,,Unfound
,,,,,,,2000009794099,,,,,Unfound
,,,,,,,2200013925122,,,,,Unfound
,,,,,,,1200061258134,,,,,Unfound
,,,,,,,8907264402,,,,169940,Unfound
,,,,,,,5050704209,,,,270331,Unfound
,,,,,,,2200018018780,,,,,Unfound
,,,,,,,1800024665661,,,,,Unfound
,,,,,,,9209565306,,,,237660,Unfound
,,,,,,,8812941100,,,,1,Unfound
,,,,,,,1900005239969,,,,,Unfound
,,,,,,,2200018077606,,,,,Unfound
,,,,,,,1100021928725,,,,,Unfound
,,,,,,,5050924807,,,,29329,Unfound
,,,,,,,8907282909,,,,19617,Unfound
,,,,,,,2000011233119,,,,,Unfound
,,,,,,,8813861208,,,,8813861208,Unfound
,,,,,,,2200022436192,,,,,Unfound
,,,,,,,9209586505,,,,572,Unfound
,,,,,,,1900005264548,,,,,Unfound
,,,,,,,1100022601256,,,,,Unfound
,,,,,,,2200018138808,,,,,Unfound
,,,,,,,1200061281816,,,,,Unfound
,,,,,,,9149387000,,,,55811,Unfound
,,,,,,,5050978202,,,,24074,Unfound
,,,,,,,2000011463862,,,,,Unfound
,,,,,,,1100022761508,,,,,Unfound
,,,,,,,5051145608,,,,9987,Unfound
,,,,,,,2200018702828,,,,,Unfound
,,,,,,,8907531803,,,,12658,Unfound
,,,,,,,9209662304,,,,9209662304,Unfound
,,,,,,,8814747709,,,,76491,Unfound
,,,,,,,1100025493692,,,,,Unfound
,,,,,,,1900005319392,,,,,Unfound
,,,,,,,9182220210,,,,9182220210,Unfound
,,,,,,,2200018771609,,,,,Unfound
,,,,,,,5051620410,,,,68623,Unfound
,,,,,,,8907549104,,,,93272,Unfound
,,,,,,,1900006002656,,,,,Unfound
,,,,,,,8815611700,,,,14781,Unfound
,,,,,,,1908133604,,,,82199,Unfound
,,,,,,,9209710906,,,,5,Unfound
,,,,,,,1100023129385,,,,,Unfound
,,,,,,,1200061427333,,,,,Unfound
,,,,,,,5051622605,,,,49076,Unfound
,,,,,,,8907576309,,,,208617,Unfound
,,,,,,,2355231318117,,,,,Unfound
,,,,,,,2000013852237,,,,,Unfound
,,,,,,,1200061427342,,,,,Unfound
,,,,,,,2200019958452,,,,,Unfound
,,,,,,,1100023209836,,,,,Unfound
,,,,,,,5051763601,,,,2375,Unfound
,,,,,,,8907590808,,,,8907590808,Unfound
,,,,,,,8815471901,,,,22228,Unfound
,,,,,,,1800022987166,,,,,Unfound
,,,,,,,1900006137939,,,,,Unfound
,,,,,,,2000014190949,,,,,Unfound
,,,,,,,2200020114719,,,,,Unfound
,,,,,,,1100023580926,,,,,Unfound
,,,,,,,9149429910,,,,,Unfound
,,,,,,,8907701903,,,,53209,Unfound
,,,,,,,1300000101674,,,,,Unfound
,,,,,,,9213493608,,,,277426,Unfound
,,,,,,,9209839205,,,,74635,Unfound
,,,,,,,5052235906,,,,1,Unfound
,,,,,,,1610029215532,,,,,Unfound
,,,,,,,1900007000933,,,,,Unfound
,,,,,,,2000014897178,,,,,Unfound
,,,,,,,1100023926669,,,,,Unfound
,,,,,,,2200020285024,,,,,Unfound
,,,,,,,1300000101930,,,,,Unfound
,,,,,,,5052526805,,,,5052526805,Unfound
,,,,,,,8907743504,,,,1,Unfound
,,,,,,,1900007085495,,,,,Unfound
,,,,,,,9209917906,,,,325554,Unfound
,,,,,,,9182240901,,,,1,Unfound
,,,,,,,2000009835062,,,,,Unfound
,,,,,,,1100023965570,,,,,Unfound
,,,,,,,2000015229055,,,,,Unfound
,,,,,,,2200020538609,,,,,Unfound
,,,,,,,1300000167930,,,,,Unfound
,,,,,,,8815621310,,,,30378,Unfound
,,,,,,,1917974001,,,,31714,Unfound
,,,,,,,9210168907,,,,40443,Unfound
,,,,,,,1900007135091,,,,,Unfound
,,,,,,,2000016256281,,,,,Unfound
,,,,,,,1300000194118,,,,,Unfound
,,,,,,,2200020554958,,,,,Unfound
,,,,,,,9210174307,,,,16994,Unfound
,,,,,,,8907936504,,,,12,Unfound
,,,,,,,1100024116651,,,,,Unfound
,,,,,,,1800020111094,,,,,Unfound
,,,,,,,5053618108,,,,223257,Unfound
,,,,,,,8817401800,,,,29605,Unfound
,,,,,,,1200029317772,,,,,Unfound
,,,,,,,1900007176957,,,,,Unfound
,,,,,,,2000017093644,,,,,Unfound
,,,,,,,1100024575244,,,,,Unfound
,,,,,,,2200020789847,,,,,Unfound
,,,,,,,1300000205499,,,,,Unfound
,,,,,,,8908005910,,,,6481,Unfound
,,,,,,,1580000606823,,,,,Unfound
,,,,,,,1900007401269,,,,,Unfound
,,,,,,,2000017579679,,,,,Unfound
,,,,,,,8817455801,,,,497394,Unfound
,,,,,,,3441001,,,,69286,Unfound
,,,,,,,1100025079674,,,,,Unfound
,,,,,,,2200020845517,,,,,Unfound
,,,,,,,1300000334014,,,,,Unfound
,,,,,,,8908019607,,,,60157,Unfound
,,,,,,,5054862910,,,,49215,Unfound
,,,,,,,9149502602,,,,80201,Unfound
,,,,,,,9213560406,,,,154836,Unfound
,,,,,,,1900007419043,,,,,Unfound
,,,,,,,1100025164354,,,,,Unfound
,,,,,,,2200021120476,,,,,Unfound
,,,,,,,2000017879446,,,,,Unfound
,,,,,,,8817563703,,,,1,Unfound
,,,,,,,8908110200,,,,59757,Unfound
,,,,,,,9210321103,,,,139820,Unfound
,,,,,,,1900008000084,,,,,Unfound
,,,,,,,1419054902009,,,,,Unfound
,,,,,,,9182249706,,,,54945,Unfound
,,,,,,,2000018437229,,,,,Unfound
,,,,,,,1100025169690,,,,,Unfound
,,,,,,,1300000397255,,,,,Unfound
,,,,,,,8815624900,,,,1725,Unfound
,,,,,,,5055648004,,,,13885,Unfound
,,,,,,,8908169705,,,,8908169705,Unfound
,,,,,,,1100025492680,,,,,Unfound
,,,,,,,9211199800,,,,285977,Unfound
,,,,,,,2053783402,,,,18813,Unfound
,,,,,,,1200020576587,,,,,Unfound
,,,,,,,1900009000795,,,,,Unfound
,,,,,,,1300000477422,,,,,Unfound
,,,,,,,2000020558786,,,,,Unfound
,,,,,,,1700052910978,,,,,Unfound
,,,,,,,8817950710,,,,444548,Unfound
,,,,,,,8908190303,,,,827,Unfound
,,,,,,,5056025410,,,,1,Unfound
,,,,,,,9212297109,,,,205850,Unfound
,,,,,,,2000020963294,,,,,Unfound
,,,,,,,1300000492476,,,,,Unfound
,,,,,,,8908231100,,,,268727,Unfound
,,,,,,,1100025627832,,,,,Unfound
,,,,,,,8818094104,,,,92172,Unfound
,,,,,,,2000021044950,,,,,Unfound
,,,,,,,1900009327573,,,,,Unfound
,,,,,,,9212357202,,,,11592,Unfound
,,,,,,,2200021569333,,,,,Unfound
,,,,,,,1300007315160,,,,,Unfound
,,,,,,,1300000536032,,,,,Unfound
,,,,,,,8908338601,,,,19385,Unfound
,,,,,,,5056225306,,,,7482,Unfound
,,,,,,,9149572803,,,,1,Unfound
,,,,,,,2199995053120,,,,,Unfound
,,,,,,,1900009423334,,,,,Unfound
,,,,,,,9212588502,,,,1614,Unfound
,,,,,,,2000021889297,,,,,Unfound
,,,,,,,1100039213107,,,,,Unfound
,,,,,,,1300000714849,,,,,Unfound
,,,,,,,2200021744892,,,,,Unfound
,,,,,,,5057531700,,,,10158,Unfound
,,,,,,,8908449902,,,,294951,Unfound
,,,,,,,9212611605,,,,9212611605,Unfound
,,,,,,,2319922001614,,,,,Unfound
,,,,,,,9182268205,,,,25344,Unfound
,,,,,,,8819296907,,,,29290,Unfound
,,,,,,,1900010150807,,,,,Unfound
,,,,,,,1300000880582,,,,,Unfound
,,,,,,,2200021888210,,,,,Unfound
,,,,,,,8815632809,,,,57315,Unfound
,,,,,,,9212662701,,,,78782,Unfound
,,,,,,,2000023140164,,,,,Unfound
,,,,,,,2200022006884,,,,,Unfound
,,,,,,,1100039376725,,,,,Unfound
,,,,,,,1300000913476,,,,,Unfound
,,,,,,,8908677309,,,,28,Unfound
,,,,,,,9212681110,,,,52762,Unfound
,,,,,,,1580000635443,,,,,Unfound
,,,,,,,1900010367307,,,,,Unfound
,,,,,,,1100008835597,,,,,Unfound
,,,,,,,2200022333975,,,,,Unfound
,,,,,,,1300000964675,,,,,Unfound
,,,,,,,2000024299068,,,,,Unfound
,,,,,,,8908682605,,,,54323,Unfound
,,,,,,,5057988701,,,,38703,Unfound
,,,,,,,1100039656490,,,,,Unfound
,,,,,,,2000025181854,,,,,Unfound
,,,,,,,1100050033019,,,,,Unfound
,,,,,,,1100001745797,,,,,Unfound
,,,,,,,9212722704,,,,66270,Unfound
,,,,,,,1900011051052,,,,,Unfound
,,,,,,,2200022415314,,,,,Unfound
,,,,,,,1300001269020,,,,,Unfound
,,,,,,,9212725609,,,,30780,Unfound
,,,,,,,8908842702,,,,91511,Unfound
,,,,,,,9149967007,,,,13370,Unfound
,,,,,,,1900011144042,,,,,Unfound
,,,,,,,1012794158025,,,,,Unfound
,,,,,,,5058839206,,,,90400,Unfound
,,,,,,,1300001412685,,,,,Unfound
,,,,,,,2000025273390,,,,,Unfound
,,,,,,,1418000830008,,,,,Unfound
,,,,,,,9182315109,,,,222487,Unfound
,,,,,,,8823595107,,,,133855,Unfound
,,,,,,,1100050497027,,,,,Unfound
,,,,,,,1900011232043,,,,,Unfound
,,,,,,,2000027043464,,,,,Unfound
,,,,,,,2200022987826,,,,,Unfound
,,,,,,,1300001427992,,,,,Unfound
,,,,,,,8815656307,,,,8815656307,Unfound
,,,,,,,5059708802,,,,5059708802,Unfound
,,,,,,,8909235304,,,,746659,Unfound
,,,,,,,1418175121000,,,,,Unfound
,,,,,,,9212748509,,,,9212748509,Unfound
,,,,,,,1900011420937,,,,,Unfound
,,,,,,,2200023120219,,,,,Unfound
,,,,,,,1100050709623,,,,,Unfound
,,,,,,,1300001463607,,,,,Unfound
,,,,,,,5060485207,,,,1,Unfound
,,,,,,,8909349903,,,,1,Unfound
,,,,,,,8827874401,,,,17312,Unfound
,,,,,,,2000027313316,,,,,Unfound
,,,,,,,1100050772670,,,,,Unfound
,,,,,,,1300001472373,,,,,Unfound
,,,,,,,5060486209,,,,5060486209,Unfound
,,,,,,,2200023230357,,,,,Unfound
,,,,,,,1419682590002,,,,,Unfound
,,,,,,,8827949810,,,,89853,Unfound
,,,,,,,2200023295131,,,,,Unfound
,,,,,,,1100050901496,,,,,Unfound
,,,,,,,1300001659375,,,,,Unfound
,,,,,,,5060513702,,,,1,Unfound
,,,,,,,9149977706,,,,1,Unfound
,,,,,,,9213613502,,,,19853,Unfound
,,,,,,,9182318104,,,,12588,Unfound
,,,,,,,9212774903,,,,208,Unfound
,,,,,,,1200030879706,,,,,Unfound
,,,,,,,2200021231660,,,,,Unfound
,,,,,,,1300001964694,,,,,Unfound
,,,,,,,8820850003,,,,11037,Unfound
,,,,,,,8904773610,,,,58490,Unfound
,,,,,,,4186479209,,,,1,Unfound
,,,,,,,8815666108,,,,32286,Unfound
,,,,,,,2313394078810,,,,,Unfound
,,,,,,,1300002088095,,,,,Unfound
,,,,,,,2200021350385,,,,,Unfound
,,,,,,,4187475307,,,,26903,Unfound
,,,,,,,2335900947119,,,,,Unfound
,,,,,,,8820896600,,,,14952,Unfound
,,,,,,,2336100842920,,,,,Unfound
,,,,,,,2200021606739,,,,,Unfound
,,,,,,,8904795609,,,,16171,Unfound
,,,,,,,9109601501,,,,169733,Unfound
,,,,,,,1300002126397,,,,,Unfound
,,,,,,,4187486806,,,,,Unfound
,,,,,,,8820954105,,,,8820954105,Unfound
,,,,,,,8904892607,,,,19816,Unfound
,,,,,,,9202962303,,,,15513,Unfound
,,,,,,,9109956000,,,,1,Unfound
,,,,,,,2200021865277,,,,,Unfound
,,,,,,,1300002217413,,,,,Unfound
,,,,,,,2321313016516,,,,,Unfound
,,,,,,,2142344910,,,,2142344910,Unfound
,,,,,,,1200031249086,,,,,Unfound
,,,,,,,4187505200,,,,16086,Unfound
,,,,,,,8904931400,,,,1,Unfound
,,,,,,,8820969803,,,,1,Unfound
,,,,,,,9109959208,,,,28002,Unfound
,,,,,,,9150048308,,,,11283,Unfound
,,,,,,,2200022061281,,,,,Unfound
,,,,,,,2324435001517,,,,,Unfound
,,,,,,,1300002260951,,,,,Unfound
,,,,,,,4187841508,,,,78,Unfound
,,,,,,,8904935307,,,,125998,Unfound
,,,,,,,8820974706,,,,78110,Unfound
,,,,,,,9203154310,,,,30952,Unfound
,,,,,,,9110114607,,,,49562,Unfound
,,,,,,,2336560173014,,,,,Unfound
,,,,,,,2200022286916,,,,,Unfound
,,,,,,,9213620005,,,,48441,Unfound
,,,,,,,9182523206,,,,22488,Unfound
,,,,,,,2335053394811,,,,,Unfound
,,,,,,,1300002614932,,,,,Unfound
,,,,,,,9110213003,,,,10638,Unfound
,,,,,,,8820988807,,,,14123,Unfound
,,,,,,,8905014907,,,,44109,Unfound
,,,,,,,8815673610,,,,35351,Unfound
,,,,,,,77627808,,,,18043,Unfound
,,,,,,,2335500810811,,,,,Unfound
,,,,,,,8821032804,,,,131402,Unfound
,,,,,,,2336563158019,,,,,Unfound
,,,,,,,9203332701,,,,8893,Unfound
,,,,,,,9111561604,,,,14348,Unfound
,,,,,,,8905049601,,,,4407,Unfound
,,,,,,,2336059404218,,,,,Unfound
,,,,,,,1300002861128,,,,,Unfound
,,,,,,,2336590593018,,,,,Unfound
,,,,,,,1200032370786,,,,,Unfound
,,,,,,,4189744307,,,,20857,Unfound
,,,,,,,8821093802,,,,9723,Unfound
,,,,,,,1200032556863,,,,,Unfound
,,,,,,,2200022839853,,,,,Unfound
,,,,,,,8905085201,,,,75131,Unfound
,,,,,,,9203379009,,,,85879,Unfound
,,,,,,,1300002902699,,,,,Unfound
,,,,,,,2341663099615,,,,,Unfound
,,,,,,,4190041906,,,,38181,Unfound
,,,,,,,8905097006,,,,8905097006,Unfound
,,,,,,,9111603010,,,,1,Unfound
,,,,,,,9203420507,,,,10750,Unfound
,,,,,,,9150051600,,,,9150051600,Unfound
,,,,,,,1200032656647,,,,,Unfound
,,,,,,,2200023173832,,,,,Unfound
,,,,,,,2343535221521,,,,,Unfound
,,,,,,,1300003083780,,,,,Unfound
,,,,,,,9111635809,,,,45224,Unfound
,,,,,,,8905148300,,,,102010,Unfound
,,,,,,,9203420900,,,,3598,Unfound
,,,,,,,2341481874516,,,,,Unfound
,,,,,,,9213623505,,,,1,Unfound
,,,,,,,2200023410326,,,,,Unfound
,,,,,,,2341486112510,,,,,Unfound
,,,,,,,9182573906,,,,437542,Unfound
,,,,,,,2352370679214,,,,,Unfound
,,,,,,,1300003091559,,,,,Unfound
,,,,,,,8821203401,,,,48232,Unfound
,,,,,,,9203581509,,,,30556,Unfound
,,,,,,,8815681407,,,,69648,Unfound
,,,,,,,8905152706,,,,1,Unfound
,,,,,,,2200023429489,,,,,Unfound
,,,,,,,2342671399417,,,,,Unfound
,,,,,,,1300003151250,,,,,Unfound
,,,,,,,2352821673214,,,,,Unfound
,,,,,,,8821203502,,,,103979,Unfound
,,,,,,,2200023769579,,,,,Unfound
,,,,,,,2342964089616,,,,,Unfound
,,,,,,,2355621033013,,,,,Unfound
,,,,,,,9203702607,,,,55316,Unfound
,,,,,,,8905225202,,,,23993,Unfound
,,,,,,,9112031209,,,,1,Unfound
,,,,,,,8821204302,,,,29058,Unfound
,,,,,,,8905337909,,,,2,Unfound
,,,,,,,9112040109,,,,,Unfound
,,,,,,,1200033205470,,,,,Unfound
,,,,,,,2200024002214,,,,,Unfound
,,,,,,,8905356206,,,,23626,Unfound
,,,,,,,2360981729019,,,,,Unfound
,,,,,,,4190805508,,,,22936,Unfound
,,,,,,,8821239804,,,,98998,Unfound
,,,,,,,2343535676614,,,,,Unfound
,,,,,,,2343261069718,,,,,Unfound
,,,,,,,9150441310,,,,1,Unfound
,,,,,,,9203923107,,,,9203923107,Unfound
,,,,,,,2374150201418,,,,,Unfound
,,,,,,,1300003514741,,,,,Unfound
,,,,,,,4191568200,,,,5948,Unfound
,,,,,,,9203935507,,,,59616,Unfound
,,,,,,,8821248109,,,,72664,Unfound
,,,,,,,9112171708,,,,216615,Unfound
,,,,,,,2344442485811,,,,,Unfound
,,,,,,,9182613106,,,,48032,Unfound
,,,,,,,1200033392911,,,,,Unfound
,,,,,,,2200030010282,,,,,Unfound
,,,,,,,2375157500713,,,,,Unfound
,,,,,,,1300003742991,,,,,Unfound
,,,,,,,4191853401,,,,12408,Unfound
,,,,,,,8821255409,,,,46022,Unfound
,,,,,,,9204019208,,,,310952,Unfound
,,,,,,,8815683209,,,,30866,Unfound
,,,,,,,1200033546003,,,,,Unfound
,,,,,,,9112469004,,,,15587,Unfound
,,,,,,,2200030023333,,,,,Unfound
,,,,,,,1300004092730,,,,,Unfound
,,,,,,,2345491024519,,,,,Unfound
,,,,,,,2376552800010,,,,,Unfound
,,,,,,,9112470505,,,,226902,Unfound
,,,,,,,8821260402,,,,25,Unfound
,,,,,,,4193724108,,,,45439,Unfound
,,,,,,,1200033546704,,,,,Unfound
,,,,,,,9204023603,,,,10472,Unfound
,,,,,,,2380000557212,,,,,Unfound
,,,,,,,2345682958412,,,,,Unfound
,,,,,,,1300004136990,,,,,Unfound
,,,,,,,4193797910,,,,47879,Unfound
,,,,,,,8821285609,,,,69915,Unfound
,,,,,,,8905627110,,,,20043,Unfound
,,,,,,,9112526506,,,,1,Unfound
,,,,,,,1200033562539,,,,,Unfound
,,,,,,,2200030036341,,,,,Unfound
,,,,,,,2345816257213,,,,,Unfound
,,,,,,,1300004409009,,,,,Unfound
,,,,,,,4193810202,,,,25817,Unfound
,,,,,,,2380000610976,,,,,Unfound
,,,,,,,9112575306,,,,104793,Unfound
,,,,,,,9150509105,,,,10900,Unfound
,,,,,,,8821290804,,,,8821290804,Unfound
,,,,,,,2346042533714,,,,,Unfound
,,,,,,,8905689402,,,,15620,Unfound
,,,,,,,4193825507,,,,10988,Unfound
,,,,,,,8821354209,,,,135000,Unfound
,,,,,,,8905720201,,,,1,Unfound
,,,,,,,1300004465494,,,,,Unfound
,,,,,,,9112748008,,,,10482,Unfound
,,,,,,,9204691510,,,,9204691510,Unfound
,,,,,,,1410395930006,,,,,Unfound
,,,,,,,9213894503,,,,168217,Unfound
,,,,,,,1200033665128,,,,,Unfound
,,,,,,,4194185502,,,,1,Unfound
,,,,,,,1300005148598,,,,,Unfound
,,,,,,,8905814704,,,,35700,Unfound
,,,,,,,1410495930001,,,,,Unfound
,,,,,,,9182638201,,,,1,Unfound
,,,,,,,9113142302,,,,1,Unfound
,,,,,,,8815688601,,,,79607,Unfound
,,,,,,,1200034212274,,,,,Unfound
,,,,,,,2346522448415,,,,,Unfound
,,,,,,,2200030044937,,,,,Unfound
,,,,,,,1300005292584,,,,,Unfound
,,,,,,,8905918110,,,,459857,Unfound
,,,,,,,9113273407,,,,4000,Unfound
,,,,,,,77231603,,,,86127,Unfound
,,,,,,,1300005411268,,,,,Unfound
,,,,,,,9205032205,,,,50182,Unfound
,,,,,,,1410502103004,,,,,Unfound
,,,,,,,2346560146017,,,,,Unfound
,,,,,,,8905928708,,,,59076,Unfound
,,,,,,,4194784805,,,,38266,Unfound
,,,,,,,8821572410,,,,348347,Unfound
,,,,,,,9113366201,,,,65081,Unfound
,,,,,,,9154062906,,,,34171,Unfound
,,,,,,,1410595930007,,,,,Unfound
,,,,,,,1200034504157,,,,,Unfound
,,,,,,,1300005533286,,,,,Unfound
,,,,,,,2350290019514,,,,,Unfound
,,,,,,,8821629907,,,,823012,Unfound
,,,,,,,9113461105,,,,5127,Unfound
,,,,,,,9205188001,,,,89400,Unfound
,,,,,,,8905931809,,,,17342,Unfound
,,,,,,,9150564304,,,,1,Unfound
,,,,,,,2200030062430,,,,,Unfound
,,,,,,,1200034593342,,,,,Unfound
,,,,,,,1410695930002,,,,,Unfound
,,,,,,,1300005754711,,,,,Unfound
,,,,,,,8821647505,,,,59574,Unfound
,,,,,,,4194998308,,,,7951,Unfound
,,,,,,,8905959506,,,,111414,Unfound
,,,,,,,9113461408,,,,17939,Unfound
,,,,,,,9214036506,,,,285322,Unfound
,,,,,,,2351173604111,,,,,Unfound
,,,,,,,1411395930008,,,,,Unfound
,,,,,,,1300005848946,,,,,Unfound
,,,,,,,1411495930003,,,,,Unfound
,,,,,,,9113489307,,,,,Unfound
,,,,,,,9182757501,,,,10600,Unfound
,,,,,,,8905960401,,,,32834,Unfound
,,,,,,,8815689401,,,,80449,Unfound
,,,,,,,2352432383015,,,,,Unfound
,,,,,,,2200030086741,,,,,Unfound
,,,,,,,4195446700,,,,1,Unfound
,,,,,,,8821696709,,,,90001,Unfound
,,,,,,,9113535108,,,,48805,Unfound
,,,,,,,9205399609,,,,1839,Unfound
,,,,,,,1411595930009,,,,,Unfound
,,,,,,,1200034991590,,,,,Unfound
,,,,,,,2352871693918,,,,,Unfound
,,,,,,,1300006169437,,,,,Unfound
,,,,,,,8906016501,,,,2743,Unfound
,,,,,,,8821768506,,,,19451,Unfound
,,,,,,,9113630506,,,,1,Unfound
,,,,,,,9154158010,,,,,Unfound
,,,,,,,1412395930000,,,,,Unfound
,,,,,,,1200035187488,,,,,Unfound
,,,,,,,2353672452015,,,,,Unfound
,,,,,,,1300006411107,,,,,Unfound
,,,,,,,8821773802,,,,94215,Unfound
,,,,,,,4195623202,,,,13980,Unfound
,,,,,,,8906042300,,,,81153,Unfound
,,,,,,,9113787708,,,,61263,Unfound
,,,,,,,9150596508,,,,19391,Unfound
,,,,,,,9205747101,,,,77385,Unfound
,,,,,,,1200035436793,,,,,Unfound
,,,,,,,1300006656449,,,,,Unfound
,,,,,,,4195831400,,,,23703,Unfound
,,,,,,,9113791609,,,,477880,Unfound
,,,,,,,8906086500,,,,19509,Unfound
,,,,,,,2354332936011,,,,,Unfound
,,,,,,,2200030096164,,,,,Unfound
,,,,,,,9214384608,,,,62262,Unfound
,,,,,,,4195889308,,,,60119,Unfound
,,,,,,,1300006656810,,,,,Unfound
,,,,,,,8815691208,,,,87306,Unfound
,,,,,,,9182922703,,,,72786,Unfound
,,,,,,,9113876707,,,,132334,Unfound
,,,,,,,8906128501,,,,58977,Unfound
,,,,,,,8821802300,,,,251826,Unfound
,,,,,,,9205872508,,,,,Unfound
,,,,,,,1200035580691,,,,,Unfound
,,,,,,,2200030099643,,,,,Unfound
,,,,,,,4195960108,,,,8330,Unfound
,,,,,,,8821803706,,,,90392,Unfound
,,,,,,,8906192308,,,,,Unfound
,,,,,,,1300006919394,,,,,Unfound
,,,,,,,1412695930006,,,,,Unfound
,,,,,,,9114198301,,,,363471,Unfound
,,,,,,,1200035751337,,,,,Unfound
,,,,,,,2200030103919,,,,,Unfound
,,,,,,,9114487903,,,,31122,Unfound
,,,,,,,8906207508,,,,73456,Unfound
,,,,,,,1413495930007,,,,,Unfound
,,,,,,,9154164802,,,,47201,Unfound
,,,,,,,1200035751912,,,,,Unfound
,,,,,,,2200030109901,,,,,Unfound
,,,,,,,1300007313057,,,,,Unfound
,,,,,,,8821860101,,,,92392,Unfound
,,,,,,,4196035010,,,,44980,Unfound
,,,,,,,9114823601,,,,1292,Unfound
,,,,,,,8906372905,,,,37140,Unfound
,,,,,,,8821809808,,,,48187,Unfound
,,,,,,,2355572545314,,,,,Unfound
,,,,,,,8857507,,,,118726,Unfound
,,,,,,,1200036198816,,,,,Unfound
,,,,,,,1413566530006,,,,,Unfound
,,,,,,,8821860202,,,,117126,Unfound
,,,,,,,8906463706,,,,63125,Unfound
,,,,,,,9214421700,,,,182833,Unfound
,,,,,,,2355721043912,,,,,Unfound
,,,,,,,1300007511586,,,,,Unfound
,,,,,,,2200030117805,,,,,Unfound
,,,,,,,4196161509,,,,15949,Unfound
,,,,,,,8906497005,,,,105797,Unfound
,,,,,,,8821866304,,,,130622,Unfound
,,,,,,,9183077708,,,,86810,Unfound
,,,,,,,9114944602,,,,23884,Unfound
,,,,,,,1200036575994,,,,,Unfound
,,,,,,,1413695930008,,,,,Unfound
,,,,,,,1300007562154,,,,,Unfound
,,,,,,,2200031100565,,,,,Unfound
,,,,,,,8906502802,,,,17399,Unfound
,,,,,,,9206769700,,,,57919,Unfound
,,,,,,,4196273307,,,,2217,Unfound
,,,,,,,1413991003000,,,,,Unfound
,,,,,,,9115019201,,,,82087,Unfound
,,,,,,,1200036577486,,,,,Unfound
,,,,,,,2200031486083,,,,,Unfound
,,,,,,,4196392809,,,,4196392809,Unfound
,,,,,,,9115031606,,,,8162,Unfound
,,,,,,,8906509210,,,,15301,Unfound
,,,,,,,9154251000,,,,9154251000,Unfound
,,,,,,,8821931603,,,,8821931603,Unfound
,,,,,,,77795100,,,,336329,Unfound
,,,,,,,2200031929937,,,,,Unfound
,,,,,,,1200036799171,,,,,Unfound
,,,,,,,2356306350013,,,,,Unfound
,,,,,,,1300007616891,,,,,Unfound
,,,,,,,8906556601,,,,265624,Unfound
,,,,,,,4196650008,,,,23468,Unfound
,,,,,,,8821967703,,,,22694,Unfound
,,,,,,,1414495930009,,,,,Unfound
,,,,,,,9115445600,,,,14132,Unfound
,,,,,,,9063800,,,,175783,Unfound
,,,,,,,9206891001,,,,14119,Unfound
,,,,,,,9150638801,,,,314430,Unfound
,,,,,,,1300007800209,,,,,Unfound
,,,,,,,4196682201,,,,54304,Unfound
,,,,,,,8821981607,,,,25996,Unfound
,,,,,,,1200037046645,,,,,Unfound
,,,,,,,8906654006,,,,2816,Unfound
,,,,,,,9206962200,,,,29425,Unfound
,,,,,,,9214832104,,,,20274,Unfound
,,,,,,,2200031988445,,,,,Unfound
,,,,,,,9115478402,,,,9397,Unfound
,,,,,,,8815723610,,,,50463,Unfound
,,,,,,,1014571547195,,,,,Unfound
,,,,,,,9125827800,,,,16519,Unfound
,,,,,,,1300007839321,,,,,Unfound
,,,,,,,9183270702,,,,4085,Unfound
,,,,,,,8815127504,,,,8815127504,Unfound
,,,,,,,1012988150149,,,,,Unfound
,,,,,,,1012477265633,,,,,Unfound
,,,,,,,1012477285417,,,,,Unfound
,,,,,,,1013011824733,,,,,Unfound
,,,,,,,8899426707,,,,18601,Unfound
,,,,,,,9198208807,,,,9198208807,Unfound
,,,,,,,9133478909,,,,20059,Unfound
,,,,,,,1300008088081,,,,,Unfound
,,,,,,,8899434706,,,,39053,Unfound
,,,,,,,8815169610,,,,72616,Unfound
,,,,,,,9116907606,,,,1768,Unfound
,,,,,,,9198262600,,,,38781,Unfound
,,,,,,,9133484208,,,,257730,Unfound
,,,,,,,1013047558225,,,,,Unfound
,,,,,,,1100001903354,,,,,Unfound
,,,,,,,1012477399959,,,,,Unfound
,,,,,,,8815176708,,,,1,Unfound
,,,,,,,78080310,,,,212231,Unfound
,,,,,,,8899608309,,,,101752,Unfound
,,,,,,,1012479171410,,,,,Unfound
,,,,,,,1100003314777,,,,,Unfound
,,,,,,,1300008254067,,,,,Unfound
,,,,,,,8815178600,,,,85744,Unfound
,,,,,,,9117326602,,,,1556,Unfound
,,,,,,,8899639006,,,,67641,Unfound
,,,,,,,1013074499961,,,,,Unfound
,,,,,,,9133600206,,,,9133600206,Unfound
,,,,,,,9214999107,,,,1283,Unfound
,,,,,,,9198362503,,,,457896,Unfound
,,,,,,,1300008375728,,,,,Unfound
,,,,,,,1100006861043,,,,,Unfound
,,,,,,,9117333902,,,,5647,Unfound
,,,,,,,8815184101,,,,210411,Unfound
,,,,,,,9133628004,,,,5943,Unfound
,,,,,,,9198439209,,,,7932,Unfound
,,,,,,,1013080641197,,,,,Unfound
,,,,,,,9183404203,,,,16268,Unfound
,,,,,,,1012486102926,,,,,Unfound
,,,,,,,1300008381926,,,,,Unfound
,,,,,,,8815194710,,,,,Unfound
,,,,,,,8899722700,,,,34484,Unfound
,,,,,,,9117849410,,,,32997,Unfound
,,,,,,,1012486847202,,,,,Unfound
,,,,,,,9198663304,,,,28891,Unfound
,,,,,,,9133738909,,,,28576,Unfound
,,,,,,,1100018011333,,,,,Unfound
,,,,,,,1300008384430,,,,,Unfound
,,,,,,,1023517425712,,,,,Unfound
,,,,,,,9117901307,,,,9117901307,Unfound
,,,,,,,8815199204,,,,548005,Unfound
,,,,,,,9198949502,,,,9198949502,Unfound
,,,,,,,9133739103,,,,9133739103,Unfound
,,,,,,,1030055006111,,,,,Unfound
,,,,,,,9154514006,,,,24447,Unfound
,,,,,,,8899723309,,,,1,Unfound
,,,,,,,78394603,,,,194025,Unfound
,,,,,,,1300008582230,,,,,Unfound
,,,,,,,8899729007,,,,57434,Unfound
,,,,,,,9117940205,,,,38299,Unfound
,,,,,,,1012491550013,,,,,Unfound
,,,,,,,1030055006343,,,,,Unfound
,,,,,,,1300008603625,,,,,Unfound
,,,,,,,1012493117467,,,,,Unfound
,,,,,,,9150707603,,,,1,Unfound
,,,,,,,1200029056781,,,,,Unfound
,,,,,,,9199391807,,,,9199391807,Unfound
,,,,,,,9134050707,,,,15198,Unfound
,,,,,,,9117972802,,,,273932,Unfound
,,,,,,,1050000230011,,,,,Unfound
,,,,,,,1012497397079,,,,,Unfound
,,,,,,,1300008666731,,,,,Unfound
,,,,,,,8815205004,,,,23248,Unfound
,,,,,,,9117989808,,,,205873,Unfound
,,,,,,,8899987501,,,,127,Unfound
,,,,,,,9134067006,,,,16717,Unfound
,,,,,,,9183469310,,,,10776,Unfound
,,,,,,,1050000234433,,,,,Unfound
,,,,,,,8815749202,,,,8815749202,Unfound
,,,,,,,1012498391592,,,,,Unfound
,,,,,,,1200033717102,,,,,Unfound
,,,,,,,1300008900943,,,,,Unfound
,,,,,,,9118013204,,,,314,Unfound
,,,,,,,8815218002,,,,1,Unfound
,,,,,,,8900002100,,,,15539,Unfound
,,,,,,,9199413802,,,,50766,Unfound
,,,,,,,1300008973914,,,,,Unfound
,,,,,,,8815236105,,,,11665,Unfound
,,,,,,,8900068602,,,,8285,Unfound
,,,,,,,9134377807,,,,9134377807,Unfound
,,,,,,,9154578100,,,,13176,Unfound
,,,,,,,10968706,,,,105867,Unfound
,,,,,,,1300009200105,,,,,Unfound
,,,,,,,8900075801,,,,62790,Unfound
,,,,,,,9134454810,,,,476524,Unfound
,,,,,,,9308533508,,,,,Unfound
,,,,,,,9199435610,,,,72493,Unfound
,,,,,,,1012513923032,,,,,Unfound
,,,,,,,1542705106,,,,66352,Unfound
,,,,,,,9150786502,,,,52546,Unfound
,,,,,,,1100002106639,,,,,Unfound
,,,,,,,9134457401,,,,128965,Unfound
,,,,,,,1300009266514,,,,,Unfound
,,,,,,,8815241704,,,,8815241704,Unfound
,,,,,,,1411977951008,,,,,Unfound
,,,,,,,9215591102,,,,43913,Unfound
,,,,,,,9199542207,,,,1796,Unfound
,,,,,,,9118212704,,,,143287,Unfound
,,,,,,,1012516225330,,,,,Unfound
,,,,,,,1300009284842,,,,,Unfound
,,,,,,,8815246602,,,,14,Unfound
,,,,,,,8900121602,,,,50308,Unfound
,,,,,,,9134610607,,,,42743,Unfound
,,,,,,,9199605104,,,,1,Unfound
,,,,,,,9183741704,,,,144325,Unfound
,,,,,,,8815753103,,,,53081,Unfound
,,,,,,,1412040871002,,,,,Unfound
,,,,,,,1100006329321,,,,,Unfound
,,,,,,,8815249305,,,,,Unfound
,,,,,,,9118334606,,,,87165,Unfound
,,,,,,,1100006774301,,,,,Unfound
,,,,,,,9200034408,,,,23546,Unfound
,,,,,,,9135019808,,,,6127,Unfound
,,,,,,,1415398460000,,,,,Unfound
,,,,,,,8815273201,,,,23063,Unfound
,,,,,,,1012527532130,,,,,Unfound
,,,,,,,8900139206,,,,2636,Unfound
,,,,,,,9118366103,,,,46201,Unfound
,,,,,,,1415834403002,,,,,Unfound
,,,,,,,1300009522701,,,,,Unfound
,,,,,,,9200100305,,,,15964,Unfound
,,,,,,,1100007387389,,,,,Unfound
,,,,,,,9154655204,,,,13943,Unfound
,,,,,,,1300009658012,,,,,Unfound
,,,,,,,8815273302,,,,73996,Unfound
,,,,,,,1012531226858,,,,,Unfound
,,,,,,,8900217402,,,,16034,Unfound
,,,,,,,9200451503,,,,1,Unfound
,,,,,,,9308578003,,,,139862,Unfound
,,,,,,,9135193106,,,,6522,Unfound
,,,,,,,9167398108,,,,31017,Unfound
,,,,,,,1591011564505,,,,,Unfound
,,,,,,,1300009741317,,,,,Unfound
,,,,,,,1012534394411,,,,,Unfound
,,,,,,,1100008870848,,,,,Unfound
,,,,,,,9118439205,,,,22227,Unfound
,,,,,,,1591043999998,,,,,Unfound
,,,,,,,9201022507,,,,28109,Unfound
,,,,,,,1100009889404,,,,,Unfound
,,,,,,,9118391102,,,,23572,Unfound
,,,,,,,9135275310,,,,26816,Unfound
,,,,,,,9215600200,,,,393884,Unfound
,,,,,,,1300009779180,,,,,Unfound
,,,,,,,8815290100,,,,44450,Unfound
,,,,,,,1012535739221,,,,,Unfound
,,,,,,,9135543309,,,,8251,Unfound
,,,,,,,9183755906,,,,17519,Unfound
,,,,,,,1012541350998,,,,,Unfound
,,,,,,,9201345408,,,,26039,Unfound
,,,,,,,8815757201,,,,26210,Unfound
,,,,,,,1300009833925,,,,,Unfound
,,,,,,,1591056333224,,,,,Unfound
,,,,,,,8900281310,,,,13833,Unfound
,,,,,,,9135876909,,,,9135876909,Unfound
,,,,,,,1100012138187,,,,,Unfound
,,,,,,,1012547292357,,,,,Unfound
,,,,,,,1610010688201,,,,,Unfound
,,,,,,,1300009880970,,,,,Unfound
,,,,,,,8815304410,,,,1,Unfound
,,,,,,,8900453100,,,,50846,Unfound
,,,,,,,9136098308,,,,32470,Unfound
,,,,,,,79144708,,,,198185,Unfound
,,,,,,,1012547893800,,,,,Unfound
,,,,,,,1300009889227,,,,,Unfound
,,,,,,,8815311306,,,,1,Unfound
,,,,,,,9118764710,,,,17536,Unfound
,,,,,,,8900455901,,,,67687,Unfound
,,,,,,,9308829900,,,,40959,Unfound
,,,,,,,9202471901,,,,2122,Unfound
,,,,,,,9150978208,,,,6576,Unfound
,,,,,,,1610014731190,,,,,Unfound
,,,,,,,8815329303,,,,9355,Unfound
,,,,,,,8900467100,,,,8900467100,Unfound
,,,,,,,9118851503,,,,28638,Unfound
,,,,,,,9136510310,,,,15835,Unfound
,,,,,,,9202477004,,,,200290,Unfound
,,,,,,,9215740306,,,,65696,Unfound
,,,,,,,1100023785893,,,,,Unfound
,,,,,,,1012552788434,,,,,Unfound
,,,,,,,8815337504,,,,8815337504,Unfound
,,,,,,,8900509909,,,,33425,Unfound
,,,,,,,1610031410555,,,,,Unfound
,,,,,,,9118996608,,,,1015,Unfound
,,,,,,,9137134706,,,,9611,Unfound
,,,,,,,9183772008,,,,3345,Unfound
,,,,,,,9202478410,,,,57210,Unfound
,,,,,,,1012557078393,,,,,Unfound
,,,,,,,8815762800,,,,1,Unfound
,,,,,,,1300010245267,,,,,Unfound
,,,,,,,1900026073651,,,,,Unfound
,,,,,,,8815339205,,,,28654,Unfound
,,,,,,,9118996709,,,,19101,Unfound
,,,,,,,9137195300,,,,9137195300,Unfound
,,,,,,,9202489000,,,,39865,Unfound
,,,,,,,1012584452993,,,,,Unfound
,,,,,,,1900027228839,,,,,Unfound
,,,,,,,1300010326688,,,,,Unfound
,,,,,,,8900690406,,,,46394,Unfound
,,,,,,,8815341910,,,,93788,Unfound
,,,,,,,9119010203,,,,2445,Unfound
,,,,,,,79175708,,,,462,Unfound
,,,,,,,9202504800,,,,56339,Unfound
,,,,,,,9137339107,,,,1,Unfound
,,,,,,,9154785610,,,,14924,Unfound
,,,,,,,1127198201,,,,15393,Unfound
,,,,,,,1300010507650,,,,,Unfound
,,,,,,,1900033242891,,,,,Unfound
,,,,,,,8815355405,,,,124090,Unfound
,,,,,,,9119312309,,,,44389,Unfound
,,,,,,,8900832804,,,,8900832804,Unfound
,,,,,,,9137342803,,,,13318,Unfound
,,,,,,,1900040045885,,,,,Unfound
,,,,,,,9308920807,,,,191359,Unfound
,,,,,,,1012586924119,,,,,Unfound
,,,,,,,1300010508496,,,,,Unfound
,,,,,,,9137363104,,,,18814,Unfound
,,,,,,,9119334701,,,,148304,Unfound
,,,,,,,9202522600,,,,1,Unfound
,,,,,,,1900040137320,,,,,Unfound
,,,,,,,1160001086209,,,,,Unfound
,,,,,,,8815370109,,,,60349,Unfound
,,,,,,,9119354606,,,,16794,Unfound
,,,,,,,8900905401,,,,162145,Unfound
,,,,,,,1012593989946,,,,,Unfound
,,,,,,,9202529109,,,,298440,Unfound
,,,,,,,9183789407,,,,2767,Unfound
,,,,,,,8815779009,,,,42964,Unfound
,,,,,,,1012600617160,,,,,Unfound
,,,,,,,8900908508,,,,28255,Unfound
,,,,,,,9119414508,,,,98680,Unfound
,,,,,,,1170000944061,,,,,Unfound
,,,,,,,8815370300,,,,117822,Unfound
,,,,,,,9138162402,,,,5252,Unfound
,,,,,,,2000014411714,,,,,Unfound
,,,,,,,8901021300,,,,34169,Unfound
,,,,,,,1300010800584,,,,,Unfound
,,,,,,,9119418000,,,,20360,Unfound
,,,,,,,9138379910,,,,32159,Unfound
,,,,,,,79284702,,,,1723,Unfound
,,,,,,,9154826710,,,,73296,Unfound
,,,,,,,1012638416288,,,,,Unfound
,,,,,,,8815405102,,,,62085,Unfound
,,,,,,,9202588608,,,,39878,Unfound
,,,,,,,8901082803,,,,13697,Unfound
,,,,,,,9139220507,,,,1,Unfound
,,,,,,,9119459901,,,,34689,Unfound
,,,,,,,9151075507,,,,9151075507,Unfound
,,,,,,,2200012661760,,,,,Unfound
,,,,,,,1012645581701,,,,,Unfound
,,,,,,,1300011182263,,,,,Unfound
,,,,,,,1200022480950,,,,,Unfound
,,,,,,,8815405203,,,,65172,Unfound
,,,,,,,8901097502,,,,1,Unfound
,,,,,,,9119540401,,,,2009,Unfound
,,,,,,,2200015586549,,,,,Unfound
,,,,,,,9202673004,,,,53626,Unfound
,,,,,,,1200023239073,,,,,Unfound
,,,,,,,9215948701,,,,13419,Unfound
,,,,,,,9139325701,,,,1,Unfound
,,,,,,,1012645875878,,,,,Unfound
,,,,,,,1300011463279,,,,,Unfound
,,,,,,,8901142402,,,,8901142402,Unfound
,,,,,,,9119642510,,,,11153,Unfound
,,,,,,,1200024794537,,,,,Unfound
,,,,,,,9202742401,,,,9202742401,Unfound
,,,,,,,9139354910,,,,9139354910,Unfound
,,,,,,,1012656973607,,,,,Unfound
,,,,,,,2200021044781,,,,,Unfound
,,,,,,,1300011599801,,,,,Unfound
,,,,,,,8815780510,,,,66089,Unfound
,,,,,,,8815410308,,,,1,Unfound
,,,,,,,9139375009,,,,1,Unfound
,,,,,,,1012657537561,,,,,Unfound
,,,,,,,9202781602,,,,135756,Unfound
,,,,,,,9119794208,,,,85,Unfound
,,,,,,,79314202,,,,68139,Unfound
,,,,,,,9139684101,,,,257983,Unfound
,,,,,,,9202782110,,,,9263,Unfound
,,,,,,,1300011701271,,,,,Unfound
,,,,,,,9154901507,,,,42604,Unfound
,,,,,,,1012657540095,,,,,Unfound
,,,,,,,1200026156136,,,,,Unfound
,,,,,,,1300011710319,,,,,Unfound
,,,,,,,8901260902,,,,71826,Unfound
,,,,,,,9119827500,,,,17208,Unfound
,,,,,,,9140790206,,,,9654,Unfound
,,,,,,,9309956104,,,,1,Unfound
,,,,,,,1300011710328,,,,,Unfound
,,,,,,,1200026942621,,,,,Unfound
,,,,,,,9151163807,,,,40626,Unfound
,,,,,,,1012659082244,,,,,Unfound
,,,,,,,2200030059205,,,,,Unfound
,,,,,,,8815449201,,,,141715,Unfound
,,,,,,,8815425905,,,,39686,Unfound
,,,,,,,8901456706,,,,30809,Unfound
,,,,,,,9202790210,,,,19460,Unfound
,,,,,,,9216000203,,,,46361,Unfound
,,,,,,,9119832504,,,,1,Unfound
,,,,,,,9141073104,,,,4909,Unfound
,,,,,,,1200026942630,,,,,Unfound
,,,,,,,2313392258815,,,,,Unfound
,,,,,,,1012660404515,,,,,Unfound
,,,,,,,1300011750367,,,,,Unfound
,,,,,,,9119914910,,,,300872,Unfound
,,,,,,,9141087003,,,,201067,Unfound
,,,,,,,9183812207,,,,35718,Unfound
,,,,,,,1300008881370,,,,,Unfound
,,,,,,,8815782009,,,,13939,Unfound
,,,,,,,2000022508021,,,,,Unfound
,,,,,,,1800025766412,,,,,Unfound
,,,,,,,1610005878295,,,,,Unfound
,,,,,,,1200026942640,,,,,Unfound
,,,,,,,9115495604,,,,11739,Unfound
,,,,,,,9187575610,,,,42213,Unfound
,,,,,,,8814587500,,,,8814587500,Unfound
,,,,,,,1200028210798,,,,,Unfound
,,,,,,,9154940203,,,,9154940203,Unfound
,,,,,,,1300009815865,,,,,Unfound
,,,,,,,1800026777257,,,,,Unfound
,,,,,,,1610005878300,,,,,Unfound
,,,,,,,2000050705812,,,,,Unfound
,,,,,,,9309989108,,,,11118,Unfound
,,,,,,,8814591603,,,,165585,Unfound
,,,,,,,9187633800,,,,69473,Unfound
,,,,,,,9115631709,,,,16626,Unfound
,,,,,,,1200028210803,,,,,Unfound
,,,,,,,9151222808,,,,53519,Unfound
,,,,,,,1800023411547,,,,,Unfound
,,,,,,,1800030147497,,,,,Unfound
,,,,,,,2371506601915,,,,,Unfound
,,,,,,,9187654000,,,,25276,Unfound
,,,,,,,1800030564266,,,,,Unfound
,,,,,,,9115695410,,,,3615,Unfound
,,,,,,,2372463570812,,,,,Unfound
,,,,,,,9216012300,,,,11968,Unfound
,,,,,,,1300011140403,,,,,Unfound
,,,,,,,1900033237483,,,,,Unfound
,,,,,,,1300013875040,,,,,Unfound
,,,,,,,1200028578252,,,,,Unfound
,,,,,,,8814617606,,,,76667,Unfound
,,,,,,,9183833406,,,,9183833406,Unfound
,,,,,,,1800032203823,,,,,Unfound
,,,,,,,9115730105,,,,1024,Unfound
,,,,,,,9187702400,,,,19974,Unfound
,,,,,,,1200029276104,,,,,Unfound
,,,,,,,1410703213000,,,,,Unfound
,,,,,,,1300034458693,,,,,Unfound
,,,,,,,2372810511119,,,,,Unfound
,,,,,,,1610005878338,,,,,Unfound
,,,,,,,9115741503,,,,10,Unfound
,,,,,,,9187981206,,,,1,Unfound
,,,,,,,8814627306,,,,53278,Unfound
,,,,,,,1200029279513,,,,,Unfound
,,,,,,,1800033950883,,,,,Unfound
,,,,,,,1012396954003,,,,,Unfound
,,,,,,,1300035375513,,,,,Unfound
,,,,,,,2373723660712,,,,,Unfound
,,,,,,,1610005878356,,,,,Unfound
,,,,,,,79449203,,,,220888,Unfound
,,,,,,,9115831302,,,,13264,Unfound
,,,,,,,9188025501,,,,1,Unfound
,,,,,,,9155063004,,,,32071,Unfound
,,,,,,,1800035124546,,,,,Unfound
,,,,,,,1200029488130,,,,,Unfound
,,,,,,,1012733453893,,,,,Unfound
,,,,,,,2374850906516,,,,,Unfound
,,,,,,,1610005878365,,,,,Unfound
,,,,,,,1300035417527,,,,,Unfound
,,,,,,,9188025804,,,,1931,Unfound
,,,,,,,9115846607,,,,24151,Unfound
,,,,,,,9310345102,,,,7044,Unfound
,,,,,,,1200029833641,,,,,Unfound
,,,,,,,1800035173613,,,,,Unfound
,,,,,,,9151236404,,,,14969,Unfound
,,,,,,,1800023526708,,,,,Unfound
,,,,,,,1300050396842,,,,,Unfound
,,,,,,,8814649305,,,,1,Unfound
,,,,,,,1610005878374,,,,,Unfound
,,,,,,,9188122802,,,,40600,Unfound
,,,,,,,2375058703119,,,,,Unfound
,,,,,,,9216222401,,,,67634,Unfound
,,,,,,,9126594808,,,,27667,Unfound
,,,,,,,1591143653606,,,,,Unfound
,,,,,,,1200030384192,,,,,Unfound
,,,,,,,1300053010556,,,,,Unfound
,,,,,,,1610005878383,,,,,Unfound
,,,,,,,2376210871014,,,,,Unfound
,,,,,,,9116076903,,,,61582,Unfound
,,,,,,,1800035248144,,,,,Unfound
,,,,,,,9183872607,,,,444,Unfound
,,,,,,,8814652810,,,,50573,Unfound
,,,,,,,1610020542138,,,,,Unfound
,,,,,,,2376310941011,,,,,Unfound
,,,,,,,1300060321551,,,,,Unfound
,,,,,,,1610005878417,,,,,Unfound
,,,,,,,8814657809,,,,1,Unfound
,,,,,,,8815784507,,,,110843,Unfound
,,,,,,,66565206,,,,123945,Unfound
,,,,,,,9116151509,,,,15280,Unfound
,,,,,,,1800035321111,,,,,Unfound
,,,,,,,2376314800012,,,,,Unfound
,,,,,,,9188293201,,,,21995,Unfound
,,,,,,,1900033327979,,,,,Unfound
,,,,,,,1410513980008,,,,,Unfound
,,,,,,,8814658407,,,,8814658407,Unfound
,,,,,,,9188443710,,,,6993,Unfound
,,,,,,,9116154807,,,,1,Unfound
,,,,,,,1620000501160,,,,,Unfound
,,,,,,,1800051811914,,,,,Unfound
,,,,,,,1200031831096,,,,,Unfound
,,,,,,,1410697103000,,,,,Unfound
,,,,,,,2376503197311,,,,,Unfound
,,,,,,,8814679404,,,,52115,Unfound
,,,,,,,9116439610,,,,72988,Unfound
,,,,,,,9188500909,,,,8306,Unfound
,,,,,,,1620000501170,,,,,Unfound
,,,,,,,1200032521504,,,,,Unfound
,,,,,,,1610014000513,,,,,Unfound
,,,,,,,1410893331007,,,,,Unfound
,,,,,,,9151245506,,,,98448,Unfound
,,,,,,,1800054831940,,,,,Unfound
,,,,,,,9216244310,,,,16635,Unfound
,,,,,,,1620000501189,,,,,Unfound
,,,,,,,1200038635119,,,,,Unfound
,,,,,,,2376552541115,,,,,Unfound
,,,,,,,1411627841000,,,,,Unfound
,,,,,,,9116448308,,,,95398,Unfound
,,,,,,,8814733103,,,,20045,Unfound
,,,,,,,9188688707,,,,9188688707,Unfound
,,,,,,,1900002356090,,,,,Unfound
,,,,,,,1100019212517,,,,,Unfound
,,,,,,,1411812170006,,,,,Unfound
,,,,,,,1630000516934,,,,,Unfound
,,,,,,,8814744804,,,,44928,Unfound
,,,,,,,1630000544782,,,,,Unfound
,,,,,,,8815813409,,,,44593,Unfound
,,,,,,,9116459302,,,,43904,Unfound
,,,,,,,1200035844771,,,,,Unfound
,,,,,,,9188702910,,,,167352,Unfound
,,,,,,,1900023146990,,,,,Unfound
,,,,,,,2380000149730,,,,,Unfound
,,,,,,,1411951561000,,,,,Unfound
,,,,,,,80399309,,,,1,Unfound
,,,,,,,8814801004,,,,116024,Unfound
,,,,,,,9188722310,,,,9188722310,Unfound
,,,,,,,1640000191700,,,,,Unfound
,,,,,,,9155201809,,,,81127,Unfound
,,,,,,,9116466501,,,,37037,Unfound
,,,,,,,2380000319906,,,,,Unfound
,,,,,,,9116466804,,,,146255,Unfound
,,,,,,,9188738707,,,,238672,Unfound
,,,,,,,8814816702,,,,15382,Unfound
,,,,,,,1640000191710,,,,,Unfound
,,,,,,,2311109258617,,,,,Unfound
,,,,,,,1900014233769,,,,,Unfound
,,,,,,,2380000392232,,,,,Unfound
,,,,,,,8814856804,,,,74965,Unfound
,,,,,,,1640000191729,,,,,Unfound
,,,,,,,9216783902,,,,1,Unfound
,,,,,,,9151266705,,,,9208,Unfound
,,,,,,,1900016000771,,,,,Unfound
,,,,,,,1410552241002,,,,,Unfound
,,,,,,,2380000489894,,,,,Unfound
,,,,,,,1412588950002,,,,,Unfound
,,,,,,,9188774408,,,,145865,Unfound
,,,,,,,8814867506,,,,138351,Unfound
,,,,,,,9116472507,,,,143799,Unfound
,,,,,,,9183929105,,,,24,Unfound
,,,,,,,1640000191738,,,,,Unfound
,,,,,,,1900017204886,,,,,Unfound
,,,,,,,2380000608763,,,,,Unfound
,,,,,,,1300004637408,,,,,Unfound
,,,,,,,1413150020001,,,,,Unfound
,,,,,,,8815814108,,,,,Unfound
,,,,,,,9188859304,,,,9188859304,Unfound
,,,,,,,2000011033826,,,,,Unfound
,,,,,,,8814876103,,,,58299,Unfound
,,,,,,,9116475704,,,,161108,Unfound
,,,,,,,1900019321277,,,,,Unfound
,,,,,,,1610021538452,,,,,Unfound
,,,,,,,1413961880003,,,,,Unfound
,,,,,,,1200042558645,,,,,Unfound
,,,,,,,2380000630420,,,,,Unfound
,,,,,,,9188898606,,,,9188898606,Unfound
,,,,,,,9116508603,,,,9116508603,Unfound
,,,,,,,80548502,,,,161480,Unfound
,,,,,,,9155247508,,,,119301,Unfound
,,,,,,,1900022037543,,,,,Unfound
,,,,,,,2000027634430,,,,,Unfound
,,,,,,,1414114140000,,,,,Unfound
,,,,,,,8814903506,,,,1,Unfound
,,,,,,,9116611607,,,,2314,Unfound
,,,,,,,9188898808,,,,80761,Unfound
,,,,,,,1200052045233,,,,,Unfound
,,,,,,,2000011033844,,,,,Unfound
,,,,,,,1200042375443,,,,,Unfound
,,,,,,,1414779931008,,,,,Unfound
,,,,,,,9151318900,,,,11516,Unfound
,,,,,,,9116614007,,,,200637,Unfound
,,,,,,,2380001121587,,,,,Unfound
,,,,,,,1900024169455,,,,,Unfound
,,,,,,,2000011033853,,,,,Unfound
,,,,,,,8814915704,,,,71807,Unfound
,,,,,,,1610027119079,,,,,Unfound
,,,,,,,1200052404126,,,,,Unfound
,,,,,,,2380001172712,,,,,Unfound
,,,,,,,1415440190008,,,,,Unfound
,,,,,,,8814917506,,,,59770,Unfound
,,,,,,,9116616909,,,,9116616909,Unfound
,,,,,,,9188916110,,,,9188916110,Unfound
,,,,,,,2000011033862,,,,,Unfound
,,,,,,,1200035795041,,,,,Unfound
,,,,,,,2380001280729,,,,,Unfound
,,,,,,,1415812731002,,,,,Unfound
,,,,,,,8814923007,,,,9787,Unfound
,,,,,,,1900024427287,,,,,Unfound
,,,,,,,9188925807,,,,133703,Unfound
,,,,,,,2000011033871,,,,,Unfound
,,,,,,,67171010,,,,43644,Unfound
,,,,,,,1900027107726,,,,,Unfound
,,,,,,,2380001568650,,,,,Unfound
,,,,,,,1415855801006,,,,,Unfound
,,,,,,,8814926900,,,,48090,Unfound
,,,,,,,80680906,,,,23063,Unfound
,,,,,,,9155252804,,,,1,Unfound
,,,,,,,9188953700,,,,14063,Unfound
,,,,,,,2200041611992,,,,,Unfound
,,,,,,,1415906720002,,,,,Unfound
,,,,,,,1900028209544,,,,,Unfound
,,,,,,,9116644106,,,,40153,Unfound
,,,,,,,2000011033890,,,,,Unfound
,,,,,,,1900029218726,,,,,Unfound
,,,,,,,1285134309,,,,8417,Unfound
,,,,,,,1416027931005,,,,,Unfound
,,,,,,,9188999410,,,,21680,Unfound
,,,,,,,9216900801,,,,1134,Unfound
,,,,,,,9116652610,,,,263882,Unfound
,,,,,,,9151352507,,,,120670,Unfound
,,,,,,,1900036362790,,,,,Unfound
,,,,,,,1100008120513,,,,,Unfound
,,,,,,,1416367951007,,,,,Unfound
,,,,,,,2390000009055,,,,,Unfound
,,,,,,,8814999602,,,,8814999602,Unfound
,,,,,,,9116653601,,,,9116653601,Unfound
,,,,,,,1900037379688,,,,,Unfound
,,,,,,,2000027375749,,,,,Unfound
,,,,,,,9189009205,,,,153429,Unfound
,,,,,,,9184114805,,,,54552,Unfound
,,,,,,,8815032706,,,,1,Unfound
,,,,,,,1417417341001,,,,,Unfound
,,,,,,,9116659602,,,,160351,Unfound
,,,,,,,2000027375758,,,,,Unfound
,,,,,,,1900039086650,,,,,Unfound
,,,,,,,1300001427983,,,,,Unfound
,,,,,,,9116670702,,,,42525,Unfound
,,,,,,,1417699231008,,,,,Unfound
,,,,,,,2700000958663,,,,,Unfound
,,,,,,,9189049700,,,,67621,Unfound
,,,,,,,80755305,,,,44013,Unfound
,,,,,,,1900040257331,,,,,Unfound
,,,,,,,1300003776616,,,,,Unfound
,,,,,,,1012868109239,,,,,Unfound
,,,,,,,1418001702005,,,,,Unfound
,,,,,,,8815034901,,,,7841,Unfound
,,,,,,,1012348211482,,,,,Unfound
,,,,,,,9313913701,,,,1128,Unfound
,,,,,,,9189519700,,,,3585,Unfound
,,,,,,,1900042314850,,,,,Unfound
,,,,,,,1300003978722,,,,,Unfound
,,,,,,,1100023688197,,,,,Unfound
,,,,,,,1012369095713,,,,,Unfound
,,,,,,,1418357070009,,,,,Unfound
,,,,,,,9189607607,,,,1558,Unfound
,,,,,,,9151443207,,,,18041,Unfound
,,,,,,,8815046010,,,,8815046010,Unfound
,,,,,,,1012348862388,,,,,Unfound
,,,,,,,1900046013425,,,,,Unfound
,,,,,,,9217029603,,,,21956,Unfound
,,,,,,,1300003978731,,,,,Unfound
,,,,,,,1012380994077,,,,,Unfound
,,,,,,,1418544140001,,,,,Unfound
,,,,,,,1419618780001,,,,,Unfound
,,,,,,,9189630209,,,,110776,Unfound
,,,,,,,9128148907,,,,6174,Unfound
,,,,,,,1012352067660,,,,,Unfound
,,,,,,,1900046097666,,,,,Unfound
,,,,,,,9184235009,,,,11,Unfound
,,,,,,,1300004134558,,,,,Unfound
