Site Building Name,Site Street No,Site Street 1,Site Street 2,Site Town,Site Postcode,MPAN Topline,Meter Number,Usage,Proposed Start Date,Energization Status,Annualised AQ,Status
,,,,,,,67791310,67791310,,,81406,Unfound
,,,,,,,8882268808,8882268808,,,75851,Unfound
,,,,,,,9154878404,9154878404,,,90345,Unfound
,,,,,,,4008213506,4008213506,,,1,Unfound
,,,,,,,4166133901,4166133901,,,8657,Unfound
,,,,,,,51479507,51479507,,,51479507,Unfound
,,,,,,,9150361503,9150361503,,,2045,Unfound
,,,,,,,1863408902,1863408902,,,1863408902,Unfound
,,,,,,,1568316800,1568316800,,,20261,Unfound
,,,,,,,9089704407,,,,,Unfound
,,,,,,,3408622308,3408622308,,,10877,Unfound
,,,,,,,81184001,81184001,,,1,Unfound
,,,,,,,4232211302,4232211302,,,56192,Unfound
,,,,,,,2189177708,2189177708,,,11922,Unfound
,,,,,,,9081656707,9081656707,,,4712,Unfound
,,,,,,,3002112001,3002112001,,,26159,Unfound
,,,,,,,77784409,77784409,,,236836,Unfound
,,,,,,,9188738707,9188738707,,,238672,Unfound
,,,,,,,9157265105,9157265105,,,286486,Unfound
,,,,,,,16383708,16383708,,,224024,Unfound
,,,,,,,8833480410,8833480410,,,27575,Unfound
,,,,,,,1119329710,1119329710,,,34350,Unfound
,,,,,,,14242006,14242006,,,59167,Unfound
,,,,,,,15434907,15434907,,,107744,Unfound
,,,,,,,57605000,57605000,,,38065,Unfound
,,,,,,,2406897509,2406897509,,,3719,Unfound
,,,,,,,17737307,17737307,,,40426,Unfound
,,,,,,,63378809,63378809,,,42009,Unfound
,,,,,,,3966618503,3966618503,,,111898,Unfound
,,,,,,,19622210,19622210,,,1,Unfound
,,,,,,,53482102,53482102,,,26854,Unfound
,,,,,,,2069927706,2069927706,,,62376,Unfound
,,,,,,,612028205,612028205,,,13619,Unfound
,,,,,,,3934584405,3934584405,,,1598,Unfound
,,,,,,,4033313200,4033313200,,,16232,Unfound
,,,,,,,661936805,661936805,,,13810,Unfound
,,,,,,,2960284203,2960284203,,,28681,Unfound
,,,,,,,1615224105,1615224105,,,25805,Unfound
,,,,,,,11721800,11721800,,,11721800,Unfound
,,,,,,,62965909,62965909,,,62965909,Unfound
,,,,,,,9088507400,9088507400,,,9088507400,Unfound
,,,,,,,90555909,90555909,,,36393,Unfound
,,,,,,,80445301,80445301,,,173698,Unfound
,,,,,,,570365703,570365703,,,4615,Unfound
,,,,,,,9203609606,9203609606,,,62177,Unfound
,,,,,,,68934300,68934300,,,125627,Unfound
,,,,,,,2723238408,2723238408,,,54873,Unfound
,,,,,,,11013009,11013009,,,1,Unfound
,,,,,,,1607811001,1607811001,,,19132,Unfound
,,,,,,,8819690810,8819690810,,,645296,Unfound
,,,,,,,2996723802,2996723802,,,1,Unfound
,,,,,,,3357026400,3357026400,,,564,Unfound
,,,,,,,22139705,22139705,,,101690,Unfound
,,,,,,,71624502,71624502,,,15748,Unfound
,,,,,,,9185874509,9185874509,,,24749,Unfound
,,,,,,,66484509,66484509,,,98566,Unfound
,,,,,,,50464904,50464904,,,1,Unfound
,,,,,,,9297317107,9297317107,,,9297317107,Unfound
,,,,,,,8817526809,8817526809,,,256183,Unfound
,,,,,,,9109225106,9109225106,,,21095,Unfound
,,,,,,,19432800,19432800,,,19432800,Unfound
,,,,,,,2331771628714,,,,,Unfound
,,,,,,,1200030104877,,,,,Unfound
,,,,,,,8819920004,,,,,Unfound
,,,,,,,8899608309,8899608309,,,101752,Unfound
,,,,,,,1525355501,1525355501,,,25124,Unfound
,,,,,,,2209473502,2209473502,,,91736,Unfound
,,,,,,,9088503201,9088503201,,,50504,Unfound
,,,,,,,3920002307,3920002307,,,26663,Unfound
,,,,,,,76802907,76802907,,,134055,Unfound
,,,,,,,2992914800,2992914800,,,11650,Unfound
,,,,,,,1547706302,1547706302,,,1895,Unfound
,,,,,,,68995904,68995904,,,130934,Unfound
,,,,,,,930598102,930598102,,,1,Unfound
,,,,,,,1267676905,1267676905,,,16559,Unfound
,,,,,,,4208715803,4208715803,,,53887,Unfound
,,,,,,,65032502,65032502,,,217193,Unfound
,,,,,,,1669939209,1669939209,,,56325,Unfound
,,,,,,,8819832703,8819832703,,,11589,Unfound
,,,,,,,8921842005,8921842005,,,397137,Unfound
,,,,,,,67692701,67692701,,,824,Unfound
,,,,,,,333106,333106,,,49164,Unfound
,,,,,,,3227397602,3227397602,,,3227397602,Unfound
,,,,,,,63493910,63493910,,,29,Unfound
,,,,,,,45210802,45210802,,,195963,Unfound
,,,,,,,8927588710,8927588710,,,32612,Unfound
,,,,,,,77963409,77963409,,,77325,Unfound
,,,,,,,2532754200,2532754200,,,52697,Unfound
,,,,,,,8934463501,8934463501,,,43452,Unfound
,,,,,,,47416608,47416608,,,47416608,Unfound
,,,,,,,9179334805,9179334805,,,1,Unfound
,,,,,,,8822101106,,,,,Unfound
,,,,,,,18087108,18087108,,,22363,Unfound
,,,,,,,2426617702,2426617702,,,6537,Unfound
,,,,,,,3296307903,3296307903,,,22829,Unfound
,,,,,,,4239772704,4239772704,,,29361,Unfound
,,,,,,,18134405,18134405,,,310101,Unfound
,,,,,,,3952213809,3952213809,,,36249,Unfound
,,,,,,,8844466809,8844466809,,,1,Unfound
,,,,,,,9218011106,9218011106,,,31469,Unfound
,,,,,,,8872857810,8872857810,,,250930,Unfound
,,,,,,,2487360104,2487360104,,,1,Unfound
,,,,,,,21364303,21364303,,,16202,Unfound
,,,,,,,8911535304,8911535304,,,1,Unfound
,,,,,,,7538566607,7538566607,,,19586,Unfound
,,,,,,,9181689101,9181689101,,,34945,Unfound
,,,,,,,20000-2095,20000-2095,,,,Unfound
,,,,,,,2458336408,2458336408,,,24901,Unfound
,,,,,,,15910-0399,15910-0399,,,,Unfound
,,,,,,,9159395802,9159395802,,,286810,Unfound
,,,,,,,8818108908,8818108908,,,8818108908,Unfound
,,,,,,,1900019190204,,,,,Unfound
,,,,,,,1012411873874,,,,,Unfound
,,,,,,,8368604,8368604,,,15008,Unfound
,,,,,,,4172626607,4172626607,,,707,Unfound
,,,,,,,3011206202,3011206202,,,2534,Unfound
,,,,,,,4190007,4190007,,,4190007,Unfound
,,,,,,,3234829707,3234829707,,,180816,Unfound
,,,,,,,69899902,69899902,,,69899902,Unfound
,,,,,,,9157884201,9157884201,,,74163,Unfound
,,,,,,,1348461300,1348461300,,,1348461300,Unfound
,,,,,,,59545108,59545108,,,133135,Unfound
,,,,,,,53660302,53660302,,,41586,Unfound
,,,,,,,4241928001,4241928001,,,4241928001,Unfound
,,,,,,,72238603,72238603,,,72269,Unfound
,,,,,,,3325334809,3325334809,,,3325334809,Unfound
,,,,,,,3390947209,3390947209,,,3390947209,Unfound
,,,,,,,65037501,65037501,,,36555,Unfound
,,,,,,,9216900801,9216900801,,,1134,Unfound
,,,,,,,4032456408,4032456408,,,81218,Unfound
,,,,,,,2453193510,2453193510,,,143747,Unfound
,,,,,,,2200022-47,2200022-47,,,,Unfound
,,,,,,,61783505,61783505,,,113829,Unfound
,,,,,,,1523876306,1523876306,,,15608,Unfound
,,,,,,,9083032903,9083032903,,,33716,Unfound
,,,,,,,52799104,52799104,,,61893,Unfound
,,,,,,,2515224600,2515224600,,,26052,Unfound
,,,,,,,9152126503,9152126503,,,39105,Unfound
,,,,,,,3319092702,3319092702,,,79680,Unfound
,,,,,,,8816892706,8816892706,,,26846,Unfound
,,,,,,,5090273805,5090273805,,,1,Unfound
,,,,,,,3300136307,3300136307,,,25701,Unfound
,,,,,,,235042-025,235042-025,,,,Unfound
,,,,,,,4208075501,4208075501,,,8962,Unfound
,,,,,,,66060108,66060108,,,6518,Unfound
,,,,,,,8842702100,8842702100,,,81345,Unfound
,,,,,,,17844802,17844802,,,10053,Unfound
,,,,,,,9156299106,9156299106,,,35838,Unfound
,,,,,,,50948309,50948309,,,74849,Unfound
,,,,,,,60006700,60006700,,,1,Unfound
,,,,,,,58200506,58200506,,,58200506,Unfound
,,,,,,,4194784805,4194784805,,,4194784805,Unfound
,,,,,,,72269805,72269805,,,57532,Unfound
,,,,,,,50480801,50480801,,,42792,Unfound
,,,,,,,17176607,17176607,,,75261,Unfound
,,,,,,,45134206,45134206,,,1,Unfound
,,,,,,,4256668302,4256668302,,,4256668302,Unfound
,,,,,,,8891551602,8891551602,,,12073,Unfound
,,,,,,,23563-6011,23563-6011,,,,Unfound
,,,,,,,9121434502,9121434502,,,747,Unfound
,,,,,,,4164764309,4164764309,,,4201,Unfound
,,,,,,,64927608,64927608,,,31688,Unfound
,,,,,,,1881384905,1881384905,,,23738,Unfound
,,,,,,,598755107,598755107,,,10,Unfound
,,,,,,,236339098-,236339098-,,,,Unfound
,,,,,,,5050480909,5050480909,,,25810,Unfound
,,,,,,,9219586006,9219586006,,,569,Unfound
,,,,,,,8843240407,8843240407,,,87984,Unfound
,,,,,,,1349421708,1349421708,,,1349421708,Unfound
,,,,,,,8881176809,8881176809,,,120920,Unfound
,,,,,,,516413109,516413109,,,1,Unfound
,,,,,,,9105364201,9105364201,,,11453,Unfound
,,,,,,,663588403,663588403,,,125657,Unfound
,,,,,,,60745301,60745301,,,59948,Unfound
,,,,,,,12000-0087,12000-0087,,,,Unfound
,,,,,,,49693802,49693802,,,18900,Unfound
,,,,,,,18971107,18971107,,,29711,Unfound
,,,,,,,3075950908,3075950908,,,59833,Unfound
,,,,,,,9158858901,9158858901,,,9158858901,Unfound
,,,,,,,5081523801,5081523801,,,106150,Unfound
,,,,,,,77147210,77147210,,,1,Unfound
,,,,,,,3402707510,3402707510,,,20783,Unfound
,,,,,,,60162602,60162602,,,174008,Unfound
,,,,,,,9186249008,9186249008,,,59833,Unfound
,,,,,,,48653504,48653504,,,310051,Unfound
,,,,,,,58014610,58014610,,,70955,Unfound
,,,,,,,8872401901,8872401901,,,336199,Unfound
,,,,,,,1517317508,1517317508,,,82750,Unfound
,,,,,,,1483017702,1483017702,,,8630,Unfound
,,,,,,,8849812401,8849812401,,,71512,Unfound
,,,,,,,9318877109,9318877109,,,34801,Unfound
,,,,,,,21712603,21712603,,,13130,Unfound
,,,,,,,2509965006,2509965006,,,1,Unfound
,,,,,,,13118808,13118808,,,337822,Unfound
,,,,,,,3228237202,3228237202,,,24903,Unfound
,,,,,,,69420206,69420206,,,354289,Unfound
,,,,,,,8823162704,8823162704,,,8823162704,Unfound
,,,,,,,50080201,50080201,,,1021,Unfound
,,,,,,,2247903605,2247903605,,,20932,Unfound
,,,,,,,64647602,64647602,,,160403,Unfound
,,,,,,,9105562901,9105562901,,,25460,Unfound
,,,,,,,15911-0367,15911-0367,,,,Unfound
,,,,,,,49490608,49490608,,,372954,Unfound
,,,,,,,1610002-56,1610002-56,,,,Unfound
,,,,,,,3906629707,3906629707,,,3906629707,Unfound
,,,,,,,59291406,59291406,,,57114,Unfound
,,,,,,,8821258808,8821258808,,,366734,Unfound
,,,,,,,1463083703,1463083703,,,38,Unfound
,,,,,,,53927103,53927103,,,265183,Unfound
,,,,,,,8851272708,8851272708,,,844,Unfound
,,,,,,,2355686,2355686,,,2355686,Unfound
,,,,,,,21789201,21789201,,,106494,Unfound
,,,,,,,14516500,14516500,,,141760,Unfound
,,,,,,,8816776805,8816776805,,,210938,Unfound
,,,,,,,8860453006,8860453006,,,16240,Unfound
,,,,,,,14505405,14505405,,,16054,Unfound
,,,,,,,3103121003,3103121003,,,46697,Unfound
,,,,,,,120003-388,120003-388,,,,Unfound
,,,,,,,1918760200,1918760200,,,33704,Unfound
,,,,,,,1452458002,1452458002,,,17740,Unfound
,,,,,,,15019502,15019502,,,108689,Unfound
,,,,,,,14171402,14171402,,,161519,Unfound
,,,,,,,3211787308,3211787308,,,39948,Unfound
,,,,,,,14850108,14850108,,,54103,Unfound
,,,,,,,23800015-0,23800015-0,,,,Unfound
,,,,,,,59450804,59450804,,,149128,Unfound
,,,,,,,46953607,46953607,,,1,Unfound
,,,,,,,3020153702,3020153702,,,13156,Unfound
,,,,,,,1324613904,1324613904,,,47013,Unfound
,,,,,,,146000-624,146000-624,,,,Unfound
,,,,,,,8869865401,8869865401,,,11770,Unfound
,,,,,,,3359211405,3359211405,,,11153,Unfound
,,,,,,,567168405,567168405,,,8845,Unfound
,,,,,,,2548022610,2548022610,,,9625,Unfound
,,,,,,,21790208,21790208,,,1461,Unfound
,,,,,,,4244893809,4244893809,,,29861,Unfound
,,,,,,,17744607,17744607,,,2865,Unfound
,,,,,,,9334608500,9334608500,,,110650,Unfound
,,,,,,,53487606,53487606,,,131047,Unfound
,,,,,,,2178407104,2178407104,,,55149,Unfound
,,,,,,,4032495710,4032495710,,,22226,Unfound
,,,,,,,66381106,66381106,,,191156,Unfound
,,,,,,,8821255409,8821255409,,,46022,Unfound
,,,,,,,2411861109,2411861109,,,2411861109,Unfound
,,,,,,,1900045129271,,,,,Unfound
,,,,,,,1800019249388,,,,,Unfound
,,,,,,,1591000200168,,,,,Unfound
,,,,,,,8816422803,,,,8816422803,Unfound
,,,,,,,12481407,,,,12481407,Unfound
,,,,,,,1012820456222,,,,,Unfound
,,,,,,,8874042606,,,,8874042606,Unfound
,,,,,,,1100011414398,,,,,Unfound
,,,,,,,2200041882755,,,,,Unfound
,,,,,,,1418818631007,,,,,Unfound
,,,,,,,1200030617033,,,,,Unfound
,,,,,,,1550805903,,,,1550805903,Unfound
,,,,,,,71237001,,,,93016,Unfound
,,,,,,,82721208,,,,82721208,Unfound
,,,,,,,3045012306,,,,3045012306,Unfound
,,,,,,,1591057946668,,,,,Unfound
,,,,,,,1900046289107,,,,,Unfound
,,,,,,,2380000238967,,,,,Unfound
,,,,,,,47623108,,,,1,Unfound
,,,,,,,2000012421998,,,,,Unfound
,,,,,,,2370863640510,,,,,Unfound
,,,,,,,1200024971189,,,,,Unfound
,,,,,,,1800031363163,,,,,Unfound
,,,,,,,1591042510292,,,,,Unfound
,,,,,,,2000000968450,,,,,Unfound
,,,,,,,1900018156211,,,,,Unfound
,,,,,,,1610002954172,,,,,Unfound
,,,,,,,1012500876748,,,,,Unfound
,,,,,,,1610020913610,,,,,Unfound
,,,,,,,2000021639726,,,,,Unfound
,,,,,,,1682523704,,,,70138,Unfound
,,,,,,,2346520370013,,,,,Unfound
,,,,,,,1100039358976,,,,,Unfound
,,,,,,,1591060293432,,,,,Unfound
,,,,,,,2000015700892,,,,,Unfound
,,,,,,,1100003269023,,,,,Unfound
,,,,,,,2000016269458,,,,,Unfound
,,,,,,,1800000219930,,,,,Unfound
,,,,,,,1200041925403,,,,,Unfound
,,,,,,,2199997194152,,,,,Unfound
,,,,,,,4267421402,,,,44110,Unfound
,,,,,,,2000052563247,,,,,Unfound
,,,,,,,2958461806,,,,2958461806,Unfound
,,,,,,,20833307,,,,20833307,Unfound
,,,,,,,2373653820417,,,,,Unfound
,,,,,,,2199993734539,,,,,Unfound
,,,,,,,2199994121649,,,,,Unfound
,,,,,,,1900042366803,,,,,Unfound
,,,,,,,77324610,,,,77324610,Unfound
,,,,,,,60186403,,,,60186403,Unfound
,,,,,,,1610018642240,,,,,Unfound
,,,,,,,1012842964719,,,,,Unfound
,,,,,,,1591136670129,,,,,Unfound
,,,,,,,1640000305801,,,,,Unfound
,,,,,,,9341703810,,,,9341703810,Unfound
,,,,,,,18666809,,,,69526,Unfound
,,,,,,,3290076307,,,,3290076307,Unfound
,,,,,,,1100003069020,,,,,Unfound
,,,,,,,2200016699856,,,,,Unfound
,,,,,,,1417168721001,,,,,Unfound
,,,,,,,2200022937277,,,,,Unfound
,,,,,,,48913010,,,,48913010,Unfound
,,,,,,,565041505,,,,110252,Unfound
,,,,,,,1200039539224,,,,,Unfound
,,,,,,,1900015141658,,,,,Unfound
,,,,,,,1200038273527,,,,,Unfound
,,,,,,,68736105,,,,96550,Unfound
,,,,,,,2370963815814,,,,,Unfound
,,,,,,,1100002586009,,,,,Unfound
,,,,,,,3038671906,,,,3038671906,Unfound
,,,,,,,59169903,,,,59169903,Unfound
,,,,,,,2432204202,,,,4,Unfound
,,,,,,,68191100,,,,79369,Unfound
,,,,,,,1200025576990,,,,,Unfound
,,,,,,,2200013035833,,,,,Unfound
,,,,,,,2199997568575,,,,,Unfound
,,,,,,,1200010035944,,,,,Unfound
,,,,,,,1800018767573,,,,,Unfound
,,,,,,,1900007365336,,,,,Unfound
,,,,,,,1200026929834,,,,,Unfound
,,,,,,,2200012972840,,,,,Unfound
,,,,,,,2344543918813,,,,,Unfound
,,,,,,,2000024719729,,,,,Unfound
,,,,,,,51177502,,,,51177502,Unfound
,,,,,,,1012387234664,,,,,Unfound
,,,,,,,1610000962890,,,,,Unfound
,,,,,,,2000015725043,,,,,Unfound
,,,,,,,1012702950837,,,,,Unfound
,,,,,,,10885500,,,,115367,Unfound
,,,,,,,1100003320159,,,,,Unfound
,,,,,,,1200040918637,,,,,Unfound
,,,,,,,1610018463832,,,,,Unfound
,,,,,,,2000017851431,,,,,Unfound
,,,,,,,1023469975337,,,,,Unfound
,,,,,,,48428407,,,,48428407,Unfound
,,,,,,,2488193408,,,,2488193408,Unfound
,,,,,,,2000008669021,,,,,Unfound
,,,,,,,1012743206123,,,,,Unfound
,,,,,,,2000023484009,,,,,Unfound
,,,,,,,1591035354414,,,,,Unfound
,,,,,,,21663605,,,,21663605,Unfound
,,,,,,,2351521000414,,,,,Unfound
,,,,,,,2122865500,,,,2122865500,Unfound
,,,,,,,1610002261811,,,,,Unfound
,,,,,,,2341224266515,,,,,Unfound
,,,,,,,2199989998073,,,,,Unfound
,,,,,,,1418321030009,,,,,Unfound
,,,,,,,1200029530846,,,,,Unfound
,,,,,,,1900031349720,,,,,Unfound
,,,,,,,1610019588383,,,,,Unfound
,,,,,,,1100015536267,,,,,Unfound
,,,,,,,78839806,,,,1489,Unfound
,,,,,,,1591011205031,,,,,Unfound
,,,,,,,2376501150010,,,,,Unfound
,,,,,,,1900013151325,,,,,Unfound
,,,,,,,1895693900,,,,1895693900,Unfound
,,,,,,,1591000286921,,,,,Unfound
,,,,,,,3367909106,,,,1047,Unfound
,,,,,,,2200023173832,,,,,Unfound
,,,,,,,1900003218498,,,,,Unfound
,,,,,,,1610012308272,,,,,Unfound
,,,,,,,2000000010009,,,,,Unfound
,,,,,,,8814159108,,,,8814159108,Unfound
,,,,,,,52364001,,,,52364001,Unfound
,,,,,,,1012473739960,,,,,Unfound
,,,,,,,2199995211452,,,,,Unfound
,,,,,,,8846551305,,,,8846551305,Unfound
,,,,,,,1591041204100,,,,,Unfound
,,,,,,,8823641907,,,,8823641907,Unfound
,,,,,,,1300008308935,,,,,Unfound
,,,,,,,1800032003876,,,,,Unfound
,,,,,,,1591043261721,,,,,Unfound
,,,,,,,1100019637312,,,,,Unfound
,,,,,,,1610020881688,,,,,Unfound
,,,,,,,2336553444018,,,,,Unfound
,,,,,,,1200021973796,,,,,Unfound
,,,,,,,2352876455515,,,,,Unfound
,,,,,,,47116809,,,,699,Unfound
,,,,,,,1610031141401,,,,,Unfound
,,,,,,,1200027305473,,,,,Unfound
,,,,,,,9190489206,,,,9190489206,Unfound
,,,,,,,57762701,,,,57762701,Unfound
,,,,,,,1300035396230,,,,,Unfound
,,,,,,,547558608,,,,547558608,Unfound
,,,,,,,1012843044752,,,,,Unfound
,,,,,,,1300010710638,,,,,Unfound
,,,,,,,1014570000000,,,,,Unfound
,,,,,,,65083205,,,,65083205,Unfound
,,,,,,,1610022938421,,,,,Unfound
,,,,,,,1414506531008,,,,,Unfound
,,,,,,,1610022475626,,,,,Unfound
,,,,,,,55084807,,,,55084807,Unfound
,,,,,,,57944606,,,,60082,Unfound
,,,,,,,8921468007,,,,1,Unfound
,,,,,,,1100009760490,,,,,Unfound
,,,,,,,1023545741680,,,,,Unfound
,,,,,,,1014572225928,,,,,Unfound
,,,,,,,1200042498800,,,,,Unfound
,,,,,,,1012735781720,,,,,Unfound
,,,,,,,2200030000004,,,,,Unfound
,,,,,,,1550378708,,,,1550378708,Unfound
,,,,,,,2000005186281,,,,,Unfound
,,,,,,,1013027766492,,,,,Unfound
,,,,,,,2200011640360,,,,,Unfound
,,,,,,,2000021302276,,,,,Unfound
,,,,,,,1200033518558,,,,,Unfound
,,,,,,,8891635810,,,,8891635810,Unfound
,,,,,,,2199993000907,,,,,Unfound
,,,,,,,1013071495937,,,,,Unfound
,,,,,,,66256709,,,,66256709,Unfound
,,,,,,,2361713110917,,,,,Unfound
,,,,,,,2000013845285,,,,,Unfound
,,,,,,,1100011625124,,,,,Unfound
,,,,,,,9102152709,,,,31729,Unfound
,,,,,,,1610010404459,,,,,Unfound
,,,,,,,80796207,,,,80796207,Unfound
,,,,,,,1610010687591,,,,,Unfound
,,,,,,,1900047190542,,,,,Unfound
,,,,,,,1100020396345,,,,,Unfound
,,,,,,,2325361361013,,,,,Unfound
,,,,,,,1800032309120,,,,,Unfound
,,,,,,,9209479807,,,,9209479807,Unfound
,,,,,,,59178107,,,,59178107,Unfound
,,,,,,,1004435906,,,,3401,Unfound
,,,,,,,2000052846472,,,,,Unfound
,,,,,,,1800032273556,,,,,Unfound
,,,,,,,70392300,,,,70392300,Unfound
,,,,,,,3958724910,,,,3958724910,Unfound
,,,,,,,2300000277929,,,,,Unfound
,,,,,,,2000001036634,,,,,Unfound
,,,,,,,1100005251366,,,,,Unfound
,,,,,,,1460000773396,,,,,Unfound
,,,,,,,9157327505,,,,9157327505,Unfound
,,,,,,,1591046253139,,,,,Unfound
,,,,,,,1200001956988,,,,,Unfound
,,,,,,,1869627002,,,,1869627002,Unfound
,,,,,,,1200035864110,,,,,Unfound
,,,,,,,2000023432349,,,,,Unfound
,,,,,,,2000003230000,,,,,Unfound
,,,,,,,1200027366884,,,,,Unfound
,,,,,,,2200021810490,,,,,Unfound
,,,,,,,1418408422000,,,,,Unfound
,,,,,,,1591042026184,,,,,Unfound
,,,,,,,1610031827493,,,,,Unfound
,,,,,,,3316547702,,,,,Unfound
,,,,,,,1100003461295,,,,,Unfound
,,,,,,,9131543805,,,,9131543805,Unfound
,,,,,,,1600000004000,,,,,Unfound
,,,,,,,17873203,,,,17873203,Unfound
,,,,,,,1100770234940,,,,,Unfound
,,,,,,,2336503626015,,,,,Unfound
,,,,,,,12326002,,,,12326002,Unfound
,,,,,,,2200022713228,,,,,Unfound
,,,,,,,2200041829706,,,,,Unfound
,,,,,,,75577607,,,,75577607,Unfound
,,,,,,,2200024003830,,,,,Unfound
,,,,,,,1100014028013,,,,,Unfound
,,,,,,,1012473842542,,,,,Unfound
,,,,,,,1100004560518,,,,,Unfound
,,,,,,,1100050161138,,,,,Unfound
,,,,,,,1200023286055,,,,,Unfound
,,,,,,,1591049666632,,,,,Unfound
,,,,,,,1507368980045,,,,,Unfound
,,,,,,,1610018818506,,,,,Unfound
,,,,,,,1200050957953,,,,,Unfound
,,,,,,,21257100,,,,21257100,Unfound
,,,,,,,3229137304,,,,3229137304,Unfound
,,,,,,,1610000017998,,,,,Unfound
,,,,,,,1100023422440,,,,,Unfound
,,,,,,,1100023445289,,,,,Unfound
,,,,,,,2200021853476,,,,,Unfound
,,,,,,,2000027296282,,,,,Unfound
,,,,,,,1610031456959,,,,,Unfound
,,,,,,,1100012146026,,,,,Unfound
,,,,,,,8866841910,,,,8866841910,Unfound
,,,,,,,2199999931020,,,,,Unfound
,,,,,,,1012994550583,,,,,Unfound
,,,,,,,1610000005255,,,,,Unfound
,,,,,,,20171702,,,,20171702,Unfound
,,,,,,,1200042397970,,,,,Unfound
,,,,,,,1591052926106,,,,,Unfound
,,,,,,,68268210,,,,68268210,Unfound
,,,,,,,2000019281981,,,,,Unfound
,,,,,,,49706010,,,,49706010,Unfound
,,,,,,,1200060933852,,,,,Unfound
,,,,,,,1012373674323,,,,,Unfound
,,,,,,,1900060324648,,,,,Unfound
,,,,,,,1418466821004,,,,,Unfound
,,,,,,,1610021419755,,,,,Unfound
,,,,,,,8813153708,,,,1,Unfound
,,,,,,,1100002831514,,,,,Unfound
,,,,,,,54989310,,,,54989310,Unfound
,,,,,,,1013055958059,,,,,Unfound
,,,,,,,1012596536960,,,,,Unfound
,,,,,,,2352822688912,,,,,Unfound
,,,,,,,2000017763820,,,,,Unfound
,,,,,,,1283785004,,,,14680,Unfound
,,,,,,,1012676033017,,,,,Unfound
,,,,,,,685245002,,,,11891,Unfound
,,,,,,,1200033365945,,,,,Unfound
,,,,,,,554665005,,,,554665005,Unfound
,,,,,,,1100005347180,,,,,Unfound
,,,,,,,12412006,,,,12412006,Unfound
,,,,,,,2000002493858,,,,,Unfound
,,,,,,,2200019910655,,,,,Unfound
,,,,,,,1100007661130,,,,,Unfound
,,,,,,,1610004087614,,,,,Unfound
,,,,,,,1800032973719,,,,,Unfound
,,,,,,,2199991361508,,,,,Unfound
,,,,,,,1900036239321,,,,,Unfound
,,,,,,,1610030644389,,,,,Unfound
,,,,,,,3940838407,,,,3940838407,Unfound
,,,,,,,51408203,,,,51408203,Unfound
,,,,,,,2000026513275,,,,,Unfound
,,,,,,,2200041484047,,,,,Unfound
,,,,,,,2000021825850,,,,,Unfound
,,,,,,,2380000362628,,,,,Unfound
,,,,,,,2000026480122,,,,,Unfound
,,,,,,,1419718780007,,,,,Unfound
,,,,,,,1012452319607,,,,,Unfound
,,,,,,,2000003743309,,,,,Unfound
,,,,,,,1300060295079,,,,,Unfound
,,,,,,,1563331007,,,,5323,Unfound
,,,,,,,1341252401,,,,7972,Unfound
,,,,,,,1100001223255,,,,,Unfound
,,,,,,,1591049367362,,,,,Unfound
,,,,,,,8321903,,,,8321903,Unfound
,,,,,,,2000052980327,,,,,Unfound
,,,,,,,1200035014172,,,,,Unfound
,,,,,,,2200023098501,,,,,Unfound
,,,,,,,1300012528003,,,,,Unfound
,,,,,,,11480804,,,,64795,Unfound
,,,,,,,69897707,,,,69897707,Unfound
,,,,,,,2199995667238,,,,,Unfound
,,,,,,,2380001439653,,,,,Unfound
,,,,,,,1300011400640,,,,,Unfound
,,,,,,,1100008168621,,,,,Unfound
,,,,,,,2380000215357,,,,,Unfound
,,,,,,,1100004239145,,,,,Unfound
,,,,,,,53780705,,,,53780705,Unfound
,,,,,,,2770031401,,,,2770031401,Unfound
,,,,,,,1453581410,,,,1453581410,Unfound
,,,,,,,1900035351281,,,,,Unfound
,,,,,,,1200033173785,,,,,Unfound
,,,,,,,1591051339996,,,,,Unfound
,,,,,,,58879110,,,,58879110,Unfound
,,,,,,,1100020814200,,,,,Unfound
,,,,,,,70185800,,,,70185800,Unfound
,,,,,,,2000006562710,,,,,Unfound
,,,,,,,1610018668026,,,,,Unfound
,,,,,,,1900016202248,,,,,Unfound
,,,,,,,2200020821232,,,,,Unfound
,,,,,,,1100003424248,,,,,Unfound
,,,,,,,8888070110,,,,8888070110,Unfound
,,,,,,,2371244415517,,,,,Unfound
,,,,,,,4177608608,,,,4177608608,Unfound
,,,,,,,2200019352504,,,,,Unfound
,,,,,,,1800035186366,,,,,Unfound
,,,,,,,1900006356154,,,,,Unfound
,,,,,,,1200029530961,,,,,Unfound
,,,,,,,1023480492772,,,,,Unfound
,,,,,,,2200040183860,,,,,Unfound
,,,,,,,2200040009034,,,,,Unfound
,,,,,,,1012616957518,,,,,Unfound
,,,,,,,2199996851880,,,,,Unfound
,,,,,,,63804901,,,,63804901,Unfound
,,,,,,,1900010037891,,,,,Unfound
,,,,,,,2200021235831,,,,,Unfound
,,,,,,,70101004,,,,70101004,Unfound
,,,,,,,58092103,,,,58092103,Unfound
,,,,,,,1800022767520,,,,,Unfound
,,,,,,,1200024571217,,,,,Unfound
,,,,,,,1900042191151,,,,,Unfound
,,,,,,,1200030239653,,,,,Unfound
,,,,,,,9104564103,,,,9104564103,Unfound
,,,,,,,9088111105,,,,9088111105,Unfound
,,,,,,,2311392524110,,,,,Unfound
,,,,,,,8829110401,,,,8829110401,Unfound
,,,,,,,1100008349213,,,,,Unfound
,,,,,,,1714739460206,,,,,Unfound
,,,,,,,22208103,,,,22208103,Unfound
,,,,,,,1200051801556,,,,,Unfound
,,,,,,,2199997082391,,,,,Unfound
,,,,,,,1014569522270,,,,,Unfound
,,,,,,,1012925392340,,,,,Unfound
,,,,,,,5019982708,,,,5019982708,Unfound
,,,,,,,1200029564288,,,,,Unfound
,,,,,,,2199994850351,,,,,Unfound
,,,,,,,1441003010000,,,,,Unfound
,,,,,,,1591033026382,,,,,Unfound
,,,,,,,1591060743442,,,,,Unfound
,,,,,,,1421500100000,,,,,Unfound
,,,,,,,2333691661919,,,,,Unfound
,,,,,,,1900023244632,,,,,Unfound
,,,,,,,1570000154340,,,,,Unfound
,,,,,,,1012690448728,,,,,Unfound
,,,,,,,2000000453582,,,,,Unfound
,,,,,,,2000002218220,,,,,Unfound
,,,,,,,70499105,,,,70499105,Unfound
,,,,,,,2200022408274,,,,,Unfound
,,,,,,,2000053780868,,,,,Unfound
,,,,,,,1507842399996,,,,,Unfound
,,,,,,,1591054672470,,,,,Unfound
,,,,,,,1013054520095,,,,,Unfound
,,,,,,,2341805160419,,,,,Unfound
,,,,,,,2100040776661,,,,,Unfound
,,,,,,,1100770489367,,,,,Unfound
,,,,,,,2200023803096,,,,,Unfound
,,,,,,,1300005796535,,,,,Unfound
,,,,,,,1900015424401,,,,,Unfound
,,,,,,,9158369908,,,,9158369908,Unfound
,,,,,,,1591052406951,,,,,Unfound
,,,,,,,1013081427330,,,,,Unfound
,,,,,,,21551605,,,,21551605,Unfound
,,,,,,,1100006821360,,,,,Unfound
,,,,,,,1012740000000,,,,,Unfound
,,,,,,,2950695308,,,,2950695308,Unfound
,,,,,,,2380000901181,,,,,Unfound
,,,,,,,2000027199890,,,,,Unfound
,,,,,,,1012868076113,,,,,Unfound
,,,,,,,1200038127019,,,,,Unfound
,,,,,,,2000023221901,,,,,Unfound
,,,,,,,1900019292643,,,,,Unfound
,,,,,,,9088075105,,,,9088075105,Unfound
,,,,,,,1200034388855,,,,,Unfound
,,,,,,,1460002186200,,,,,Unfound
,,,,,,,9156149906,,,,9156149906,Unfound
,,,,,,,2333658705918,,,,,Unfound
,,,,,,,1585636703,,,,1585636703,Unfound
,,,,,,,16992801,,,,16992801,Unfound
,,,,,,,5086468306,,,,5086468306,Unfound
,,,,,,,1900037426292,,,,,Unfound
,,,,,,,1050001369070,,,,,Unfound
,,,,,,,2199994435394,,,,,Unfound
,,,,,,,1620000072141,,,,,Unfound
,,,,,,,9171356000,,,,9171356000,Unfound
,,,,,,,1200038804888,,,,,Unfound
,,,,,,,1200033104179,,,,,Unfound
,,,,,,,1610021734432,,,,,Unfound
,,,,,,,1610004122162,,,,,Unfound
,,,,,,,2324466677312,,,,,Unfound
,,,,,,,1100023646452,,,,,Unfound
,,,,,,,2000027395860,,,,,Unfound
,,,,,,,1610013015918,,,,,Unfound
,,,,,,,1713651180852,,,,,Unfound
,,,,,,,1610003599531,,,,,Unfound
,,,,,,,1610009165286,,,,,Unfound
,,,,,,,2000013237746,,,,,Unfound
,,,,,,,46923609,,,,46923609,Unfound
,,,,,,,9837809,,,,9837809,Unfound
,,,,,,,2199993779984,,,,,Unfound
,,,,,,,1900020252204,,,,,Unfound
,,,,,,,1300009285702,,,,,Unfound
,,,,,,,1711871104765,,,,,Unfound
,,,,,,,1900038188236,,,,,Unfound
,,,,,,,2000052545275,,,,,Unfound
,,,,,,,54416408,,,,54416408,Unfound
,,,,,,,2199993024590,,,,,Unfound
,,,,,,,2370321210610,,,,,Unfound
,,,,,,,2200042183036,,,,,Unfound
,,,,,,,1200042245744,,,,,Unfound
,,,,,,,68202202,,,,68202202,Unfound
,,,,,,,1900038410489,,,,,Unfound
,,,,,,,1818561310,,,,1818561310,Unfound
,,,,,,,1418888501007,,,,,Unfound
,,,,,,,9119616700,,,,9119616700,Unfound
,,,,,,,8846503507,,,,8846503507,Unfound
,,,,,,,8823921004,,,,8823921004,Unfound
,,,,,,,71999703,,,,71999703,Unfound
,,,,,,,55904505,,,,55904505,Unfound
,,,,,,,1300005779520,,,,,Unfound
,,,,,,,1012494989890,,,,,Unfound
,,,,,,,2000005853217,,,,,Unfound
,,,,,,,46875703,,,,46875703,Unfound
,,,,,,,1200029519540,,,,,Unfound
,,,,,,,66238505,,,,66238505,Unfound
,,,,,,,2000014192110,,,,,Unfound
,,,,,,,80015208,,,,80015208,Unfound
,,,,,,,8841773309,,,,8841773309,Unfound
,,,,,,,1200028642119,,,,,Unfound
,,,,,,,2200030057449,,,,,Unfound
,,,,,,,1507008803,,,,1507008803,Unfound
,,,,,,,8880773508,,,,8880773508,Unfound
,,,,,,,8921825701,,,,8921825701,Unfound
,,,,,,,1900003315410,,,,,Unfound
,,,,,,,1012381363912,,,,,Unfound
,,,,,,,2000052052466,,,,,Unfound
,,,,,,,1700001138401,,,,,Unfound
,,,,,,,10466300,,,,10466300,Unfound
,,,,,,,1012541623317,,,,,Unfound
,,,,,,,1200040022510,,,,,Unfound
,,,,,,,2324983740717,,,,,Unfound
,,,,,,,2380000292723,,,,,Unfound
,,,,,,,1200042336588,,,,,Unfound
,,,,,,,1610027539790,,,,,Unfound
,,,,,,,2000017656394,,,,,Unfound
,,,,,,,2000011396063,,,,,Unfound
,,,,,,,62815800,,,,62815800,Unfound
,,,,,,,1722000162050,,,,,Unfound
,,,,,,,1610004602488,,,,,Unfound
,,,,,,,19447600,,,,19447600,Unfound
,,,,,,,1800054023201,,,,,Unfound
,,,,,,,2199993736651,,,,,Unfound
,,,,,,,2000017102981,,,,,Unfound
,,,,,,,1100003351078,,,,,Unfound
,,,,,,,1200026685227,,,,,Unfound
,,,,,,,2499502406,,,,2499502406,Unfound
,,,,,,,1100024230704,,,,,Unfound
,,,,,,,62504210,,,,62504210,Unfound
,,,,,,,1100003330412,,,,,Unfound
,,,,,,,1591061730027,,,,,Unfound
,,,,,,,1610013472284,,,,,Unfound
,,,,,,,8817396508,,,,8817396508,Unfound
,,,,,,,1300004754056,,,,,Unfound
,,,,,,,709130603,,,,709130603,Unfound
,,,,,,,1300010166154,,,,,Unfound
,,,,,,,2000026222299,,,,,Unfound
,,,,,,,1610002303514,,,,,Unfound
,,,,,,,1200060073671,,,,,Unfound
,,,,,,,2755471005,,,,2755471005,Unfound
,,,,,,,5822910,,,,5822910,Unfound
,,,,,,,1800017241606,,,,,Unfound
,,,,,,,4254755410,,,,4254755410,Unfound
,,,,,,,1013021720020,,,,,Unfound
,,,,,,,1591043038933,,,,,Unfound
,,,,,,,1712917931059,,,,,Unfound
,,,,,,,1100000535545,,,,,Unfound
,,,,,,,1591060307290,,,,,Unfound
,,,,,,,21486901,,,,,Unfound
,,,,,,,2000017158051,,,,,Unfound
,,,,,,,2321640131710,,,,,Unfound
,,,,,,,2531291001,,,,2531291001,Unfound
,,,,,,,1100003361800,,,,,Unfound
,,,,,,,1900000312200,,,,,Unfound
,,,,,,,9213156410,,,,9213156410,Unfound
,,,,,,,7400400,,,,7400400,Unfound
,,,,,,,1900090002461,,,,,Unfound
,,,,,,,1100003510180,,,,,Unfound
,,,,,,,1200041505892,,,,,Unfound
,,,,,,,1013089198117,,,,,Unfound
,,,,,,,2000007924144,,,,,Unfound
,,,,,,,2199997461981,,,,,Unfound
,,,,,,,1466687706,,,,1466687706,Unfound
,,,,,,,2000017177435,,,,,Unfound
,,,,,,,2000000045517,,,,,Unfound
,,,,,,,1423668000003,,,,,Unfound
,,,,,,,70200702,,,,70200702,Unfound
,,,,,,,1716851230400,,,,,Unfound
,,,,,,,2200031878334,,,,,Unfound
,,,,,,,1200035013870,,,,,Unfound
,,,,,,,1014569927539,,,,,Unfound
,,,,,,,203156701,,,,203156701,Unfound
,,,,,,,3901891706,,,,3901891706,Unfound
,,,,,,,2000022587929,,,,,Unfound
,,,,,,,1414571220003,,,,,Unfound
,,,,,,,1900012119010,,,,,Unfound
,,,,,,,1610030744552,,,,,Unfound
,,,,,,,1800036582456,,,,,Unfound
,,,,,,,68260800,,,,68260800,Unfound
,,,,,,,1100022100827,,,,,Unfound
,,,,,,,1300053055413,,,,,Unfound
,,,,,,,2440067809,,,,2440067809,Unfound
,,,,,,,4185406704,,,,4185406704,Unfound
,,,,,,,2362671665410,,,,,Unfound
,,,,,,,2200012990681,,,,,Unfound
,,,,,,,8931352207,,,,8931352207,Unfound
,,,,,,,1800035296849,,,,,Unfound
,,,,,,,1013086854877,,,,,Unfound
,,,,,,,86057805,,,,86057805,Unfound
,,,,,,,9081197600,,,,9081197600,Unfound
,,,,,,,1610027669781,,,,,Unfound
,,,,,,,2000026372125,,,,,Unfound
,,,,,,,2000027391528,,,,,Unfound
,,,,,,,4246109607,,,,58013,Unfound
,,,,,,,8813862008,,,,8813862008,Unfound
,,,,,,,2326541146010,,,,,Unfound
,,,,,,,1100009739596,,,,,Unfound
,,,,,,,1012838216365,,,,,Unfound
,,,,,,,1200010165528,,,,,Unfound
,,,,,,,2325765207813,,,,,Unfound
,,,,,,,1100014850000,,,,,Unfound
,,,,,,,1610021222151,,,,,Unfound
,,,,,,,928088304,,,,928088304,Unfound
,,,,,,,1200035151143,,,,,Unfound
,,,,,,,2199995448924,,,,,Unfound
,,,,,,,1170001027645,,,,,Unfound
,,,,,,,1200028679606,,,,,Unfound
,,,,,,,1200034665519,,,,,Unfound
,,,,,,,72875701,,,,72875701,Unfound
,,,,,,,1300010490500,,,,,Unfound
,,,,,,,5060937609,,,,5060937609,Unfound
,,,,,,,2199994424523,,,,,Unfound
,,,,,,,2361900249512,,,,,Unfound
,,,,,,,1200039360250,,,,,Unfound
,,,,,,,9325173602,,,,9325173602,Unfound
,,,,,,,56268104,,,,56268104,Unfound
,,,,,,,1591047836620,,,,,Unfound
,,,,,,,9117326602,,,,9117326602,Unfound
,,,,,,,1800031593259,,,,,Unfound
,,,,,,,1012836634650,,,,,Unfound
,,,,,,,1200010166991,,,,,Unfound
,,,,,,,78102406,,,,78102406,Unfound
,,,,,,,1501417610,,,,1501417610,Unfound
,,,,,,,2000025335726,,,,,Unfound
,,,,,,,1610028517617,,,,,Unfound
,,,,,,,1100008985380,,,,,Unfound
,,,,,,,171600,,,,171600,Unfound
,,,,,,,18747102,,,,18747102,Unfound
,,,,,,,77019706,,,,77019706,Unfound
,,,,,,,3906901304,,,,3906901304,Unfound
,,,,,,,2000003441190,,,,,Unfound
,,,,,,,82068206,,,,,Unfound
,,,,,,,2312719385015,,,,,Unfound
,,,,,,,1200029805245,,,,,Unfound
,,,,,,,1100018623675,,,,,Unfound
,,,,,,,1460000946410,,,,,Unfound
,,,,,,,2100040957740,,,,,Unfound
,,,,,,,18584201,,,,18584201,Unfound
,,,,,,,1610000018928,,,,,Unfound
,,,,,,,550223300,,,,34152,Unfound
,,,,,,,1200031669380,,,,,Unfound
,,,,,,,2000051805270,,,,,Unfound
,,,,,,,1100015711628,,,,,Unfound
,,,,,,,1417085670009,,,,,Unfound
,,,,,,,49933100,,,,49933100,Unfound
,,,,,,,2000002996970,,,,,Unfound
,,,,,,,2960981102,,,,2960981102,Unfound
,,,,,,,1724481672505,,,,,Unfound
,,,,,,,693985903,,,,693985903,Unfound
,,,,,,,1610001739826,,,,,Unfound
,,,,,,,46136900,,,,46136900,Unfound
,,,,,,,2000018560688,,,,,Unfound
,,,,,,,70123104,,,,70123104,Unfound
,,,,,,,1591059961765,,,,,Unfound
,,,,,,,2372363160414,,,,,Unfound
,,,,,,,2362700968014,,,,,Unfound
,,,,,,,2000020872344,,,,,Unfound
,,,,,,,75133301,,,,75133301,Unfound
,,,,,,,1100039214616,,,,,Unfound
,,,,,,,1100001823178,,,,,Unfound
,,,,,,,1100010784490,,,,,Unfound
,,,,,,,2000018914881,,,,,Unfound
,,,,,,,1012837317294,,,,,Unfound
,,,,,,,2000027188452,,,,,Unfound
,,,,,,,2200018310489,,,,,Unfound
,,,,,,,1012547365493,,,,,Unfound
,,,,,,,1200028911110,,,,,Unfound
,,,,,,,53140904,,,,53140904,Unfound
,,,,,,,52380403,,,,52380403,Unfound
,,,,,,,1030042792658,,,,,Unfound
,,,,,,,2090840206,,,,2090840206,Unfound
,,,,,,,1200036950044,,,,,Unfound
,,,,,,,71635709,,,,71635709,Unfound
,,,,,,,80696405,,,,80696405,Unfound
,,,,,,,2200040227791,,,,,Unfound
,,,,,,,1610010141674,,,,,Unfound
,,,,,,,2330344922913,,,,,Unfound
,,,,,,,1200031929776,,,,,Unfound
,,,,,,,1800020923151,,,,,Unfound
,,,,,,,1610020565933,,,,,Unfound
,,,,,,,2200030103538,,,,,Unfound
,,,,,,,1900091396343,,,,,Unfound
,,,,,,,5078048209,,,,5078048209,Unfound
,,,,,,,1460000647380,,,,,Unfound
,,,,,,,2000027536282,,,,,Unfound
,,,,,,,1012507141941,,,,,Unfound
,,,,,,,2000027474565,,,,,Unfound
,,,,,,,1014571719001,,,,,Unfound
,,,,,,,1200000911903,,,,,Unfound
,,,,,,,2332619800118,,,,,Unfound
,,,,,,,9158993604,,,,9158993604,Unfound
,,,,,,,1900090254053,,,,,Unfound
,,,,,,,1100050293952,,,,,Unfound
,,,,,,,1591043836421,,,,,Unfound
,,,,,,,48727002,,,,,Unfound
,,,,,,,1591040430069,,,,,Unfound
,,,,,,,2200021056670,,,,,Unfound
,,,,,,,2200022447088,,,,,Unfound
,,,,,,,1610009986890,,,,,Unfound
,,,,,,,8826440104,,,,8826440104,Unfound
,,,,,,,1610003131788,,,,,Unfound
,,,,,,,1610014482691,,,,,Unfound
,,,,,,,21836004,,,,21836004,Unfound
,,,,,,,1023511175922,,,,,Unfound
,,,,,,,1800023064845,,,,,Unfound
,,,,,,,2000022936646,,,,,Unfound
,,,,,,,1713593950153,,,,,Unfound
,,,,,,,1200025262906,,,,,Unfound
,,,,,,,1610004195700,,,,,Unfound
,,,,,,,2000002153664,,,,,Unfound
,,,,,,,1100007823270,,,,,Unfound
,,,,,,,60019002,,,,60019002,Unfound
,,,,,,,1300035393052,,,,,Unfound
,,,,,,,1900019200768,,,,,Unfound
,,,,,,,1012637951229,,,,,Unfound
,,,,,,,1591011715690,,,,,Unfound
,,,,,,,1100002982923,,,,,Unfound
,,,,,,,1200051280071,,,,,Unfound
,,,,,,,2200041179483,,,,,Unfound
,,,,,,,1900048381737,,,,,Unfound
,,,,,,,8912297005,,,,8912297005,Unfound
,,,,,,,2326313657013,,,,,Unfound
,,,,,,,2000012459096,,,,,Unfound
,,,,,,,8398108,,,,8398108,Unfound
,,,,,,,2000054230458,,,,,Unfound
,,,,,,,569952500,,,,569952500,Unfound
,,,,,,,1200036754738,,,,,Unfound
,,,,,,,8868363405,,,,8868363405,Unfound
,,,,,,,1800036600000,,,,,Unfound
,,,,,,,1100009351506,,,,,Unfound
,,,,,,,1300005027077,,,,,Unfound
,,,,,,,1100023500248,,,,,Unfound
,,,,,,,18767007,,,,18767007,Unfound
,,,,,,,1640000320395,,,,,Unfound
,,,,,,,2000050019722,,,,,Unfound
,,,,,,,8815584207,,,,8815584207,Unfound
,,,,,,,2000004046311,,,,,Unfound
,,,,,,,1800015397542,,,,,Unfound
,,,,,,,2100040689594,,,,,Unfound
,,,,,,,2380001403328,,,,,Unfound
,,,,,,,1200020676830,,,,,Unfound
,,,,,,,71247307,,,,71247307,Unfound
,,,,,,,2341462614413,,,,,Unfound
,,,,,,,64510810,,,,64510810,Unfound
,,,,,,,14456407,,,,14456407,Unfound
,,,,,,,1800052092018,,,,,Unfound
,,,,,,,2380002173647,,,,,Unfound
,,,,,,,1012824106323,,,,,Unfound
,,,,,,,2374150397410,,,,,Unfound
,,,,,,,2413116501,,,,2413116501,Unfound
,,,,,,,1300004176567,,,,,Unfound
,,,,,,,1013005225805,,,,,Unfound
,,,,,,,52243606,,,,52243606,Unfound
,,,,,,,9206962200,,,,9206962200,Unfound
,,,,,,,2373243920520,,,,,Unfound
,,,,,,,506550203,,,,,Unfound
,,,,,,,1620000180361,,,,,Unfound
,,,,,,,1591054797602,,,,,Unfound
,,,,,,,1200022821783,,,,,Unfound
,,,,,,,2000018467010,,,,,Unfound
,,,,,,,1412074951008,,,,,Unfound
,,,,,,,2360881999218,,,,,Unfound
,,,,,,,1411631541003,,,,,Unfound
,,,,,,,2000024419108,,,,,Unfound
,,,,,,,1419246711006,,,,,Unfound
,,,,,,,1610019319962,,,,,Unfound
,,,,,,,1100023875837,,,,,Unfound
,,,,,,,1012555542680,,,,,Unfound
,,,,,,,2333960562812,,,,,Unfound
,,,,,,,15234405,,,,15234405,Unfound
,,,,,,,1600000099930,,,,,Unfound
,,,,,,,8890270005,,,,8890270005,Unfound
,,,,,,,5060610004,,,,5060610004,Unfound
,,,,,,,9100273105,,,,9100273105,Unfound
,,,,,,,1591111048288,,,,,Unfound
,,,,,,,2324814481816,,,,,Unfound
,,,,,,,14170007,,,,14170007,Unfound
,,,,,,,1591014746812,,,,,Unfound
,,,,,,,2200021319960,,,,,Unfound
,,,,,,,8917139910,,,,8917139910,Unfound
,,,,,,,1591054031280,,,,,Unfound
,,,,,,,606924809,,,,606924809,Unfound
,,,,,,,1012613384005,,,,,Unfound
,,,,,,,48131900,,,,48131900,Unfound
,,,,,,,1620001105807,,,,,Unfound
,,,,,,,1610031660043,,,,,Unfound
,,,,,,,1200038774267,,,,,Unfound
,,,,,,,1591001848396,,,,,Unfound
,,,,,,,1463854706,,,,1463854706,Unfound
,,,,,,,1014570149489,,,,,Unfound
,,,,,,,2000003067217,,,,,Unfound
,,,,,,,1200022996321,,,,,Unfound
,,,,,,,1200035918981,,,,,Unfound
,,,,,,,2200024201640,,,,,Unfound
,,,,,,,1012557550353,,,,,Unfound
,,,,,,,1610030172310,,,,,Unfound
,,,,,,,1100022056841,,,,,Unfound
,,,,,,,1030069550169,,,,,Unfound
,,,,,,,1800018184710,,,,,Unfound
,,,,,,,2200023315930,,,,,Unfound
,,,,,,,8818325108,,,,8818325108,Unfound
,,,,,,,1411102801001,,,,,Unfound
,,,,,,,2326542545626,,,,,Unfound
,,,,,,,2334541095111,,,,,Unfound
,,,,,,,1900019117560,,,,,Unfound
,,,,,,,1620000573388,,,,,Unfound
,,,,,,,2000024616011,,,,,Unfound
,,,,,,,1012995690468,,,,,Unfound
,,,,,,,9183833406,,,,9183833406,Unfound
,,,,,,,76794901,,,,76794901,Unfound
,,,,,,,2000000171616,,,,,Unfound
,,,,,,,1610013105526,,,,,Unfound
,,,,,,,3229407408,,,,3229407408,Unfound
,,,,,,,2362005421711,,,,,Unfound
,,,,,,,2199999957446,,,,,Unfound
,,,,,,,1013014799559,,,,,Unfound
,,,,,,,1715271971154,,,,,Unfound
,,,,,,,8933552304,,,,8933552304,Unfound
,,,,,,,3372522904,,,,3372522904,Unfound
,,,,,,,1012839809349,,,,,Unfound
,,,,,,,1200030296350,,,,,Unfound
,,,,,,,3926769803,,,,3926769803,Unfound
,,,,,,,60213705,,,,60213705,Unfound
,,,,,,,1900090088263,,,,,Unfound
,,,,,,,9084781310,,,,9084781310,Unfound
,,,,,,,1880123602,,,,1880123602,Unfound
,,,,,,,1100024035063,,,,,Unfound
,,,,,,,1800051767326,,,,,Unfound
,,,,,,,1800030138483,,,,,Unfound
,,,,,,,1012892038434,,,,,Unfound
,,,,,,,9266208,,,,9266208,Unfound
,,,,,,,8946405,,,,8946405,Unfound
,,,,,,,2365613799613,,,,,Unfound
,,,,,,,1610009189630,,,,,Unfound
,,,,,,,68874802,,,,68874802,Unfound
,,,,,,,1914780208,,,,1914780208,Unfound
,,,,,,,2000000371480,,,,,Unfound
,,,,,,,1591032969294,,,,,Unfound
,,,,,,,3290583010,,,,3290583010,Unfound
,,,,,,,203052307,,,,203052307,Unfound
,,,,,,,8821248109,,,,8821248109,Unfound
,,,,,,,1700051561043,,,,,Unfound
,,,,,,,1610010095497,,,,,Unfound
,,,,,,,2345910066312,,,,,Unfound
,,,,,,,1012669359330,,,,,Unfound
,,,,,,,2000002611986,,,,,Unfound
,,,,,,,2200041355634,,,,,Unfound
,,,,,,,1712026520100,,,,,Unfound
,,,,,,,2000022567694,,,,,Unfound
,,,,,,,1460001045828,,,,,Unfound
,,,,,,,1200010023744,,,,,Unfound
,,,,,,,1015680000000,,,,,Unfound
,,,,,,,1160000145607,,,,,Unfound
,,,,,,,1900012319077,,,,,Unfound
,,,,,,,2200014998441,,,,,Unfound
,,,,,,,1100002186402,,,,,Unfound
,,,,,,,1200037098652,,,,,Unfound
,,,,,,,1591036741591,,,,,Unfound
,,,,,,,2199991482790,,,,,Unfound
,,,,,,,2199993072098,,,,,Unfound
,,,,,,,2300000004750,,,,,Unfound
,,,,,,,2199989346411,,,,,Unfound
,,,,,,,1800025774803,,,,,Unfound
,,,,,,,1900045000090,,,,,Unfound
,,,,,,,2000022433110,,,,,Unfound
,,,,,,,1900045066755,,,,,Unfound
,,,,,,,1610000490878,,,,,Unfound
,,,,,,,2200020692072,,,,,Unfound
,,,,,,,1800035203738,,,,,Unfound
,,,,,,,1900040339180,,,,,Unfound
,,,,,,,2366580510919,,,,,Unfound
,,,,,,,1012621428020,,,,,Unfound
,,,,,,,1800035251857,,,,,Unfound
,,,,,,,1285363605,,,,1285363605,Unfound
,,,,,,,1322542807,,,,1322542807,Unfound
,,,,,,,1591062035350,,,,,Unfound
,,,,,,,1300052659841,,,,,Unfound
,,,,,,,2200022362415,,,,,Unfound
,,,,,,,4034334909,,,,4034334909,Unfound
,,,,,,,2247589210,,,,2247589210,Unfound
,,,,,,,1591023903845,,,,,Unfound
,,,,,,,1014571551563,,,,,Unfound
,,,,,,,2351925793117,,,,,Unfound
,,,,,,,2380000754047,,,,,Unfound
,,,,,,,9994702,,,,9994702,Unfound
,,,,,,,2200019765759,,,,,Unfound
,,,,,,,1200040373018,,,,,Unfound
,,,,,,,9217164104,,,,9217164104,Unfound
,,,,,,,1900035125039,,,,,Unfound
,,,,,,,1100003615200,,,,,Unfound
,,,,,,,9179451405,,,,,Unfound
,,,,,,,5061028004,,,,5061028004,Unfound
,,,,,,,2050298503,,,,2050298503,Unfound
,,,,,,,1570000145017,,,,,Unfound
,,,,,,,1300011373795,,,,,Unfound
,,,,,,,2325013078211,,,,,Unfound
,,,,,,,1800035244716,,,,,Unfound
,,,,,,,528453609,,,,528453609,Unfound
,,,,,,,1610027148362,,,,,Unfound
,,,,,,,2000002073344,,,,,Unfound
,,,,,,,1200050525821,,,,,Unfound
,,,,,,,1900025240913,,,,,Unfound
,,,,,,,1100001288646,,,,,Unfound
,,,,,,,8885061610,,,,8885061610,Unfound
,,,,,,,1591026762664,,,,,Unfound
,,,,,,,1900023191149,,,,,Unfound
,,,,,,,1100018850218,,,,,Unfound
,,,,,,,52034709,,,,52034709,Unfound
,,,,,,,1283332202,,,,1283332202,Unfound
,,,,,,,1100015608647,,,,,Unfound
,,,,,,,1700051153970,,,,,Unfound
,,,,,,,1800033193334,,,,,Unfound
,,,,,,,2980309901,,,,2980309901,Unfound
,,,,,,,1591060200580,,,,,Unfound
,,,,,,,1100011449415,,,,,Unfound
,,,,,,,1610032127490,,,,,Unfound
,,,,,,,1900016426631,,,,,Unfound
,,,,,,,8922463709,,,,8922463709,Unfound
,,,,,,,2199993067939,,,,,Unfound
,,,,,,,1012853120365,,,,,Unfound
,,,,,,,1300035416630,,,,,Unfound
,,,,,,,1610012027220,,,,,Unfound
,,,,,,,3916938704,,,,3916938704,Unfound
,,,,,,,1300004203937,,,,,Unfound
,,,,,,,1538898909,,,,1538898909,Unfound
,,,,,,,1012904488103,,,,,Unfound
,,,,,,,1600000024553,,,,,Unfound
,,,,,,,2353531260115,,,,,Unfound
,,,,,,,1900048255642,,,,,Unfound
,,,,,,,2315258636218,,,,,Unfound
,,,,,,,1591059990757,,,,,Unfound
,,,,,,,1414854760002,,,,,Unfound
,,,,,,,8922801310,,,,8922801310,Unfound
,,,,,,,1800018764191,,,,,Unfound
,,,,,,,1100014674825,,,,,Unfound
,,,,,,,1900026116214,,,,,Unfound
,,,,,,,2345600068413,,,,,Unfound
,,,,,,,1813713405,,,,1813713405,Unfound
,,,,,,,62311805,,,,62311805,Unfound
,,,,,,,1300007530621,,,,,Unfound
,,,,,,,1100018876721,,,,,Unfound
,,,,,,,1591053709925,,,,,Unfound
,,,,,,,9152964701,,,,9152964701,Unfound
,,,,,,,3353808410,,,,3353808410,Unfound
,,,,,,,2000025072932,,,,,Unfound
,,,,,,,5003475508,,,,5003475508,Unfound
,,,,,,,2346551013418,,,,,Unfound
,,,,,,,62893506,,,,62893506,Unfound
,,,,,,,2000018757154,,,,,Unfound
,,,,,,,1800053167046,,,,,Unfound
,,,,,,,2000050826650,,,,,Unfound
,,,,,,,1415582461002,,,,,Unfound
,,,,,,,2380001477278,,,,,Unfound
,,,,,,,1610027200288,,,,,Unfound
,,,,,,,1012984194142,,,,,Unfound
,,,,,,,1100009746041,,,,,Unfound
,,,,,,,2000027481702,,,,,Unfound
,,,,,,,1653770708,,,,1653770708,Unfound
,,,,,,,203057901,,,,203057901,Unfound
,,,,,,,1900011249701,,,,,Unfound
,,,,,,,52543405,,,,52543405,Unfound
,,,,,,,2739946001,,,,2739946001,Unfound
,,,,,,,1421110000000,,,,,Unfound
,,,,,,,1610020549913,,,,,Unfound
,,,,,,,1012653926793,,,,,Unfound
,,,,,,,1591056206215,,,,,Unfound
,,,,,,,8836517007,,,,8836517007,Unfound
,,,,,,,1610020088089,,,,,Unfound
,,,,,,,1200032520741,,,,,Unfound
,,,,,,,1610009134029,,,,,Unfound
,,,,,,,1800035271231,,,,,Unfound
,,,,,,,63640807,,,,63640807,Unfound
,,,,,,,1200031149284,,,,,Unfound
,,,,,,,1100022055893,,,,,Unfound
,,,,,,,2332041441714,,,,,Unfound
,,,,,,,1100004034446,,,,,Unfound
,,,,,,,63563905,,,,63563905,Unfound
,,,,,,,1418234800000,,,,,Unfound
,,,,,,,3993909708,,,,3993909708,Unfound
,,,,,,,2000010103047,,,,,Unfound
,,,,,,,1200021201635,,,,,Unfound
,,,,,,,1900032415213,,,,,Unfound
,,,,,,,1100050000000,,,,,Unfound
,,,,,,,2344402539812,,,,,Unfound
,,,,,,,1100011539478,,,,,Unfound
,,,,,,,2313390406117,,,,,Unfound
,,,,,,,2322786840517,,,,,Unfound
,,,,,,,2000005319818,,,,,Unfound
,,,,,,,1418177781009,,,,,Unfound
,,,,,,,8816224305,,,,8816224305,Unfound
,,,,,,,1100770636298,,,,,Unfound
,,,,,,,83069000,,,,83069000,Unfound
,,,,,,,1160000212412,,,,,Unfound
,,,,,,,1200040914882,,,,,Unfound
,,,,,,,1410709331001,,,,,Unfound
,,,,,,,2200013838250,,,,,Unfound
,,,,,,,60295307,,,,60295307,Unfound
,,,,,,,15926210,,,,15926210,Unfound
,,,,,,,1800024922737,,,,,Unfound
,,,,,,,1900010012708,,,,,Unfound
,,,,,,,2000023148679,,,,,Unfound
,,,,,,,2200042242996,,,,,Unfound
,,,,,,,1800017089508,,,,,Unfound
,,,,,,,2199994179843,,,,,Unfound
,,,,,,,2324462840311,,,,,Unfound
,,,,,,,601878107,,,,601878107,Unfound
,,,,,,,1800029109270,,,,,Unfound
,,,,,,,5061905904,,,,5061905904,Unfound
,,,,,,,2200018470962,,,,,Unfound
,,,,,,,1100008273326,,,,,Unfound
,,,,,,,1013021803518,,,,,Unfound
,,,,,,,2344942888513,,,,,Unfound
,,,,,,,1012411389491,,,,,Unfound
,,,,,,,1592001144172,,,,,Unfound
,,,,,,,1652425708,,,,1652425708,Unfound
,,,,,,,1900046327250,,,,,Unfound
,,,,,,,2209882003,,,,2209882003,Unfound
,,,,,,,2364693588011,,,,,Unfound
,,,,,,,2370823886110,,,,,Unfound
,,,,,,,1012454592461,,,,,Unfound
,,,,,,,1900049045137,,,,,Unfound
,,,,,,,1900032002343,,,,,Unfound
,,,,,,,1620001236909,,,,,Unfound
,,,,,,,73339906,,,,73339906,Unfound
,,,,,,,1012611685910,,,,,Unfound
,,,,,,,3298741301,,,,3298741301,Unfound
,,,,,,,8814150404,,,,8814150404,Unfound
,,,,,,,2000027323801,,,,,Unfound
,,,,,,,1100003498541,,,,,Unfound
,,,,,,,1012992504734,,,,,Unfound
,,,,,,,1900043126942,,,,,Unfound
,,,,,,,1716541563010,,,,,Unfound
,,,,,,,1900006010903,,,,,Unfound
,,,,,,,9150048308,,,,9150048308,Unfound
,,,,,,,1610012860140,,,,,Unfound
,,,,,,,9345159104,,,,9345159104,Unfound
,,,,,,,1200034308761,,,,,Unfound
,,,,,,,67884407,,,,67884407,Unfound
,,,,,,,17613805,,,,17613805,Unfound
,,,,,,,1012923137195,,,,,Unfound
,,,,,,,2559018406,,,,2559018406,Unfound
,,,,,,,1800031777019,,,,,Unfound
,,,,,,,1592001020209,,,,,Unfound
,,,,,,,524862909,,,,524862909,Unfound
,,,,,,,1416272761000,,,,,Unfound
,,,,,,,1620000732603,,,,,Unfound
,,,,,,,1800050282312,,,,,Unfound
,,,,,,,54098600,,,,54098600,Unfound
,,,,,,,1800031101810,,,,,Unfound
,,,,,,,1900030188911,,,,,Unfound
,,,,,,,1591035906491,,,,,Unfound
,,,,,,,1300008973914,,,,,Unfound
,,,,,,,1200020334399,,,,,Unfound
,,,,,,,1100003865987,,,,,Unfound
,,,,,,,1610011120008,,,,,Unfound
,,,,,,,1100014760466,,,,,Unfound
,,,,,,,7675936810,,,,7675936810,Unfound
,,,,,,,2196981902,,,,2196981902,Unfound
,,,,,,,18645902,,,,18645902,Unfound
,,,,,,,1200052294048,,,,,Unfound
,,,,,,,2200040905064,,,,,Unfound
,,,,,,,58590310,,,,58590310,Unfound
,,,,,,,1591060405642,,,,,Unfound
,,,,,,,19206409,,,,19206409,Unfound
,,,,,,,8812950909,,,,8812950909,Unfound
,,,,,,,1100015994663,,,,,Unfound
,,,,,,,1100004921490,,,,,Unfound
,,,,,,,2000054573502,,,,,Unfound
,,,,,,,2333900800013,,,,,Unfound
,,,,,,,1497446505,,,,1497446505,Unfound
,,,,,,,1800015416122,,,,,Unfound
,,,,,,,50360207,,,,50360207,Unfound
,,,,,,,1100770884114,,,,,Unfound
,,,,,,,3310208009,,,,3310208009,Unfound
,,,,,,,1900033000003,,,,,Unfound
,,,,,,,12924404,,,,12924404,Unfound
,,,,,,,1013015436198,,,,,Unfound
,,,,,,,15990309,,,,15990309,Unfound
,,,,,,,1146368903,,,,1146368903,Unfound
,,,,,,,1610028447944,,,,,Unfound
,,,,,,,2000013629801,,,,,Unfound
,,,,,,,2200030088145,,,,,Unfound
,,,,,,,3056184908,,,,3056184908,Unfound
,,,,,,,1460000761293,,,,,Unfound
,,,,,,,7675548700,,,,7675548700,Unfound
,,,,,,,1610003397434,,,,,Unfound
,,,,,,,4231216004,,,,4231216004,Unfound
,,,,,,,8909393008,,,,8909393008,Unfound
,,,,,,,2200030116059,,,,,Unfound
,,,,,,,487605,,,,487605,Unfound
,,,,,,,2000017923069,,,,,Unfound
,,,,,,,1591022491779,,,,,Unfound
,,,,,,,1100012033011,,,,,Unfound
,,,,,,,1014569000946,,,,,Unfound
,,,,,,,6961301,,,,6961301,Unfound
,,,,,,,3954180606,,,,3954180606,Unfound
,,,,,,,1100039242482,,,,,Unfound
,,,,,,,61517910,,,,61517910,Unfound
,,,,,,,1610020894552,,,,,Unfound
,,,,,,,1300003439387,,,,,Unfound
,,,,,,,48893300,,,,48893300,Unfound
,,,,,,,1800035169078,,,,,Unfound
,,,,,,,1100007560194,,,,,Unfound
,,,,,,,1900001034928,,,,,Unfound
,,,,,,,2380000158433,,,,,Unfound
,,,,,,,8829547205,,,,8829547205,Unfound
,,,,,,,1610013241390,,,,,Unfound
,,,,,,,2000022607344,,,,,Unfound
,,,,,,,1300002259929,,,,,Unfound
,,,,,,,2200021231711,,,,,Unfound
,,,,,,,1900017425346,,,,,Unfound
,,,,,,,1013012365000,,,,,Unfound
,,,,,,,2363611702112,,,,,Unfound
,,,,,,,1200041322158,,,,,Unfound
,,,,,,,1300011491596,,,,,Unfound
,,,,,,,1900011106214,,,,,Unfound
,,,,,,,8904163201,,,,8904163201,Unfound
,,,,,,,1713588423457,,,,,Unfound
,,,,,,,2343482562516,,,,,Unfound
,,,,,,,1100002324515,,,,,Unfound
,,,,,,,1900028354580,,,,,Unfound
,,,,,,,8588809,,,,8588809,Unfound
,,,,,,,2200023204269,,,,,Unfound
,,,,,,,1200031635993,,,,,Unfound
,,,,,,,8816745109,,,,8816745109,Unfound
,,,,,,,1610031375723,,,,,Unfound
,,,,,,,2199993213927,,,,,Unfound
,,,,,,,2000011034253,,,,,Unfound
,,,,,,,81651904,,,,81651904,Unfound
,,,,,,,14222707,,,,14222707,Unfound
,,,,,,,1012610759242,,,,,Unfound
,,,,,,,2000019455130,,,,,Unfound
,,,,,,,1160000744211,,,,,Unfound
,,,,,,,9213113403,,,,9213113403,Unfound
,,,,,,,1012950000000,,,,,Unfound
,,,,,,,1100006136051,,,,,Unfound
,,,,,,,2000004488871,,,,,Unfound
,,,,,,,8826494408,,,,8826494408,Unfound
,,,,,,,2200030046001,,,,,Unfound
,,,,,,,1800016622281,,,,,Unfound
,,,,,,,8909721706,,,,8909721706,Unfound
,,,,,,,1030000355299,,,,,Unfound
,,,,,,,9185079902,,,,9185079902,Unfound
,,,,,,,1484077905,,,,1484077905,Unfound
,,,,,,,2000054230430,,,,,Unfound
,,,,,,,1170000942073,,,,,Unfound
,,,,,,,1200001037500,,,,,Unfound
,,,,,,,1200023890705,,,,,Unfound
,,,,,,,1023507801366,,,,,Unfound
,,,,,,,51732201,,,,51732201,Unfound
,,,,,,,1100008359513,,,,,Unfound
,,,,,,,1200041216618,,,,,Unfound
,,,,,,,2199997675081,,,,,Unfound
,,,,,,,2199993983343,,,,,Unfound
,,,,,,,1200050884808,,,,,Unfound
,,,,,,,2000052246934,,,,,Unfound
,,,,,,,49205504,,,,49205504,Unfound
,,,,,,,1591060971080,,,,,Unfound
,,,,,,,60451710,,,,60451710,Unfound
,,,,,,,2702599210,,,,2702599210,Unfound
,,,,,,,1900090959330,,,,,Unfound
,,,,,,,1100023290526,,,,,Unfound
,,,,,,,9198362503,,,,9198362503,Unfound
,,,,,,,1591060550641,,,,,Unfound
,,,,,,,2380000294925,,,,,Unfound
,,,,,,,1452380709,,,,1452380709,Unfound
,,,,,,,2557755004,,,,2557755004,Unfound
,,,,,,,7685409,,,,7685409,Unfound
,,,,,,,1200032288068,,,,,Unfound
,,,,,,,2199991375830,,,,,Unfound
,,,,,,,1900011255991,,,,,Unfound
,,,,,,,1200033573178,,,,,Unfound
,,,,,,,2000008896659,,,,,Unfound
,,,,,,,1012662960968,,,,,Unfound
,,,,,,,9101718100,,,,9101718100,Unfound
,,,,,,,9331501803,,,,9331501803,Unfound
,,,,,,,1100012823264,,,,,Unfound
,,,,,,,2314861881819,,,,,Unfound
,,,,,,,2000008980362,,,,,Unfound
,,,,,,,1900036416372,,,,,Unfound
,,,,,,,51198903,,,,51198903,Unfound
,,,,,,,2324423011311,,,,,Unfound
,,,,,,,1610010386455,,,,,Unfound
,,,,,,,1900013019343,,,,,Unfound
,,,,,,,1800016255398,,,,,Unfound
,,,,,,,1012360000000,,,,,Unfound
,,,,,,,1100010974635,,,,,Unfound
,,,,,,,1847007207,,,,1847007207,Unfound
,,,,,,,1100000019317,,,,,Unfound
,,,,,,,1160000727581,,,,,Unfound
,,,,,,,2354774396414,,,,,Unfound
,,,,,,,1100006328912,,,,,Unfound
,,,,,,,2199994363702,,,,,Unfound
,,,,,,,1416705290008,,,,,Unfound
,,,,,,,1900070105871,,,,,Unfound
,,,,,,,49365807,,,,49365807,Unfound
,,,,,,,1800032804160,,,,,Unfound
,,,,,,,1012811831919,,,,,Unfound
,,,,,,,1591043858267,,,,,Unfound
,,,,,,,2200020692667,,,,,Unfound
,,,,,,,9148409708,,,,9148409708,Unfound
,,,,,,,8926332501,,,,8926332501,Unfound
,,,,,,,1900038015756,,,,,Unfound
,,,,,,,2000023367841,,,,,Unfound
,,,,,,,61332505,,,,61332505,Unfound
,,,,,,,1200026740630,,,,,Unfound
,,,,,,,1800026390270,,,,,Unfound
,,,,,,,1415337870000,,,,,Unfound
,,,,,,,2000022572728,,,,,Unfound
,,,,,,,82696505,,,,82696505,Unfound
,,,,,,,1200024315966,,,,,Unfound
,,,,,,,1100022796858,,,,,Unfound
,,,,,,,1012592549681,,,,,Unfound
,,,,,,,59973500,,,,59973500,Unfound
,,,,,,,2000000395373,,,,,Unfound
,,,,,,,1600000175810,,,,,Unfound
,,,,,,,3256284500,,,,3256284500,Unfound
,,,,,,,2000022433077,,,,,Unfound
,,,,,,,3387890606,,,,3387890606,Unfound
,,,,,,,2000018652406,,,,,Unfound
,,,,,,,2000008734113,,,,,Unfound
,,,,,,,1610028571882,,,,,Unfound
,,,,,,,1900027191198,,,,,Unfound
,,,,,,,1900003023671,,,,,Unfound
,,,,,,,1100008674690,,,,,Unfound
,,,,,,,1620001009820,,,,,Unfound
,,,,,,,1100006767606,,,,,Unfound
,,,,,,,1800023754104,,,,,Unfound
,,,,,,,3908039404,,,,3908039404,Unfound
,,,,,,,1900017172658,,,,,Unfound
,,,,,,,1900028278983,,,,,Unfound
,,,,,,,2352825829017,,,,,Unfound
,,,,,,,2200030043010,,,,,Unfound
,,,,,,,2199992818240,,,,,Unfound
,,,,,,,2000017101454,,,,,Unfound
,,,,,,,1591028544530,,,,,Unfound
,,,,,,,1200036020901,,,,,Unfound
,,,,,,,1300005458196,,,,,Unfound
,,,,,,,9088071905,,,,9088071905,Unfound
,,,,,,,1591060691333,,,,,Unfound
,,,,,,,1610001812705,,,,,Unfound
,,,,,,,2316540028010,,,,,Unfound
,,,,,,,2000023257935,,,,,Unfound
,,,,,,,2200030024470,,,,,Unfound
,,,,,,,2000024871042,,,,,Unfound
,,,,,,,2380001144548,,,,,Unfound
,,,,,,,2333712313817,,,,,Unfound
,,,,,,,1013084300725,,,,,Unfound
,,,,,,,1900030159098,,,,,Unfound
,,,,,,,1300008883749,,,,,Unfound
,,,,,,,72410005,,,,72410005,Unfound
,,,,,,,8842984406,,,,8842984406,Unfound
,,,,,,,1261481904,,,,1261481904,Unfound
,,,,,,,3902949604,,,,3902949604,Unfound
,,,,,,,14902505,,,,14902505,Unfound
,,,,,,,1591062416089,,,,,Unfound
,,,,,,,1200025933653,,,,,Unfound
,,,,,,,1012493792514,,,,,Unfound
,,,,,,,2200020103665,,,,,Unfound
,,,,,,,666674703,,,,666674703,Unfound
,,,,,,,1591059886860,,,,,Unfound
,,,,,,,1200036909445,,,,,Unfound
,,,,,,,60229507,,,,60229507,Unfound
,,,,,,,2437154407,,,,2437154407,Unfound
,,,,,,,2000014603371,,,,,Unfound
,,,,,,,3220866204,,,,3220866204,Unfound
,,,,,,,1900023410237,,,,,Unfound
,,,,,,,8815241704,,,,8815241704,Unfound
,,,,,,,2350921156910,,,,,Unfound
,,,,,,,2200023210138,,,,,Unfound
,,,,,,,49617202,,,,49617202,Unfound
,,,,,,,1610000873948,,,,,Unfound
,,,,,,,560893004,,,,560893004,Unfound
,,,,,,,1610010451440,,,,,Unfound
,,,,,,,1100001067680,,,,,Unfound
,,,,,,,2334357528917,,,,,Unfound
,,,,,,,21213809,,,,21213809,Unfound
,,,,,,,1900045326803,,,,,Unfound
,,,,,,,1591016260278,,,,,Unfound
,,,,,,,4092905,,,,4092905,Unfound
,,,,,,,1800035201786,,,,,Unfound
,,,,,,,1200021816978,,,,,Unfound
,,,,,,,1200051353482,,,,,Unfound
,,,,,,,8852080502,,,,8852080502,Unfound
,,,,,,,1100002795628,,,,,Unfound
,,,,,,,75003905,,,,75003905,Unfound
,,,,,,,1900060548882,,,,,Unfound
,,,,,,,1800053750876,,,,,Unfound
,,,,,,,2313619291710,,,,,Unfound
,,,,,,,2000009732766,,,,,Unfound
,,,,,,,51843109,,,,51843109,Unfound
,,,,,,,1800050633950,,,,,Unfound
,,,,,,,1470000310420,,,,,Unfound
,,,,,,,1800029663437,,,,,Unfound
,,,,,,,2000003420029,,,,,Unfound
,,,,,,,1610023990343,,,,,Unfound
,,,,,,,1200022822379,,,,,Unfound
,,,,,,,2200013296778,,,,,Unfound
,,,,,,,1900039340089,,,,,Unfound
,,,,,,,714171407,,,,714171407,Unfound
,,,,,,,2000013820875,,,,,Unfound
,,,,,,,1013067779826,,,,,Unfound
,,,,,,,2352093615114,,,,,Unfound
,,,,,,,18298301,,,,18298301,Unfound
,,,,,,,2000052071548,,,,,Unfound
,,,,,,,3926748806,,,,3926748806,Unfound
,,,,,,,8930272709,,,,8930272709,Unfound
,,,,,,,2000027394741,,,,,Unfound
,,,,,,,1100004023852,,,,,Unfound
,,,,,,,2197822606,,,,2197822606,Unfound
,,,,,,,1600000038281,,,,,Unfound
,,,,,,,1100004214498,,,,,Unfound
,,,,,,,2199998517395,,,,,Unfound
,,,,,,,1800016356750,,,,,Unfound
,,,,,,,20660504,,,,20660504,Unfound
,,,,,,,3383774707,,,,3383774707,Unfound
,,,,,,,1600000000489,,,,,Unfound
,,,,,,,1416210210008,,,,,Unfound
,,,,,,,2000055594735,,,,,Unfound
,,,,,,,1415046412002,,,,,Unfound
,,,,,,,1610031170341,,,,,Unfound
,,,,,,,1100002830404,,,,,Unfound
,,,,,,,1800020102648,,,,,Unfound
,,,,,,,1100001623900,,,,,Unfound
,,,,,,,2199991313657,,,,,Unfound
,,,,,,,1100001071357,,,,,Unfound
,,,,,,,8905097006,,,,8905097006,Unfound
,,,,,,,2000017281368,,,,,Unfound
,,,,,,,2333240504010,,,,,Unfound
,,,,,,,2200013001090,,,,,Unfound
,,,,,,,1100003950329,,,,,Unfound
,,,,,,,1610018671117,,,,,Unfound
,,,,,,,11982806,,,,11982806,Unfound
,,,,,,,9096913104,,,,9096913104,Unfound
,,,,,,,2325040799010,,,,,Unfound
,,,,,,,1012760800896,,,,,Unfound
,,,,,,,1715053990650,,,,,Unfound
,,,,,,,2325369453113,,,,,Unfound
,,,,,,,1100007943158,,,,,Unfound
,,,,,,,1900020116255,,,,,Unfound
,,,,,,,1100023875999,,,,,Unfound
,,,,,,,1800026868940,,,,,Unfound
,,,,,,,1610021565535,,,,,Unfound
,,,,,,,1591020683477,,,,,Unfound
,,,,,,,2000019306917,,,,,Unfound
,,,,,,,1200021322534,,,,,Unfound
,,,,,,,61599703,,,,61599703,Unfound
,,,,,,,1610020662594,,,,,Unfound
,,,,,,,1012998638600,,,,,Unfound
,,,,,,,1100025550923,,,,,Unfound
,,,,,,,1200028310260,,,,,Unfound
,,,,,,,1610031764230,,,,,Unfound
,,,,,,,3073937210,,,,3073937210,Unfound
,,,,,,,2000052071399,,,,,Unfound
,,,,,,,1591042989650,,,,,Unfound
,,,,,,,1100008408152,,,,,Unfound
,,,,,,,8835281706,,,,8835281706,Unfound
,,,,,,,1591054427786,,,,,Unfound
,,,,,,,1610004553964,,,,,Unfound
,,,,,,,1413454140004,,,,,Unfound
,,,,,,,1200050462358,,,,,Unfound
,,,,,,,1100003596434,,,,,Unfound
,,,,,,,9212597806,,,,9212597806,Unfound
,,,,,,,2563110403,,,,2563110403,Unfound
,,,,,,,1800060717837,,,,,Unfound
,,,,,,,8813605706,,,,8813605706,Unfound
,,,,,,,1200039283846,,,,,Unfound
,,,,,,,1800018947783,,,,,Unfound
,,,,,,,2000004947404,,,,,Unfound
,,,,,,,2000000018410,,,,,Unfound
,,,,,,,1900027062864,,,,,Unfound
,,,,,,,1012848465628,,,,,Unfound
,,,,,,,2000027446043,,,,,Unfound
,,,,,,,2000009493500,,,,,Unfound
,,,,,,,1591060001527,,,,,Unfound
,,,,,,,8214902,,,,8214902,Unfound
,,,,,,,1122556905,,,,1122556905,Unfound
,,,,,,,1261856304,,,,1261856304,Unfound
,,,,,,,1200023406902,,,,,Unfound
,,,,,,,2200016082552,,,,,Unfound
,,,,,,,1900037000350,,,,,Unfound
,,,,,,,48033002,,,,48033002,Unfound
,,,,,,,2000013498900,,,,,Unfound
,,,,,,,1900035425687,,,,,Unfound
,,,,,,,2000008978674,,,,,Unfound
,,,,,,,1100770303327,,,,,Unfound
,,,,,,,2200020531542,,,,,Unfound
,,,,,,,2199992412321,,,,,Unfound
,,,,,,,47103800,,,,47103800,Unfound
,,,,,,,2199994196510,,,,,Unfound
,,,,,,,2321256420212,,,,,Unfound
,,,,,,,1012798573333,,,,,Unfound
,,,,,,,1570000226517,,,,,Unfound
,,,,,,,2000027217110,,,,,Unfound
,,,,,,,1300006718973,,,,,Unfound
,,,,,,,1800032776879,,,,,Unfound
,,,,,,,2199996391998,,,,,Unfound
,,,,,,,2000003241842,,,,,Unfound
,,,,,,,1300000160740,,,,,Unfound
,,,,,,,2000051197054,,,,,Unfound
,,,,,,,1418678003004,,,,,Unfound
,,,,,,,1900018188880,,,,,Unfound
,,,,,,,1012501810543,,,,,Unfound
,,,,,,,2350230189719,,,,,Unfound
,,,,,,,1012598121668,,,,,Unfound
,,,,,,,1610030837348,,,,,Unfound
,,,,,,,1300054487030,,,,,Unfound
,,,,,,,1200022057399,,,,,Unfound
,,,,,,,1100002830097,,,,,Unfound
,,,,,,,1200021496764,,,,,Unfound
,,,,,,,1100015678101,,,,,Unfound
,,,,,,,1300060557700,,,,,Unfound
,,,,,,,1100039248703,,,,,Unfound
,,,,,,,1591000000660,,,,,Unfound
,,,,,,,2200013422324,,,,,Unfound
,,,,,,,1610009471819,,,,,Unfound
,,,,,,,1200010210320,,,,,Unfound
,,,,,,,9113248610,,,,9113248610,Unfound
,,,,,,,1200025928973,,,,,Unfound
,,,,,,,1300003743858,,,,,Unfound
,,,,,,,9136098308,,,,9136098308,Unfound
,,,,,,,2380000163406,,,,,Unfound
,,,,,,,1200022936856,,,,,Unfound
,,,,,,,1591027984927,,,,,Unfound
,,,,,,,3934847310,,,,3934847310,Unfound
,,,,,,,47849606,,,,47849606,Unfound
,,,,,,,1900014250444,,,,,Unfound
,,,,,,,2000024735039,,,,,Unfound
,,,,,,,1800027291915,,,,,Unfound
,,,,,,,1012365700225,,,,,Unfound
,,,,,,,2199993026384,,,,,Unfound
,,,,,,,2374612155719,,,,,Unfound
,,,,,,,1800016863945,,,,,Unfound
,,,,,,,1900000426440,,,,,Unfound
,,,,,,,2200040163171,,,,,Unfound
,,,,,,,1591023956892,,,,,Unfound
,,,,,,,2200021134725,,,,,Unfound
,,,,,,,2200040269365,,,,,Unfound
,,,,,,,1100007385832,,,,,Unfound
,,,,,,,1591059522102,,,,,Unfound
,,,,,,,2200040902940,,,,,Unfound
,,,,,,,2786735003,,,,2786735003,Unfound
,,,,,,,1800025102049,,,,,Unfound
,,,,,,,1900000423220,,,,,Unfound
,,,,,,,1591045101170,,,,,Unfound
,,,,,,,9190731602,,,,,Unfound
,,,,,,,63494901,,,,63494901,Unfound
,,,,,,,2000027164753,,,,,Unfound
,,,,,,,2000001139525,,,,,Unfound
,,,,,,,1900041367276,,,,,Unfound
,,,,,,,1200019900645,,,,,Unfound
,,,,,,,1632615409,,,,1632615409,Unfound
,,,,,,,1507781060041,,,,,Unfound
,,,,,,,1200022364136,,,,,Unfound
,,,,,,,8813855404,,,,8813855404,Unfound
,,,,,,,2200015480620,,,,,Unfound
,,,,,,,1200029524071,,,,,Unfound
,,,,,,,2380000951917,,,,,Unfound
,,,,,,,3974720209,,,,3974720209,Unfound
,,,,,,,2000019214879,,,,,Unfound
,,,,,,,1900047306000,,,,,Unfound
,,,,,,,52899310,,,,52899310,Unfound
,,,,,,,3345121804,,,,3345121804,Unfound
,,,,,,,2723998803,,,,2723998803,Unfound
,,,,,,,1030062408660,,,,,Unfound
,,,,,,,1591033412223,,,,,Unfound
,,,,,,,2200041938051,,,,,Unfound
,,,,,,,2000002328164,,,,,Unfound
,,,,,,,2562075703,,,,2562075703,Unfound
,,,,,,,1300004851920,,,,,Unfound
,,,,,,,2200040176890,,,,,Unfound
,,,,,,,1900047239630,,,,,Unfound
,,,,,,,1900020337230,,,,,Unfound
,,,,,,,1013068616333,,,,,Unfound
,,,,,,,1300012767120,,,,,Unfound
,,,,,,,1100024586291,,,,,Unfound
,,,,,,,1200030504464,,,,,Unfound
,,,,,,,2051129507,,,,2051129507,Unfound
,,,,,,,1900043256776,,,,,Unfound
,,,,,,,1800023997411,,,,,Unfound
,,,,,,,1300002239755,,,,,Unfound
,,,,,,,8822207605,,,,8822207605,Unfound
,,,,,,,68263402,,,,68263402,Unfound
,,,,,,,1100003888887,,,,,Unfound
,,,,,,,2199994918814,,,,,Unfound
,,,,,,,1200037131413,,,,,Unfound
,,,,,,,3347501903,,,,3347501903,Unfound
,,,,,,,9216997708,,,,9216997708,Unfound
,,,,,,,2000000000000,,,,,Unfound
,,,,,,,1900014181117,,,,,Unfound
,,,,,,,2000022597616,,,,,Unfound
,,,,,,,2000014730326,,,,,Unfound
,,,,,,,1900014168064,,,,,Unfound
,,,,,,,1717437393709,,,,,Unfound
,,,,,,,1012999226717,,,,,Unfound
,,,,,,,48816001,,,,48816001,Unfound
,,,,,,,1800029979287,,,,,Unfound
,,,,,,,2315454811116,,,,,Unfound
,,,,,,,1900011112644,,,,,Unfound
,,,,,,,61401902,,,,61401902,Unfound
,,,,,,,1900028111157,,,,,Unfound
,,,,,,,2332108116215,,,,,Unfound
,,,,,,,1100002281553,,,,,Unfound
,,,,,,,2200019354237,,,,,Unfound
,,,,,,,21349509,,,,21349509,Unfound
,,,,,,,1900022369614,,,,,Unfound
,,,,,,,1800014538177,,,,,Unfound
,,,,,,,1300009299820,,,,,Unfound
,,,,,,,2078658010,,,,2078658010,Unfound
,,,,,,,68343501,,,,68343501,Unfound
,,,,,,,1610014211020,,,,,Unfound
,,,,,,,2342805740510,,,,,Unfound
,,,,,,,1200039021810,,,,,Unfound
,,,,,,,1610020213280,,,,,Unfound
,,,,,,,1100003543520,,,,,Unfound
,,,,,,,1800018775360,,,,,Unfound
,,,,,,,1100024916253,,,,,Unfound
,,,,,,,3051972403,,,,3051972403,Unfound
,,,,,,,1900049129104,,,,,Unfound
,,,,,,,1900022247233,,,,,Unfound
,,,,,,,1591000002989,,,,,Unfound
,,,,,,,2374452105317,,,,,Unfound
,,,,,,,1100018451651,,,,,Unfound
,,,,,,,9151075507,,,,9151075507,Unfound
,,,,,,,1900041066584,,,,,Unfound
,,,,,,,2200022681899,,,,,Unfound
,,,,,,,4218615704,,,,4218615704,Unfound
,,,,,,,1200040341638,,,,,Unfound
,,,,,,,1722856053505,,,,,Unfound
,,,,,,,2360101849214,,,,,Unfound
,,,,,,,1610023911704,,,,,Unfound
,,,,,,,1300035393210,,,,,Unfound
,,,,,,,2000007183575,,,,,Unfound
,,,,,,,1800053843449,,,,,Unfound
,,,,,,,2199998319121,,,,,Unfound
,,,,,,,1100003998279,,,,,Unfound
,,,,,,,1100006182829,,,,,Unfound
,,,,,,,8872892700,,,,8872892700,Unfound
,,,,,,,2440891109,,,,2440891109,Unfound
,,,,,,,1800015822274,,,,,Unfound
,,,,,,,1900041009586,,,,,Unfound
,,,,,,,1900044015750,,,,,Unfound
,,,,,,,1591025320783,,,,,Unfound
,,,,,,,524539408,,,,524539408,Unfound
,,,,,,,1200027199558,,,,,Unfound
,,,,,,,2200013706456,,,,,Unfound
,,,,,,,520030910,,,,520030910,Unfound
,,,,,,,1610010704839,,,,,Unfound
,,,,,,,1800014438278,,,,,Unfound
,,,,,,,76874910,,,,76874910,Unfound
,,,,,,,8817653502,,,,8817653502,Unfound
,,,,,,,1100011034821,,,,,Unfound
,,,,,,,1200025262924,,,,,Unfound
,,,,,,,1640000147951,,,,,Unfound
,,,,,,,2199994598318,,,,,Unfound
,,,,,,,17696106,,,,17696106,Unfound
,,,,,,,1200030167194,,,,,Unfound
,,,,,,,51859809,,,,51859809,Unfound
,,,,,,,1591156947443,,,,,Unfound
,,,,,,,2200014365660,,,,,Unfound
,,,,,,,3303664000,,,,3303664000,Unfound
,,,,,,,2200011663730,,,,,Unfound
,,,,,,,44699205,,,,44699205,Unfound
,,,,,,,1100003817228,,,,,Unfound
,,,,,,,1130000055283,,,,,Unfound
,,,,,,,1200010144500,,,,,Unfound
,,,,,,,1610000054768,,,,,Unfound
,,,,,,,1200033421624,,,,,Unfound
,,,,,,,1900049030628,,,,,Unfound
,,,,,,,2332128340916,,,,,Unfound
,,,,,,,2199993243132,,,,,Unfound
,,,,,,,1100022693034,,,,,Unfound
,,,,,,,1305466203,,,,1305466203,Unfound
,,,,,,,1200029647400,,,,,Unfound
,,,,,,,1200028119980,,,,,Unfound
,,,,,,,1200025309704,,,,,Unfound
,,,,,,,1600000045118,,,,,Unfound
,,,,,,,2315602921512,,,,,Unfound
,,,,,,,1012935942673,,,,,Unfound
,,,,,,,1100051213771,,,,,Unfound
,,,,,,,1900060363540,,,,,Unfound
,,,,,,,49927509,,,,49927509,Unfound
,,,,,,,1900023355231,,,,,Unfound
,,,,,,,1023529843186,,,,,Unfound
,,,,,,,2000007606261,,,,,Unfound
,,,,,,,1900005336263,,,,,Unfound
,,,,,,,2000008910115,,,,,Unfound
,,,,,,,1013047822496,,,,,Unfound
,,,,,,,1200025148091,,,,,Unfound
,,,,,,,2340105429019,,,,,Unfound
,,,,,,,2000009617488,,,,,Unfound
,,,,,,,54546410,,,,54546410,Unfound
,,,,,,,8848307506,,,,8848307506,Unfound
,,,,,,,1012463681834,,,,,Unfound
,,,,,,,1013041639863,,,,,Unfound
,,,,,,,1100006999113,,,,,Unfound
,,,,,,,2000012476853,,,,,Unfound
,,,,,,,3294009110,,,,3294009110,Unfound
,,,,,,,47176906,,,,47176906,Unfound
,,,,,,,3091761403,,,,3091761403,Unfound
,,,,,,,1307664408,,,,1307664408,Unfound
,,,,,,,1330284504,,,,1330284504,Unfound
,,,,,,,1300051971536,,,,,Unfound
,,,,,,,2579224208,,,,2579224208,Unfound
,,,,,,,1563342607,,,,1563342607,Unfound
,,,,,,,1012698938481,,,,,Unfound
,,,,,,,1100039212400,,,,,Unfound
,,,,,,,2199995988886,,,,,Unfound
,,,,,,,1200041625575,,,,,Unfound
,,,,,,,2325866454910,,,,,Unfound
,,,,,,,2000012230475,,,,,Unfound
,,,,,,,1417171001001,,,,,Unfound
,,,,,,,1012483851916,,,,,Unfound
,,,,,,,2000052604034,,,,,Unfound
,,,,,,,1100004934684,,,,,Unfound
,,,,,,,2324968449117,,,,,Unfound
,,,,,,,67800801,,,,67800801,Unfound
,,,,,,,2332041722710,,,,,Unfound
,,,,,,,2000025340309,,,,,Unfound
,,,,,,,2200030046000,,,,,Unfound
,,,,,,,1100002461620,,,,,Unfound
,,,,,,,1900024014627,,,,,Unfound
,,,,,,,74634004,,,,74634004,Unfound
,,,,,,,1610019128928,,,,,Unfound
,,,,,,,8819661208,,,,8819661208,Unfound
,,,,,,,3255658005,,,,3255658005,Unfound
,,,,,,,2200015959833,,,,,Unfound
,,,,,,,48230004,,,,48230004,Unfound
,,,,,,,1800016622324,,,,,Unfound
,,,,,,,1300002126397,,,,,Unfound
,,,,,,,2000021976391,,,,,Unfound
,,,,,,,1415437870005,,,,,Unfound
,,,,,,,2311097834418,,,,,Unfound
,,,,,,,9120844707,,,,9120844707,Unfound
,,,,,,,1580000002315,,,,,Unfound
,,,,,,,94185709,,,,94185709,Unfound
,,,,,,,60160710,,,,60160710,Unfound
,,,,,,,1591011794520,,,,,Unfound
,,,,,,,1100003350696,,,,,Unfound
,,,,,,,2364992538210,,,,,Unfound
,,,,,,,3205832705,,,,3205832705,Unfound
,,,,,,,1023514682739,,,,,Unfound
,,,,,,,8830809809,,,,8830809809,Unfound
,,,,,,,1620000977467,,,,,Unfound
,,,,,,,3927279308,,,,3927279308,Unfound
,,,,,,,1300005660444,,,,,Unfound
,,,,,,,1419564450005,,,,,Unfound
,,,,,,,1200025271520,,,,,Unfound
,,,,,,,1063909901,,,,1063909901,Unfound
,,,,,,,1900011065375,,,,,Unfound
,,,,,,,2342221020517,,,,,Unfound
,,,,,,,1275466609,,,,1275466609,Unfound
,,,,,,,1800020414350,,,,,Unfound
,,,,,,,62939010,,,,62939010,Unfound
,,,,,,,3961555210,,,,3961555210,Unfound
,,,,,,,1100021753914,,,,,Unfound
,,,,,,,2000022368506,,,,,Unfound
,,,,,,,1100021679785,,,,,Unfound
,,,,,,,8855927909,,,,8855927909,Unfound
,,,,,,,1800035189117,,,,,Unfound
,,,,,,,1610005478192,,,,,Unfound
,,,,,,,1900029058451,,,,,Unfound
,,,,,,,1591046300913,,,,,Unfound
,,,,,,,1300054881043,,,,,Unfound
,,,,,,,1412168121004,,,,,Unfound
,,,,,,,2758502308,,,,2758502308,Unfound
,,,,,,,1416079560009,,,,,Unfound
,,,,,,,1014570004755,,,,,Unfound
,,,,,,,1610004104553,,,,,Unfound
,,,,,,,1100007421603,,,,,Unfound
,,,,,,,1013016048686,,,,,Unfound
,,,,,,,1100014893139,,,,,Unfound
,,,,,,,8813982602,,,,8813982602,Unfound
,,,,,,,1415853103007,,,,,Unfound
,,,,,,,2480734005,,,,2480734005,Unfound
,,,,,,,1012653564083,,,,,Unfound
,,,,,,,2198765300197,,,,,Unfound
,,,,,,,53739910,,,,53739910,Unfound
,,,,,,,2200017553689,,,,,Unfound
,,,,,,,2200021042784,,,,,Unfound
,,,,,,,2200013646772,,,,,Unfound
,,,,,,,4026523400,,,,4026523400,Unfound
,,,,,,,58186505,,,,58186505,Unfound
,,,,,,,1507868231069,,,,,Unfound
,,,,,,,1100019780796,,,,,Unfound
,,,,,,,2380000489894,,,,,Unfound
,,,,,,,1591000261574,,,,,Unfound
,,,,,,,1012401400368,,,,,Unfound
,,,,,,,1300000477422,,,,,Unfound
,,,,,,,1900023005143,,,,,Unfound
,,,,,,,2200018039665,,,,,Unfound
,,,,,,,1100013846420,,,,,Unfound
,,,,,,,2000023859540,,,,,Unfound
,,,,,,,1200023855589,,,,,Unfound
,,,,,,,2000012509792,,,,,Unfound
,,,,,,,1716818735504,,,,,Unfound
,,,,,,,1713658181550,,,,,Unfound
,,,,,,,9219912307,,,,9219912307,Unfound
,,,,,,,1610003129742,,,,,Unfound
,,,,,,,1800014529312,,,,,Unfound
,,,,,,,1100003098893,,,,,Unfound
,,,,,,,1610018642064,,,,,Unfound
,,,,,,,1610018956377,,,,,Unfound
,,,,,,,1012969524976,,,,,Unfound
,,,,,,,614102100,,,,614102100,Unfound
,,,,,,,17658401,,,,17658401,Unfound
,,,,,,,1591002709998,,,,,Unfound
,,,,,,,1591030133816,,,,,Unfound
,,,,,,,1610012244051,,,,,Unfound
,,,,,,,1600000023540,,,,,Unfound
,,,,,,,2200013969263,,,,,Unfound
,,,,,,,2200013578927,,,,,Unfound
,,,,,,,9181638802,,,,9181638802,Unfound
,,,,,,,1200021438994,,,,,Unfound
,,,,,,,1012656100750,,,,,Unfound
,,,,,,,1418190050004,,,,,Unfound
,,,,,,,8814658407,,,,8814658407,Unfound
,,,,,,,1580000940000,,,,,Unfound
,,,,,,,2000024777093,,,,,Unfound
,,,,,,,1900015234815,,,,,Unfound
,,,,,,,1610005105006,,,,,Unfound
,,,,,,,1100003648214,,,,,Unfound
,,,,,,,2199991314632,,,,,Unfound
,,,,,,,2199989908353,,,,,Unfound
,,,,,,,1800020177564,,,,,Unfound
,,,,,,,2000022616599,,,,,Unfound
,,,,,,,2360424451815,,,,,Unfound
,,,,,,,4216765107,,,,4216765107,Unfound
,,,,,,,1200024392640,,,,,Unfound
,,,,,,,1030024077095,,,,,Unfound
,,,,,,,1012984173904,,,,,Unfound
,,,,,,,2000013101520,,,,,Unfound
,,,,,,,1800004337550,,,,,Unfound
,,,,,,,1200026761835,,,,,Unfound
,,,,,,,1610028448691,,,,,Unfound
,,,,,,,1900036428216,,,,,Unfound
,,,,,,,1610023217924,,,,,Unfound
,,,,,,,1200029457600,,,,,Unfound
,,,,,,,1100005381827,,,,,Unfound
,,,,,,,1200050954828,,,,,Unfound
,,,,,,,2065476903,,,,2065476903,Unfound
,,,,,,,1419631660007,,,,,Unfound
,,,,,,,1012506598915,,,,,Unfound
,,,,,,,2200012888853,,,,,Unfound
,,,,,,,1900030253757,,,,,Unfound
,,,,,,,1300051974573,,,,,Unfound
,,,,,,,1200025635243,,,,,Unfound
,,,,,,,2000002697237,,,,,Unfound
,,,,,,,72082901,,,,72082901,Unfound
,,,,,,,9083106906,,,,9083106906,Unfound
,,,,,,,1200029530800,,,,,Unfound
,,,,,,,1012855540191,,,,,Unfound
,,,,,,,1200035151640,,,,,Unfound
,,,,,,,1014737704,,,,1014737704,Unfound
,,,,,,,2000021175030,,,,,Unfound
,,,,,,,1800035134084,,,,,Unfound
,,,,,,,1200021496374,,,,,Unfound
,,,,,,,2320283730616,,,,,Unfound
,,,,,,,17168810,,,,17168810,Unfound
,,,,,,,1900041276673,,,,,Unfound
,,,,,,,1300009524912,,,,,Unfound
,,,,,,,3310251201,,,,3310251201,Unfound
,,,,,,,4546307206,,,,4546307206,Unfound
,,,,,,,1900023288746,,,,,Unfound
,,,,,,,1591009525743,,,,,Unfound
,,,,,,,15184001,,,,15184001,Unfound
,,,,,,,2200010508680,,,,,Unfound
,,,,,,,2126111300,,,,2126111300,Unfound
,,,,,,,2000022211187,,,,,Unfound
,,,,,,,2364685715118,,,,,Unfound
,,,,,,,1610019927400,,,,,Unfound
,,,,,,,3914824409,,,,3914824409,Unfound
,,,,,,,1800028446837,,,,,Unfound
,,,,,,,1411434300006,,,,,Unfound
,,,,,,,89950809,,,,1,Unfound
,,,,,,,53032306,,,,28839,Unfound
,,,,,,,1300005898840,,,,,Unfound
,,,,,,,2000002142193,,,,,Unfound
,,,,,,,1415404610009,,,,,Unfound
,,,,,,,1591044243964,,,,,Unfound
,,,,,,,1100002293976,,,,,Unfound
,,,,,,,64770803,,,,64770803,Unfound
,,,,,,,2200023026074,,,,,Unfound
,,,,,,,2336593724214,,,,,Unfound
,,,,,,,2000014436189,,,,,Unfound
,,,,,,,1100003350784,,,,,Unfound
,,,,,,,1610031453780,,,,,Unfound
,,,,,,,1012557539085,,,,,Unfound
,,,,,,,1610020855562,,,,,Unfound
,,,,,,,2200010358776,,,,,Unfound
,,,,,,,1610031453823,,,,,Unfound
,,,,,,,2363060899022,,,,,Unfound
,,,,,,,1900005028389,,,,,Unfound
,,,,,,,1717025787090,,,,,Unfound
,,,,,,,1100004263982,,,,,Unfound
,,,,,,,2000054555994,,,,,Unfound
,,,,,,,9187170808,,,,9187170808,Unfound
,,,,,,,3352740105,,,,3352740105,Unfound
,,,,,,,1610030439321,,,,,Unfound
,,,,,,,1591057772683,,,,,Unfound
,,,,,,,3058544103,,,,3058544103,Unfound
,,,,,,,2361900897514,,,,,Unfound
,,,,,,,2000004284913,,,,,Unfound
,,,,,,,1100003932240,,,,,Unfound
,,,,,,,2380002118006,,,,,Unfound
,,,,,,,1012710214690,,,,,Unfound
,,,,,,,509217208,,,,509217208,Unfound
,,,,,,,2000027831530,,,,,Unfound
,,,,,,,1800053672172,,,,,Unfound
,,,,,,,1610000004900,,,,,Unfound
,,,,,,,2365304249014,,,,,Unfound
,,,,,,,1610005293471,,,,,Unfound
,,,,,,,2322833011210,,,,,Unfound
,,,,,,,1200026741059,,,,,Unfound
,,,,,,,2360880489012,,,,,Unfound
,,,,,,,1200021192255,,,,,Unfound
,,,,,,,2199994798826,,,,,Unfound
,,,,,,,1300006583710,,,,,Unfound
,,,,,,,1610014696526,,,,,Unfound
,,,,,,,2710595905,,,,2710595905,Unfound
,,,,,,,2000007718342,,,,,Unfound
,,,,,,,2000007242974,,,,,Unfound
,,,,,,,12307110,,,,12307110,Unfound
,,,,,,,2200030111000,,,,,Unfound
,,,,,,,1591058264584,,,,,Unfound
,,,,,,,1591054029538,,,,,Unfound
,,,,,,,1013057872801,,,,,Unfound
,,,,,,,1610020887643,,,,,Unfound
,,,,,,,2200041641997,,,,,Unfound
,,,,,,,1900024007601,,,,,Unfound
,,,,,,,1200037112146,,,,,Unfound
,,,,,,,2200022662098,,,,,Unfound
,,,,,,,564009807,,,,564009807,Unfound
,,,,,,,1900016102144,,,,,Unfound
,,,,,,,3936806003,,,,3936806003,Unfound
,,,,,,,9123632404,,,,9123632404,Unfound
,,,,,,,1714096000603,,,,,Unfound
,,,,,,,2000027368101,,,,,Unfound
,,,,,,,4258664203,,,,4258664203,Unfound
,,,,,,,1551417809,,,,1551417809,Unfound
,,,,,,,2380001263867,,,,,Unfound
,,,,,,,65915707,,,,65915707,Unfound
,,,,,,,1800035280867,,,,,Unfound
,,,,,,,1100020763257,,,,,Unfound
,,,,,,,1800017577763,,,,,Unfound
,,,,,,,1300004852250,,,,,Unfound
,,,,,,,9208590401,,,,9208590401,Unfound
,,,,,,,2199995323905,,,,,Unfound
,,,,,,,1800024010450,,,,,Unfound
,,,,,,,1411421691002,,,,,Unfound
,,,,,,,2000052544226,,,,,Unfound
,,,,,,,2000000671706,,,,,Unfound
,,,,,,,2313495342810,,,,,Unfound
,,,,,,,1022237803,,,,1022237803,Unfound
,,,,,,,1200040739341,,,,,Unfound
,,,,,,,8850524704,,,,8850524704,Unfound
,,,,,,,1591110499941,,,,,Unfound
,,,,,,,2200014460757,,,,,Unfound
,,,,,,,9305976101,,,,9305976101,Unfound
,,,,,,,1900007271529,,,,,Unfound
,,,,,,,3398010302,,,,3398010302,Unfound
,,,,,,,589210310,,,,589210310,Unfound
,,,,,,,1200037970185,,,,,Unfound
,,,,,,,2000051600057,,,,,Unfound
,,,,,,,48585210,,,,48585210,Unfound
,,,,,,,1100770308983,,,,,Unfound
,,,,,,,2200040727065,,,,,Unfound
,,,,,,,1647596508,,,,1647596508,Unfound
,,,,,,,1200023561101,,,,,Unfound
,,,,,,,2000002998364,,,,,Unfound
,,,,,,,9092766108,,,,9092766108,Unfound
,,,,,,,1713589480206,,,,,Unfound
,,,,,,,2199992098740,,,,,Unfound
,,,,,,,57520003,,,,57520003,Unfound
,,,,,,,1800036574915,,,,,Unfound
,,,,,,,2334494215716,,,,,Unfound
,,,,,,,1800035139003,,,,,Unfound
,,,,,,,1012705362386,,,,,Unfound
,,,,,,,1100014869749,,,,,Unfound
,,,,,,,1591058977579,,,,,Unfound
,,,,,,,60701404,,,,60701404,Unfound
,,,,,,,1900013207874,,,,,Unfound
,,,,,,,1200032987991,,,,,Unfound
,,,,,,,1300011264580,,,,,Unfound
,,,,,,,1591055180504,,,,,Unfound
,,,,,,,1012620859929,,,,,Unfound
,,,,,,,8816215001,,,,8816215001,Unfound
,,,,,,,1012831467700,,,,,Unfound
,,,,,,,1600000060783,,,,,Unfound
,,,,,,,1889270100,,,,1889270100,Unfound
,,,,,,,1100000901228,,,,,Unfound
,,,,,,,2200022176257,,,,,Unfound
,,,,,,,1600000023373,,,,,Unfound
,,,,,,,60072601,,,,60072601,Unfound
,,,,,,,3336403106,,,,3336403106,Unfound
,,,,,,,1012903347990,,,,,Unfound
,,,,,,,2000013292161,,,,,Unfound
,,,,,,,201870601,,,,201870601,Unfound
,,,,,,,2000000668280,,,,,Unfound
,,,,,,,73210810,,,,73210810,Unfound
,,,,,,,1900015109947,,,,,Unfound
,,,,,,,2200030108865,,,,,Unfound
,,,,,,,2000009279025,,,,,Unfound
,,,,,,,1200000116527,,,,,Unfound
,,,,,,,1900070204795,,,,,Unfound
,,,,,,,1900014289600,,,,,Unfound
,,,,,,,2000022962511,,,,,Unfound
,,,,,,,1610009638726,,,,,Unfound
,,,,,,,2248400707,,,,2248400707,Unfound
,,,,,,,2343635663416,,,,,Unfound
,,,,,,,1610004895713,,,,,Unfound
,,,,,,,1910627505,,,,1910627505,Unfound
,,,,,,,3386687705,,,,3386687705,Unfound
,,,,,,,2000012785411,,,,,Unfound
,,,,,,,1610003392348,,,,,Unfound
,,,,,,,1100023742630,,,,,Unfound
,,,,,,,71184309,,,,71184309,Unfound
,,,,,,,1630000090043,,,,,Unfound
,,,,,,,8818351805,,,,8818351805,Unfound
,,,,,,,3953953002,,,,3953953002,Unfound
,,,,,,,1200032656363,,,,,Unfound
,,,,,,,73702607,,,,73702607,Unfound
,,,,,,,2200030115900,,,,,Unfound
,,,,,,,1012450480067,,,,,Unfound
,,,,,,,1200025934727,,,,,Unfound
,,,,,,,1300011538126,,,,,Unfound
,,,,,,,2000023609964,,,,,Unfound
,,,,,,,2333759376812,,,,,Unfound
,,,,,,,5009015403,,,,5009015403,Unfound
,,,,,,,1100007427190,,,,,Unfound
,,,,,,,8451054209,,,,8451054209,Unfound
,,,,,,,1012667031040,,,,,Unfound
,,,,,,,2000027415003,,,,,Unfound
,,,,,,,2000001013432,,,,,Unfound
,,,,,,,1012387494569,,,,,Unfound
,,,,,,,1200036327669,,,,,Unfound
,,,,,,,3046301105,,,,3046301105,Unfound
,,,,,,,1610020391986,,,,,Unfound
,,,,,,,1591051032617,,,,,Unfound
,,,,,,,1200037703799,,,,,Unfound
,,,,,,,2000052138389,,,,,Unfound
,,,,,,,1900042087405,,,,,Unfound
,,,,,,,203159000,,,,203159000,Unfound
,,,,,,,1012941084786,,,,,Unfound
,,,,,,,1012490000000,,,,,Unfound
,,,,,,,1297198902,,,,1297198902,Unfound
,,,,,,,2353570142916,,,,,Unfound
,,,,,,,1800032252680,,,,,Unfound
,,,,,,,1800000009099,,,,,Unfound
,,,,,,,1800022782680,,,,,Unfound
,,,,,,,1100003597456,,,,,Unfound
,,,,,,,1012598958631,,,,,Unfound
,,,,,,,1013035668833,,,,,Unfound
,,,,,,,10818507,,,,10818507,Unfound
,,,,,,,201668202,,,,201668202,Unfound
,,,,,,,8897450604,,,,8897450604,Unfound
,,,,,,,1200033185930,,,,,Unfound
,,,,,,,1800052205310,,,,,Unfound
,,,,,,,1412204831005,,,,,Unfound
,,,,,,,1100020000000,,,,,Unfound
,,,,,,,1300011757896,,,,,Unfound
,,,,,,,1012361621173,,,,,Unfound
,,,,,,,1200038400708,,,,,Unfound
,,,,,,,1200036577218,,,,,Unfound
,,,,,,,2200020699398,,,,,Unfound
,,,,,,,2200022927288,,,,,Unfound
,,,,,,,2331611418811,,,,,Unfound
,,,,,,,2200030094974,,,,,Unfound
,,,,,,,1300010118211,,,,,Unfound
,,,,,,,2000026549430,,,,,Unfound
,,,,,,,1800016102948,,,,,Unfound
,,,,,,,1591053828845,,,,,Unfound
,,,,,,,76468304,,,,76468304,Unfound
,,,,,,,1846151804,,,,1846151804,Unfound
,,,,,,,1900043347875,,,,,Unfound
,,,,,,,59449404,,,,59449404,Unfound
,,,,,,,3351728402,,,,3351728402,Unfound
,,,,,,,57377900,,,,57377900,Unfound
,,,,,,,2300000740586,,,,,Unfound
,,,,,,,1012942852331,,,,,Unfound
,,,,,,,4031770409,,,,4031770409,Unfound
,,,,,,,2200040111085,,,,,Unfound
,,,,,,,9217241803,,,,9217241803,Unfound
,,,,,,,1900043113181,,,,,Unfound
,,,,,,,1200060252210,,,,,Unfound
,,,,,,,18270604,,,,18270604,Unfound
,,,,,,,924185708,,,,924185708,Unfound
,,,,,,,2700001047336,,,,,Unfound
,,,,,,,1100021715333,,,,,Unfound
,,,,,,,9096667901,,,,9096667901,Unfound
,,,,,,,2200030005167,,,,,Unfound
,,,,,,,72410207,,,,72410207,Unfound
,,,,,,,1421230000000,,,,,Unfound
,,,,,,,1700051556498,,,,,Unfound
,,,,,,,2320684420620,,,,,Unfound
,,,,,,,2000014255579,,,,,Unfound
,,,,,,,2413804601,,,,2413804601,Unfound
,,,,,,,1023512584677,,,,,Unfound
,,,,,,,1300051271062,,,,,Unfound
,,,,,,,1012932829168,,,,,Unfound
,,,,,,,1591054789930,,,,,Unfound
,,,,,,,9138162402,,,,9138162402,Unfound
,,,,,,,1458131000,,,,1458131000,Unfound
,,,,,,,1591033054185,,,,,Unfound
,,,,,,,2423543201,,,,2423543201,Unfound
,,,,,,,8826676807,,,,33129,Unfound
,,,,,,,1200034545872,,,,,Unfound
,,,,,,,1900024426441,,,,,Unfound
,,,,,,,3294588501,,,,23338,Unfound
,,,,,,,1900007038263,,,,,Unfound
,,,,,,,8848172307,,,,1,Unfound
,,,,,,,1287592002,,,,1287592002,Unfound
,,,,,,,1100050074901,,,,,Unfound
,,,,,,,1610011939125,,,,,Unfound
,,,,,,,3238908701,,,,44503,Unfound
,,,,,,,1900090272521,,,,,Unfound
,,,,,,,2334200438813,,,,,Unfound
,,,,,,,1591051516486,,,,,Unfound
,,,,,,,1800030075196,,,,,Unfound
,,,,,,,2335509369013,,,,,Unfound
,,,,,,,1460000951429,,,,,Unfound
,,,,,,,836604,,,,836604,Unfound
,,,,,,,1600000015726,,,,,Unfound
,,,,,,,3074082408,,,,3074082408,Unfound
,,,,,,,1900015327683,,,,,Unfound
,,,,,,,2313804801217,,,,,Unfound
,,,,,,,2000016676070,,,,,Unfound
,,,,,,,9139807,,,,9139807,Unfound
,,,,,,,1419100212004,,,,,Unfound
,,,,,,,2000025913206,,,,,Unfound
,,,,,,,8865461805,,,,8865461805,Unfound
,,,,,,,1900070121925,,,,,Unfound
,,,,,,,1200030931357,,,,,Unfound
,,,,,,,9156158604,,,,9156158604,Unfound
,,,,,,,13480601,,,,13480601,Unfound
,,,,,,,2000003018256,,,,,Unfound
,,,,,,,1716851415609,,,,,Unfound
,,,,,,,1714726721855,,,,,Unfound
,,,,,,,2325012561510,,,,,Unfound
,,,,,,,1717108254803,,,,,Unfound
,,,,,,,9175901,,,,9175901,Unfound
,,,,,,,3013598806,,,,3013598806,Unfound
,,,,,,,1100009286822,,,,,Unfound
,,,,,,,1600000077778,,,,,Unfound
,,,,,,,1591014506914,,,,,Unfound
,,,,,,,77154701,,,,77154701,Unfound
,,,,,,,2000008455754,,,,,Unfound
,,,,,,,2000003339751,,,,,Unfound
,,,,,,,1800029394357,,,,,Unfound
,,,,,,,49358103,,,,706768,Unfound
,,,,,,,1200020293583,,,,,Unfound
,,,,,,,1012758825428,,,,,Unfound
,,,,,,,2000023763754,,,,,Unfound
,,,,,,,7477113009,,,,7477113009,Unfound
,,,,,,,2310293362818,,,,,Unfound
,,,,,,,2237338504,,,,2237338504,Unfound
,,,,,,,1200037701151,,,,,Unfound
,,,,,,,1711762206702,,,,,Unfound
,,,,,,,9148572203,,,,412718,Unfound
,,,,,,,2350623560410,,,,,Unfound
,,,,,,,2578539902,,,,34648,Unfound
,,,,,,,2000011064675,,,,,Unfound
,,,,,,,1413971202004,,,,,Unfound
,,,,,,,1800021596953,,,,,Unfound
,,,,,,,9146319607,,,,9146319607,Unfound
,,,,,,,63191703,,,,15727,Unfound
,,,,,,,2000003729554,,,,,Unfound
,,,,,,,2000024874638,,,,,Unfound
,,,,,,,8922481105,,,,8922481105,Unfound
,,,,,,,1012843402632,,,,,Unfound
,,,,,,,2353332518015,,,,,Unfound
,,,,,,,1100003343564,,,,,Unfound
,,,,,,,1591157840309,,,,,Unfound
,,,,,,,4837138600,,,,4837138600,Unfound
,,,,,,,1814198005,,,,54450,Unfound
,,,,,,,1900013089660,,,,,Unfound
,,,,,,,2100040609153,,,,,Unfound
,,,,,,,1800030370035,,,,,Unfound
,,,,,,,2146638207,,,,2146638207,Unfound
,,,,,,,1200040004159,,,,,Unfound
,,,,,,,1610018082779,,,,,Unfound
,,,,,,,11817802,,,,11817802,Unfound
,,,,,,,68045908,,,,68045908,Unfound
,,,,,,,1012912701409,,,,,Unfound
,,,,,,,1800031718421,,,,,Unfound
,,,,,,,1426385100000,,,,,Unfound
,,,,,,,1800020877294,,,,,Unfound
,,,,,,,47756307,,,,47756307,Unfound
,,,,,,,2000014255694,,,,,Unfound
,,,,,,,51306509,,,,,Unfound
,,,,,,,3973702606,,,,3973702606,Unfound
,,,,,,,1580000340286,,,,,Unfound
,,,,,,,8827733708,,,,8827733708,Unfound
,,,,,,,60476603,,,,60476603,Unfound
,,,,,,,9209792407,,,,9209792407,Unfound
,,,,,,,2198765223027,,,,,Unfound
,,,,,,,1591059591490,,,,,Unfound
,,,,,,,17228903,,,,376435,Unfound
,,,,,,,67771910,,,,67771910,Unfound
,,,,,,,2200031954260,,,,,Unfound
,,,,,,,1419747003009,,,,,Unfound
,,,,,,,1012779546586,,,,,Unfound
,,,,,,,1900023063961,,,,,Unfound
,,,,,,,2344561549517,,,,,Unfound
,,,,,,,2380001094231,,,,,Unfound
,,,,,,,1100020375814,,,,,Unfound
,,,,,,,1200032017835,,,,,Unfound
,,,,,,,2000050609740,,,,,Unfound
,,,,,,,1610022413851,,,,,Unfound
,,,,,,,1580000546810,,,,,Unfound
,,,,,,,9091417605,,,,9091417605,Unfound
,,,,,,,2000026462319,,,,,Unfound
,,,,,,,1800025722406,,,,,Unfound
,,,,,,,85922301,,,,85922301,Unfound
,,,,,,,5080552702,,,,5080552702,Unfound
,,,,,,,1800035278167,,,,,Unfound
,,,,,,,1591056677968,,,,,Unfound
,,,,,,,1200022342772,,,,,Unfound
,,,,,,,1100024405950,,,,,Unfound
,,,,,,,60844707,,,,60844707,Unfound
,,,,,,,2000022599180,,,,,Unfound
,,,,,,,1100003424372,,,,,Unfound
,,,,,,,1200029659512,,,,,Unfound
,,,,,,,2000027404220,,,,,Unfound
,,,,,,,1100002729555,,,,,Unfound
,,,,,,,9218174000,,,,9218174000,Unfound
,,,,,,,9331286410,,,,9331286410,Unfound
,,,,,,,2340308056819,,,,,Unfound
,,,,,,,9094754403,,,,9094754403,Unfound
,,,,,,,72183402,,,,72183402,Unfound
,,,,,,,1714890750165,,,,,Unfound
,,,,,,,1418606381009,,,,,Unfound
,,,,,,,1580001171450,,,,,Unfound
,,,,,,,50305109,,,,50305109,Unfound
,,,,,,,1610032054752,,,,,Unfound
,,,,,,,1600000029199,,,,,Unfound
,,,,,,,1200050415915,,,,,Unfound
,,,,,,,1100002805843,,,,,Unfound
,,,,,,,1800014596053,,,,,Unfound
,,,,,,,1012350433976,,,,,Unfound
,,,,,,,1100003598404,,,,,Unfound
,,,,,,,1800025293957,,,,,Unfound
,,,,,,,2486724605,,,,2486724605,Unfound
,,,,,,,1300013270363,,,,,Unfound
,,,,,,,1100012222769,,,,,Unfound
,,,,,,,16913902,,,,,Unfound
,,,,,,,1200031147570,,,,,Unfound
,,,,,,,1591035674215,,,,,Unfound
,,,,,,,8823143004,,,,8823143004,Unfound
,,,,,,,1012397311651,,,,,Unfound
,,,,,,,1007963105,,,,1007963105,Unfound
,,,,,,,1012500134070,,,,,Unfound
,,,,,,,2000019689684,,,,,Unfound
,,,,,,,2000004923802,,,,,Unfound
,,,,,,,2351174183015,,,,,Unfound
,,,,,,,9116700404,,,,1004493,Unfound
,,,,,,,3382551805,,,,3382551805,Unfound
,,,,,,,2199998988114,,,,,Unfound
,,,,,,,2100040809936,,,,,Unfound
,,,,,,,3015309,,,,3015309,Unfound
,,,,,,,4214162100,,,,4214162100,Unfound
,,,,,,,1100003928936,,,,,Unfound
,,,,,,,1012372556061,,,,,Unfound
,,,,,,,1800053262328,,,,,Unfound
,,,,,,,8825161409,,,,8825161409,Unfound
,,,,,,,1200033205470,,,,,Unfound
,,,,,,,2340575612611,,,,,Unfound
,,,,,,,2313255111224,,,,,Unfound
,,,,,,,1900029237630,,,,,Unfound
,,,,,,,2200011111907,,,,,Unfound
,,,,,,,1100001480668,,,,,Unfound
,,,,,,,14985300,,,,14985300,Unfound
,,,,,,,1200034624293,,,,,Unfound
,,,,,,,9113461105,,,,9113461105,Unfound
,,,,,,,1013060452712,,,,,Unfound
,,,,,,,3348617804,,,,3348617804,Unfound
,,,,,,,21401709,,,,77054,Unfound
,,,,,,,1050000000000,,,,,Unfound
,,,,,,,5085708306,,,,108394,Unfound
,,,,,,,2566072807,,,,2566072807,Unfound
,,,,,,,1100014766919,,,,,Unfound
,,,,,,,1012420169285,,,,,Unfound
,,,,,,,1200038385653,,,,,Unfound
,,,,,,,62177502,,,,62177502,Unfound
,,,,,,,73080105,,,,33659,Unfound
,,,,,,,1300000145157,,,,,Unfound
,,,,,,,2199991344283,,,,,Unfound
,,,,,,,1200027656486,,,,,Unfound
,,,,,,,2000018510330,,,,,Unfound
,,,,,,,1630000760003,,,,,Unfound
,,,,,,,4238055008,,,,4238055008,Unfound
,,,,,,,1630000045100,,,,,Unfound
,,,,,,,2000002048409,,,,,Unfound
,,,,,,,1100010248826,,,,,Unfound
,,,,,,,1715460214605,,,,,Unfound
,,,,,,,1610000373342,,,,,Unfound
,,,,,,,46994700,,,,46994700,Unfound
,,,,,,,5056610006,,,,5056610006,Unfound
,,,,,,,1100011131701,,,,,Unfound
,,,,,,,1600000040000,,,,,Unfound
,,,,,,,1900022353359,,,,,Unfound
,,,,,,,3901266705,,,,3901266705,Unfound
,,,,,,,508765302,,,,508765302,Unfound
,,,,,,,4207314005,,,,4207314005,Unfound
,,,,,,,1200030896232,,,,,Unfound
,,,,,,,2200023098520,,,,,Unfound
,,,,,,,1423200100000,,,,,Unfound
,,,,,,,1012757042468,,,,,Unfound
,,,,,,,1592001143921,,,,,Unfound
,,,,,,,2000022658543,,,,,Unfound
,,,,,,,1200029634304,,,,,Unfound
,,,,,,,2000026982371,,,,,Unfound
,,,,,,,1012532194694,,,,,Unfound
,,,,,,,1900023022149,,,,,Unfound
,,,,,,,2534148707,,,,2534148707,Unfound
,,,,,,,1100006861043,,,,,Unfound
,,,,,,,1012429017846,,,,,Unfound
,,,,,,,2199991629239,,,,,Unfound
,,,,,,,1100024361718,,,,,Unfound
,,,,,,,2000027469964,,,,,Unfound
,,,,,,,2984652306,,,,2984652306,Unfound
,,,,,,,1711935145103,,,,,Unfound
,,,,,,,605863608,,,,605863608,Unfound
,,,,,,,1610003136581,,,,,Unfound
,,,,,,,1160001049642,,,,,Unfound
,,,,,,,2340438016716,,,,,Unfound
,,,,,,,64665806,,,,64665806,Unfound
,,,,,,,1200031146130,,,,,Unfound
,,,,,,,2100040715232,,,,,Unfound
,,,,,,,2000000579693,,,,,Unfound
,,,,,,,1012627474723,,,,,Unfound
,,,,,,,2000025373712,,,,,Unfound
,,,,,,,9178423810,,,,9178423810,Unfound
,,,,,,,68361503,,,,68361503,Unfound
,,,,,,,2000000661390,,,,,Unfound
,,,,,,,2200020821419,,,,,Unfound
,,,,,,,2000001771786,,,,,Unfound
,,,,,,,2000006674330,,,,,Unfound
,,,,,,,2200030014630,,,,,Unfound
,,,,,,,79568705,,,,79568705,Unfound
,,,,,,,1906630103,,,,44367,Unfound
,,,,,,,1200060034798,,,,,Unfound
,,,,,,,1800017577179,,,,,Unfound
,,,,,,,1800017786176,,,,,Unfound
,,,,,,,1100012594600,,,,,Unfound
,,,,,,,1711981396159,,,,,Unfound
,,,,,,,78191005,,,,78191005,Unfound
,,,,,,,9156478409,,,,9156478409,Unfound
,,,,,,,79587305,,,,79587305,Unfound
,,,,,,,1200038755088,,,,,Unfound
,,,,,,,1012909309829,,,,,Unfound
,,,,,,,1200028386854,,,,,Unfound
,,,,,,,53080901,,,,53080901,Unfound
,,,,,,,1800030131070,,,,,Unfound
,,,,,,,8816871810,,,,8816871810,Unfound
,,,,,,,59259500,,,,59259500,Unfound
,,,,,,,2000013080535,,,,,Unfound
,,,,,,,2000002398890,,,,,Unfound
,,,,,,,1610022418576,,,,,Unfound
,,,,,,,75192508,,,,75192508,Unfound
,,,,,,,71734105,,,,71734105,Unfound
,,,,,,,2000003931324,,,,,Unfound
,,,,,,,8815990409,,,,8815990409,Unfound
,,,,,,,2356320095014,,,,,Unfound
,,,,,,,1900000000943,,,,,Unfound
,,,,,,,3931985004,,,,3931985004,Unfound
,,,,,,,1413448471008,,,,,Unfound
,,,,,,,1200021637121,,,,,Unfound
,,,,,,,2000011266693,,,,,Unfound
,,,,,,,1050000014090,,,,,Unfound
,,,,,,,2346540000000,,,,,Unfound
,,,,,,,1200010210419,,,,,Unfound
,,,,,,,1620000900214,,,,,Unfound
,,,,,,,2000008098901,,,,,Unfound
,,,,,,,1100002921762,,,,,Unfound
,,,,,,,1425625000000,,,,,Unfound
,,,,,,,1013005259619,,,,,Unfound
,,,,,,,3927751306,,,,48140,Unfound
,,,,,,,9116437404,,,,9116437404,Unfound
,,,,,,,2320186990615,,,,,Unfound
,,,,,,,1100021162432,,,,,Unfound
,,,,,,,1100013916706,,,,,Unfound
,,,,,,,2200011643404,,,,,Unfound
,,,,,,,3238866307,,,,110590,Unfound
,,,,,,,1900031000034,,,,,Unfound
,,,,,,,2199998340470,,,,,Unfound
,,,,,,,1012412384244,,,,,Unfound
,,,,,,,1200039341220,,,,,Unfound
,,,,,,,2200016899361,,,,,Unfound
,,,,,,,52199405,,,,52199405,Unfound
,,,,,,,1610032038022,,,,,Unfound
,,,,,,,2333960922211,,,,,Unfound
,,,,,,,2199994173762,,,,,Unfound
,,,,,,,2350891475410,,,,,Unfound
,,,,,,,2199997250630,,,,,Unfound
,,,,,,,1610019914234,,,,,Unfound
,,,,,,,2360286119914,,,,,Unfound
,,,,,,,1300010625692,,,,,Unfound
,,,,,,,2199996118407,,,,,Unfound
,,,,,,,2340437180814,,,,,Unfound
,,,,,,,1012690781760,,,,,Unfound
,,,,,,,1804266203,,,,1804266203,Unfound
,,,,,,,1300011138645,,,,,Unfound
,,,,,,,2000008408815,,,,,Unfound
,,,,,,,2000010110480,,,,,Unfound
,,,,,,,1100003749000,,,,,Unfound
,,,,,,,1800001217945,,,,,Unfound
,,,,,,,1300009525181,,,,,Unfound
,,,,,,,2000000184313,,,,,Unfound
,,,,,,,1012844913966,,,,,Unfound
,,,,,,,1580000983998,,,,,Unfound
,,,,,,,1800035162356,,,,,Unfound
,,,,,,,2000008549214,,,,,Unfound
,,,,,,,1900070567492,,,,,Unfound
,,,,,,,1591050533899,,,,,Unfound
,,,,,,,59202807,,,,59202807,Unfound
,,,,,,,58651203,,,,58651203,Unfound
,,,,,,,1200001427626,,,,,Unfound
,,,,,,,1200039550413,,,,,Unfound
,,,,,,,1012405976673,,,,,Unfound
,,,,,,,1100018027858,,,,,Unfound
,,,,,,,2000013119040,,,,,Unfound
,,,,,,,1413738001004,,,,,Unfound
,,,,,,,1012458417364,,,,,Unfound
,,,,,,,5079554600,,,,5079554600,Unfound
,,,,,,,2000022403870,,,,,Unfound
,,,,,,,2363704644117,,,,,Unfound
,,,,,,,2356320188013,,,,,Unfound
,,,,,,,2199994099630,,,,,Unfound
,,,,,,,63363302,,,,63363302,Unfound
,,,,,,,3344334502,,,,3344334502,Unfound
,,,,,,,1200041143350,,,,,Unfound
,,,,,,,2199991681629,,,,,Unfound
,,,,,,,1013067842840,,,,,Unfound
,,,,,,,1900040004513,,,,,Unfound
,,,,,,,1800015704863,,,,,Unfound
,,,,,,,1610001615759,,,,,Unfound
,,,,,,,68409101,,,,68409101,Unfound
,,,,,,,1012701821305,,,,,Unfound
,,,,,,,1570000281810,,,,,Unfound
,,,,,,,1200038097180,,,,,Unfound
,,,,,,,1604223810,,,,1604223810,Unfound
,,,,,,,73731805,,,,73731805,Unfound
,,,,,,,8929711300,,,,8929711300,Unfound
,,,,,,,2000050536599,,,,,Unfound
,,,,,,,1100003576145,,,,,Unfound
,,,,,,,1100022056131,,,,,Unfound
,,,,,,,1410628080008,,,,,Unfound
,,,,,,,1610027087365,,,,,Unfound
,,,,,,,3926747703,,,,3926747703,Unfound
,,,,,,,2199992468351,,,,,Unfound
,,,,,,,1100022502388,,,,,Unfound
,,,,,,,1715398643118,,,,,Unfound
,,,,,,,1012421162652,,,,,Unfound
,,,,,,,1200025341275,,,,,Unfound
,,,,,,,8815205004,,,,8815205004,Unfound
,,,,,,,1610031427309,,,,,Unfound
,,,,,,,2200013931552,,,,,Unfound
,,,,,,,3229292810,,,,3229292810,Unfound
,,,,,,,8818839510,,,,8818839510,Unfound
,,,,,,,69301400,,,,69301400,Unfound
,,,,,,,1100015899178,,,,,Unfound
,,,,,,,1900029018120,,,,,Unfound
,,,,,,,1610003581599,,,,,Unfound
,,,,,,,1460000958692,,,,,Unfound
,,,,,,,3085178803,,,,3085178803,Unfound
,,,,,,,2199994159207,,,,,Unfound
,,,,,,,1610030432460,,,,,Unfound
,,,,,,,2000024682050,,,,,Unfound
,,,,,,,1013079858733,,,,,Unfound
,,,,,,,1012526462173,,,,,Unfound
,,,,,,,1100003361466,,,,,Unfound
,,,,,,,1610010206356,,,,,Unfound
,,,,,,,2000017811420,,,,,Unfound
,,,,,,,1200026451340,,,,,Unfound
,,,,,,,1100000991712,,,,,Unfound
,,,,,,,55482808,,,,55482808,Unfound
,,,,,,,68327705,,,,,Unfound
,,,,,,,2364470129918,,,,,Unfound
,,,,,,,1412487280006,,,,,Unfound
,,,,,,,11031808,,,,11031808,Unfound
,,,,,,,1900028338922,,,,,Unfound
,,,,,,,1591032536577,,,,,Unfound
,,,,,,,2441168607,,,,2441168607,Unfound
,,,,,,,1200039341940,,,,,Unfound
,,,,,,,1900031055112,,,,,Unfound
,,,,,,,1100020303856,,,,,Unfound
,,,,,,,1900008120741,,,,,Unfound
,,,,,,,2365434131018,,,,,Unfound
,,,,,,,2199995005048,,,,,Unfound
,,,,,,,1015115001,,,,330,Unfound
,,,,,,,1607665802,,,,4487,Unfound
,,,,,,,1100005758318,,,,,Unfound
,,,,,,,1610004161418,,,,,Unfound
,,,,,,,1900060336003,,,,,Unfound
,,,,,,,1900023202260,,,,,Unfound
,,,,,,,79900810,,,,79900810,Unfound
,,,,,,,1800025422470,,,,,Unfound
,,,,,,,1591060474390,,,,,Unfound
,,,,,,,1591004728609,,,,,Unfound
,,,,,,,1414246630003,,,,,Unfound
,,,,,,,2300000230178,,,,,Unfound
,,,,,,,3938892504,,,,3938892504,Unfound
,,,,,,,1507907110054,,,,,Unfound
,,,,,,,1012820898510,,,,,Unfound
,,,,,,,2326315723012,,,,,Unfound
,,,,,,,65423102,,,,128428,Unfound
,,,,,,,1591047691015,,,,,Unfound
,,,,,,,2200015898640,,,,,Unfound
,,,,,,,1300035431248,,,,,Unfound
,,,,,,,2098778201,,,,2098778201,Unfound
,,,,,,,2200020059280,,,,,Unfound
,,,,,,,1100015736358,,,,,Unfound
,,,,,,,1900060308344,,,,,Unfound
,,,,,,,1610010574249,,,,,Unfound
,,,,,,,8813358502,,,,8813358502,Unfound
,,,,,,,1900046049175,,,,,Unfound
,,,,,,,1200037762127,,,,,Unfound
,,,,,,,1800016204454,,,,,Unfound
,,,,,,,1030044077666,,,,,Unfound
,,,,,,,2332807053013,,,,,Unfound
,,,,,,,1100024956673,,,,,Unfound
,,,,,,,2200020753655,,,,,Unfound
,,,,,,,1610028538820,,,,,Unfound
,,,,,,,1800024800880,,,,,Unfound
,,,,,,,66873700,,,,66873700,Unfound
,,,,,,,2000007251524,,,,,Unfound
,,,,,,,1580000904764,,,,,Unfound
,,,,,,,1800035240003,,,,,Unfound
,,,,,,,4154867302,,,,4154867302,Unfound
,,,,,,,1591059699955,,,,,Unfound
,,,,,,,1012824104488,,,,,Unfound
,,,,,,,1610005020300,,,,,Unfound
,,,,,,,2199994851772,,,,,Unfound
,,,,,,,48230206,,,,260304,Unfound
,,,,,,,1300004436350,,,,,Unfound
,,,,,,,1100015740470,,,,,Unfound
,,,,,,,1100015149500,,,,,Unfound
,,,,,,,2199995099240,,,,,Unfound
,,,,,,,2335617672717,,,,,Unfound
,,,,,,,1411199740006,,,,,Unfound
,,,,,,,1012564523034,,,,,Unfound
,,,,,,,72288405,,,,72288405,Unfound
,,,,,,,2200040302092,,,,,Unfound
,,,,,,,1200033562539,,,,,Unfound
,,,,,,,2361718619010,,,,,Unfound
,,,,,,,2100040824127,,,,,Unfound
,,,,,,,1200025147804,,,,,Unfound
,,,,,,,1100021953730,,,,,Unfound
,,,,,,,8935143802,,,,8935143802,Unfound
,,,,,,,2331207302013,,,,,Unfound
,,,,,,,1900036427852,,,,,Unfound
,,,,,,,1712053962657,,,,,Unfound
,,,,,,,1620000822470,,,,,Unfound
,,,,,,,1300010354611,,,,,Unfound
,,,,,,,1200039463578,,,,,Unfound
,,,,,,,1100020418200,,,,,Unfound
,,,,,,,1012687956906,,,,,Unfound
,,,,,,,1800014884855,,,,,Unfound
,,,,,,,18606600,,,,18606600,Unfound
,,,,,,,1900043181697,,,,,Unfound
,,,,,,,1012557527122,,,,,Unfound
,,,,,,,1200032218655,,,,,Unfound
,,,,,,,53528706,,,,53528706,Unfound
,,,,,,,1200040182951,,,,,Unfound
,,,,,,,2000001395851,,,,,Unfound
,,,,,,,1900012236740,,,,,Unfound
,,,,,,,51006306,,,,51006306,Unfound
,,,,,,,1200023215018,,,,,Unfound
,,,,,,,8937597605,,,,8937597605,Unfound
,,,,,,,2000026573460,,,,,Unfound
,,,,,,,1900025283164,,,,,Unfound
,,,,,,,2199992014893,,,,,Unfound
,,,,,,,1100003930369,,,,,Unfound
,,,,,,,8905724905,,,,8905724905,Unfound
,,,,,,,19129900,,,,19129900,Unfound
,,,,,,,1410180000000,,,,,Unfound
,,,,,,,1012489668150,,,,,Unfound
,,,,,,,1591056178199,,,,,Unfound
,,,,,,,2100040800525,,,,,Unfound
,,,,,,,1591026095345,,,,,Unfound
,,,,,,,1030058112959,,,,,Unfound
,,,,,,,2000012231256,,,,,Unfound
,,,,,,,73935103,,,,233864,Unfound
,,,,,,,1013027878040,,,,,Unfound
,,,,,,,1413987113002,,,,,Unfound
,,,,,,,2000027440102,,,,,Unfound
,,,,,,,73709801,,,,73709801,Unfound
,,,,,,,3234156502,,,,11744,Unfound
,,,,,,,47286105,,,,47286105,Unfound
,,,,,,,9124725001,,,,9124725001,Unfound
,,,,,,,1200036684587,,,,,Unfound
,,,,,,,1200041054610,,,,,Unfound
,,,,,,,1610018017469,,,,,Unfound
,,,,,,,1800002252588,,,,,Unfound
,,,,,,,1200029010235,,,,,Unfound
,,,,,,,1012700000000,,,,,Unfound
,,,,,,,2000027292872,,,,,Unfound
,,,,,,,2000000680064,,,,,Unfound
,,,,,,,1571152104,,,,1571152104,Unfound
,,,,,,,2000027297852,,,,,Unfound
,,,,,,,1900017098854,,,,,Unfound
,,,,,,,1800015723546,,,,,Unfound
,,,,,,,1100019028329,,,,,Unfound
,,,,,,,1300005601138,,,,,Unfound
,,,,,,,8816443306,,,,8816443306,Unfound
,,,,,,,46902702,,,,46902702,Unfound
,,,,,,,1012460045533,,,,,Unfound
,,,,,,,1412906381004,,,,,Unfound
,,,,,,,1610027631486,,,,,Unfound
,,,,,,,2000026817260,,,,,Unfound
,,,,,,,77522210,,,,88792,Unfound
,,,,,,,2000011540408,,,,,Unfound
,,,,,,,1100012619497,,,,,Unfound
,,,,,,,1100021655010,,,,,Unfound
,,,,,,,2326524705118,,,,,Unfound
,,,,,,,2199994172981,,,,,Unfound
,,,,,,,1012633584908,,,,,Unfound
,,,,,,,5037494506,,,,5037494506,Unfound
,,,,,,,2508529901,,,,8128,Unfound
,,,,,,,1714899657302,,,,,Unfound
,,,,,,,9206688700,,,,9206688700,Unfound
,,,,,,,1824527509,,,,116249,Unfound
,,,,,,,9178867701,,,,135695,Unfound
,,,,,,,58016805,,,,41819,Unfound
,,,,,,,1610022912121,,,,,Unfound
,,,,,,,1620000056743,,,,,Unfound
,,,,,,,1900090730090,,,,,Unfound
,,,,,,,1012656973607,,,,,Unfound
,,,,,,,2310955061212,,,,,Unfound
,,,,,,,73580810,,,,32556,Unfound
,,,,,,,1300012481126,,,,,Unfound
,,,,,,,1012405022174,,,,,Unfound
,,,,,,,1900026276869,,,,,Unfound
,,,,,,,1900025000731,,,,,Unfound
,,,,,,,1600000001289,,,,,Unfound
,,,,,,,15551305,,,,15551305,Unfound
,,,,,,,2000052954521,,,,,Unfound
,,,,,,,1610011951372,,,,,Unfound
,,,,,,,49483701,,,,49483701,Unfound
,,,,,,,2334351209413,,,,,Unfound
,,,,,,,1591045763810,,,,,Unfound
,,,,,,,3964223200,,,,,Unfound
,,,,,,,2316014471510,,,,,Unfound
,,,,,,,2199992490064,,,,,Unfound
,,,,,,,1800020911402,,,,,Unfound
,,,,,,,1900001297902,,,,,Unfound
,,,,,,,19052206,,,,156048,Unfound
,,,,,,,1300005023719,,,,,Unfound
,,,,,,,69197510,,,,62922,Unfound
,,,,,,,1610004109143,,,,,Unfound
,,,,,,,1200036771501,,,,,Unfound
,,,,,,,1200039555397,,,,,Unfound
,,,,,,,1100039220489,,,,,Unfound
,,,,,,,1800019512216,,,,,Unfound
,,,,,,,8937869309,,,,8937869309,Unfound
,,,,,,,1591000003759,,,,,Unfound
,,,,,,,45836003,,,,65767,Unfound
,,,,,,,1100023194445,,,,,Unfound
,,,,,,,8814627306,,,,53278,Unfound
,,,,,,,2335381373818,,,,,Unfound
,,,,,,,2000054568585,,,,,Unfound
,,,,,,,6210805,,,,207314,Unfound
,,,,,,,2000019407689,,,,,Unfound
,,,,,,,1591041670827,,,,,Unfound
,,,,,,,1100002460937,,,,,Unfound
,,,,,,,2200022606614,,,,,Unfound
,,,,,,,1900036328308,,,,,Unfound
,,,,,,,1591013846915,,,,,Unfound
,,,,,,,1012752101835,,,,,Unfound
,,,,,,,2335870542714,,,,,Unfound
,,,,,,,2200014273460,,,,,Unfound
,,,,,,,11388109,,,,11388109,Unfound
,,,,,,,1591055040462,,,,,Unfound
,,,,,,,1591049561034,,,,,Unfound
,,,,,,,2000000474731,,,,,Unfound
,,,,,,,3022553807,,,,3022553807,Unfound
,,,,,,,3386238608,,,,14703,Unfound
,,,,,,,1900013312036,,,,,Unfound
,,,,,,,1900060515975,,,,,Unfound
,,,,,,,1200010000001,,,,,Unfound
,,,,,,,1012503818907,,,,,Unfound
,,,,,,,2198765374560,,,,,Unfound
,,,,,,,1610027440112,,,,,Unfound
,,,,,,,1620001399747,,,,,Unfound
,,,,,,,1427226000000,,,,,Unfound
,,,,,,,1300006641814,,,,,Unfound
,,,,,,,1630000031941,,,,,Unfound
,,,,,,,1012426527408,,,,,Unfound
,,,,,,,8812886309,,,,8812886309,Unfound
,,,,,,,2346554388016,,,,,Unfound
,,,,,,,1800032318729,,,,,Unfound
,,,,,,,1100008712176,,,,,Unfound
,,,,,,,1900031234913,,,,,Unfound
,,,,,,,9310860601,,,,92053,Unfound
,,,,,,,2199998822180,,,,,Unfound
,,,,,,,2000002050036,,,,,Unfound
,,,,,,,8821075710,,,,8821075710,Unfound
,,,,,,,1200038456960,,,,,Unfound
,,,,,,,1300002049991,,,,,Unfound
,,,,,,,2000007913676,,,,,Unfound
,,,,,,,1610003292670,,,,,Unfound
,,,,,,,1418584580009,,,,,Unfound
,,,,,,,3984661910,,,,14811,Unfound
,,,,,,,19193000,,,,19193000,Unfound
,,,,,,,64263404,,,,64263404,Unfound
,,,,,,,2950678409,,,,2950678409,Unfound
,,,,,,,1200002543813,,,,,Unfound
,,,,,,,2000086841014,,,,,Unfound
,,,,,,,1630000437742,,,,,Unfound
,,,,,,,2437350901,,,,2437350901,Unfound
,,,,,,,1900042328199,,,,,Unfound
,,,,,,,2374120081117,,,,,Unfound
,,,,,,,1591038184288,,,,,Unfound
,,,,,,,2366512245115,,,,,Unfound
,,,,,,,1591058545785,,,,,Unfound
,,,,,,,1900028066025,,,,,Unfound
,,,,,,,1900020257912,,,,,Unfound
,,,,,,,1800025175552,,,,,Unfound
,,,,,,,2380001250478,,,,,Unfound
,,,,,,,1620001173755,,,,,Unfound
,,,,,,,1714329000003,,,,,Unfound
,,,,,,,1900060774069,,,,,Unfound
,,,,,,,1200032409403,,,,,Unfound
,,,,,,,1800023935309,,,,,Unfound
,,,,,,,2342797257610,,,,,Unfound
,,,,,,,2000019431938,,,,,Unfound
,,,,,,,3386724707,,,,3386724707,Unfound
,,,,,,,1591026804223,,,,,Unfound
,,,,,,,1800025344742,,,,,Unfound
,,,,,,,48535902,,,,48535902,Unfound
,,,,,,,1644171404,,,,1644171404,Unfound
,,,,,,,67828700,,,,67828700,Unfound
,,,,,,,661829310,,,,661829310,Unfound
,,,,,,,1200037737681,,,,,Unfound
,,,,,,,9158451309,,,,9158451309,Unfound
,,,,,,,48990309,,,,45327,Unfound
,,,,,,,8817604006,,,,23845,Unfound
,,,,,,,1013009202500,,,,,Unfound
,,,,,,,1900060041110,,,,,Unfound
,,,,,,,2000027461352,,,,,Unfound
,,,,,,,1800035246866,,,,,Unfound
,,,,,,,1591052512437,,,,,Unfound
,,,,,,,9310345102,,,,9310345102,Unfound
,,,,,,,75379805,,,,75379805,Unfound
,,,,,,,70182401,,,,16382,Unfound
,,,,,,,1300010236397,,,,,Unfound
,,,,,,,8823694603,,,,260695,Unfound
,,,,,,,9194978702,,,,9194978702,Unfound
,,,,,,,9196651500,,,,9196651500,Unfound
,,,,,,,1200024175322,,,,,Unfound
,,,,,,,9159135405,,,,9159135405,Unfound
,,,,,,,1100015536337,,,,,Unfound
,,,,,,,1800031156794,,,,,Unfound
,,,,,,,1200033366433,,,,,Unfound
,,,,,,,2325766800213,,,,,Unfound
,,,,,,,48080404,,,,48080404,Unfound
,,,,,,,68105103,,,,,Unfound
,,,,,,,64523101,,,,64523101,Unfound
,,,,,,,2325583890218,,,,,Unfound
,,,,,,,67758907,,,,67758907,Unfound
,,,,,,,1100002657403,,,,,Unfound
,,,,,,,3373167702,,,,13,Unfound
,,,,,,,1012368239190,,,,,Unfound
,,,,,,,60114400,,,,60114400,Unfound
,,,,,,,1200023385369,,,,,Unfound
,,,,,,,1417269260005,,,,,Unfound
,,,,,,,2334257607810,,,,,Unfound
,,,,,,,8816068901,,,,143304,Unfound
,,,,,,,1200002338787,,,,,Unfound
,,,,,,,1800030000000,,,,,Unfound
,,,,,,,1200022819942,,,,,Unfound
,,,,,,,18805000,,,,18805000,Unfound
,,,,,,,1900070735076,,,,,Unfound
,,,,,,,1012820000000,,,,,Unfound
,,,,,,,1100003211724,,,,,Unfound
,,,,,,,2361261439921,,,,,Unfound
,,,,,,,1160000891245,,,,,Unfound
,,,,,,,1014571211162,,,,,Unfound
,,,,,,,1415922970007,,,,,Unfound
,,,,,,,1300013292696,,,,,Unfound
,,,,,,,72676403,,,,72676403,Unfound
,,,,,,,8899434706,,,,39053,Unfound
,,,,,,,1591018577946,,,,,Unfound
,,,,,,,2441209303,,,,2441209303,Unfound
,,,,,,,1413470340008,,,,,Unfound
,,,,,,,1200026961633,,,,,Unfound
,,,,,,,1591039296787,,,,,Unfound
,,,,,,,21522306,,,,21522306,Unfound
,,,,,,,1200031669158,,,,,Unfound
,,,,,,,1200040581660,,,,,Unfound
,,,,,,,1900035128536,,,,,Unfound
,,,,,,,1591000092659,,,,,Unfound
,,,,,,,1200026451651,,,,,Unfound
,,,,,,,5823800,,,,229833,Unfound
,,,,,,,2000008673028,,,,,Unfound
,,,,,,,64621101,,,,69928,Unfound
,,,,,,,1200026414924,,,,,Unfound
,,,,,,,1805803904,,,,48963,Unfound
,,,,,,,48690903,,,,48690903,Unfound
,,,,,,,2739079709,,,,2739079709,Unfound
,,,,,,,1591019979053,,,,,Unfound
,,,,,,,1200020793033,,,,,Unfound
,,,,,,,1100005735000,,,,,Unfound
,,,,,,,2200023060553,,,,,Unfound
,,,,,,,4000153608,,,,4000153608,Unfound
,,,,,,,3051981101,,,,1,Unfound
,,,,,,,2355525050211,,,,,Unfound
,,,,,,,1100022928949,,,,,Unfound
,,,,,,,9248307,,,,215361,Unfound
,,,,,,,1900030178852,,,,,Unfound
,,,,,,,2000023974536,,,,,Unfound
,,,,,,,2200015056905,,,,,Unfound
,,,,,,,507860807,,,,4369,Unfound
,,,,,,,1900017031292,,,,,Unfound
,,,,,,,1012820456454,,,,,Unfound
,,,,,,,1610003666160,,,,,Unfound
,,,,,,,1419077771007,,,,,Unfound
,,,,,,,2200020972340,,,,,Unfound
,,,,,,,1100003185872,,,,,Unfound
,,,,,,,2000027310477,,,,,Unfound
,,,,,,,1200041322370,,,,,Unfound
,,,,,,,2199989879701,,,,,Unfound
,,,,,,,1200041136060,,,,,Unfound
,,,,,,,2000014227474,,,,,Unfound
,,,,,,,2000051595275,,,,,Unfound
,,,,,,,1343554910,,,,55534,Unfound
,,,,,,,2370610930619,,,,,Unfound
,,,,,,,57358503,,,,57358503,Unfound
,,,,,,,1610023503345,,,,,Unfound
,,,,,,,1012752097230,,,,,Unfound
,,,,,,,1012604140764,,,,,Unfound
,,,,,,,8815825910,,,,,Unfound
,,,,,,,2325825181612,,,,,Unfound
,,,,,,,2376310941011,,,,,Unfound
,,,,,,,1610012323624,,,,,Unfound
,,,,,,,87162706,,,,87162706,Unfound
,,,,,,,605961103,,,,605961103,Unfound
,,,,,,,1012742785223,,,,,Unfound
,,,,,,,8876402407,,,,8876402407,Unfound
,,,,,,,2199994157636,,,,,Unfound
,,,,,,,2000051638102,,,,,Unfound
,,,,,,,2000010543277,,,,,Unfound
,,,,,,,1900060815681,,,,,Unfound
,,,,,,,1012684891691,,,,,Unfound
,,,,,,,2199993652851,,,,,Unfound
,,,,,,,8923396310,,,,8923396310,Unfound
,,,,,,,61272401,,,,61272401,Unfound
,,,,,,,1800030188261,,,,,Unfound
,,,,,,,8917813000,,,,8917813000,Unfound
,,,,,,,4253407505,,,,4253407505,Unfound
,,,,,,,1591043529132,,,,,Unfound
,,,,,,,2200013105287,,,,,Unfound
,,,,,,,1100002789182,,,,,Unfound
,,,,,,,1591011794901,,,,,Unfound
,,,,,,,330908,,,,330908,Unfound
,,,,,,,71192802,,,,71192802,Unfound
,,,,,,,1100012045499,,,,,Unfound
,,,,,,,3237835807,,,,3237835807,Unfound
,,,,,,,1900009080197,,,,,Unfound
,,,,,,,1200041988876,,,,,Unfound
,,,,,,,1012798821733,,,,,Unfound
,,,,,,,17725008,,,,17725008,Unfound
,,,,,,,2200010132793,,,,,Unfound
,,,,,,,2199994768185,,,,,Unfound
,,,,,,,1300010691808,,,,,Unfound
,,,,,,,1012710000000,,,,,Unfound
,,,,,,,1200021992441,,,,,Unfound
,,,,,,,50072202,,,,50072202,Unfound
,,,,,,,8822681802,,,,8822681802,Unfound
,,,,,,,1591022980389,,,,,Unfound
,,,,,,,8877778110,,,,8877778110,Unfound
,,,,,,,1900037192472,,,,,Unfound
,,,,,,,2000014327258,,,,,Unfound
,,,,,,,8922119402,,,,8922119402,Unfound
,,,,,,,2361324509212,,,,,Unfound
,,,,,,,1100022559472,,,,,Unfound
,,,,,,,1620000854073,,,,,Unfound
,,,,,,,74916609,,,,74916609,Unfound
,,,,,,,2365051223013,,,,,Unfound
,,,,,,,1200042630140,,,,,Unfound
,,,,,,,2435600607,,,,21393,Unfound
,,,,,,,2060753810,,,,2060753810,Unfound
,,,,,,,1591009310000,,,,,Unfound
,,,,,,,1100002367546,,,,,Unfound
,,,,,,,54058700,,,,54058700,Unfound
,,,,,,,1200027689950,,,,,Unfound
,,,,,,,1900033064243,,,,,Unfound
,,,,,,,2380001476103,,,,,Unfound
,,,,,,,1800036637088,,,,,Unfound
,,,,,,,2178105110,,,,10500,Unfound
,,,,,,,2245469504,,,,2245469504,Unfound
,,,,,,,1800023974840,,,,,Unfound
,,,,,,,47544303,,,,19128,Unfound
,,,,,,,1200010018363,,,,,Unfound
,,,,,,,1100003701356,,,,,Unfound
,,,,,,,1012493380123,,,,,Unfound
,,,,,,,82691001,,,,4013,Unfound
,,,,,,,2360280019114,,,,,Unfound
,,,,,,,1800019436390,,,,,Unfound
,,,,,,,63268308,,,,,Unfound
,,,,,,,2333567550919,,,,,Unfound
,,,,,,,1591060739552,,,,,Unfound
,,,,,,,4218892910,,,,30621,Unfound
,,,,,,,1200040267541,,,,,Unfound
,,,,,,,1200023067101,,,,,Unfound
,,,,,,,2000012475015,,,,,Unfound
,,,,,,,1900043185567,,,,,Unfound
,,,,,,,1300010789911,,,,,Unfound
,,,,,,,1580000478356,,,,,Unfound
,,,,,,,46818803,,,,46818803,Unfound
,,,,,,,2200020113566,,,,,Unfound
,,,,,,,1012708836761,,,,,Unfound
,,,,,,,2351672770214,,,,,Unfound
,,,,,,,1200041810172,,,,,Unfound
,,,,,,,1591059585733,,,,,Unfound
,,,,,,,2200041773008,,,,,Unfound
,,,,,,,1620000696266,,,,,Unfound
,,,,,,,2200018041042,,,,,Unfound
,,,,,,,4217504802,,,,4217504802,Unfound
,,,,,,,2332027766115,,,,,Unfound
,,,,,,,1300051826476,,,,,Unfound
,,,,,,,2000009909867,,,,,Unfound
,,,,,,,2000024575251,,,,,Unfound
,,,,,,,1100018284821,,,,,Unfound
,,,,,,,1012381889230,,,,,Unfound
,,,,,,,1900041000025,,,,,Unfound
,,,,,,,10373809,,,,72715,Unfound
,,,,,,,1900013277923,,,,,Unfound
,,,,,,,1900040129329,,,,,Unfound
,,,,,,,1610021196389,,,,,Unfound
,,,,,,,1610005369509,,,,,Unfound
,,,,,,,615690800,,,,615690800,Unfound
,,,,,,,8848642509,,,,8848642509,Unfound
,,,,,,,1100009758561,,,,,Unfound
,,,,,,,1591018041628,,,,,Unfound
,,,,,,,2000000621811,,,,,Unfound
,,,,,,,2000003276516,,,,,Unfound
,,,,,,,1100014364289,,,,,Unfound
,,,,,,,1717401545204,,,,,Unfound
,,,,,,,1200060281114,,,,,Unfound
,,,,,,,1030001890601,,,,,Unfound
,,,,,,,1851072508,,,,2904,Unfound
,,,,,,,1900002111110,,,,,Unfound
,,,,,,,1591024984915,,,,,Unfound
,,,,,,,1100006671800,,,,,Unfound
,,,,,,,1300010996007,,,,,Unfound
,,,,,,,68415904,,,,1,Unfound
,,,,,,,1100008365312,,,,,Unfound
,,,,,,,8816819909,,,,8816819909,Unfound
,,,,,,,1610030000000,,,,,Unfound
,,,,,,,1200020295641,,,,,Unfound
,,,,,,,2000014244150,,,,,Unfound
,,,,,,,2310319971015,,,,,Unfound
,,,,,,,575582602,,,,575582602,Unfound
,,,,,,,4179152208,,,,382,Unfound
,,,,,,,8824942208,,,,8824942208,Unfound
,,,,,,,1013015429526,,,,,Unfound
,,,,,,,2000019411081,,,,,Unfound
,,,,,,,1840971700,,,,23661,Unfound
,,,,,,,1012458509138,,,,,Unfound
,,,,,,,1200010182189,,,,,Unfound
,,,,,,,2380000096479,,,,,Unfound
,,,,,,,1200034853376,,,,,Unfound
,,,,,,,1324434500,,,,1324434500,Unfound
,,,,,,,1610002363824,,,,,Unfound
,,,,,,,1900060100858,,,,,Unfound
,,,,,,,2000053610864,,,,,Unfound
,,,,,,,2000007380753,,,,,Unfound
,,,,,,,2200020060170,,,,,Unfound
,,,,,,,1200038819110,,,,,Unfound
,,,,,,,66941601,,,,,Unfound
,,,,,,,1900038000954,,,,,Unfound
,,,,,,,2200010283224,,,,,Unfound
,,,,,,,1100023546697,,,,,Unfound
,,,,,,,1200029881120,,,,,Unfound
,,,,,,,2199994322663,,,,,Unfound
,,,,,,,2200014568840,,,,,Unfound
,,,,,,,8814155201,,,,332646,Unfound
,,,,,,,1410110200003,,,,,Unfound
,,,,,,,2472382509,,,,2472382509,Unfound
,,,,,,,9122976308,,,,29455,Unfound
,,,,,,,1200028877220,,,,,Unfound
,,,,,,,2200017969382,,,,,Unfound
,,,,,,,1200033379015,,,,,Unfound
,,,,,,,1900061041237,,,,,Unfound
,,,,,,,1100022125431,,,,,Unfound
,,,,,,,1100008224036,,,,,Unfound
,,,,,,,59955509,,,,59955509,Unfound
,,,,,,,2000021976443,,,,,Unfound
,,,,,,,1418526720000,,,,,Unfound
,,,,,,,1580000382649,,,,,Unfound
,,,,,,,2343602944418,,,,,Unfound
,,,,,,,1900016037665,,,,,Unfound
,,,,,,,67405604,,,,56,Unfound
,,,,,,,1900060004011,,,,,Unfound
,,,,,,,1012764938826,,,,,Unfound
,,,,,,,2331631002810,,,,,Unfound
,,,,,,,1012993967304,,,,,Unfound
,,,,,,,1200029531167,,,,,Unfound
,,,,,,,1591044717441,,,,,Unfound
,,,,,,,2000050914191,,,,,Unfound
,,,,,,,1100003122687,,,,,Unfound
,,,,,,,1013057843829,,,,,Unfound
,,,,,,,1610022667317,,,,,Unfound
,,,,,,,2380001280729,,,,,Unfound
,,,,,,,1579937305,,,,1579937305,Unfound
,,,,,,,1200031532203,,,,,Unfound
,,,,,,,1900090510250,,,,,Unfound
,,,,,,,1610002954145,,,,,Unfound
,,,,,,,1200021228813,,,,,Unfound
,,,,,,,2000027400173,,,,,Unfound
,,,,,,,1800030974775,,,,,Unfound
,,,,,,,2354225228911,,,,,Unfound
,,,,,,,1610022376010,,,,,Unfound
,,,,,,,2355622480516,,,,,Unfound
,,,,,,,1411207212005,,,,,Unfound
,,,,,,,8818104204,,,,8818104204,Unfound
,,,,,,,48916308,,,,48916308,Unfound
,,,,,,,1012736657796,,,,,Unfound
,,,,,,,2200011826865,,,,,Unfound
,,,,,,,2200023770004,,,,,Unfound
,,,,,,,1200051273570,,,,,Unfound
,,,,,,,3288894410,,,,63790,Unfound
,,,,,,,1883016201,,,,5922,Unfound
,,,,,,,1900090805392,,,,,Unfound
,,,,,,,2000051005660,,,,,Unfound
,,,,,,,2000022618188,,,,,Unfound
,,,,,,,1200040835264,,,,,Unfound
,,,,,,,701114205,,,,26572,Unfound
,,,,,,,79738401,,,,3508,Unfound
,,,,,,,1100000484670,,,,,Unfound
,,,,,,,1900034363124,,,,,Unfound
,,,,,,,20015710,,,,68093,Unfound
,,,,,,,2199992956669,,,,,Unfound
,,,,,,,9134448007,,,,9134448007,Unfound
,,,,,,,3392103806,,,,,Unfound
,,,,,,,1100003662895,,,,,Unfound
,,,,,,,4195889308,,,,60119,Unfound
,,,,,,,61330905,,,,30678,Unfound
,,,,,,,1100019637438,,,,,Unfound
,,,,,,,1014569700989,,,,,Unfound
,,,,,,,2371040000000,,,,,Unfound
,,,,,,,1710131392515,,,,,Unfound
,,,,,,,48711806,,,,222134,Unfound
,,,,,,,1100000923931,,,,,Unfound
,,,,,,,1200033094566,,,,,Unfound
,,,,,,,1200050371922,,,,,Unfound
,,,,,,,2380000172730,,,,,Unfound
,,,,,,,1200020694820,,,,,Unfound
,,,,,,,2000027850347,,,,,Unfound
,,,,,,,1900040213798,,,,,Unfound
,,,,,,,2000003455640,,,,,Unfound
,,,,,,,1610005491690,,,,,Unfound
,,,,,,,2315402841414,,,,,Unfound
,,,,,,,1300010194170,,,,,Unfound
,,,,,,,1012420000000,,,,,Unfound
,,,,,,,1610027245623,,,,,Unfound
,,,,,,,2200040025144,,,,,Unfound
,,,,,,,58630801,,,,58630801,Unfound
,,,,,,,2000001405890,,,,,Unfound
,,,,,,,1800023015643,,,,,Unfound
,,,,,,,8882374605,,,,8882374605,Unfound
,,,,,,,1200041322645,,,,,Unfound
,,,,,,,1100011867492,,,,,Unfound
,,,,,,,2331723466917,,,,,Unfound
,,,,,,,1610027424556,,,,,Unfound
,,,,,,,1100023940636,,,,,Unfound
,,,,,,,2340604342419,,,,,Unfound
,,,,,,,2000024811131,,,,,Unfound
,,,,,,,1023477402954,,,,,Unfound
,,,,,,,1800033904432,,,,,Unfound
,,,,,,,1591004290000,,,,,Unfound
,,,,,,,2344544820418,,,,,Unfound
,,,,,,,2200011642172,,,,,Unfound
,,,,,,,2000053145252,,,,,Unfound
,,,,,,,1300009552450,,,,,Unfound
,,,,,,,78458805,,,,78458805,Unfound
,,,,,,,8847380309,,,,8847380309,Unfound
,,,,,,,2375250358515,,,,,Unfound
,,,,,,,1800029080666,,,,,Unfound
,,,,,,,79160100,,,,79160100,Unfound
,,,,,,,1610031736793,,,,,Unfound
,,,,,,,1200050702010,,,,,Unfound
,,,,,,,690450107,,,,690450107,Unfound
,,,,,,,1200027199159,,,,,Unfound
,,,,,,,1900003255899,,,,,Unfound
,,,,,,,1300001706964,,,,,Unfound
,,,,,,,1900012021341,,,,,Unfound
,,,,,,,2000003578350,,,,,Unfound
,,,,,,,1013068564359,,,,,Unfound
,,,,,,,2199996380426,,,,,Unfound
,,,,,,,8816932400,,,,20598,Unfound
,,,,,,,2199990314836,,,,,Unfound
,,,,,,,2000021707873,,,,,Unfound
,,,,,,,21812102,,,,19501,Unfound
,,,,,,,1591050556024,,,,,Unfound
,,,,,,,1100010940158,,,,,Unfound
,,,,,,,1900047027553,,,,,Unfound
,,,,,,,70059503,,,,13,Unfound
,,,,,,,1620000299331,,,,,Unfound
,,,,,,,1800023163981,,,,,Unfound
,,,,,,,1200033980621,,,,,Unfound
,,,,,,,11655106,,,,780,Unfound
,,,,,,,71505303,,,,305,Unfound
,,,,,,,2313392526316,,,,,Unfound
,,,,,,,9132754610,,,,9132754610,Unfound
,,,,,,,1591045818122,,,,,Unfound
,,,,,,,1200022548322,,,,,Unfound
,,,,,,,1100002646011,,,,,Unfound
,,,,,,,1800016283289,,,,,Unfound
,,,,,,,1012724249522,,,,,Unfound
,,,,,,,67564209,,,,220584,Unfound
,,,,,,,1591050018987,,,,,Unfound
,,,,,,,2000025647679,,,,,Unfound
,,,,,,,1200034941846,,,,,Unfound
,,,,,,,1610032131246,,,,,Unfound
,,,,,,,1100005071280,,,,,Unfound
,,,,,,,1900023327554,,,,,Unfound
,,,,,,,1591026590809,,,,,Unfound
,,,,,,,1023537602234,,,,,Unfound
,,,,,,,576312510,,,,576312510,Unfound
,,,,,,,2000012342811,,,,,Unfound
,,,,,,,7475533706,,,,7475533706,Unfound
,,,,,,,2199995494744,,,,,Unfound
,,,,,,,1100000538305,,,,,Unfound
,,,,,,,1900010086852,,,,,Unfound
,,,,,,,2322781922013,,,,,Unfound
,,,,,,,1300035382352,,,,,Unfound
,,,,,,,2000013915844,,,,,Unfound
,,,,,,,1100003102193,,,,,Unfound
,,,,,,,78931906,,,,78931906,Unfound
,,,,,,,48437801,,,,48437801,Unfound
,,,,,,,2000027401441,,,,,Unfound
,,,,,,,1200034941535,,,,,Unfound
,,,,,,,1012475948199,,,,,Unfound
,,,,,,,1411412612004,,,,,Unfound
,,,,,,,1591047372900,,,,,Unfound
,,,,,,,68268008,,,,68268008,Unfound
,,,,,,,9084638103,,,,9084638103,Unfound
,,,,,,,1591000042717,,,,,Unfound
,,,,,,,1600000046316,,,,,Unfound
,,,,,,,1800028488048,,,,,Unfound
,,,,,,,1591035321400,,,,,Unfound
,,,,,,,2000023982546,,,,,Unfound
,,,,,,,1200021884834,,,,,Unfound
,,,,,,,1012472110410,,,,,Unfound
,,,,,,,8824469601,,,,8824469601,Unfound
,,,,,,,1100024552390,,,,,Unfound
,,,,,,,2325743591710,,,,,Unfound
,,,,,,,1100011547530,,,,,Unfound
,,,,,,,1900036034144,,,,,Unfound
,,,,,,,1900013070697,,,,,Unfound
,,,,,,,2341423689712,,,,,Unfound
,,,,,,,1200033600618,,,,,Unfound
,,,,,,,2000052158074,,,,,Unfound
,,,,,,,1900008409710,,,,,Unfound
,,,,,,,2199999417887,,,,,Unfound
,,,,,,,1610023381874,,,,,Unfound
,,,,,,,2336232208112,,,,,Unfound
,,,,,,,1827226903,,,,1827226903,Unfound
,,,,,,,2200020475223,,,,,Unfound
,,,,,,,2000023150065,,,,,Unfound
,,,,,,,2000023393043,,,,,Unfound
,,,,,,,2343341169111,,,,,Unfound
,,,,,,,2000019552688,,,,,Unfound
,,,,,,,1497816501,,,,1497816501,Unfound
,,,,,,,1282584606,,,,1282584606,Unfound
,,,,,,,8899174504,,,,8899174504,Unfound
,,,,,,,2000013159910,,,,,Unfound
,,,,,,,1013022373453,,,,,Unfound
,,,,,,,2200020794234,,,,,Unfound
,,,,,,,1267729406,,,,1267729406,Unfound
,,,,,,,1100003171425,,,,,Unfound
,,,,,,,74528207,,,,113042,Unfound
,,,,,,,1900029103193,,,,,Unfound
,,,,,,,8919846205,,,,8919846205,Unfound
,,,,,,,2200023098539,,,,,Unfound
,,,,,,,1100020842661,,,,,Unfound
,,,,,,,2000000238926,,,,,Unfound
,,,,,,,2370660941919,,,,,Unfound
,,,,,,,1800023414167,,,,,Unfound
,,,,,,,1900582110,,,,1900582110,Unfound
,,,,,,,2000050418803,,,,,Unfound
,,,,,,,1800036223568,,,,,Unfound
,,,,,,,1591035463451,,,,,Unfound
,,,,,,,2200010221120,,,,,Unfound
,,,,,,,1012875874496,,,,,Unfound
,,,,,,,1800020739256,,,,,Unfound
,,,,,,,2362760589110,,,,,Unfound
,,,,,,,1100050289032,,,,,Unfound
,,,,,,,1800032870483,,,,,Unfound
,,,,,,,2000054756963,,,,,Unfound
,,,,,,,2332011802913,,,,,Unfound
,,,,,,,2000016493996,,,,,Unfound
,,,,,,,1012622307540,,,,,Unfound
,,,,,,,1100024116624,,,,,Unfound
,,,,,,,2352370018418,,,,,Unfound
,,,,,,,1610000061988,,,,,Unfound
,,,,,,,8855781806,,,,8855781806,Unfound
,,,,,,,1100001055684,,,,,Unfound
,,,,,,,2332807068010,,,,,Unfound
,,,,,,,2000023841311,,,,,Unfound
,,,,,,,2333912237023,,,,,Unfound
,,,,,,,2331697082416,,,,,Unfound
,,,,,,,1800022267582,,,,,Unfound
,,,,,,,2504341806,,,,2504341806,Unfound
,,,,,,,1200033257371,,,,,Unfound
,,,,,,,1800015725180,,,,,Unfound
,,,,,,,1012970355961,,,,,Unfound
,,,,,,,2362606839319,,,,,Unfound
,,,,,,,2320111741717,,,,,Unfound
,,,,,,,513634705,,,,513634705,Unfound
,,,,,,,1900090418076,,,,,Unfound
,,,,,,,1591058203173,,,,,Unfound
,,,,,,,2380000800553,,,,,Unfound
,,,,,,,1610031901358,,,,,Unfound
,,,,,,,1700051788368,,,,,Unfound
,,,,,,,1591024563219,,,,,Unfound
,,,,,,,9210168907,,,,40443,Unfound
,,,,,,,1300006037155,,,,,Unfound
,,,,,,,9149967007,,,,9149967007,Unfound
,,,,,,,2000008318152,,,,,Unfound
,,,,,,,2200012802651,,,,,Unfound
,,,,,,,1630000289863,,,,,Unfound
,,,,,,,2200042346278,,,,,Unfound
,,,,,,,1591012031536,,,,,Unfound
,,,,,,,2200023685876,,,,,Unfound
,,,,,,,1013084858930,,,,,Unfound
,,,,,,,1012416769193,,,,,Unfound
,,,,,,,2428231106,,,,2428231106,Unfound
,,,,,,,2200013545842,,,,,Unfound
,,,,,,,1200001381531,,,,,Unfound
,,,,,,,2200024082984,,,,,Unfound
,,,,,,,2000016389070,,,,,Unfound
,,,,,,,2373656560715,,,,,Unfound
,,,,,,,2784811308,,,,2784811308,Unfound
,,,,,,,1200038674438,,,,,Unfound
,,,,,,,1095794400,,,,3870,Unfound
,,,,,,,1610014798097,,,,,Unfound
,,,,,,,2000021245370,,,,,Unfound
,,,,,,,3936491610,,,,85033,Unfound
,,,,,,,1200041335031,,,,,Unfound
,,,,,,,1900000424257,,,,,Unfound
,,,,,,,1716860133508,,,,,Unfound
,,,,,,,1414393303000,,,,,Unfound
,,,,,,,1610003383255,,,,,Unfound
,,,,,,,1900007339266,,,,,Unfound
,,,,,,,2200020563580,,,,,Unfound
,,,,,,,1012459494458,,,,,Unfound
,,,,,,,64973301,,,,64973301,Unfound
,,,,,,,2365685169010,,,,,Unfound
,,,,,,,2310119661017,,,,,Unfound
,,,,,,,1903685203,,,,1903685203,Unfound
,,,,,,,1900044308751,,,,,Unfound
,,,,,,,1610001952519,,,,,Unfound
,,,,,,,1419090000000,,,,,Unfound
,,,,,,,1610018315354,,,,,Unfound
,,,,,,,1200033689253,,,,,Unfound
,,,,,,,3944777804,,,,3944777804,Unfound
,,,,,,,2380001371999,,,,,Unfound
,,,,,,,2520381608,,,,2520381608,Unfound
,,,,,,,1200026598967,,,,,Unfound
,,,,,,,2000008564700,,,,,Unfound
,,,,,,,2000012375301,,,,,Unfound
,,,,,,,1200041359450,,,,,Unfound
,,,,,,,1012919096095,,,,,Unfound
,,,,,,,1900019021393,,,,,Unfound
,,,,,,,2365934089914,,,,,Unfound
,,,,,,,1591003000041,,,,,Unfound
,,,,,,,2000026888233,,,,,Unfound
,,,,,,,1100050661868,,,,,Unfound
,,,,,,,3352705810,,,,3352705810,Unfound
,,,,,,,1610004245430,,,,,Unfound
,,,,,,,1900033391938,,,,,Unfound
,,,,,,,2331770013719,,,,,Unfound
,,,,,,,2989023109,,,,2989023109,Unfound
,,,,,,,1100012060901,,,,,Unfound
,,,,,,,1012532296581,,,,,Unfound
,,,,,,,1610030959880,,,,,Unfound
,,,,,,,1900000036669,,,,,Unfound
,,,,,,,2200014911770,,,,,Unfound
,,,,,,,2330253205710,,,,,Unfound
,,,,,,,1900011003848,,,,,Unfound
,,,,,,,3236393010,,,,197632,Unfound
,,,,,,,1610011645236,,,,,Unfound
,,,,,,,1868783202,,,,1868783202,Unfound
,,,,,,,2000004403637,,,,,Unfound
,,,,,,,1200026309272,,,,,Unfound
,,,,,,,1800028856413,,,,,Unfound
,,,,,,,1100003759230,,,,,Unfound
,,,,,,,20488305,,,,20488305,Unfound
,,,,,,,1200031827443,,,,,Unfound
,,,,,,,1100010975522,,,,,Unfound
,,,,,,,1012807129338,,,,,Unfound
,,,,,,,2199998137164,,,,,Unfound
,,,,,,,2522645604,,,,49337,Unfound
,,,,,,,1100012107300,,,,,Unfound
,,,,,,,2351031257910,,,,,Unfound
,,,,,,,1804266001,,,,26836,Unfound
,,,,,,,1610000942050,,,,,Unfound
,,,,,,,1200026256912,,,,,Unfound
,,,,,,,1300010194295,,,,,Unfound
,,,,,,,1100021710707,,,,,Unfound
,,,,,,,1430000017166,,,,,Unfound
,,,,,,,1610010704769,,,,,Unfound
,,,,,,,2332291241719,,,,,Unfound
,,,,,,,2372103247726,,,,,Unfound
,,,,,,,1012528894190,,,,,Unfound
,,,,,,,1900044404762,,,,,Unfound
,,,,,,,9155380308,,,,9155380308,Unfound
,,,,,,,2779465604,,,,829,Unfound
,,,,,,,2000013892709,,,,,Unfound
,,,,,,,1100008426063,,,,,Unfound
,,,,,,,1013058267488,,,,,Unfound
,,,,,,,1300005600612,,,,,Unfound
,,,,,,,1013086850507,,,,,Unfound
,,,,,,,1800030799926,,,,,Unfound
,,,,,,,1300060484362,,,,,Unfound
,,,,,,,1900024310677,,,,,Unfound
,,,,,,,1300003947431,,,,,Unfound
,,,,,,,1200031922957,,,,,Unfound
,,,,,,,1610011182680,,,,,Unfound
,,,,,,,1300002145939,,,,,Unfound
,,,,,,,1630000383200,,,,,Unfound
,,,,,,,2320555772310,,,,,Unfound
,,,,,,,2344581291816,,,,,Unfound
,,,,,,,1200034265391,,,,,Unfound
,,,,,,,1900000002268,,,,,Unfound
,,,,,,,2200013464370,,,,,Unfound
,,,,,,,1100021732152,,,,,Unfound
,,,,,,,2199989624852,,,,,Unfound
,,,,,,,2000006591349,,,,,Unfound
,,,,,,,1200020103139,,,,,Unfound
,,,,,,,2000004669116,,,,,Unfound
,,,,,,,2200024091162,,,,,Unfound
,,,,,,,1100004776050,,,,,Unfound
,,,,,,,2000006282150,,,,,Unfound
,,,,,,,1300000397176,,,,,Unfound
,,,,,,,1456205509,,,,1456205509,Unfound
,,,,,,,1200034185968,,,,,Unfound
,,,,,,,1591060274972,,,,,Unfound
,,,,,,,1580000836459,,,,,Unfound
,,,,,,,3304264101,,,,3304264101,Unfound
,,,,,,,2200014850995,,,,,Unfound
,,,,,,,1200026426655,,,,,Unfound
,,,,,,,2200014273920,,,,,Unfound
,,,,,,,1470000380960,,,,,Unfound
,,,,,,,1610013472780,,,,,Unfound
,,,,,,,2199990754602,,,,,Unfound
,,,,,,,1012345821788,,,,,Unfound
,,,,,,,1900004220735,,,,,Unfound
,,,,,,,1591034914900,,,,,Unfound
,,,,,,,1012659098110,,,,,Unfound
,,,,,,,1200051233870,,,,,Unfound
,,,,,,,2000025031314,,,,,Unfound
,,,,,,,2000020390722,,,,,Unfound
,,,,,,,3976557100,,,,3976557100,Unfound
,,,,,,,1591060560774,,,,,Unfound
,,,,,,,2000014985053,,,,,Unfound
,,,,,,,1012420200563,,,,,Unfound
,,,,,,,585461304,,,,585461304,Unfound
,,,,,,,2000011379704,,,,,Unfound
,,,,,,,1630000237396,,,,,Unfound
,,,,,,,1100021484142,,,,,Unfound
,,,,,,,2200021886435,,,,,Unfound
,,,,,,,1591056192342,,,,,Unfound
,,,,,,,1900017412773,,,,,Unfound
,,,,,,,1900049277911,,,,,Unfound
,,,,,,,1418529421008,,,,,Unfound
,,,,,,,1900017015538,,,,,Unfound
,,,,,,,1300003286659,,,,,Unfound
,,,,,,,2000016431420,,,,,Unfound
,,,,,,,1100002460209,,,,,Unfound
,,,,,,,2200012856319,,,,,Unfound
,,,,,,,1591119541876,,,,,Unfound
,,,,,,,2200022733057,,,,,Unfound
,,,,,,,1012442747009,,,,,Unfound
,,,,,,,1715040090013,,,,,Unfound
,,,,,,,1012833876492,,,,,Unfound
,,,,,,,1100022975717,,,,,Unfound
,,,,,,,1200029632149,,,,,Unfound
,,,,,,,1800037924195,,,,,Unfound
,,,,,,,1300004126510,,,,,Unfound
,,,,,,,1416244712002,,,,,Unfound
,,,,,,,2000002887240,,,,,Unfound
,,,,,,,1100003886365,,,,,Unfound
,,,,,,,2200017250457,,,,,Unfound
,,,,,,,1200020608040,,,,,Unfound
,,,,,,,1610012696125,,,,,Unfound
,,,,,,,1610020199797,,,,,Unfound
,,,,,,,1425233000009,,,,,Unfound
,,,,,,,1900000315630,,,,,Unfound
,,,,,,,1610020077830,,,,,Unfound
,,,,,,,2353071989412,,,,,Unfound
,,,,,,,2100040263225,,,,,Unfound
,,,,,,,1900008362248,,,,,Unfound
,,,,,,,1012843412524,,,,,Unfound
,,,,,,,1800028013570,,,,,Unfound
,,,,,,,2000019610930,,,,,Unfound
,,,,,,,1591050585832,,,,,Unfound
,,,,,,,1714609130241,,,,,Unfound
,,,,,,,1200040460098,,,,,Unfound
,,,,,,,2199992151535,,,,,Unfound
,,,,,,,17886807,,,,17886807,Unfound
,,,,,,,1610030914259,,,,,Unfound
,,,,,,,1900028378544,,,,,Unfound
,,,,,,,9178967806,,,,9178967806,Unfound
,,,,,,,2000024093124,,,,,Unfound
,,,,,,,1900026305020,,,,,Unfound
,,,,,,,1415109570000,,,,,Unfound
,,,,,,,1800031504160,,,,,Unfound
,,,,,,,1200022241718,,,,,Unfound
,,,,,,,1800035284198,,,,,Unfound
,,,,,,,545305703,,,,545305703,Unfound
,,,,,,,1800017238515,,,,,Unfound
,,,,,,,1591154572850,,,,,Unfound
,,,,,,,1100012093508,,,,,Unfound
,,,,,,,2000004668850,,,,,Unfound
,,,,,,,1900020122090,,,,,Unfound
,,,,,,,1013029263330,,,,,Unfound
,,,,,,,1620000526059,,,,,Unfound
,,,,,,,1413279581004,,,,,Unfound
,,,,,,,1200022166380,,,,,Unfound
,,,,,,,1559576006,,,,48377,Unfound
,,,,,,,2200020132977,,,,,Unfound
,,,,,,,1200050380485,,,,,Unfound
,,,,,,,1700052293260,,,,,Unfound
,,,,,,,1591059029027,,,,,Unfound
,,,,,,,1800028738409,,,,,Unfound
,,,,,,,1012455313741,,,,,Unfound
,,,,,,,1800025529134,,,,,Unfound
,,,,,,,1012840000000,,,,,Unfound
,,,,,,,7430946008,,,,7430946008,Unfound
,,,,,,,1414158140003,,,,,Unfound
,,,,,,,2310101261610,,,,,Unfound
,,,,,,,1900090394577,,,,,Unfound
,,,,,,,2340315844410,,,,,Unfound
,,,,,,,1900009057700,,,,,Unfound
,,,,,,,2000022875773,,,,,Unfound
,,,,,,,1800024523735,,,,,Unfound
,,,,,,,1012957677210,,,,,Unfound
,,,,,,,2200021840430,,,,,Unfound
,,,,,,,1800021368768,,,,,Unfound
,,,,,,,8816334806,,,,190173,Unfound
,,,,,,,1800035183782,,,,,Unfound
,,,,,,,1610028734990,,,,,Unfound
,,,,,,,1800022283840,,,,,Unfound
,,,,,,,1200025775730,,,,,Unfound
,,,,,,,1300013697946,,,,,Unfound
,,,,,,,1200036684470,,,,,Unfound
,,,,,,,1050000601007,,,,,Unfound
,,,,,,,1300004092474,,,,,Unfound
,,,,,,,1900032113801,,,,,Unfound
,,,,,,,2380000647629,,,,,Unfound
,,,,,,,1610005102609,,,,,Unfound
,,,,,,,1261677102,,,,1261677102,Unfound
,,,,,,,2336532363028,,,,,Unfound
,,,,,,,1591009715720,,,,,Unfound
,,,,,,,2311094084016,,,,,Unfound
,,,,,,,53021705,,,,53021705,Unfound
,,,,,,,1800014816410,,,,,Unfound
,,,,,,,2000008638088,,,,,Unfound
,,,,,,,1013069586707,,,,,Unfound
,,,,,,,1200029633532,,,,,Unfound
,,,,,,,2200020038810,,,,,Unfound
,,,,,,,1610013494126,,,,,Unfound
,,,,,,,1100009434507,,,,,Unfound
,,,,,,,2000054707060,,,,,Unfound
,,,,,,,2346530000000,,,,,Unfound
,,,,,,,1100023541095,,,,,Unfound
,,,,,,,1012487903596,,,,,Unfound
,,,,,,,1610023737588,,,,,Unfound
,,,,,,,2000002333100,,,,,Unfound
,,,,,,,1200035252862,,,,,Unfound
,,,,,,,1800035286691,,,,,Unfound
,,,,,,,2365909762715,,,,,Unfound
,,,,,,,1100015466910,,,,,Unfound
,,,,,,,2321214241812,,,,,Unfound
,,,,,,,1800000300280,,,,,Unfound
,,,,,,,80643103,,,,266199,Unfound
,,,,,,,4213174102,,,,4213174102,Unfound
,,,,,,,2508167107,,,,2508167107,Unfound
,,,,,,,1012640563568,,,,,Unfound
,,,,,,,1300004243390,,,,,Unfound
,,,,,,,1591059260650,,,,,Unfound
,,,,,,,2000053085160,,,,,Unfound
,,,,,,,1100009495500,,,,,Unfound
,,,,,,,1413395571002,,,,,Unfound
,,,,,,,2000018651661,,,,,Unfound
,,,,,,,1023480577186,,,,,Unfound
,,,,,,,1200032186668,,,,,Unfound
,,,,,,,1800025176184,,,,,Unfound
,,,,,,,1700051122944,,,,,Unfound
,,,,,,,1591055877677,,,,,Unfound
,,,,,,,1100005028504,,,,,Unfound
,,,,,,,8859245005,,,,8859245005,Unfound
,,,,,,,1200029244877,,,,,Unfound
,,,,,,,2099780103,,,,2099780103,Unfound
,,,,,,,2000009142437,,,,,Unfound
,,,,,,,620068606,,,,14063,Unfound
,,,,,,,1418705940005,,,,,Unfound
,,,,,,,1300003091753,,,,,Unfound
,,,,,,,1418878840008,,,,,Unfound
,,,,,,,1800016468186,,,,,Unfound
,,,,,,,1300010377390,,,,,Unfound
,,,,,,,2200013240890,,,,,Unfound
,,,,,,,1100003749180,,,,,Unfound
,,,,,,,61990005,,,,61990005,Unfound
,,,,,,,1900032020529,,,,,Unfound
,,,,,,,10559700,,,,342147,Unfound
,,,,,,,2330130304116,,,,,Unfound
,,,,,,,1600000047764,,,,,Unfound
,,,,,,,2000056036858,,,,,Unfound
,,,,,,,2360426521916,,,,,Unfound
,,,,,,,2200023556318,,,,,Unfound
,,,,,,,203357610,,,,203357610,Unfound
,,,,,,,1900049379056,,,,,Unfound
,,,,,,,1900009133529,,,,,Unfound
,,,,,,,2000005820160,,,,,Unfound
,,,,,,,1100024543562,,,,,Unfound
,,,,,,,1419582810000,,,,,Unfound
,,,,,,,2200040636435,,,,,Unfound
,,,,,,,1800060061186,,,,,Unfound
,,,,,,,2000053995263,,,,,Unfound
,,,,,,,2000022548024,,,,,Unfound
,,,,,,,1900046014084,,,,,Unfound
,,,,,,,45994908,,,,45994908,Unfound
,,,,,,,1800026641556,,,,,Unfound
,,,,,,,1900038185972,,,,,Unfound
,,,,,,,2199999740858,,,,,Unfound
,,,,,,,2200030113146,,,,,Unfound
,,,,,,,3318654309,,,,3318654309,Unfound
,,,,,,,2326542901011,,,,,Unfound
,,,,,,,3935345605,,,,30340,Unfound
,,,,,,,2361173029017,,,,,Unfound
,,,,,,,2363112929218,,,,,Unfound
,,,,,,,2000011103961,,,,,Unfound
,,,,,,,1100009629927,,,,,Unfound
,,,,,,,1610000873450,,,,,Unfound
,,,,,,,1012357667014,,,,,Unfound
,,,,,,,1012473872671,,,,,Unfound
,,,,,,,2733232503,,,,2733232503,Unfound
,,,,,,,1300054716711,,,,,Unfound
,,,,,,,2000025782800,,,,,Unfound
,,,,,,,2315705691810,,,,,Unfound
,,,,,,,2334100026729,,,,,Unfound
,,,,,,,48442109,,,,140021,Unfound
,,,,,,,1591054827675,,,,,Unfound
,,,,,,,2000054070012,,,,,Unfound
,,,,,,,1900047362929,,,,,Unfound
,,,,,,,1100011865510,,,,,Unfound
,,,,,,,1160000000000,,,,,Unfound
,,,,,,,1716686187405,,,,,Unfound
,,,,,,,1800060462956,,,,,Unfound
,,,,,,,2331909876718,,,,,Unfound
,,,,,,,1200030994905,,,,,Unfound
,,,,,,,1591023401873,,,,,Unfound
,,,,,,,1727108235203,,,,,Unfound
,,,,,,,4154300103,,,,4154300103,Unfound
,,,,,,,1100039200031,,,,,Unfound
,,,,,,,59011104,,,,59011104,Unfound
,,,,,,,1591058954340,,,,,Unfound
,,,,,,,1800032008410,,,,,Unfound
,,,,,,,1100000730577,,,,,Unfound
,,,,,,,2199995118061,,,,,Unfound
,,,,,,,1100002783302,,,,,Unfound
,,,,,,,1900025064985,,,,,Unfound
,,,,,,,1200036838955,,,,,Unfound
,,,,,,,1200023888440,,,,,Unfound
,,,,,,,1610031750050,,,,,Unfound
,,,,,,,2000016012653,,,,,Unfound
,,,,,,,2200022102079,,,,,Unfound
,,,,,,,1100018969562,,,,,Unfound
,,,,,,,1200042476211,,,,,Unfound
,,,,,,,1591034270640,,,,,Unfound
,,,,,,,1800021408037,,,,,Unfound
,,,,,,,1300034459039,,,,,Unfound
,,,,,,,1800033653351,,,,,Unfound
,,,,,,,2200030100090,,,,,Unfound
,,,,,,,2486999207,,,,2486999207,Unfound
,,,,,,,2325015842412,,,,,Unfound
,,,,,,,1100008867687,,,,,Unfound
,,,,,,,1200036910440,,,,,Unfound
,,,,,,,2325124641710,,,,,Unfound
,,,,,,,2000013530094,,,,,Unfound
,,,,,,,8930285404,,,,238361,Unfound
,,,,,,,8911975400,,,,8911975400,Unfound
,,,,,,,1355122201,,,,18662,Unfound
,,,,,,,2000002150789,,,,,Unfound
,,,,,,,1200033148627,,,,,Unfound
,,,,,,,2000054479172,,,,,Unfound
,,,,,,,1610032013320,,,,,Unfound
,,,,,,,2000000340587,,,,,Unfound
,,,,,,,2380001015930,,,,,Unfound
,,,,,,,48502909,,,,141071,Unfound
,,,,,,,1300002989919,,,,,Unfound
,,,,,,,2363701800411,,,,,Unfound
,,,,,,,1100770856970,,,,,Unfound
,,,,,,,2371660283711,,,,,Unfound
,,,,,,,1100050801834,,,,,Unfound
,,,,,,,1610030796816,,,,,Unfound
,,,,,,,2000019023940,,,,,Unfound
,,,,,,,1800035123231,,,,,Unfound
,,,,,,,1200038383674,,,,,Unfound
,,,,,,,48120805,,,,47174,Unfound
,,,,,,,2000013422645,,,,,Unfound
,,,,,,,1200037536870,,,,,Unfound
,,,,,,,2380001682883,,,,,Unfound
,,,,,,,1100002761780,,,,,Unfound
,,,,,,,47436704,,,,47436704,Unfound
,,,,,,,1592001143071,,,,,Unfound
,,,,,,,2199998818421,,,,,Unfound
,,,,,,,2000001251653,,,,,Unfound
,,,,,,,1012960358097,,,,,Unfound
,,,,,,,2000003724281,,,,,Unfound
,,,,,,,2199999343729,,,,,Unfound
,,,,,,,2000001609272,,,,,Unfound
,,,,,,,1023480000000,,,,,Unfound
,,,,,,,2722080405,,,,2722080405,Unfound
,,,,,,,2199998321770,,,,,Unfound
,,,,,,,2000005212541,,,,,Unfound
,,,,,,,2000020389105,,,,,Unfound
,,,,,,,59582507,,,,59582507,Unfound
,,,,,,,1200010188214,,,,,Unfound
,,,,,,,2199990176797,,,,,Unfound
,,,,,,,1100022331465,,,,,Unfound
,,,,,,,1610010411298,,,,,Unfound
,,,,,,,1900070573900,,,,,Unfound
,,,,,,,2390000001601,,,,,Unfound
,,,,,,,1580000586140,,,,,Unfound
,,,,,,,46645506,,,,46645506,Unfound
,,,,,,,2000014193763,,,,,Unfound
,,,,,,,1012735934440,,,,,Unfound
,,,,,,,1900060383262,,,,,Unfound
,,,,,,,1012866313166,,,,,Unfound
,,,,,,,2199991565054,,,,,Unfound
,,,,,,,50112401,,,,50112401,Unfound
,,,,,,,1200041117331,,,,,Unfound
,,,,,,,2200013680417,,,,,Unfound
,,,,,,,2000052994729,,,,,Unfound
,,,,,,,2200018204897,,,,,Unfound
,,,,,,,1610013568099,,,,,Unfound
,,,,,,,1100011186756,,,,,Unfound
,,,,,,,16911303,,,,16911303,Unfound
,,,,,,,1200020598145,,,,,Unfound
,,,,,,,2000024719524,,,,,Unfound
,,,,,,,2000022619066,,,,,Unfound
,,,,,,,1200033895269,,,,,Unfound
,,,,,,,1800021683515,,,,,Unfound
,,,,,,,3953353808,,,,3953353808,Unfound
,,,,,,,1630000017270,,,,,Unfound
,,,,,,,2199999833787,,,,,Unfound
,,,,,,,2199992595928,,,,,Unfound
,,,,,,,1610031684870,,,,,Unfound
,,,,,,,2000007251598,,,,,Unfound
,,,,,,,1012467911078,,,,,Unfound
,,,,,,,1300052308722,,,,,Unfound
,,,,,,,65974701,,,,21,Unfound
,,,,,,,2364005431110,,,,,Unfound
,,,,,,,2345183841610,,,,,Unfound
,,,,,,,1100018451606,,,,,Unfound
,,,,,,,1100024617035,,,,,Unfound
,,,,,,,1715038752703,,,,,Unfound
,,,,,,,9152757606,,,,9152757606,Unfound
,,,,,,,73822707,,,,73822707,Unfound
,,,,,,,2199990171121,,,,,Unfound
,,,,,,,1610005141333,,,,,Unfound
,,,,,,,1610027024560,,,,,Unfound
,,,,,,,1200032316609,,,,,Unfound
,,,,,,,2200023711978,,,,,Unfound
,,,,,,,1200039243221,,,,,Unfound
,,,,,,,1416041302005,,,,,Unfound
,,,,,,,2000003542629,,,,,Unfound
,,,,,,,1200051779468,,,,,Unfound
,,,,,,,1800025174911,,,,,Unfound
,,,,,,,1610028566846,,,,,Unfound
,,,,,,,2371441870813,,,,,Unfound
,,,,,,,2380002081614,,,,,Unfound
,,,,,,,2335369534016,,,,,Unfound
,,,,,,,1012346453590,,,,,Unfound
,,,,,,,2000003941350,,,,,Unfound
,,,,,,,1900015113517,,,,,Unfound
,,,,,,,2334990162820,,,,,Unfound
,,,,,,,1012667071753,,,,,Unfound
,,,,,,,2000050681427,,,,,Unfound
,,,,,,,2100040630615,,,,,Unfound
,,,,,,,1900035329969,,,,,Unfound
,,,,,,,1610018726797,,,,,Unfound
,,,,,,,1610030659065,,,,,Unfound
,,,,,,,2363160661012,,,,,Unfound
,,,,,,,1591049367520,,,,,Unfound
,,,,,,,1013038582018,,,,,Unfound
,,,,,,,1610003195346,,,,,Unfound
,,,,,,,1300030000000,,,,,Unfound
,,,,,,,1200050054811,,,,,Unfound
,,,,,,,1610027255890,,,,,Unfound
,,,,,,,2200030059376,,,,,Unfound
,,,,,,,1200030842005,,,,,Unfound
,,,,,,,2342670219423,,,,,Unfound
,,,,,,,2200011617654,,,,,Unfound
,,,,,,,2000054170240,,,,,Unfound
,,,,,,,1900090252455,,,,,Unfound
,,,,,,,1300054901824,,,,,Unfound
,,,,,,,2000013464609,,,,,Unfound
,,,,,,,9090836205,,,,2610,Unfound
,,,,,,,3514900,,,,3514900,Unfound
,,,,,,,1610005249250,,,,,Unfound
,,,,,,,68885706,,,,87682,Unfound
,,,,,,,1643198206,,,,1643198206,Unfound
,,,,,,,1600000034231,,,,,Unfound
,,,,,,,2752993604,,,,1278,Unfound
,,,,,,,1030002811041,,,,,Unfound
,,,,,,,1200039925227,,,,,Unfound
,,,,,,,756606,,,,756606,Unfound
,,,,,,,1640000000276,,,,,Unfound
,,,,,,,1900049142017,,,,,Unfound
,,,,,,,1100003590804,,,,,Unfound
,,,,,,,1900006428302,,,,,Unfound
,,,,,,,2199993527929,,,,,Unfound
,,,,,,,8909789202,,,,8820,Unfound
,,,,,,,1012914053803,,,,,Unfound
,,,,,,,1610000677035,,,,,Unfound
,,,,,,,2000015950948,,,,,Unfound
,,,,,,,53465405,,,,39943,Unfound
,,,,,,,1012862085070,,,,,Unfound
,,,,,,,2199991430677,,,,,Unfound
,,,,,,,2335368028818,,,,,Unfound
,,,,,,,2332328220019,,,,,Unfound
,,,,,,,2423561102,,,,2423561102,Unfound
,,,,,,,69011200,,,,37189,Unfound
,,,,,,,1200030511587,,,,,Unfound
,,,,,,,1100000761877,,,,,Unfound
,,,,,,,1023505411669,,,,,Unfound
,,,,,,,1300000964160,,,,,Unfound
,,,,,,,1200024095730,,,,,Unfound
,,,,,,,1300011494133,,,,,Unfound
,,,,,,,1591051326612,,,,,Unfound
,,,,,,,2361100000000,,,,,Unfound
,,,,,,,1030039223971,,,,,Unfound
,,,,,,,2000027390427,,,,,Unfound
,,,,,,,1800025109220,,,,,Unfound
,,,,,,,1100000949942,,,,,Unfound
,,,,,,,1900033000931,,,,,Unfound
,,,,,,,1630000480970,,,,,Unfound
,,,,,,,2064422605,,,,2064422605,Unfound
,,,,,,,78086704,,,,78086704,Unfound
,,,,,,,1900020429537,,,,,Unfound
,,,,,,,1200031240446,,,,,Unfound
,,,,,,,1300060291010,,,,,Unfound
,,,,,,,1200034077297,,,,,Unfound
,,,,,,,8872837602,,,,8872837602,Unfound
,,,,,,,2353191903113,,,,,Unfound
,,,,,,,1800018767661,,,,,Unfound
,,,,,,,1900023000000,,,,,Unfound
,,,,,,,1610014484411,,,,,Unfound
,,,,,,,47063500,,,,47063500,Unfound
,,,,,,,2701282108,,,,2701282108,Unfound
,,,,,,,2000006100391,,,,,Unfound
,,,,,,,1160001162046,,,,,Unfound
,,,,,,,1610019753036,,,,,Unfound
,,,,,,,1610013526976,,,,,Unfound
,,,,,,,1012824166810,,,,,Unfound
,,,,,,,1800021228875,,,,,Unfound
,,,,,,,1515702007,,,,,Unfound
,,,,,,,2199990629414,,,,,Unfound
,,,,,,,1610010311380,,,,,Unfound
,,,,,,,1012825218600,,,,,Unfound
,,,,,,,1918953503,,,,1918953503,Unfound
,,,,,,,1591057804030,,,,,Unfound
,,,,,,,1800018511790,,,,,Unfound
,,,,,,,1200037536755,,,,,Unfound
,,,,,,,2199994042493,,,,,Unfound
,,,,,,,2000027422344,,,,,Unfound
,,,,,,,1200020197128,,,,,Unfound
,,,,,,,1900016087977,,,,,Unfound
,,,,,,,1800015147344,,,,,Unfound
,,,,,,,1591015903840,,,,,Unfound
,,,,,,,2372411011116,,,,,Unfound
,,,,,,,1426565100000,,,,,Unfound
,,,,,,,1591020490000,,,,,Unfound
,,,,,,,2200010224238,,,,,Unfound
,,,,,,,1200024398094,,,,,Unfound
,,,,,,,2000000750650,,,,,Unfound
,,,,,,,9106393404,,,,9106393404,Unfound
,,,,,,,1100003043973,,,,,Unfound
,,,,,,,1591016497030,,,,,Unfound
,,,,,,,2000015088703,,,,,Unfound
,,,,,,,1413378731000,,,,,Unfound
,,,,,,,1411593961005,,,,,Unfound
,,,,,,,71000306,,,,71000306,Unfound
,,,,,,,2356560000114,,,,,Unfound
,,,,,,,2310888574115,,,,,Unfound
,,,,,,,1610002504992,,,,,Unfound
,,,,,,,1300009794666,,,,,Unfound
,,,,,,,1100039230219,,,,,Unfound
,,,,,,,1014571000009,,,,,Unfound
,,,,,,,1200025454182,,,,,Unfound
,,,,,,,1610002353199,,,,,Unfound
,,,,,,,1900011404350,,,,,Unfound
,,,,,,,1591026206143,,,,,Unfound
,,,,,,,203118704,,,,43049,Unfound
,,,,,,,1014570040001,,,,,Unfound
,,,,,,,1200035114141,,,,,Unfound
,,,,,,,1200035196650,,,,,Unfound
,,,,,,,1200036039967,,,,,Unfound
,,,,,,,2000027775814,,,,,Unfound
,,,,,,,1800028083620,,,,,Unfound
,,,,,,,2000025357358,,,,,Unfound
,,,,,,,2000026013005,,,,,Unfound
,,,,,,,1610012163173,,,,,Unfound
,,,,,,,1200034666150,,,,,Unfound
,,,,,,,66689606,,,,66689606,Unfound
,,,,,,,1418808022007,,,,,Unfound
,,,,,,,2169099107,,,,2169099107,Unfound
,,,,,,,1900024130981,,,,,Unfound
,,,,,,,1012881010398,,,,,Unfound
,,,,,,,1200026905470,,,,,Unfound
,,,,,,,58484603,,,,58484603,Unfound
,,,,,,,1850609902,,,,845,Unfound
,,,,,,,1300005539214,,,,,Unfound
,,,,,,,2331408316816,,,,,Unfound
,,,,,,,1200027370515,,,,,Unfound
,,,,,,,1200032177877,,,,,Unfound
,,,,,,,1878928702,,,,,Unfound
,,,,,,,2373851859510,,,,,Unfound
,,,,,,,2200040767110,,,,,Unfound
,,,,,,,1917974001,,,,1917974001,Unfound
,,,,,,,76399906,,,,76399906,Unfound
,,,,,,,1012518855840,,,,,Unfound
,,,,,,,1610011940593,,,,,Unfound
,,,,,,,1900060634992,,,,,Unfound
,,,,,,,2356122200318,,,,,Unfound
,,,,,,,8823100805,,,,8823100805,Unfound
,,,,,,,2200030090915,,,,,Unfound
,,,,,,,1012867994466,,,,,Unfound
,,,,,,,1610031833159,,,,,Unfound
,,,,,,,1300035399106,,,,,Unfound
,,,,,,,2199990578113,,,,,Unfound
,,,,,,,1012810507571,,,,,Unfound
,,,,,,,1610029461346,,,,,Unfound
,,,,,,,2000024875394,,,,,Unfound
,,,,,,,69219202,,,,69219202,Unfound
,,,,,,,2100040447430,,,,,Unfound
,,,,,,,1014570000133,,,,,Unfound
,,,,,,,2704806502,,,,43481,Unfound
,,,,,,,8836957900,,,,120303,Unfound
,,,,,,,2000010023572,,,,,Unfound
,,,,,,,2110639508,,,,2110639508,Unfound
,,,,,,,1900014178434,,,,,Unfound
,,,,,,,1012919447999,,,,,Unfound
,,,,,,,1900000251970,,,,,Unfound
,,,,,,,1160000096855,,,,,Unfound
,,,,,,,2376503004018,,,,,Unfound
,,,,,,,1800051424528,,,,,Unfound
,,,,,,,1300008022434,,,,,Unfound
,,,,,,,2200019226251,,,,,Unfound
,,,,,,,1416111771008,,,,,Unfound
,,,,,,,80879200,,,,80879200,Unfound
,,,,,,,4002312500,,,,4002312500,Unfound
,,,,,,,2200030354794,,,,,Unfound
,,,,,,,1712000690201,,,,,Unfound
,,,,,,,1200026811992,,,,,Unfound
,,,,,,,2360950149910,,,,,Unfound
,,,,,,,1200000000000,,,,,Unfound
,,,,,,,1200033682693,,,,,Unfound
,,,,,,,1160000694712,,,,,Unfound
,,,,,,,2146093101,,,,2146093101,Unfound
,,,,,,,1591016100095,,,,,Unfound
,,,,,,,1086432106,,,,17131,Unfound
,,,,,,,1610013265016,,,,,Unfound
,,,,,,,2356551477014,,,,,Unfound
,,,,,,,9209261207,,,,9209261207,Unfound
,,,,,,,2000055931396,,,,,Unfound
,,,,,,,1200030276326,,,,,Unfound
,,,,,,,8821809808,,,,48187,Unfound
,,,,,,,1800020254137,,,,,Unfound
,,,,,,,2370432783214,,,,,Unfound
,,,,,,,1591032355568,,,,,Unfound
,,,,,,,2200020989501,,,,,Unfound
,,,,,,,1100022971173,,,,,Unfound
,,,,,,,1200061410631,,,,,Unfound
,,,,,,,2362794612712,,,,,Unfound
,,,,,,,2362818039920,,,,,Unfound
,,,,,,,2380000076463,,,,,Unfound
,,,,,,,1100002915573,,,,,Unfound
,,,,,,,2200015681421,,,,,Unfound
,,,,,,,60243703,,,,42298,Unfound
,,,,,,,1591058813054,,,,,Unfound
,,,,,,,1200041701065,,,,,Unfound
,,,,,,,1100770364914,,,,,Unfound
,,,,,,,1300000496587,,,,,Unfound
,,,,,,,1200023819623,,,,,Unfound
,,,,,,,1100005194266,,,,,Unfound
,,,,,,,1800035200003,,,,,Unfound
,,,,,,,1200029390267,,,,,Unfound
,,,,,,,2200014740086,,,,,Unfound
,,,,,,,1610013558471,,,,,Unfound
,,,,,,,1610003658044,,,,,Unfound
,,,,,,,1610001669754,,,,,Unfound
,,,,,,,1591126262180,,,,,Unfound
,,,,,,,47725408,,,,47725408,Unfound
,,,,,,,1600000011484,,,,,Unfound
,,,,,,,1591053169234,,,,,Unfound
,,,,,,,1669422609,,,,1669422609,Unfound
,,,,,,,1200039865297,,,,,Unfound
,,,,,,,5008064209,,,,5008064209,Unfound
,,,,,,,1600000021784,,,,,Unfound
,,,,,,,507214203,,,,28888,Unfound
,,,,,,,1852796107,,,,1852796107,Unfound
,,,,,,,2200012889021,,,,,Unfound
,,,,,,,1013083864180,,,,,Unfound
,,,,,,,2199995713771,,,,,Unfound
,,,,,,,1100008002838,,,,,Unfound
,,,,,,,2200041071405,,,,,Unfound
,,,,,,,2000016246042,,,,,Unfound
,,,,,,,1900016298331,,,,,Unfound
,,,,,,,70211303,,,,70211303,Unfound
,,,,,,,1012809551925,,,,,Unfound
,,,,,,,2000009127944,,,,,Unfound
,,,,,,,1300009694298,,,,,Unfound
,,,,,,,1300004989957,,,,,Unfound
,,,,,,,2000053704315,,,,,Unfound
,,,,,,,1900012000000,,,,,Unfound
,,,,,,,2000010283545,,,,,Unfound
,,,,,,,1100039381840,,,,,Unfound
,,,,,,,1900028338277,,,,,Unfound
,,,,,,,1592000000900,,,,,Unfound
,,,,,,,2313920273619,,,,,Unfound
,,,,,,,1013049700674,,,,,Unfound
,,,,,,,1591047609001,,,,,Unfound
,,,,,,,2360286079119,,,,,Unfound
,,,,,,,1012658856388,,,,,Unfound
,,,,,,,1012534058159,,,,,Unfound
,,,,,,,1417216340006,,,,,Unfound
,,,,,,,1900009076330,,,,,Unfound
,,,,,,,1100022814781,,,,,Unfound
,,,,,,,1800028242101,,,,,Unfound
,,,,,,,2200021814263,,,,,Unfound
,,,,,,,2000013499300,,,,,Unfound
,,,,,,,1800020549474,,,,,Unfound
,,,,,,,82623601,,,,82623601,Unfound
,,,,,,,1610031196206,,,,,Unfound
,,,,,,,1800027928927,,,,,Unfound
,,,,,,,8881092601,,,,8881092601,Unfound
,,,,,,,1200041725048,,,,,Unfound
,,,,,,,1200050483836,,,,,Unfound
,,,,,,,1800035295710,,,,,Unfound
,,,,,,,1610003652840,,,,,Unfound
,,,,,,,2200022364779,,,,,Unfound
,,,,,,,2000012234629,,,,,Unfound
,,,,,,,8814343909,,,,8814343909,Unfound
,,,,,,,2480111608,,,,2480111608,Unfound
,,,,,,,9130254007,,,,9130254007,Unfound
,,,,,,,2000010539164,,,,,Unfound
,,,,,,,1591019934726,,,,,Unfound
,,,,,,,2324983670510,,,,,Unfound
,,,,,,,1300006171348,,,,,Unfound
,,,,,,,1012512350756,,,,,Unfound
,,,,,,,1200038019457,,,,,Unfound
,,,,,,,2000005229270,,,,,Unfound
,,,,,,,1610000627930,,,,,Unfound
,,,,,,,2311094058814,,,,,Unfound
,,,,,,,1012633441155,,,,,Unfound
,,,,,,,2000020450771,,,,,Unfound
,,,,,,,75592805,,,,75592805,Unfound
,,,,,,,1200022243654,,,,,Unfound
,,,,,,,2356071727419,,,,,Unfound
,,,,,,,1200026474524,,,,,Unfound
,,,,,,,78178103,,,,78178103,Unfound
,,,,,,,1900048299213,,,,,Unfound
,,,,,,,2341524027510,,,,,Unfound
,,,,,,,1610000493201,,,,,Unfound
,,,,,,,1591010014014,,,,,Unfound
,,,,,,,2000052136187,,,,,Unfound
,,,,,,,59000009,,,,59000009,Unfound
,,,,,,,2364492587016,,,,,Unfound
,,,,,,,1100003533504,,,,,Unfound
,,,,,,,1013084615136,,,,,Unfound
,,,,,,,1900036416460,,,,,Unfound
,,,,,,,1200060063743,,,,,Unfound
,,,,,,,2975086601,,,,2975086601,Unfound
,,,,,,,1100002199396,,,,,Unfound
,,,,,,,1829473403,,,,1829473403,Unfound
,,,,,,,1200041810711,,,,,Unfound
,,,,,,,1200032984591,,,,,Unfound
,,,,,,,1200024125952,,,,,Unfound
,,,,,,,1012674274663,,,,,Unfound
,,,,,,,1900010418403,,,,,Unfound
,,,,,,,1200022521279,,,,,Unfound
,,,,,,,1800020091819,,,,,Unfound
,,,,,,,2432177607,,,,2432177607,Unfound
,,,,,,,1100006424213,,,,,Unfound
,,,,,,,2200020692996,,,,,Unfound
,,,,,,,1591022952850,,,,,Unfound
,,,,,,,2343921409519,,,,,Unfound
,,,,,,,1591024179853,,,,,Unfound
,,,,,,,1610004059254,,,,,Unfound
,,,,,,,1610031811378,,,,,Unfound
,,,,,,,2199993098858,,,,,Unfound
,,,,,,,63945807,,,,63945807,Unfound
,,,,,,,1100003551178,,,,,Unfound
,,,,,,,1012757507980,,,,,Unfound
,,,,,,,2000017699928,,,,,Unfound
,,,,,,,1591050530230,,,,,Unfound
,,,,,,,1200031641533,,,,,Unfound
,,,,,,,1610019927456,,,,,Unfound
,,,,,,,9099972001,,,,9099972001,Unfound
,,,,,,,2482574603,,,,1,Unfound
,,,,,,,1716740953505,,,,,Unfound
,,,,,,,2000013082597,,,,,Unfound
,,,,,,,2000005640312,,,,,Unfound
,,,,,,,1300001978330,,,,,Unfound
,,,,,,,1800035143558,,,,,Unfound
,,,,,,,1610018415927,,,,,Unfound
,,,,,,,5047163601,,,,5047163601,Unfound
,,,,,,,1100010593066,,,,,Unfound
,,,,,,,2356077010912,,,,,Unfound
,,,,,,,48929306,,,,48929306,Unfound
,,,,,,,2363622869014,,,,,Unfound
,,,,,,,2000005379747,,,,,Unfound
,,,,,,,1300001523266,,,,,Unfound
,,,,,,,1200061852070,,,,,Unfound
,,,,,,,1100003303108,,,,,Unfound
,,,,,,,1200021760456,,,,,Unfound
,,,,,,,1800029687855,,,,,Unfound
,,,,,,,8923293906,,,,8923293906,Unfound
,,,,,,,51181504,,,,51181504,Unfound
,,,,,,,61173500,,,,61173500,Unfound
,,,,,,,2324589280819,,,,,Unfound
,,,,,,,2199990918652,,,,,Unfound
,,,,,,,1580001422070,,,,,Unfound
,,,,,,,1100003767231,,,,,Unfound
,,,,,,,1200036909738,,,,,Unfound
,,,,,,,1900070379705,,,,,Unfound
,,,,,,,1900046348515,,,,,Unfound
,,,,,,,1300000376404,,,,,Unfound
,,,,,,,2200022737423,,,,,Unfound
,,,,,,,1100002392542,,,,,Unfound
,,,,,,,2413817206,,,,43274,Unfound
,,,,,,,1100770449824,,,,,Unfound
,,,,,,,1900040201988,,,,,Unfound
,,,,,,,2199994707322,,,,,Unfound
,,,,,,,1800035133596,,,,,Unfound
,,,,,,,1023507291681,,,,,Unfound
,,,,,,,2330482286710,,,,,Unfound
,,,,,,,1591033451612,,,,,Unfound
,,,,,,,1012916892007,,,,,Unfound
,,,,,,,1419810000000,,,,,Unfound
,,,,,,,1003028708,,,,33154,Unfound
,,,,,,,2340867051810,,,,,Unfound
,,,,,,,1300000135460,,,,,Unfound
,,,,,,,85930401,,,,30409,Unfound
,,,,,,,2200021320130,,,,,Unfound
,,,,,,,1800031126061,,,,,Unfound
,,,,,,,9305259308,,,,44331,Unfound
,,,,,,,9178595200,,,,9178595200,Unfound
,,,,,,,2199993551053,,,,,Unfound
,,,,,,,1200021101179,,,,,Unfound
,,,,,,,1100023647456,,,,,Unfound
,,,,,,,1100024916077,,,,,Unfound
,,,,,,,8854759101,,,,8854759101,Unfound
,,,,,,,2199994616678,,,,,Unfound
,,,,,,,1800021406795,,,,,Unfound
,,,,,,,1800032473451,,,,,Unfound
,,,,,,,1200036792974,,,,,Unfound
,,,,,,,3927108000,,,,3927108000,Unfound
,,,,,,,1620000313270,,,,,Unfound
,,,,,,,1610013283901,,,,,Unfound
,,,,,,,3900425301,,,,3900425301,Unfound
,,,,,,,2000003282333,,,,,Unfound
,,,,,,,2000019072353,,,,,Unfound
,,,,,,,9194280503,,,,9194280503,Unfound
,,,,,,,2200041061578,,,,,Unfound
,,,,,,,1300003463702,,,,,Unfound
,,,,,,,3339031110,,,,3339031110,Unfound
,,,,,,,1800025977852,,,,,Unfound
,,,,,,,1013004875510,,,,,Unfound
,,,,,,,2200020696810,,,,,Unfound
,,,,,,,2311289179819,,,,,Unfound
,,,,,,,1300007123293,,,,,Unfound
,,,,,,,9119010203,,,,9119010203,Unfound
,,,,,,,1200039833408,,,,,Unfound
,,,,,,,2390000004118,,,,,Unfound
,,,,,,,47012808,,,,47012808,Unfound
,,,,,,,2100040603036,,,,,Unfound
,,,,,,,1591024104342,,,,,Unfound
,,,,,,,1300053689874,,,,,Unfound
,,,,,,,1100009061700,,,,,Unfound
,,,,,,,9216000203,,,,9216000203,Unfound
,,,,,,,1727510305800,,,,,Unfound
,,,,,,,2199995690316,,,,,Unfound
,,,,,,,1013018050376,,,,,Unfound
,,,,,,,2200030102613,,,,,Unfound
,,,,,,,1460000830422,,,,,Unfound
,,,,,,,1591060176680,,,,,Unfound
,,,,,,,2199996996460,,,,,Unfound
,,,,,,,1100022865011,,,,,Unfound
,,,,,,,9085672209,,,,9085672209,Unfound
,,,,,,,1800030178495,,,,,Unfound
,,,,,,,2000003742262,,,,,Unfound
,,,,,,,1200060271835,,,,,Unfound
,,,,,,,1591060660450,,,,,Unfound
,,,,,,,2333527155416,,,,,Unfound
,,,,,,,8908471502,,,,8908471502,Unfound
,,,,,,,1610018480369,,,,,Unfound
,,,,,,,1592001143657,,,,,Unfound
,,,,,,,2000005529650,,,,,Unfound
,,,,,,,2000005351973,,,,,Unfound
,,,,,,,1200041746776,,,,,Unfound
,,,,,,,1591060901125,,,,,Unfound
,,,,,,,3976104309,,,,14491,Unfound
,,,,,,,1100001099751,,,,,Unfound
,,,,,,,2000010279957,,,,,Unfound
,,,,,,,1012791106840,,,,,Unfound
,,,,,,,5044959010,,,,92092,Unfound
,,,,,,,1591000333896,,,,,Unfound
,,,,,,,2000016996312,,,,,Unfound
,,,,,,,2380000459524,,,,,Unfound
,,,,,,,1580000859855,,,,,Unfound
,,,,,,,1800021346230,,,,,Unfound
,,,,,,,8816512703,,,,8816512703,Unfound
,,,,,,,1630000641608,,,,,Unfound
,,,,,,,2199997458622,,,,,Unfound
,,,,,,,2199994191024,,,,,Unfound
,,,,,,,2736784603,,,,2736784603,Unfound
,,,,,,,1610031601172,,,,,Unfound
,,,,,,,1800019537248,,,,,Unfound
,,,,,,,2000013118932,,,,,Unfound
,,,,,,,1012778648204,,,,,Unfound
,,,,,,,1300002817129,,,,,Unfound
,,,,,,,2000000985945,,,,,Unfound
,,,,,,,1200051850749,,,,,Unfound
,,,,,,,3964220508,,,,3964220508,Unfound
,,,,,,,1100015622688,,,,,Unfound
,,,,,,,1591035985740,,,,,Unfound
,,,,,,,14662803,,,,14662803,Unfound
,,,,,,,1200040618805,,,,,Unfound
,,,,,,,2000000469713,,,,,Unfound
,,,,,,,1800032462645,,,,,Unfound
,,,,,,,1200035784420,,,,,Unfound
,,,,,,,2200022257464,,,,,Unfound
,,,,,,,2376552541115,,,,,Unfound
,,,,,,,1900005057742,,,,,Unfound
,,,,,,,9108148805,,,,9108148805,Unfound
,,,,,,,2200020007760,,,,,Unfound
,,,,,,,63344208,,,,10597,Unfound
,,,,,,,2200031929937,,,,,Unfound
,,,,,,,9206095706,,,,9206095706,Unfound
,,,,,,,1610000823404,,,,,Unfound
,,,,,,,1900017092018,,,,,Unfound
,,,,,,,1200033205480,,,,,Unfound
,,,,,,,1200040575969,,,,,Unfound
,,,,,,,1610023162717,,,,,Unfound
,,,,,,,1591061951010,,,,,Unfound
,,,,,,,1100024370563,,,,,Unfound
,,,,,,,1030003209170,,,,,Unfound
,,,,,,,1620001511610,,,,,Unfound
,,,,,,,1800029929300,,,,,Unfound
,,,,,,,1100004443890,,,,,Unfound
,,,,,,,1610013107922,,,,,Unfound
,,,,,,,55098908,,,,55098908,Unfound
,,,,,,,1630000085183,,,,,Unfound
,,,,,,,1100020447558,,,,,Unfound
,,,,,,,8918167707,,,,26277,Unfound
,,,,,,,1800028083531,,,,,Unfound
,,,,,,,1800021450882,,,,,Unfound
,,,,,,,2200030000284,,,,,Unfound
,,,,,,,3350320207,,,,3350320207,Unfound
,,,,,,,1100004202553,,,,,Unfound
,,,,,,,1200035101550,,,,,Unfound
,,,,,,,9786403,,,,9786403,Unfound
,,,,,,,2200023551444,,,,,Unfound
,,,,,,,1900070152506,,,,,Unfound
,,,,,,,1300034499022,,,,,Unfound
,,,,,,,1610002643144,,,,,Unfound
,,,,,,,2200023413700,,,,,Unfound
,,,,,,,1620000657870,,,,,Unfound
,,,,,,,615607001,,,,615607001,Unfound
,,,,,,,67852102,,,,67852102,Unfound
,,,,,,,1900031132079,,,,,Unfound
,,,,,,,8906372905,,,,8906372905,Unfound
,,,,,,,2000053286246,,,,,Unfound
,,,,,,,2000017833168,,,,,Unfound
,,,,,,,1200040130100,,,,,Unfound
,,,,,,,2322824023715,,,,,Unfound
,,,,,,,1800030424977,,,,,Unfound
,,,,,,,1200033698693,,,,,Unfound
,,,,,,,1160001125080,,,,,Unfound
,,,,,,,1411566800007,,,,,Unfound
,,,,,,,2200021444778,,,,,Unfound
,,,,,,,1071570603,,,,1071570603,Unfound
,,,,,,,1200021801243,,,,,Unfound
,,,,,,,1200021627860,,,,,Unfound
,,,,,,,1200010097825,,,,,Unfound
,,,,,,,2000027611586,,,,,Unfound
,,,,,,,1200042433671,,,,,Unfound
,,,,,,,1100024544812,,,,,Unfound
,,,,,,,1800014706451,,,,,Unfound
,,,,,,,1200023016091,,,,,Unfound
,,,,,,,2000026867163,,,,,Unfound
,,,,,,,1610011097617,,,,,Unfound
,,,,,,,1012547842976,,,,,Unfound
,,,,,,,1300008436975,,,,,Unfound
,,,,,,,1410338401002,,,,,Unfound
,,,,,,,2341283225511,,,,,Unfound
,,,,,,,3071770100,,,,3071770100,Unfound
,,,,,,,2335292044519,,,,,Unfound
,,,,,,,1591047594845,,,,,Unfound
,,,,,,,1591034271430,,,,,Unfound
,,,,,,,2335270872715,,,,,Unfound
,,,,,,,1610009788919,,,,,Unfound
,,,,,,,1900008028415,,,,,Unfound
,,,,,,,2760324500,,,,2760324500,Unfound
,,,,,,,1570000008783,,,,,Unfound
,,,,,,,1591050920672,,,,,Unfound
,,,,,,,2300000249790,,,,,Unfound
,,,,,,,2000014876850,,,,,Unfound
,,,,,,,8869935710,,,,8869935710,Unfound
,,,,,,,8819852507,,,,8819852507,Unfound
,,,,,,,1800020853239,,,,,Unfound
,,,,,,,1610028110634,,,,,Unfound
,,,,,,,1800028493590,,,,,Unfound
,,,,,,,1200039585824,,,,,Unfound
,,,,,,,1610021565163,,,,,Unfound
,,,,,,,1200029141763,,,,,Unfound
,,,,,,,1100003339735,,,,,Unfound
,,,,,,,2100040000209,,,,,Unfound
,,,,,,,1591038157638,,,,,Unfound
,,,,,,,2200040302349,,,,,Unfound
,,,,,,,5086035308,,,,5086035308,Unfound
,,,,,,,1591053216521,,,,,Unfound
,,,,,,,1630000048260,,,,,Unfound
,,,,,,,2300000047202,,,,,Unfound
,,,,,,,1200040063270,,,,,Unfound
,,,,,,,2390000117860,,,,,Unfound
,,,,,,,1900014112113,,,,,Unfound
,,,,,,,669336709,,,,669336709,Unfound
,,,,,,,1100011739959,,,,,Unfound
,,,,,,,1800053963308,,,,,Unfound
,,,,,,,1413444061000,,,,,Unfound
,,,,,,,8812953702,,,,8812953702,Unfound
,,,,,,,1200021994820,,,,,Unfound
,,,,,,,2199999104995,,,,,Unfound
,,,,,,,1591046126022,,,,,Unfound
,,,,,,,1800022096465,,,,,Unfound
,,,,,,,2200030000047,,,,,Unfound
,,,,,,,3064896401,,,,3064896401,Unfound
,,,,,,,1200021041973,,,,,Unfound
,,,,,,,92006201,,,,92006201,Unfound
,,,,,,,2000050801994,,,,,Unfound
,,,,,,,2000053347164,,,,,Unfound
,,,,,,,1014570226000,,,,,Unfound
,,,,,,,2000016911026,,,,,Unfound
,,,,,,,2200017510843,,,,,Unfound
,,,,,,,8863670007,,,,8863670007,Unfound
,,,,,,,9466205,,,,42781,Unfound
,,,,,,,3952690608,,,,3952690608,Unfound
,,,,,,,1014567975753,,,,,Unfound
,,,,,,,1591034643002,,,,,Unfound
,,,,,,,2336554730015,,,,,Unfound
,,,,,,,2200018417728,,,,,Unfound
,,,,,,,1717080805289,,,,,Unfound
,,,,,,,2000004732670,,,,,Unfound
,,,,,,,1591046888334,,,,,Unfound
,,,,,,,2000054184926,,,,,Unfound
,,,,,,,2000024565573,,,,,Unfound
,,,,,,,1030036661003,,,,,Unfound
,,,,,,,1591021469114,,,,,Unfound
,,,,,,,1100050976890,,,,,Unfound
,,,,,,,2300000690891,,,,,Unfound
,,,,,,,1900007411105,,,,,Unfound
,,,,,,,1521444300,,,,,Unfound
,,,,,,,2000023673454,,,,,Unfound
,,,,,,,1200060534169,,,,,Unfound
,,,,,,,1591020279518,,,,,Unfound
,,,,,,,79123004,,,,79123004,Unfound
,,,,,,,1610002153949,,,,,Unfound
,,,,,,,2355622916210,,,,,Unfound
,,,,,,,1580000118525,,,,,Unfound
,,,,,,,2000027425692,,,,,Unfound
,,,,,,,1460000429403,,,,,Unfound
,,,,,,,1630000098243,,,,,Unfound
,,,,,,,1200035746833,,,,,Unfound
,,,,,,,73837103,,,,73837103,Unfound
,,,,,,,2380000000243,,,,,Unfound
,,,,,,,1100007354259,,,,,Unfound
,,,,,,,2354833123117,,,,,Unfound
,,,,,,,9181492407,,,,9181492407,Unfound
,,,,,,,1591040161796,,,,,Unfound
,,,,,,,2335610846918,,,,,Unfound
,,,,,,,2000019483927,,,,,Unfound
,,,,,,,1013015403305,,,,,Unfound
,,,,,,,2199992923690,,,,,Unfound
,,,,,,,1013029284038,,,,,Unfound
,,,,,,,2200021635057,,,,,Unfound
,,,,,,,2333960494117,,,,,Unfound
,,,,,,,3941073505,,,,3941073505,Unfound
,,,,,,,2123412209,,,,2123412209,Unfound
,,,,,,,1610010703116,,,,,Unfound
,,,,,,,9947906,,,,13300,Unfound
,,,,,,,1015684471199,,,,,Unfound
,,,,,,,2000018433864,,,,,Unfound
,,,,,,,1610013472498,,,,,Unfound
,,,,,,,2312120164019,,,,,Unfound
,,,,,,,1200052253803,,,,,Unfound
,,,,,,,1200032186756,,,,,Unfound
,,,,,,,18749600,,,,18749600,Unfound
,,,,,,,47178001,,,,47178001,Unfound
,,,,,,,1200022746480,,,,,Unfound
,,,,,,,2110829906,,,,2110829906,Unfound
,,,,,,,1012819629143,,,,,Unfound
,,,,,,,3044499109,,,,3044499109,Unfound
,,,,,,,1610011747977,,,,,Unfound
,,,,,,,8815982500,,,,8815982500,Unfound
,,,,,,,564000306,,,,564000306,Unfound
,,,,,,,1610013979574,,,,,Unfound
,,,,,,,2200031554681,,,,,Unfound
,,,,,,,1200024587360,,,,,Unfound
,,,,,,,1200039745035,,,,,Unfound
,,,,,,,1800014785221,,,,,Unfound
,,,,,,,1466384003,,,,1466384003,Unfound
,,,,,,,4201534909,,,,10610,Unfound
,,,,,,,59154710,,,,59154710,Unfound
,,,,,,,1200031213210,,,,,Unfound
,,,,,,,1800019378394,,,,,Unfound
,,,,,,,2334301180715,,,,,Unfound
,,,,,,,53959700,,,,53959700,Unfound
,,,,,,,1012413103457,,,,,Unfound
,,,,,,,2000010720110,,,,,Unfound
,,,,,,,2000027291512,,,,,Unfound
,,,,,,,1412206622000,,,,,Unfound
,,,,,,,2000018121025,,,,,Unfound
,,,,,,,1100002550670,,,,,Unfound
,,,,,,,1620000052321,,,,,Unfound
,,,,,,,1200020741294,,,,,Unfound
,,,,,,,704833803,,,,704833803,Unfound
,,,,,,,2000052840337,,,,,Unfound
,,,,,,,1591015934290,,,,,Unfound
,,,,,,,1800025254717,,,,,Unfound
,,,,,,,1591032956277,,,,,Unfound
,,,,,,,12594802,,,,12594802,Unfound
,,,,,,,1620001051221,,,,,Unfound
,,,,,,,4196764102,,,,4196764102,Unfound
,,,,,,,1100021689988,,,,,Unfound
,,,,,,,1610004344327,,,,,Unfound
,,,,,,,1023468218360,,,,,Unfound
,,,,,,,1100003153286,,,,,Unfound
,,,,,,,1591000432212,,,,,Unfound
,,,,,,,1900038272153,,,,,Unfound
,,,,,,,1200023132337,,,,,Unfound
,,,,,,,2428461808,,,,2428461808,Unfound
,,,,,,,5030309202,,,,5030309202,Unfound
,,,,,,,2000009236740,,,,,Unfound
,,,,,,,1200020401725,,,,,Unfound
,,,,,,,2314154629015,,,,,Unfound
,,,,,,,9187271601,,,,81,Unfound
,,,,,,,19026407,,,,19026407,Unfound
,,,,,,,2000001951950,,,,,Unfound
,,,,,,,1800021917283,,,,,Unfound
,,,,,,,3391840600,,,,3391840600,Unfound
,,,,,,,65950608,,,,65950608,Unfound
,,,,,,,1610003700120,,,,,Unfound
,,,,,,,2000023368687,,,,,Unfound
,,,,,,,2200023095157,,,,,Unfound
,,,,,,,2365600976716,,,,,Unfound
,,,,,,,1200039656086,,,,,Unfound
,,,,,,,1100023741628,,,,,Unfound
,,,,,,,1200025871801,,,,,Unfound
,,,,,,,70219600,,,,70219600,Unfound
,,,,,,,1800036576179,,,,,Unfound
,,,,,,,1640000180276,,,,,Unfound
,,,,,,,1591057570568,,,,,Unfound
,,,,,,,1012960431463,,,,,Unfound
,,,,,,,1100003112002,,,,,Unfound
,,,,,,,2312314381618,,,,,Unfound
,,,,,,,8935274110,,,,8935274110,Unfound
,,,,,,,1620000903410,,,,,Unfound
,,,,,,,1826479209,,,,1826479209,Unfound
,,,,,,,1800029319094,,,,,Unfound
,,,,,,,1200030316820,,,,,Unfound
,,,,,,,1100004060863,,,,,Unfound
,,,,,,,1100013875050,,,,,Unfound
,,,,,,,1100002829710,,,,,Unfound
,,,,,,,16529205,,,,1,Unfound
,,,,,,,1512713008,,,,1512713008,Unfound
,,,,,,,2331601530010,,,,,Unfound
,,,,,,,2000024619208,,,,,Unfound
,,,,,,,3088121306,,,,3088121306,Unfound
,,,,,,,1200023691812,,,,,Unfound
,,,,,,,1200041529643,,,,,Unfound
,,,,,,,1012831422160,,,,,Unfound
,,,,,,,1887351000,,,,1887351000,Unfound
,,,,,,,1591049653660,,,,,Unfound
,,,,,,,63875509,,,,1,Unfound
,,,,,,,1012840237834,,,,,Unfound
,,,,,,,8815148007,,,,8815148007,Unfound
,,,,,,,1012779171452,,,,,Unfound
,,,,,,,2000026718080,,,,,Unfound
,,,,,,,1800021104691,,,,,Unfound
,,,,,,,1300060268224,,,,,Unfound
,,,,,,,2200020675573,,,,,Unfound
,,,,,,,57837302,,,,57837302,Unfound
,,,,,,,1591025085587,,,,,Unfound
,,,,,,,2000013690480,,,,,Unfound
,,,,,,,1100009701421,,,,,Unfound
,,,,,,,3024371104,,,,3024371104,Unfound
,,,,,,,2000013964985,,,,,Unfound
,,,,,,,1412134503005,,,,,Unfound
,,,,,,,2000017139021,,,,,Unfound
,,,,,,,1200030154335,,,,,Unfound
,,,,,,,1713500411400,,,,,Unfound
,,,,,,,1012721426507,,,,,Unfound
,,,,,,,1200042277523,,,,,Unfound
,,,,,,,1900045000017,,,,,Unfound
,,,,,,,1100001669773,,,,,Unfound
,,,,,,,1300000004597,,,,,Unfound
,,,,,,,1620000008410,,,,,Unfound
,,,,,,,2200011187599,,,,,Unfound
,,,,,,,1100003287110,,,,,Unfound
,,,,,,,2362523249013,,,,,Unfound
,,,,,,,1100019816680,,,,,Unfound
,,,,,,,1610002469060,,,,,Unfound
,,,,,,,1900048175712,,,,,Unfound
,,,,,,,1591060193204,,,,,Unfound
,,,,,,,1012773480799,,,,,Unfound
,,,,,,,1200034812556,,,,,Unfound
,,,,,,,2200022494830,,,,,Unfound
,,,,,,,2325668519114,,,,,Unfound
,,,,,,,2100040022973,,,,,Unfound
,,,,,,,2000018749739,,,,,Unfound
,,,,,,,2000017342027,,,,,Unfound
,,,,,,,2000002072225,,,,,Unfound
,,,,,,,1100023872144,,,,,Unfound
,,,,,,,1610031269477,,,,,Unfound
,,,,,,,1300010786673,,,,,Unfound
,,,,,,,1200040000000,,,,,Unfound
,,,,,,,1100003247794,,,,,Unfound
,,,,,,,1100023518333,,,,,Unfound
,,,,,,,1570000193224,,,,,Unfound
,,,,,,,1610027119548,,,,,Unfound
,,,,,,,2200010469905,,,,,Unfound
,,,,,,,1100050059824,,,,,Unfound
,,,,,,,1100021141159,,,,,Unfound
,,,,,,,1591054337370,,,,,Unfound
,,,,,,,1424175000002,,,,,Unfound
,,,,,,,1418406470002,,,,,Unfound
,,,,,,,2000022987863,,,,,Unfound
,,,,,,,1610029376300,,,,,Unfound
,,,,,,,2200014833322,,,,,Unfound
,,,,,,,2361403669218,,,,,Unfound
,,,,,,,2200040602082,,,,,Unfound
,,,,,,,8821866304,,,,8821866304,Unfound
,,,,,,,2000003443600,,,,,Unfound
,,,,,,,2000015363949,,,,,Unfound
,,,,,,,2371563130710,,,,,Unfound
,,,,,,,1023480858475,,,,,Unfound
,,,,,,,2380000673530,,,,,Unfound
,,,,,,,1720110875512,,,,,Unfound
,,,,,,,1100018102594,,,,,Unfound
,,,,,,,2000022459679,,,,,Unfound
,,,,,,,1200038447840,,,,,Unfound
,,,,,,,2465323300,,,,2465323300,Unfound
,,,,,,,1610011571727,,,,,Unfound
,,,,,,,2200022030716,,,,,Unfound
,,,,,,,2200013383696,,,,,Unfound
,,,,,,,1012690000000,,,,,Unfound
,,,,,,,1100039507325,,,,,Unfound
,,,,,,,1591057812750,,,,,Unfound
,,,,,,,1800030481006,,,,,Unfound
,,,,,,,1013076931753,,,,,Unfound
,,,,,,,1200031669910,,,,,Unfound
,,,,,,,1417699720008,,,,,Unfound
,,,,,,,1800035279133,,,,,Unfound
,,,,,,,2199994849045,,,,,Unfound
,,,,,,,1610028874562,,,,,Unfound
,,,,,,,22106207,,,,1,Unfound
,,,,,,,1591033150017,,,,,Unfound
,,,,,,,2323540633017,,,,,Unfound
,,,,,,,3088176410,,,,1,Unfound
,,,,,,,1200038008144,,,,,Unfound
,,,,,,,629471107,,,,18163,Unfound
,,,,,,,1013021718182,,,,,Unfound
,,,,,,,1012380000000,,,,,Unfound
,,,,,,,1610028533060,,,,,Unfound
,,,,,,,51059002,,,,51059002,Unfound
,,,,,,,2199998463553,,,,,Unfound
,,,,,,,2100040620370,,,,,Unfound
,,,,,,,1415123110004,,,,,Unfound
,,,,,,,1012937786581,,,,,Unfound
,,,,,,,2000010283581,,,,,Unfound
,,,,,,,2333268507217,,,,,Unfound
,,,,,,,1014571260150,,,,,Unfound
,,,,,,,1900019340819,,,,,Unfound
,,,,,,,2000024719774,,,,,Unfound
,,,,,,,2455177410,,,,71875,Unfound
,,,,,,,1012673287500,,,,,Unfound
,,,,,,,1800021158508,,,,,Unfound
,,,,,,,1591018643794,,,,,Unfound
,,,,,,,1200026340937,,,,,Unfound
,,,,,,,2000006867976,,,,,Unfound
,,,,,,,2200021869607,,,,,Unfound
,,,,,,,1800023328251,,,,,Unfound
,,,,,,,70221205,,,,70221205,Unfound
,,,,,,,1900060250776,,,,,Unfound
,,,,,,,2000012230137,,,,,Unfound
,,,,,,,1012939783670,,,,,Unfound
,,,,,,,1100021665036,,,,,Unfound
,,,,,,,2200016931095,,,,,Unfound
,,,,,,,1591017707782,,,,,Unfound
,,,,,,,2000010128501,,,,,Unfound
,,,,,,,1100012904036,,,,,Unfound
,,,,,,,1012423834331,,,,,Unfound
,,,,,,,53732009,,,,53732009,Unfound
,,,,,,,2000002815097,,,,,Unfound
,,,,,,,1610002760786,,,,,Unfound
,,,,,,,1900070204990,,,,,Unfound
,,,,,,,3024157203,,,,3024157203,Unfound
,,,,,,,1800017659255,,,,,Unfound
,,,,,,,2423455507,,,,2423455507,Unfound
,,,,,,,1012532297966,,,,,Unfound
,,,,,,,71631308,,,,71631308,Unfound
,,,,,,,3377374503,,,,3377374503,Unfound
,,,,,,,2346042892611,,,,,Unfound
,,,,,,,2199999957613,,,,,Unfound
,,,,,,,1300006050271,,,,,Unfound
,,,,,,,1600000094782,,,,,Unfound
,,,,,,,4019517100,,,,4019517100,Unfound
,,,,,,,2000003545109,,,,,Unfound
,,,,,,,8887139901,,,,50534,Unfound
,,,,,,,9086699706,,,,59636,Unfound
,,,,,,,1800032465984,,,,,Unfound
,,,,,,,1800027632845,,,,,Unfound
,,,,,,,2200030117800,,,,,Unfound
,,,,,,,9159373107,,,,9159373107,Unfound
,,,,,,,1200030648538,,,,,Unfound
,,,,,,,2200010806102,,,,,Unfound
,,,,,,,2200010000399,,,,,Unfound
,,,,,,,1900070026323,,,,,Unfound
,,,,,,,1200032186747,,,,,Unfound
,,,,,,,1100002555570,,,,,Unfound
,,,,,,,1800030552508,,,,,Unfound
,,,,,,,82291007,,,,82291007,Unfound
,,,,,,,1417650190000,,,,,Unfound
,,,,,,,2000023217506,,,,,Unfound
,,,,,,,1900016068760,,,,,Unfound
,,,,,,,2331858594319,,,,,Unfound
,,,,,,,1012648565492,,,,,Unfound
,,,,,,,2355023074914,,,,,Unfound
,,,,,,,1800022268638,,,,,Unfound
,,,,,,,1460002000034,,,,,Unfound
,,,,,,,2000020113335,,,,,Unfound
,,,,,,,1200027370792,,,,,Unfound
,,,,,,,1200033580964,,,,,Unfound
,,,,,,,2341481874516,,,,,Unfound
,,,,,,,1100007031207,,,,,Unfound
,,,,,,,1012627614569,,,,,Unfound
,,,,,,,1900017194892,,,,,Unfound
,,,,,,,2000014938150,,,,,Unfound
,,,,,,,1100002356010,,,,,Unfound
,,,,,,,1200041496704,,,,,Unfound
,,,,,,,2199989668400,,,,,Unfound
,,,,,,,2000013956238,,,,,Unfound
,,,,,,,1100007110435,,,,,Unfound
,,,,,,,1200040914368,,,,,Unfound
,,,,,,,1013053907600,,,,,Unfound
,,,,,,,1900016427351,,,,,Unfound
,,,,,,,1012470000000,,,,,Unfound
,,,,,,,9203420900,,,,9203420900,Unfound
,,,,,,,9212722704,,,,9212722704,Unfound
,,,,,,,1050000146488,,,,,Unfound
,,,,,,,1620000377291,,,,,Unfound
,,,,,,,2199997703739,,,,,Unfound
,,,,,,,1012414691377,,,,,Unfound
,,,,,,,2334232088715,,,,,Unfound
,,,,,,,1620000985955,,,,,Unfound
,,,,,,,2360193999618,,,,,Unfound
,,,,,,,2200018871697,,,,,Unfound
,,,,,,,3057776400,,,,3057776400,Unfound
,,,,,,,2300000718785,,,,,Unfound
,,,,,,,2320284910710,,,,,Unfound
,,,,,,,2000054054172,,,,,Unfound
,,,,,,,1100025611460,,,,,Unfound
,,,,,,,1800023766067,,,,,Unfound
,,,,,,,1591056024666,,,,,Unfound
,,,,,,,1012381305033,,,,,Unfound
,,,,,,,2365574520016,,,,,Unfound
,,,,,,,1900000124980,,,,,Unfound
,,,,,,,1013010000000,,,,,Unfound
,,,,,,,1610019340973,,,,,Unfound
,,,,,,,2000006302781,,,,,Unfound
,,,,,,,2300000090002,,,,,Unfound
,,,,,,,1300002988845,,,,,Unfound
,,,,,,,1591015881805,,,,,Unfound
,,,,,,,1900090263730,,,,,Unfound
,,,,,,,1716147597608,,,,,Unfound
,,,,,,,1300003371630,,,,,Unfound
,,,,,,,2000022086481,,,,,Unfound
,,,,,,,1200041153297,,,,,Unfound
,,,,,,,73191709,,,,,Unfound
,,,,,,,2350393220111,,,,,Unfound
,,,,,,,1900033283141,,,,,Unfound
,,,,,,,2199993530267,,,,,Unfound
,,,,,,,1200042262252,,,,,Unfound
,,,,,,,2000012375357,,,,,Unfound
,,,,,,,2199991592401,,,,,Unfound
,,,,,,,2200020650755,,,,,Unfound
,,,,,,,1200040117190,,,,,Unfound
,,,,,,,1100024215501,,,,,Unfound
,,,,,,,1100000521436,,,,,Unfound
,,,,,,,2200020043100,,,,,Unfound
,,,,,,,2000003489660,,,,,Unfound
,,,,,,,1300052856685,,,,,Unfound
,,,,,,,2372136527714,,,,,Unfound
,,,,,,,3072314202,,,,25434,Unfound
,,,,,,,1200031690293,,,,,Unfound
,,,,,,,1800035338480,,,,,Unfound
,,,,,,,18701706,,,,18701706,Unfound
,,,,,,,3265849400,,,,3265849400,Unfound
,,,,,,,1100003787520,,,,,Unfound
,,,,,,,4004159001,,,,4004159001,Unfound
,,,,,,,1591000000000,,,,,Unfound
,,,,,,,2977586508,,,,2977586508,Unfound
,,,,,,,1300006745062,,,,,Unfound
,,,,,,,2199992889357,,,,,Unfound
,,,,,,,1030084696355,,,,,Unfound
,,,,,,,2000008655279,,,,,Unfound
,,,,,,,13779606,,,,13779606,Unfound
,,,,,,,1610013038669,,,,,Unfound
,,,,,,,1600000039026,,,,,Unfound
,,,,,,,1200060553871,,,,,Unfound
,,,,,,,1012810000000,,,,,Unfound
,,,,,,,1610004324552,,,,,Unfound
,,,,,,,1100003682330,,,,,Unfound
,,,,,,,1200031140166,,,,,Unfound
,,,,,,,79624902,,,,348114,Unfound
,,,,,,,1100024590118,,,,,Unfound
,,,,,,,2199992621426,,,,,Unfound
,,,,,,,9208926408,,,,9208926408,Unfound
,,,,,,,3304895103,,,,3304895103,Unfound
,,,,,,,1900090332428,,,,,Unfound
,,,,,,,1300010156670,,,,,Unfound
,,,,,,,1591047479121,,,,,Unfound
,,,,,,,1591025688460,,,,,Unfound
,,,,,,,1200010029782,,,,,Unfound
,,,,,,,1013029328651,,,,,Unfound
,,,,,,,1030042822781,,,,,Unfound
,,,,,,,1610004108380,,,,,Unfound
,,,,,,,3978923210,,,,3978923210,Unfound
,,,,,,,4232965803,,,,4232965803,Unfound
,,,,,,,2000027878617,,,,,Unfound
,,,,,,,1200034185407,,,,,Unfound
,,,,,,,1800033292123,,,,,Unfound
,,,,,,,1800029671711,,,,,Unfound
,,,,,,,3997972702,,,,3997972702,Unfound
,,,,,,,2000007851141,,,,,Unfound
,,,,,,,1012562879220,,,,,Unfound
,,,,,,,615737609,,,,615737609,Unfound
,,,,,,,2000007218261,,,,,Unfound
,,,,,,,2000053655448,,,,,Unfound
,,,,,,,1100770731677,,,,,Unfound
,,,,,,,2000022384544,,,,,Unfound
,,,,,,,1610019395449,,,,,Unfound
,,,,,,,4154147110,,,,4154147110,Unfound
,,,,,,,1100004982943,,,,,Unfound
,,,,,,,1714888807004,,,,,Unfound
,,,,,,,9314629406,,,,59600,Unfound
,,,,,,,66909504,,,,66909504,Unfound
,,,,,,,1800021930879,,,,,Unfound
,,,,,,,8817499406,,,,8817499406,Unfound
,,,,,,,68348309,,,,45267,Unfound
,,,,,,,1300010310190,,,,,Unfound
,,,,,,,9152113303,,,,9152113303,Unfound
,,,,,,,925087107,,,,52752,Unfound
,,,,,,,2199993709658,,,,,Unfound
,,,,,,,1610019623587,,,,,Unfound
,,,,,,,1292170809,,,,1292170809,Unfound
,,,,,,,1421773100004,,,,,Unfound
,,,,,,,2380000332749,,,,,Unfound
,,,,,,,2000050537937,,,,,Unfound
,,,,,,,9209662304,,,,9209662304,Unfound
,,,,,,,45169001,,,,45169001,Unfound
,,,,,,,2311613863118,,,,,Unfound
,,,,,,,46587103,,,,46587103,Unfound
,,,,,,,1592001104532,,,,,Unfound
,,,,,,,1800035264252,,,,,Unfound
,,,,,,,2365214073016,,,,,Unfound
,,,,,,,1012821803565,,,,,Unfound
,,,,,,,47446202,,,,47446202,Unfound
,,,,,,,1883132708,,,,2751,Unfound
,,,,,,,66661808,,,,66661808,Unfound
,,,,,,,1200032699960,,,,,Unfound
,,,,,,,8912674009,,,,8912674009,Unfound
,,,,,,,1013010318694,,,,,Unfound
,,,,,,,1100039501787,,,,,Unfound
,,,,,,,1200029605330,,,,,Unfound
,,,,,,,2000001025580,,,,,Unfound
,,,,,,,2000017436855,,,,,Unfound
,,,,,,,1842179110,,,,1842179110,Unfound
,,,,,,,1200010000004,,,,,Unfound
,,,,,,,1200034373496,,,,,Unfound
,,,,,,,8880751700,,,,8880751700,Unfound
,,,,,,,1900061003046,,,,,Unfound
,,,,,,,1610022738961,,,,,Unfound
,,,,,,,1014571136189,,,,,Unfound
,,,,,,,1800015723616,,,,,Unfound
,,,,,,,1200032406012,,,,,Unfound
,,,,,,,1610027198780,,,,,Unfound
,,,,,,,1800015174091,,,,,Unfound
,,,,,,,2484324107,,,,2484324107,Unfound
,,,,,,,2200022002480,,,,,Unfound
,,,,,,,1610002990890,,,,,Unfound
,,,,,,,1200030773674,,,,,Unfound
,,,,,,,1610030328722,,,,,Unfound
,,,,,,,1413616080004,,,,,Unfound
,,,,,,,1300007010109,,,,,Unfound
,,,,,,,2092109,,,,2092109,Unfound
,,,,,,,1610004367069,,,,,Unfound
,,,,,,,2351593016913,,,,,Unfound
,,,,,,,1800026522584,,,,,Unfound
,,,,,,,1100002354333,,,,,Unfound
,,,,,,,1580001126448,,,,,Unfound
,,,,,,,2335959770012,,,,,Unfound
,,,,,,,1300001981608,,,,,Unfound
,,,,,,,2000024455597,,,,,Unfound
,,,,,,,1800054620919,,,,,Unfound
,,,,,,,1100010103660,,,,,Unfound
,,,,,,,1800031437132,,,,,Unfound
,,,,,,,2000027363716,,,,,Unfound
,,,,,,,62058707,,,,62058707,Unfound
,,,,,,,2380000551415,,,,,Unfound
,,,,,,,1200025395396,,,,,Unfound
,,,,,,,2000000405222,,,,,Unfound
,,,,,,,1610027425071,,,,,Unfound
,,,,,,,2000027500002,,,,,Unfound
,,,,,,,2364513509113,,,,,Unfound
,,,,,,,2326541740211,,,,,Unfound
,,,,,,,2380000096984,,,,,Unfound
,,,,,,,2353575236913,,,,,Unfound
,,,,,,,2200032205320,,,,,Unfound
,,,,,,,2199999876860,,,,,Unfound
,,,,,,,1012566672155,,,,,Unfound
,,,,,,,1300009298650,,,,,Unfound
,,,,,,,59782010,,,,59782010,Unfound
,,,,,,,3385548102,,,,3385548102,Unfound
,,,,,,,2000052980266,,,,,Unfound
,,,,,,,1591053072987,,,,,Unfound
,,,,,,,1012732792640,,,,,Unfound
,,,,,,,2199999106947,,,,,Unfound
,,,,,,,1300035412412,,,,,Unfound
,,,,,,,1100039248420,,,,,Unfound
,,,,,,,1900036248186,,,,,Unfound
,,,,,,,1570000042394,,,,,Unfound
,,,,,,,1900041015507,,,,,Unfound
,,,,,,,2199996475501,,,,,Unfound
,,,,,,,1610029006270,,,,,Unfound
,,,,,,,1692989600,,,,23678,Unfound
,,,,,,,1900029007892,,,,,Unfound
,,,,,,,1600000020354,,,,,Unfound
,,,,,,,2334552875610,,,,,Unfound
,,,,,,,1200050707435,,,,,Unfound
,,,,,,,8813622706,,,,8813622706,Unfound
,,,,,,,2165153605,,,,2165153605,Unfound
,,,,,,,1800028237412,,,,,Unfound
,,,,,,,1800025149906,,,,,Unfound
,,,,,,,1100004274195,,,,,Unfound
,,,,,,,1200031932741,,,,,Unfound
,,,,,,,1900000116377,,,,,Unfound
,,,,,,,2199993614030,,,,,Unfound
,,,,,,,2000023154663,,,,,Unfound
,,,,,,,1900011033727,,,,,Unfound
,,,,,,,1100004179968,,,,,Unfound
,,,,,,,2000051630283,,,,,Unfound
,,,,,,,8833957907,,,,8833957907,Unfound
,,,,,,,1900060858560,,,,,Unfound
,,,,,,,2984535605,,,,2984535605,Unfound
,,,,,,,1416649171006,,,,,Unfound
,,,,,,,1100050801212,,,,,Unfound
,,,,,,,2330427561210,,,,,Unfound
,,,,,,,1200041189498,,,,,Unfound
,,,,,,,1200027456873,,,,,Unfound
,,,,,,,9111845607,,,,9111845607,Unfound
,,,,,,,1687053505,,,,1687053505,Unfound
,,,,,,,1012701824290,,,,,Unfound
,,,,,,,1023516886366,,,,,Unfound
,,,,,,,1100012333641,,,,,Unfound
,,,,,,,1610021415750,,,,,Unfound
,,,,,,,2000003286203,,,,,Unfound
,,,,,,,2300000638242,,,,,Unfound
,,,,,,,1100050695315,,,,,Unfound
,,,,,,,1200033856915,,,,,Unfound
,,,,,,,2000003812679,,,,,Unfound
,,,,,,,2000000730316,,,,,Unfound
,,,,,,,2199992891009,,,,,Unfound
,,,,,,,1410965831004,,,,,Unfound
,,,,,,,1300054989340,,,,,Unfound
,,,,,,,7479208401,,,,7479208401,Unfound
,,,,,,,2000002612767,,,,,Unfound
,,,,,,,1591039812925,,,,,Unfound
,,,,,,,2000052264205,,,,,Unfound
,,,,,,,2000025524601,,,,,Unfound
,,,,,,,1100007819274,,,,,Unfound
,,,,,,,9157419802,,,,36125,Unfound
,,,,,,,1200034897211,,,,,Unfound
,,,,,,,1100023682479,,,,,Unfound
,,,,,,,1591047008695,,,,,Unfound
,,,,,,,1012712993786,,,,,Unfound
,,,,,,,2000022281245,,,,,Unfound
,,,,,,,2200017566075,,,,,Unfound
,,,,,,,1610031382800,,,,,Unfound
,,,,,,,2000021491500,,,,,Unfound
,,,,,,,1100011677140,,,,,Unfound
,,,,,,,1012980438932,,,,,Unfound
,,,,,,,1481233709,,,,52459,Unfound
,,,,,,,710048107,,,,1,Unfound
,,,,,,,1580000507973,,,,,Unfound
,,,,,,,1100024321167,,,,,Unfound
,,,,,,,1100010871911,,,,,Unfound
,,,,,,,1712794884801,,,,,Unfound
,,,,,,,1610029529561,,,,,Unfound
,,,,,,,1012928983790,,,,,Unfound
,,,,,,,1610002808480,,,,,Unfound
,,,,,,,2100040444493,,,,,Unfound
,,,,,,,2200022898690,,,,,Unfound
,,,,,,,1800024168971,,,,,Unfound
,,,,,,,3978233308,,,,9254,Unfound
,,,,,,,1591059908317,,,,,Unfound
,,,,,,,1013069591308,,,,,Unfound
,,,,,,,1800021228857,,,,,Unfound
,,,,,,,1800023288556,,,,,Unfound
,,,,,,,1413242203009,,,,,Unfound
,,,,,,,9212725609,,,,30780,Unfound
,,,,,,,1591042233802,,,,,Unfound
,,,,,,,1012351766590,,,,,Unfound
,,,,,,,1100008496121,,,,,Unfound
,,,,,,,2366541514010,,,,,Unfound
,,,,,,,1800028076330,,,,,Unfound
,,,,,,,2000011376660,,,,,Unfound
,,,,,,,2000002477984,,,,,Unfound
,,,,,,,1460000722434,,,,,Unfound
,,,,,,,2000004393979,,,,,Unfound
,,,,,,,2200013325782,,,,,Unfound
,,,,,,,1591157871812,,,,,Unfound
,,,,,,,1620000886075,,,,,Unfound
,,,,,,,2200041081547,,,,,Unfound
,,,,,,,1900027100386,,,,,Unfound
,,,,,,,2332070648918,,,,,Unfound
,,,,,,,1610032177170,,,,,Unfound
,,,,,,,1100008426045,,,,,Unfound
,,,,,,,1300008829565,,,,,Unfound
,,,,,,,1900049382280,,,,,Unfound
,,,,,,,1610030361232,,,,,Unfound
,,,,,,,1591011862507,,,,,Unfound
,,,,,,,1864199004,,,,1864199004,Unfound
,,,,,,,1100002955707,,,,,Unfound
,,,,,,,2199997230527,,,,,Unfound
,,,,,,,1200033443770,,,,,Unfound
,,,,,,,1012833316446,,,,,Unfound
,,,,,,,1900005135328,,,,,Unfound
,,,,,,,1200024815355,,,,,Unfound
,,,,,,,2000025947793,,,,,Unfound
,,,,,,,1800020925761,,,,,Unfound
,,,,,,,2000027289833,,,,,Unfound
,,,,,,,1854807702,,,,10910,Unfound
,,,,,,,1014568631251,,,,,Unfound
,,,,,,,1900007351867,,,,,Unfound
,,,,,,,1200035013860,,,,,Unfound
,,,,,,,1620000372390,,,,,Unfound
,,,,,,,2200041764731,,,,,Unfound
,,,,,,,1200039655783,,,,,Unfound
,,,,,,,2314503861512,,,,,Unfound
,,,,,,,2000000572795,,,,,Unfound
,,,,,,,2183933005,,,,2183933005,Unfound
,,,,,,,2000025827815,,,,,Unfound
,,,,,,,4185733405,,,,7413,Unfound
,,,,,,,1200027903048,,,,,Unfound
,,,,,,,1416203600000,,,,,Unfound
,,,,,,,1580000545393,,,,,Unfound
,,,,,,,1592001014989,,,,,Unfound
,,,,,,,1900028132184,,,,,Unfound
,,,,,,,3048511306,,,,954,Unfound
,,,,,,,1610011208025,,,,,Unfound
,,,,,,,2200015913652,,,,,Unfound
,,,,,,,1200060249245,,,,,Unfound
,,,,,,,2000013111900,,,,,Unfound
,,,,,,,1610003249337,,,,,Unfound
,,,,,,,1012950934539,,,,,Unfound
,,,,,,,1100021928725,,,,,Unfound
,,,,,,,2366213394717,,,,,Unfound
,,,,,,,1100003006049,,,,,Unfound
,,,,,,,1200026564666,,,,,Unfound
,,,,,,,1012673284971,,,,,Unfound
,,,,,,,1890331503,,,,101807,Unfound
,,,,,,,2311094442810,,,,,Unfound
,,,,,,,1012465222603,,,,,Unfound
,,,,,,,2199994163922,,,,,Unfound
,,,,,,,2365712229813,,,,,Unfound
,,,,,,,70605100,,,,70605100,Unfound
,,,,,,,1013094923045,,,,,Unfound
,,,,,,,1012674022162,,,,,Unfound
,,,,,,,2000000672462,,,,,Unfound
,,,,,,,3374329404,,,,3374329404,Unfound
,,,,,,,2000015801935,,,,,Unfound
,,,,,,,1013018980953,,,,,Unfound
,,,,,,,2332553474813,,,,,Unfound
,,,,,,,70245904,,,,70245904,Unfound
,,,,,,,1610012328998,,,,,Unfound
,,,,,,,2000025947288,,,,,Unfound
,,,,,,,61799408,,,,61799408,Unfound
,,,,,,,1200039350865,,,,,Unfound
,,,,,,,58288704,,,,58288704,Unfound
,,,,,,,1610011271719,,,,,Unfound
,,,,,,,1200042253569,,,,,Unfound
,,,,,,,1900070000965,,,,,Unfound
,,,,,,,1012990087203,,,,,Unfound
,,,,,,,8844641509,,,,8844641509,Unfound
,,,,,,,1610018767250,,,,,Unfound
,,,,,,,1200051902894,,,,,Unfound
,,,,,,,1419090322002,,,,,Unfound
,,,,,,,2000009732428,,,,,Unfound
,,,,,,,2000051294894,,,,,Unfound
,,,,,,,1200032834576,,,,,Unfound
,,,,,,,65118007,,,,65118007,Unfound
,,,,,,,1023481931197,,,,,Unfound
,,,,,,,2363514925713,,,,,Unfound
,,,,,,,1100003315840,,,,,Unfound
,,,,,,,2330542210718,,,,,Unfound
,,,,,,,44806808,,,,44806808,Unfound
,,,,,,,2000001207291,,,,,Unfound
,,,,,,,1100011969487,,,,,Unfound
,,,,,,,1850880501,,,,1850880501,Unfound
,,,,,,,1610023587958,,,,,Unfound
,,,,,,,1610011389581,,,,,Unfound
,,,,,,,1200038808330,,,,,Unfound
,,,,,,,8871290004,,,,38337,Unfound
,,,,,,,1012881085835,,,,,Unfound
,,,,,,,2000014039370,,,,,Unfound
,,,,,,,1411778950004,,,,,Unfound
,,,,,,,1591000000130,,,,,Unfound
,,,,,,,2215003607,,,,2215003607,Unfound
,,,,,,,2352970412511,,,,,Unfound
,,,,,,,1800035293138,,,,,Unfound
,,,,,,,1100021737587,,,,,Unfound
,,,,,,,1610020699098,,,,,Unfound
,,,,,,,3235755305,,,,3235755305,Unfound
,,,,,,,3373499806,,,,4621,Unfound
,,,,,,,1610027228530,,,,,Unfound
,,,,,,,1012748681733,,,,,Unfound
,,,,,,,1461024609,,,,1461024609,Unfound
,,,,,,,1419640103003,,,,,Unfound
,,,,,,,56474410,,,,77757,Unfound
,,,,,,,1900017382134,,,,,Unfound
,,,,,,,1610029191680,,,,,Unfound
,,,,,,,2330562056811,,,,,Unfound
,,,,,,,2443018710,,,,2443018710,Unfound
,,,,,,,9081514608,,,,9081514608,Unfound
,,,,,,,1900006007947,,,,,Unfound
,,,,,,,2371263620513,,,,,Unfound
,,,,,,,1023545871680,,,,,Unfound
,,,,,,,2380000065114,,,,,Unfound
,,,,,,,1100024543571,,,,,Unfound
,,,,,,,2371814435417,,,,,Unfound
,,,,,,,1050000245922,,,,,Unfound
,,,,,,,2333730554215,,,,,Unfound
,,,,,,,1200024587388,,,,,Unfound
,,,,,,,2000021492355,,,,,Unfound
,,,,,,,1506359210,,,,1506359210,Unfound
,,,,,,,1900040117235,,,,,Unfound
,,,,,,,2200010258938,,,,,Unfound
,,,,,,,2199999585164,,,,,Unfound
,,,,,,,1012407572188,,,,,Unfound
,,,,,,,1415879610006,,,,,Unfound
,,,,,,,76843405,,,,76843405,Unfound
,,,,,,,2315410215217,,,,,Unfound
,,,,,,,1100003146702,,,,,Unfound
,,,,,,,1900025280508,,,,,Unfound
,,,,,,,9153685309,,,,43636,Unfound
,,,,,,,1417042840005,,,,,Unfound
,,,,,,,1800016342571,,,,,Unfound
,,,,,,,8931541603,,,,26182,Unfound
,,,,,,,1300011313918,,,,,Unfound
,,,,,,,1610000302893,,,,,Unfound
,,,,,,,1354784209,,,,1354784209,Unfound
,,,,,,,1591037829192,,,,,Unfound
,,,,,,,1900013420530,,,,,Unfound
,,,,,,,9115705802,,,,7149,Unfound
,,,,,,,2200041075960,,,,,Unfound
,,,,,,,15696006,,,,15696006,Unfound
,,,,,,,2100040290576,,,,,Unfound
,,,,,,,1900011048705,,,,,Unfound
,,,,,,,1100019228474,,,,,Unfound
,,,,,,,1591048747245,,,,,Unfound
,,,,,,,1591059805658,,,,,Unfound
,,,,,,,1800030368338,,,,,Unfound
,,,,,,,2000027466165,,,,,Unfound
,,,,,,,64831303,,,,64831303,Unfound
,,,,,,,53571909,,,,53571909,Unfound
,,,,,,,1721718635253,,,,,Unfound
,,,,,,,1610018576847,,,,,Unfound
,,,,,,,1200021887339,,,,,Unfound
,,,,,,,1900040195260,,,,,Unfound
,,,,,,,1900070822287,,,,,Unfound
,,,,,,,80404107,,,,80404107,Unfound
,,,,,,,2000024819725,,,,,Unfound
,,,,,,,1012673373753,,,,,Unfound
,,,,,,,1591015929625,,,,,Unfound
,,,,,,,1416693350000,,,,,Unfound
,,,,,,,542082907,,,,542082907,Unfound
,,,,,,,1833573304,,,,1833573304,Unfound
,,,,,,,2200014360421,,,,,Unfound
,,,,,,,71414008,,,,71414008,Unfound
,,,,,,,1200033112904,,,,,Unfound
,,,,,,,1713533535156,,,,,Unfound
,,,,,,,5013693401,,,,5013693401,Unfound
,,,,,,,1610005069235,,,,,Unfound
,,,,,,,3234088601,,,,3234088601,Unfound
,,,,,,,1200021869845,,,,,Unfound
,,,,,,,2200021251285,,,,,Unfound
,,,,,,,3963602506,,,,1908,Unfound
,,,,,,,1013045728115,,,,,Unfound
,,,,,,,2000007890521,,,,,Unfound
,,,,,,,2000019774211,,,,,Unfound
,,,,,,,7478606,,,,7478606,Unfound
,,,,,,,2200016239513,,,,,Unfound
,,,,,,,1903579103,,,,1903579103,Unfound
,,,,,,,2200024183210,,,,,Unfound
,,,,,,,1012403488763,,,,,Unfound
,,,,,,,1200039324058,,,,,Unfound
,,,,,,,1610004348001,,,,,Unfound
,,,,,,,1900038004596,,,,,Unfound
,,,,,,,8923344908,,,,8923344908,Unfound
,,,,,,,1200029974714,,,,,Unfound
,,,,,,,1300008614821,,,,,Unfound
,,,,,,,1610003293345,,,,,Unfound
,,,,,,,3347128907,,,,3347128907,Unfound
,,,,,,,3923739700,,,,3923739700,Unfound
,,,,,,,2200018042695,,,,,Unfound
,,,,,,,1900022108901,,,,,Unfound
,,,,,,,47789805,,,,47789805,Unfound
,,,,,,,2199989354900,,,,,Unfound
,,,,,,,1800026650115,,,,,Unfound
,,,,,,,2199991223783,,,,,Unfound
,,,,,,,87626307,,,,87626307,Unfound
,,,,,,,1421355000003,,,,,Unfound
,,,,,,,1800060362694,,,,,Unfound
,,,,,,,9159419509,,,,9159419509,Unfound
,,,,,,,2000009483015,,,,,Unfound
,,,,,,,1725251022203,,,,,Unfound
,,,,,,,2389200,,,,42,Unfound
,,,,,,,1700052029164,,,,,Unfound
,,,,,,,1610027027019,,,,,Unfound
,,,,,,,2199992498018,,,,,Unfound
,,,,,,,1200026596589,,,,,Unfound
,,,,,,,8923065410,,,,8923065410,Unfound
,,,,,,,9182492704,,,,9182492704,Unfound
,,,,,,,1900040081660,,,,,Unfound
,,,,,,,1012731756260,,,,,Unfound
,,,,,,,1610030960510,,,,,Unfound
,,,,,,,2000027371814,,,,,Unfound
,,,,,,,2000006674952,,,,,Unfound
,,,,,,,1900061314279,,,,,Unfound
,,,,,,,1200030600128,,,,,Unfound
,,,,,,,1265967805,,,,1265967805,Unfound
,,,,,,,1100003679490,,,,,Unfound
,,,,,,,2200011207136,,,,,Unfound
,,,,,,,2000018362353,,,,,Unfound
,,,,,,,2199997974031,,,,,Unfound
,,,,,,,8871023508,,,,1156,Unfound
,,,,,,,2100040285840,,,,,Unfound
,,,,,,,1200035863979,,,,,Unfound
,,,,,,,1591046379505,,,,,Unfound
,,,,,,,1900038197996,,,,,Unfound
,,,,,,,1417070490000,,,,,Unfound
,,,,,,,1900013105374,,,,,Unfound
,,,,,,,1900030111510,,,,,Unfound
,,,,,,,2000053461332,,,,,Unfound
,,,,,,,1200039584876,,,,,Unfound
,,,,,,,1012785595815,,,,,Unfound
,,,,,,,2000005706140,,,,,Unfound
,,,,,,,558732609,,,,558732609,Unfound
,,,,,,,1610009285190,,,,,Unfound
,,,,,,,1012522873716,,,,,Unfound
,,,,,,,1715265773509,,,,,Unfound
,,,,,,,2100040563429,,,,,Unfound
,,,,,,,1100010365109,,,,,Unfound
,,,,,,,1012381380936,,,,,Unfound
,,,,,,,1100003098918,,,,,Unfound
,,,,,,,1900024428244,,,,,Unfound
,,,,,,,2200012453952,,,,,Unfound
,,,,,,,1610032140055,,,,,Unfound
,,,,,,,1200028210803,,,,,Unfound
,,,,,,,2199992424832,,,,,Unfound
,,,,,,,2344680724611,,,,,Unfound
,,,,,,,1300009176482,,,,,Unfound
,,,,,,,1591047647521,,,,,Unfound
,,,,,,,1900021024320,,,,,Unfound
,,,,,,,2000013690550,,,,,Unfound
,,,,,,,1200022274397,,,,,Unfound
,,,,,,,2342222460010,,,,,Unfound
,,,,,,,2000050011315,,,,,Unfound
,,,,,,,2372566897919,,,,,Unfound
,,,,,,,1012410000000,,,,,Unfound
,,,,,,,1200032675436,,,,,Unfound
,,,,,,,1556564601,,,,1556564601,Unfound
,,,,,,,1012807165902,,,,,Unfound
,,,,,,,1717210000000,,,,,Unfound
,,,,,,,1100024627707,,,,,Unfound
,,,,,,,2000018456286,,,,,Unfound
,,,,,,,2000017645198,,,,,Unfound
,,,,,,,1610030812343,,,,,Unfound
,,,,,,,1610004108957,,,,,Unfound
,,,,,,,1300005909571,,,,,Unfound
,,,,,,,1610009481603,,,,,Unfound
,,,,,,,1012449050616,,,,,Unfound
,,,,,,,1100012356514,,,,,Unfound
,,,,,,,1300010404644,,,,,Unfound
,,,,,,,2300000497031,,,,,Unfound
,,,,,,,1610029339060,,,,,Unfound
,,,,,,,2199991343252,,,,,Unfound
,,,,,,,1610027623607,,,,,Unfound
,,,,,,,1900047225381,,,,,Unfound
,,,,,,,2331772675014,,,,,Unfound
,,,,,,,8821207409,,,,8821207409,Unfound
,,,,,,,1100001714423,,,,,Unfound
,,,,,,,1012557542539,,,,,Unfound
,,,,,,,1800019411953,,,,,Unfound
,,,,,,,4186419202,,,,4186419202,Unfound
,,,,,,,2316109004111,,,,,Unfound
,,,,,,,1100003429478,,,,,Unfound
,,,,,,,1800032511911,,,,,Unfound
,,,,,,,2322653660627,,,,,Unfound
,,,,,,,2351993910910,,,,,Unfound
,,,,,,,2199999357234,,,,,Unfound
,,,,,,,1900006044025,,,,,Unfound
,,,,,,,1800036906,,,,1800036906,Unfound
,,,,,,,1420430000000,,,,,Unfound
,,,,,,,4230399606,,,,4230399606,Unfound
,,,,,,,1591052022540,,,,,Unfound
,,,,,,,1200037674464,,,,,Unfound
,,,,,,,1630000578114,,,,,Unfound
,,,,,,,1800015175796,,,,,Unfound
,,,,,,,1100025003870,,,,,Unfound
,,,,,,,2340276104519,,,,,Unfound
,,,,,,,1023467790330,,,,,Unfound
,,,,,,,2333659590016,,,,,Unfound
,,,,,,,1800022328083,,,,,Unfound
,,,,,,,1200038426431,,,,,Unfound
,,,,,,,2445817908,,,,2445817908,Unfound
,,,,,,,2000002800203,,,,,Unfound
,,,,,,,1410790960008,,,,,Unfound
,,,,,,,1610020686888,,,,,Unfound
,,,,,,,1800035162221,,,,,Unfound
,,,,,,,1200021558542,,,,,Unfound
,,,,,,,1800020859514,,,,,Unfound
,,,,,,,1012471696872,,,,,Unfound
,,,,,,,2513060709,,,,2513060709,Unfound
,,,,,,,1100001626404,,,,,Unfound
,,,,,,,2200022585976,,,,,Unfound
,,,,,,,1030067326064,,,,,Unfound
,,,,,,,1591047343713,,,,,Unfound
,,,,,,,1012635189841,,,,,Unfound
,,,,,,,1610020858076,,,,,Unfound
,,,,,,,74501007,,,,74501007,Unfound
,,,,,,,2200020761381,,,,,Unfound
,,,,,,,2000021900063,,,,,Unfound
,,,,,,,1100009065183,,,,,Unfound
,,,,,,,569981103,,,,199130,Unfound
,,,,,,,2000015809474,,,,,Unfound
,,,,,,,1610004103499,,,,,Unfound
,,,,,,,2321256280316,,,,,Unfound
,,,,,,,2000012234888,,,,,Unfound
,,,,,,,1591045092472,,,,,Unfound
,,,,,,,2000026276824,,,,,Unfound
,,,,,,,1417911731000,,,,,Unfound
,,,,,,,1012507149996,,,,,Unfound
,,,,,,,2779807303,,,,,Unfound
,,,,,,,2000025525819,,,,,Unfound
,,,,,,,2200011474083,,,,,Unfound
,,,,,,,2000051375035,,,,,Unfound
,,,,,,,2100041206812,,,,,Unfound
,,,,,,,2333911776014,,,,,Unfound
,,,,,,,2199992449614,,,,,Unfound
,,,,,,,1100004667583,,,,,Unfound
,,,,,,,1300005776877,,,,,Unfound
,,,,,,,2534569900,,,,2534569900,Unfound
,,,,,,,2199996397536,,,,,Unfound
,,,,,,,1580000866913,,,,,Unfound
,,,,,,,1800024753120,,,,,Unfound
,,,,,,,2200030079530,,,,,Unfound
,,,,,,,1012406263713,,,,,Unfound
,,,,,,,1100008823192,,,,,Unfound
,,,,,,,1714734382004,,,,,Unfound
,,,,,,,1012500134530,,,,,Unfound
,,,,,,,1013011651770,,,,,Unfound
,,,,,,,1610028432432,,,,,Unfound
,,,,,,,2000008909963,,,,,Unfound
,,,,,,,2199994174214,,,,,Unfound
,,,,,,,2199994199111,,,,,Unfound
,,,,,,,2000001447872,,,,,Unfound
,,,,,,,1413663900000,,,,,Unfound
,,,,,,,2346042547717,,,,,Unfound
,,,,,,,1800022747755,,,,,Unfound
,,,,,,,2380000797811,,,,,Unfound
,,,,,,,1620000700781,,,,,Unfound
,,,,,,,1700051461153,,,,,Unfound
,,,,,,,1900033187130,,,,,Unfound
,,,,,,,1900034009002,,,,,Unfound
,,,,,,,2000015477646,,,,,Unfound
,,,,,,,4005095006,,,,4005095006,Unfound
,,,,,,,1023545552340,,,,,Unfound
,,,,,,,2380000258519,,,,,Unfound
,,,,,,,2199989652371,,,,,Unfound
,,,,,,,1591058418483,,,,,Unfound
,,,,,,,2000014527464,,,,,Unfound
,,,,,,,2760298604,,,,2760298604,Unfound
,,,,,,,1200039826474,,,,,Unfound
,,,,,,,1013058366611,,,,,Unfound
,,,,,,,1100771026520,,,,,Unfound
,,,,,,,66417101,,,,66417101,Unfound
,,,,,,,2335171144719,,,,,Unfound
,,,,,,,2000001976350,,,,,Unfound
,,,,,,,49044506,,,,49044506,Unfound
,,,,,,,577807610,,,,577807610,Unfound
,,,,,,,1300002897490,,,,,Unfound
,,,,,,,2199990145177,,,,,Unfound
,,,,,,,2000010038257,,,,,Unfound
,,,,,,,4161677007,,,,4161677007,Unfound
,,,,,,,3383650307,,,,3383650307,Unfound
,,,,,,,2247917403,,,,2247917403,Unfound
,,,,,,,1900000461530,,,,,Unfound
,,,,,,,1610001201306,,,,,Unfound
,,,,,,,2199990405660,,,,,Unfound
,,,,,,,1100005828329,,,,,Unfound
,,,,,,,63644602,,,,70796,Unfound
,,,,,,,2200014107337,,,,,Unfound
,,,,,,,2315407651511,,,,,Unfound
,,,,,,,3651809,,,,3651809,Unfound
,,,,,,,9163353110,,,,9163353110,Unfound
,,,,,,,2084036601,,,,2084036601,Unfound
,,,,,,,1100018920186,,,,,Unfound
,,,,,,,1900031088321,,,,,Unfound
,,,,,,,2370135501215,,,,,Unfound
,,,,,,,1580000288732,,,,,Unfound
,,,,,,,1013022275700,,,,,Unfound
,,,,,,,1012909280580,,,,,Unfound
,,,,,,,1900049024590,,,,,Unfound
,,,,,,,2425684409,,,,2425684409,Unfound
,,,,,,,1200050601561,,,,,Unfound
,,,,,,,1200042283721,,,,,Unfound
,,,,,,,2380001972820,,,,,Unfound
,,,,,,,1800035238800,,,,,Unfound
,,,,,,,1200020021406,,,,,Unfound
,,,,,,,1100006767670,,,,,Unfound
,,,,,,,2452252203,,,,86270,Unfound
,,,,,,,1100002392393,,,,,Unfound
,,,,,,,1900007056731,,,,,Unfound
,,,,,,,1610003700306,,,,,Unfound
,,,,,,,1200023754551,,,,,Unfound
,,,,,,,1900002371896,,,,,Unfound
,,,,,,,1610018755510,,,,,Unfound
,,,,,,,1900022428260,,,,,Unfound
,,,,,,,2200013306734,,,,,Unfound
,,,,,,,1013060496180,,,,,Unfound
,,,,,,,2200020012431,,,,,Unfound
,,,,,,,1000982702,,,,29285,Unfound
,,,,,,,1580000237932,,,,,Unfound
,,,,,,,1722851965805,,,,,Unfound
,,,,,,,47433900,,,,47433900,Unfound
,,,,,,,14451307,,,,1,Unfound
,,,,,,,1012412359178,,,,,Unfound
,,,,,,,17805309,,,,17805309,Unfound
,,,,,,,1411422790006,,,,,Unfound
,,,,,,,1800021344456,,,,,Unfound
,,,,,,,2372826420226,,,,,Unfound
,,,,,,,1610023504419,,,,,Unfound
,,,,,,,1300035396328,,,,,Unfound
,,,,,,,1170000107919,,,,,Unfound
,,,,,,,2356307038018,,,,,Unfound
,,,,,,,2417527004,,,,80959,Unfound
,,,,,,,1591053122290,,,,,Unfound
,,,,,,,1610011956992,,,,,Unfound
,,,,,,,2000012228253,,,,,Unfound
,,,,,,,2511620004,,,,2511620004,Unfound
,,,,,,,1900032333712,,,,,Unfound
,,,,,,,2374853065614,,,,,Unfound
,,,,,,,1800018556417,,,,,Unfound
,,,,,,,2000017761841,,,,,Unfound
,,,,,,,1570000296383,,,,,Unfound
,,,,,,,2340308108412,,,,,Unfound
,,,,,,,1100013674898,,,,,Unfound
,,,,,,,1591024109847,,,,,Unfound
,,,,,,,10771507,,,,10771507,Unfound
,,,,,,,1012801807592,,,,,Unfound
,,,,,,,1012375421631,,,,,Unfound
,,,,,,,49938200,,,,49938200,Unfound
,,,,,,,1610005673480,,,,,Unfound
,,,,,,,1012659088228,,,,,Unfound
,,,,,,,1100021958881,,,,,Unfound
,,,,,,,2000053948626,,,,,Unfound
,,,,,,,1900035060046,,,,,Unfound
,,,,,,,2332027803014,,,,,Unfound
,,,,,,,17781310,,,,7,Unfound
,,,,,,,64999106,,,,64999106,Unfound
,,,,,,,2200030112001,,,,,Unfound
,,,,,,,1100024356017,,,,,Unfound
,,,,,,,2365092451013,,,,,Unfound
,,,,,,,1200028914227,,,,,Unfound
,,,,,,,2200019492363,,,,,Unfound
,,,,,,,1900019285655,,,,,Unfound
,,,,,,,1424099000000,,,,,Unfound
,,,,,,,3297902406,,,,3297902406,Unfound
,,,,,,,1200021627141,,,,,Unfound
,,,,,,,1630000830821,,,,,Unfound
,,,,,,,2000050540879,,,,,Unfound
,,,,,,,2200030003000,,,,,Unfound
,,,,,,,2000024616216,,,,,Unfound
,,,,,,,1355334104,,,,1355334104,Unfound
,,,,,,,3347958702,,,,3347958702,Unfound
,,,,,,,1591040945387,,,,,Unfound
,,,,,,,66269000,,,,66269000,Unfound
,,,,,,,56060607,,,,56060607,Unfound
,,,,,,,2000019542360,,,,,Unfound
,,,,,,,2200015058460,,,,,Unfound
,,,,,,,1012762671256,,,,,Unfound
,,,,,,,1610030443285,,,,,Unfound
,,,,,,,1800022428122,,,,,Unfound
,,,,,,,2343602696417,,,,,Unfound
,,,,,,,2000052100827,,,,,Unfound
,,,,,,,9159228008,,,,9159228008,Unfound
,,,,,,,1591033687230,,,,,Unfound
,,,,,,,1591035791927,,,,,Unfound
,,,,,,,1591057419120,,,,,Unfound
,,,,,,,2200024139113,,,,,Unfound
,,,,,,,1100004313107,,,,,Unfound
,,,,,,,8869313305,,,,8869313305,Unfound
,,,,,,,1610014021995,,,,,Unfound
,,,,,,,2199989609100,,,,,Unfound
,,,,,,,8864538405,,,,12,Unfound
,,,,,,,1100004890103,,,,,Unfound
,,,,,,,2000002000128,,,,,Unfound
,,,,,,,1412649010000,,,,,Unfound
,,,,,,,1013036923257,,,,,Unfound
,,,,,,,2000007013224,,,,,Unfound
,,,,,,,2536515303,,,,2536515303,Unfound
,,,,,,,1412846341005,,,,,Unfound
,,,,,,,1600000021491,,,,,Unfound
,,,,,,,21517605,,,,21517605,Unfound
,,,,,,,2199993767570,,,,,Unfound
,,,,,,,2000002644801,,,,,Unfound
,,,,,,,2344561560111,,,,,Unfound
,,,,,,,1800021564464,,,,,Unfound
,,,,,,,2701107606,,,,2701107606,Unfound
,,,,,,,1300052382902,,,,,Unfound
,,,,,,,1013015407903,,,,,Unfound
,,,,,,,1800034508878,,,,,Unfound
,,,,,,,1610023054686,,,,,Unfound
,,,,,,,1200021496347,,,,,Unfound
,,,,,,,1900008270312,,,,,Unfound
,,,,,,,2759929204,,,,2759929204,Unfound
,,,,,,,1861144906,,,,15805,Unfound
,,,,,,,8814188003,,,,90586,Unfound
,,,,,,,1013015534407,,,,,Unfound
,,,,,,,2366580371412,,,,,Unfound
,,,,,,,1012821654060,,,,,Unfound
,,,,,,,1200022041130,,,,,Unfound
,,,,,,,2000000507616,,,,,Unfound
,,,,,,,2311098026913,,,,,Unfound
,,,,,,,1200028732241,,,,,Unfound
,,,,,,,9203379009,,,,9203379009,Unfound
,,,,,,,1900027009790,,,,,Unfound
,,,,,,,1012881056160,,,,,Unfound
,,,,,,,4245241209,,,,12624,Unfound
,,,,,,,1592001091548,,,,,Unfound
,,,,,,,1200026741147,,,,,Unfound
,,,,,,,1012466735776,,,,,Unfound
,,,,,,,1200061241015,,,,,Unfound
,,,,,,,2000023814196,,,,,Unfound
,,,,,,,1591053230873,,,,,Unfound
,,,,,,,1620001050886,,,,,Unfound
,,,,,,,1012590111459,,,,,Unfound
,,,,,,,2199999880305,,,,,Unfound
,,,,,,,8875160202,,,,8875160202,Unfound
,,,,,,,1030020000000,,,,,Unfound
,,,,,,,1200032984280,,,,,Unfound
,,,,,,,1591003434514,,,,,Unfound
,,,,,,,1610032014244,,,,,Unfound
,,,,,,,2200040305508,,,,,Unfound
,,,,,,,1610011158010,,,,,Unfound
,,,,,,,1200028079955,,,,,Unfound
,,,,,,,2356320145010,,,,,Unfound
,,,,,,,1610013038622,,,,,Unfound
,,,,,,,2100040413973,,,,,Unfound
,,,,,,,53823708,,,,53823708,Unfound
,,,,,,,2344442485811,,,,,Unfound
,,,,,,,10064908,,,,44840,Unfound
,,,,,,,2200013296652,,,,,Unfound
,,,,,,,1012918766730,,,,,Unfound
,,,,,,,1591000000244,,,,,Unfound
,,,,,,,1591057697584,,,,,Unfound
,,,,,,,8901021300,,,,8901021300,Unfound
,,,,,,,1610018418556,,,,,Unfound
,,,,,,,1100002585929,,,,,Unfound
,,,,,,,2000012159404,,,,,Unfound
,,,,,,,3205352601,,,,3205352601,Unfound
,,,,,,,1591056022065,,,,,Unfound
,,,,,,,2000022133069,,,,,Unfound
,,,,,,,2199996779782,,,,,Unfound
,,,,,,,1012636356868,,,,,Unfound
,,,,,,,1015683124310,,,,,Unfound
,,,,,,,2200014124936,,,,,Unfound
,,,,,,,8815675300,,,,8815675300,Unfound
,,,,,,,1012555536472,,,,,Unfound
,,,,,,,1610020613825,,,,,Unfound
,,,,,,,1900007001110,,,,,Unfound
,,,,,,,1630000536197,,,,,Unfound
,,,,,,,1160000550978,,,,,Unfound
,,,,,,,9219746900,,,,248537,Unfound
,,,,,,,1620000657693,,,,,Unfound
,,,,,,,2353125924418,,,,,Unfound
,,,,,,,2000013187077,,,,,Unfound
,,,,,,,10695607,,,,137074,Unfound
,,,,,,,1570000284323,,,,,Unfound
,,,,,,,2200022379279,,,,,Unfound
,,,,,,,600915003,,,,35790,Unfound
,,,,,,,1200028642917,,,,,Unfound
,,,,,,,2335790590911,,,,,Unfound
,,,,,,,1096166701,,,,1096166701,Unfound
,,,,,,,1012380739695,,,,,Unfound
,,,,,,,1591000000327,,,,,Unfound
,,,,,,,1300035403231,,,,,Unfound
,,,,,,,1610012600430,,,,,Unfound
,,,,,,,2200016121389,,,,,Unfound
,,,,,,,1428840100008,,,,,Unfound
,,,,,,,2200019721690,,,,,Unfound
,,,,,,,1100011019363,,,,,Unfound
,,,,,,,2336534620113,,,,,Unfound
,,,,,,,2000009047182,,,,,Unfound
,,,,,,,5062074409,,,,5062074409,Unfound
,,,,,,,1300035372540,,,,,Unfound
,,,,,,,1012524941182,,,,,Unfound
,,,,,,,2331057259914,,,,,Unfound
,,,,,,,2199993810010,,,,,Unfound
,,,,,,,2000056126094,,,,,Unfound
,,,,,,,1800020915105,,,,,Unfound
,,,,,,,69866808,,,,69866808,Unfound
,,,,,,,63616002,,,,145164,Unfound
,,,,,,,2362482919215,,,,,Unfound
,,,,,,,1610019574238,,,,,Unfound
,,,,,,,2199999431650,,,,,Unfound
,,,,,,,1800021071594,,,,,Unfound
,,,,,,,1716841393000,,,,,Unfound
,,,,,,,1800014796428,,,,,Unfound
,,,,,,,2199999524240,,,,,Unfound
,,,,,,,9089931710,,,,9089931710,Unfound
,,,,,,,1591047746250,,,,,Unfound
,,,,,,,1900061293948,,,,,Unfound
,,,,,,,62568001,,,,62568001,Unfound
,,,,,,,9186866100,,,,9186866100,Unfound
,,,,,,,1610006016493,,,,,Unfound
,,,,,,,3050915509,,,,3050915509,Unfound
,,,,,,,1300009948175,,,,,Unfound
,,,,,,,1012649540008,,,,,Unfound
,,,,,,,2000022963301,,,,,Unfound
,,,,,,,3043663304,,,,3043663304,Unfound
,,,,,,,76866305,,,,76866305,Unfound
,,,,,,,1591031583567,,,,,Unfound
,,,,,,,61549800,,,,61549800,Unfound
,,,,,,,2755848004,,,,17114,Unfound
,,,,,,,1012370000000,,,,,Unfound
,,,,,,,2200042748000,,,,,Unfound
,,,,,,,1100770188824,,,,,Unfound
,,,,,,,2000019388130,,,,,Unfound
,,,,,,,1523442306,,,,31316,Unfound
,,,,,,,66831302,,,,,Unfound
,,,,,,,1411136250006,,,,,Unfound
,,,,,,,2200021374970,,,,,Unfound
,,,,,,,2333819180910,,,,,Unfound
,,,,,,,2362126839014,,,,,Unfound
,,,,,,,1200021359320,,,,,Unfound
,,,,,,,1610005369439,,,,,Unfound
,,,,,,,1200026173708,,,,,Unfound
,,,,,,,1200021728220,,,,,Unfound
,,,,,,,4213511307,,,,14274,Unfound
,,,,,,,1100001371719,,,,,Unfound
,,,,,,,1591036259700,,,,,Unfound
,,,,,,,4160177902,,,,54767,Unfound
,,,,,,,2000023535870,,,,,Unfound
,,,,,,,1800023462694,,,,,Unfound
,,,,,,,1012920157542,,,,,Unfound
,,,,,,,1610001687210,,,,,Unfound
,,,,,,,1200060138326,,,,,Unfound
,,,,,,,1800025210710,,,,,Unfound
,,,,,,,1012497994615,,,,,Unfound
,,,,,,,1425622200000,,,,,Unfound
,,,,,,,1800014438082,,,,,Unfound
,,,,,,,1012925556799,,,,,Unfound
,,,,,,,1610004084419,,,,,Unfound
,,,,,,,1800025730197,,,,,Unfound
,,,,,,,2199997190440,,,,,Unfound
,,,,,,,1200021998657,,,,,Unfound
,,,,,,,1300001397926,,,,,Unfound
,,,,,,,1900000101193,,,,,Unfound
,,,,,,,57132701,,,,127596,Unfound
,,,,,,,1851750403,,,,1851750403,Unfound
,,,,,,,2969149804,,,,2969149804,Unfound
,,,,,,,1800031173665,,,,,Unfound
,,,,,,,2200019490890,,,,,Unfound
,,,,,,,1610000989094,,,,,Unfound
,,,,,,,9995805,,,,9995805,Unfound
,,,,,,,19187106,,,,19187106,Unfound
,,,,,,,1023526072796,,,,,Unfound
,,,,,,,2351594675918,,,,,Unfound
,,,,,,,1610003994399,,,,,Unfound
,,,,,,,1591010345085,,,,,Unfound
,,,,,,,1900031215993,,,,,Unfound
,,,,,,,1300007995990,,,,,Unfound
,,,,,,,1200023883638,,,,,Unfound
,,,,,,,1651721505,,,,1651721505,Unfound
,,,,,,,1300035398097,,,,,Unfound
,,,,,,,1716083265003,,,,,Unfound
,,,,,,,1900009276510,,,,,Unfound
,,,,,,,1200041322264,,,,,Unfound
,,,,,,,3983619603,,,,3983619603,Unfound
,,,,,,,2600000178549,,,,,Unfound
,,,,,,,2000002605281,,,,,Unfound
,,,,,,,1411169761004,,,,,Unfound
,,,,,,,1610027200863,,,,,Unfound
,,,,,,,2199999737340,,,,,Unfound
,,,,,,,8937580408,,,,8937580408,Unfound
,,,,,,,2313806021915,,,,,Unfound
,,,,,,,3917900807,,,,47537,Unfound
,,,,,,,1610002489387,,,,,Unfound
,,,,,,,1100000039167,,,,,Unfound
,,,,,,,1300035617672,,,,,Unfound
,,,,,,,1610011267953,,,,,Unfound
,,,,,,,2354321858215,,,,,Unfound
,,,,,,,76018710,,,,143512,Unfound
,,,,,,,1900035000900,,,,,Unfound
,,,,,,,1160000572554,,,,,Unfound
,,,,,,,1200010012798,,,,,Unfound
,,,,,,,1610031459295,,,,,Unfound
,,,,,,,1300003892020,,,,,Unfound
,,,,,,,1800016445834,,,,,Unfound
,,,,,,,1591000038838,,,,,Unfound
,,,,,,,8825480403,,,,8825480403,Unfound
,,,,,,,1100770383509,,,,,Unfound
,,,,,,,2353470559413,,,,,Unfound
,,,,,,,1012756968630,,,,,Unfound
,,,,,,,1610005294493,,,,,Unfound
,,,,,,,1800033115692,,,,,Unfound
,,,,,,,2000020524086,,,,,Unfound
,,,,,,,1460002222044,,,,,Unfound
,,,,,,,1504153202,,,,1504153202,Unfound
,,,,,,,2200020484520,,,,,Unfound
,,,,,,,1012653775450,,,,,Unfound
,,,,,,,71016209,,,,71016209,Unfound
,,,,,,,1591110804731,,,,,Unfound
,,,,,,,1200000912490,,,,,Unfound
,,,,,,,1300034412963,,,,,Unfound
,,,,,,,1200040721186,,,,,Unfound
,,,,,,,2356530634514,,,,,Unfound
,,,,,,,1200037051900,,,,,Unfound
,,,,,,,1716735891200,,,,,Unfound
,,,,,,,45113400,,,,133361,Unfound
,,,,,,,1610004488065,,,,,Unfound
,,,,,,,1800022975277,,,,,Unfound
,,,,,,,2376550009016,,,,,Unfound
,,,,,,,45186506,,,,45186506,Unfound
,,,,,,,2340181723517,,,,,Unfound
,,,,,,,1200039646050,,,,,Unfound
,,,,,,,8932807104,,,,21456,Unfound
,,,,,,,1591027065341,,,,,Unfound
,,,,,,,1900017310005,,,,,Unfound
,,,,,,,1014569542003,,,,,Unfound
,,,,,,,1800021012710,,,,,Unfound
,,,,,,,9190850801,,,,9190850801,Unfound
,,,,,,,2336566529016,,,,,Unfound
,,,,,,,2000022249144,,,,,Unfound
,,,,,,,1012746307446,,,,,Unfound
,,,,,,,2000025461030,,,,,Unfound
,,,,,,,2000016545873,,,,,Unfound
,,,,,,,2200040982078,,,,,Unfound
,,,,,,,2000022936530,,,,,Unfound
,,,,,,,2000013973233,,,,,Unfound
,,,,,,,1507812850030,,,,,Unfound
,,,,,,,2332021162827,,,,,Unfound
,,,,,,,1200032957269,,,,,Unfound
,,,,,,,1014568613000,,,,,Unfound
,,,,,,,1100001314543,,,,,Unfound
,,,,,,,1716544725001,,,,,Unfound
,,,,,,,79893110,,,,79893110,Unfound
,,,,,,,1610023236449,,,,,Unfound
,,,,,,,8814006206,,,,8814006206,Unfound
,,,,,,,1100000246450,,,,,Unfound
,,,,,,,1200032136347,,,,,Unfound
,,,,,,,1300001923234,,,,,Unfound
,,,,,,,1200038202846,,,,,Unfound
,,,,,,,1200041508866,,,,,Unfound
,,,,,,,1200039086890,,,,,Unfound
,,,,,,,2000055531318,,,,,Unfound
,,,,,,,2200014760792,,,,,Unfound
,,,,,,,1900005000300,,,,,Unfound
,,,,,,,2427103305,,,,2427103305,Unfound
,,,,,,,1300001949000,,,,,Unfound
,,,,,,,926932404,,,,926932404,Unfound
,,,,,,,2200021466744,,,,,Unfound
,,,,,,,1418688530007,,,,,Unfound
,,,,,,,1900025346780,,,,,Unfound
,,,,,,,1100005239527,,,,,Unfound
,,,,,,,9191366206,,,,102734,Unfound
,,,,,,,2200030000048,,,,,Unfound
,,,,,,,1800018172575,,,,,Unfound
,,,,,,,2000027615891,,,,,Unfound
,,,,,,,1800033653370,,,,,Unfound
,,,,,,,2360510278215,,,,,Unfound
,,,,,,,1200038273810,,,,,Unfound
,,,,,,,1610018618248,,,,,Unfound
,,,,,,,601674203,,,,601674203,Unfound
,,,,,,,1610009286130,,,,,Unfound
,,,,,,,1418309210008,,,,,Unfound
,,,,,,,1620000311398,,,,,Unfound
,,,,,,,1610014644670,,,,,Unfound
,,,,,,,1200039602080,,,,,Unfound
,,,,,,,1713500411508,,,,,Unfound
,,,,,,,1591021095146,,,,,Unfound
,,,,,,,1012353130037,,,,,Unfound
,,,,,,,70371101,,,,70371101,Unfound
,,,,,,,1591056217546,,,,,Unfound
,,,,,,,2200020753594,,,,,Unfound
,,,,,,,2000026744912,,,,,Unfound
,,,,,,,1411655890008,,,,,Unfound
,,,,,,,1023542814030,,,,,Unfound
,,,,,,,1900009074254,,,,,Unfound
,,,,,,,2524629201,,,,2524629201,Unfound
,,,,,,,1200021332444,,,,,Unfound
,,,,,,,1200033518975,,,,,Unfound
,,,,,,,1023471980249,,,,,Unfound
,,,,,,,2000002299976,,,,,Unfound
,,,,,,,1900048337222,,,,,Unfound
,,,,,,,1900070410834,,,,,Unfound
,,,,,,,1300003286695,,,,,Unfound
,,,,,,,1012673650212,,,,,Unfound
,,,,,,,1014569092400,,,,,Unfound
,,,,,,,2000021676880,,,,,Unfound
,,,,,,,1100022775750,,,,,Unfound
,,,,,,,1012547847343,,,,,Unfound
,,,,,,,4153674308,,,,4153674308,Unfound
,,,,,,,1200024755662,,,,,Unfound
,,,,,,,1200032133355,,,,,Unfound
,,,,,,,1610023505547,,,,,Unfound
,,,,,,,1100005953075,,,,,Unfound
,,,,,,,1200020321130,,,,,Unfound
,,,,,,,2342517467310,,,,,Unfound
,,,,,,,2200014199782,,,,,Unfound
,,,,,,,2350893962016,,,,,Unfound
,,,,,,,68101308,,,,68101308,Unfound
,,,,,,,1900061075245,,,,,Unfound
,,,,,,,1700052400259,,,,,Unfound
,,,,,,,1900090530725,,,,,Unfound
,,,,,,,4244117001,,,,4244117001,Unfound
,,,,,,,1416250400001,,,,,Unfound
,,,,,,,2199996045291,,,,,Unfound
,,,,,,,4216033200,,,,41682,Unfound
,,,,,,,2314155225016,,,,,Unfound
,,,,,,,2363710939314,,,,,Unfound
,,,,,,,1900000000039,,,,,Unfound
,,,,,,,1100770896332,,,,,Unfound
,,,,,,,2000027451949,,,,,Unfound
,,,,,,,1012380082358,,,,,Unfound
,,,,,,,2000001850072,,,,,Unfound
,,,,,,,4250928507,,,,4250928507,Unfound
,,,,,,,1640000062331,,,,,Unfound
,,,,,,,2000011055449,,,,,Unfound
,,,,,,,1100020716762,,,,,Unfound
,,,,,,,2000007190243,,,,,Unfound
,,,,,,,1014571529025,,,,,Unfound
,,,,,,,1013077240416,,,,,Unfound
,,,,,,,1100022657259,,,,,Unfound
,,,,,,,2200024042262,,,,,Unfound
,,,,,,,2200041244681,,,,,Unfound
,,,,,,,1900070035851,,,,,Unfound
,,,,,,,1610013734180,,,,,Unfound
,,,,,,,1200035751912,,,,,Unfound
,,,,,,,3357139907,,,,3357139907,Unfound
,,,,,,,1100006107440,,,,,Unfound
,,,,,,,1200032017950,,,,,Unfound
,,,,,,,1610004323381,,,,,Unfound
,,,,,,,2361521858012,,,,,Unfound
,,,,,,,1610031928094,,,,,Unfound
,,,,,,,1100011520281,,,,,Unfound
,,,,,,,1800026510320,,,,,Unfound
,,,,,,,1100012757824,,,,,Unfound
,,,,,,,1800015407387,,,,,Unfound
,,,,,,,1100002518300,,,,,Unfound
,,,,,,,2199995281929,,,,,Unfound
,,,,,,,2380001452316,,,,,Unfound
,,,,,,,2200011913551,,,,,Unfound
,,,,,,,2200017240486,,,,,Unfound
,,,,,,,1900013194268,,,,,Unfound
,,,,,,,1800015723643,,,,,Unfound
,,,,,,,2200020114579,,,,,Unfound
,,,,,,,1200001000128,,,,,Unfound
,,,,,,,8814021404,,,,141137,Unfound
,,,,,,,1300011964585,,,,,Unfound
,,,,,,,1610029062265,,,,,Unfound
,,,,,,,4021990608,,,,32276,Unfound
,,,,,,,1100003871216,,,,,Unfound
,,,,,,,2975338108,,,,5140,Unfound
,,,,,,,1800035287979,,,,,Unfound
,,,,,,,18248409,,,,25958,Unfound
,,,,,,,1200021534816,,,,,Unfound
,,,,,,,1800019520253,,,,,Unfound
,,,,,,,2333108935911,,,,,Unfound
,,,,,,,1100003438677,,,,,Unfound
,,,,,,,1900013128103,,,,,Unfound
,,,,,,,1591044237056,,,,,Unfound
,,,,,,,1900028178899,,,,,Unfound
,,,,,,,1200036650036,,,,,Unfound
,,,,,,,1800025176193,,,,,Unfound
,,,,,,,1200030667656,,,,,Unfound
,,,,,,,1012826103412,,,,,Unfound
,,,,,,,2373551290516,,,,,Unfound
,,,,,,,1100004237398,,,,,Unfound
,,,,,,,1610028055300,,,,,Unfound
,,,,,,,1100770900714,,,,,Unfound
,,,,,,,1900034188906,,,,,Unfound
,,,,,,,1900028108020,,,,,Unfound
,,,,,,,45824804,,,,45824804,Unfound
,,,,,,,1100003095252,,,,,Unfound
,,,,,,,1900047370229,,,,,Unfound
,,,,,,,1640000317834,,,,,Unfound
,,,,,,,1200026872870,,,,,Unfound
,,,,,,,1591024002912,,,,,Unfound
,,,,,,,1200023124976,,,,,Unfound
,,,,,,,1900031288885,,,,,Unfound
,,,,,,,1591023281529,,,,,Unfound
,,,,,,,1170000427905,,,,,Unfound
,,,,,,,1100003220589,,,,,Unfound
,,,,,,,1200021736904,,,,,Unfound
,,,,,,,2334551860710,,,,,Unfound
,,,,,,,1900021210083,,,,,Unfound
,,,,,,,1100002461693,,,,,Unfound
,,,,,,,1200010039888,,,,,Unfound
,,,,,,,2000052275173,,,,,Unfound
,,,,,,,8859500,,,,8859500,Unfound
,,,,,,,1591023312113,,,,,Unfound
,,,,,,,2000014989439,,,,,Unfound
,,,,,,,1507930180057,,,,,Unfound
,,,,,,,2000018072167,,,,,Unfound
,,,,,,,2000024842636,,,,,Unfound
,,,,,,,2199994801586,,,,,Unfound
,,,,,,,1469285409,,,,1469285409,Unfound
,,,,,,,1012897011720,,,,,Unfound
,,,,,,,1591049702820,,,,,Unfound
,,,,,,,2325923941010,,,,,Unfound
,,,,,,,1610029986459,,,,,Unfound
,,,,,,,1200029690753,,,,,Unfound
,,,,,,,1200031416784,,,,,Unfound
,,,,,,,2000019245404,,,,,Unfound
,,,,,,,60139102,,,,43179,Unfound
,,,,,,,1200029814081,,,,,Unfound
,,,,,,,2355572854113,,,,,Unfound
,,,,,,,1800020292150,,,,,Unfound
,,,,,,,2200030041555,,,,,Unfound
,,,,,,,2199991327367,,,,,Unfound
,,,,,,,1300010931630,,,,,Unfound
,,,,,,,1418129650000,,,,,Unfound
,,,,,,,2200023938796,,,,,Unfound
,,,,,,,2000011052926,,,,,Unfound
,,,,,,,1610003265180,,,,,Unfound
,,,,,,,8846914405,,,,205637,Unfound
,,,,,,,2200021415207,,,,,Unfound
,,,,,,,1013032964269,,,,,Unfound
,,,,,,,2333231919015,,,,,Unfound
,,,,,,,3006298803,,,,12282,Unfound
,,,,,,,1417642102008,,,,,Unfound
,,,,,,,1411863060009,,,,,Unfound
,,,,,,,2380001871244,,,,,Unfound
,,,,,,,1900030271941,,,,,Unfound
,,,,,,,1800054188153,,,,,Unfound
,,,,,,,2000019280073,,,,,Unfound
,,,,,,,1012543318870,,,,,Unfound
,,,,,,,9116154807,,,,1,Unfound
,,,,,,,1012749038466,,,,,Unfound
,,,,,,,1900070814880,,,,,Unfound
,,,,,,,1100022990120,,,,,Unfound
,,,,,,,2000024574285,,,,,Unfound
,,,,,,,1900020002502,,,,,Unfound
,,,,,,,1800019808111,,,,,Unfound
,,,,,,,4251870900,,,,4251870900,Unfound
,,,,,,,1900013256393,,,,,Unfound
,,,,,,,2451875504,,,,64410,Unfound
,,,,,,,2353473421912,,,,,Unfound
,,,,,,,58721209,,,,333,Unfound
,,,,,,,2000054770080,,,,,Unfound
,,,,,,,1012737509486,,,,,Unfound
,,,,,,,1200010171967,,,,,Unfound
,,,,,,,2199996392662,,,,,Unfound
,,,,,,,1100051130655,,,,,Unfound
,,,,,,,8901243307,,,,26052,Unfound
,,,,,,,1591056194447,,,,,Unfound
,,,,,,,1591049056539,,,,,Unfound
,,,,,,,2000000000199,,,,,Unfound
,,,,,,,2200010657586,,,,,Unfound
,,,,,,,1200020021150,,,,,Unfound
,,,,,,,1900014320376,,,,,Unfound
,,,,,,,1900037366883,,,,,Unfound
,,,,,,,2000000050169,,,,,Unfound
,,,,,,,1100003896841,,,,,Unfound
,,,,,,,1800022742302,,,,,Unfound
,,,,,,,1900043041554,,,,,Unfound
,,,,,,,1900049077529,,,,,Unfound
,,,,,,,1610029458840,,,,,Unfound
,,,,,,,8789909,,,,56000,Unfound
,,,,,,,2353393460511,,,,,Unfound
,,,,,,,1300007302161,,,,,Unfound
,,,,,,,2000013397973,,,,,Unfound
,,,,,,,1610005303980,,,,,Unfound
,,,,,,,2312794602917,,,,,Unfound
,,,,,,,1591057874775,,,,,Unfound
,,,,,,,1012586849827,,,,,Unfound
,,,,,,,2000015686420,,,,,Unfound
,,,,,,,1200037063678,,,,,Unfound
,,,,,,,2432197501,,,,2432197501,Unfound
,,,,,,,51792410,,,,16924,Unfound
,,,,,,,1100001456967,,,,,Unfound
,,,,,,,2000002859261,,,,,Unfound
,,,,,,,1610003734839,,,,,Unfound
,,,,,,,1200030505306,,,,,Unfound
,,,,,,,2365560451211,,,,,Unfound
,,,,,,,2000024662755,,,,,Unfound
,,,,,,,1411450303008,,,,,Unfound
,,,,,,,1200035632746,,,,,Unfound
,,,,,,,3387612308,,,,83622,Unfound
,,,,,,,1100020081010,,,,,Unfound
,,,,,,,1100018606730,,,,,Unfound
,,,,,,,2341908178015,,,,,Unfound
,,,,,,,4193797910,,,,4193797910,Unfound
,,,,,,,1591056911121,,,,,Unfound
,,,,,,,1610005847394,,,,,Unfound
,,,,,,,1300010674547,,,,,Unfound
,,,,,,,1417600321002,,,,,Unfound
,,,,,,,1580000350113,,,,,Unfound
,,,,,,,2000012174945,,,,,Unfound
,,,,,,,1200029367913,,,,,Unfound
,,,,,,,2000024822408,,,,,Unfound
,,,,,,,1200022726632,,,,,Unfound
,,,,,,,9155252804,,,,9155252804,Unfound
,,,,,,,77491102,,,,77491102,Unfound
,,,,,,,1012856164417,,,,,Unfound
,,,,,,,1200042490624,,,,,Unfound
,,,,,,,1300007708201,,,,,Unfound
,,,,,,,1610012458312,,,,,Unfound
,,,,,,,1100003787432,,,,,Unfound
,,,,,,,1592001129217,,,,,Unfound
,,,,,,,45798605,,,,45798605,Unfound
,,,,,,,2313702451819,,,,,Unfound
,,,,,,,2356532642010,,,,,Unfound
,,,,,,,1610000328873,,,,,Unfound
,,,,,,,2199995657504,,,,,Unfound
,,,,,,,2000008996460,,,,,Unfound
,,,,,,,1712022000800,,,,,Unfound
,,,,,,,65731102,,,,25707,Unfound
,,,,,,,2514831302,,,,217019,Unfound
,,,,,,,9180609801,,,,821593,Unfound
,,,,,,,1610000050364,,,,,Unfound
,,,,,,,1580001311001,,,,,Unfound
,,,,,,,2355970115713,,,,,Unfound
,,,,,,,1100004698572,,,,,Unfound
,,,,,,,1610004047746,,,,,Unfound
,,,,,,,51760307,,,,51760307,Unfound
,,,,,,,1200026985021,,,,,Unfound
,,,,,,,11917705,,,,11917705,Unfound
,,,,,,,1023498239576,,,,,Unfound
,,,,,,,1100004051362,,,,,Unfound
,,,,,,,2000007215224,,,,,Unfound
,,,,,,,2320314431918,,,,,Unfound
,,,,,,,1600194910,,,,13443,Unfound
,,,,,,,1600000009322,,,,,Unfound
,,,,,,,61968304,,,,61968304,Unfound
,,,,,,,8815033607,,,,8815033607,Unfound
,,,,,,,1100009759820,,,,,Unfound
,,,,,,,1591044054208,,,,,Unfound
,,,,,,,2000050056803,,,,,Unfound
,,,,,,,2198765171292,,,,,Unfound
,,,,,,,2768649704,,,,2768649704,Unfound
,,,,,,,2000001788628,,,,,Unfound
,,,,,,,1900070760300,,,,,Unfound
,,,,,,,15092209,,,,28303,Unfound
,,,,,,,63516301,,,,63516301,Unfound
,,,,,,,1200040972192,,,,,Unfound
,,,,,,,2200016069287,,,,,Unfound
,,,,,,,1610013241840,,,,,Unfound
,,,,,,,1908258310,,,,1908258310,Unfound
,,,,,,,2334301366918,,,,,Unfound
,,,,,,,49793705,,,,129369,Unfound
,,,,,,,9213059109,,,,9213059109,Unfound
,,,,,,,20087702,,,,20087702,Unfound
,,,,,,,1591041957160,,,,,Unfound
,,,,,,,1411181850006,,,,,Unfound
,,,,,,,2313711251510,,,,,Unfound
,,,,,,,2199991763306,,,,,Unfound
,,,,,,,1591057547017,,,,,Unfound
,,,,,,,4009521702,,,,35397,Unfound
,,,,,,,1800036603497,,,,,Unfound
,,,,,,,9193113602,,,,80169,Unfound
,,,,,,,1900001293195,,,,,Unfound
,,,,,,,1800025059493,,,,,Unfound
,,,,,,,1800022308370,,,,,Unfound
,,,,,,,1900007033256,,,,,Unfound
,,,,,,,1900019000393,,,,,Unfound
,,,,,,,1900026327886,,,,,Unfound
,,,,,,,8848065306,,,,329261,Unfound
,,,,,,,15683300,,,,15683300,Unfound
,,,,,,,48989908,,,,227455,Unfound
,,,,,,,3289396309,,,,43701,Unfound
,,,,,,,53104709,,,,53104709,Unfound
,,,,,,,1547810802,,,,19432,Unfound
,,,,,,,2000000483531,,,,,Unfound
,,,,,,,1200024768129,,,,,Unfound
,,,,,,,1630000035766,,,,,Unfound
,,,,,,,8847107403,,,,256815,Unfound
,,,,,,,1200060918065,,,,,Unfound
,,,,,,,75649707,,,,75649707,Unfound
,,,,,,,1591002704457,,,,,Unfound
,,,,,,,1900002245677,,,,,Unfound
,,,,,,,1030027338725,,,,,Unfound
,,,,,,,2376503587017,,,,,Unfound
,,,,,,,1800025280354,,,,,Unfound
,,,,,,,2000011019724,,,,,Unfound
,,,,,,,1800024770677,,,,,Unfound
,,,,,,,1800024094497,,,,,Unfound
,,,,,,,52423810,,,,165802,Unfound
,,,,,,,2200030022739,,,,,Unfound
,,,,,,,77342208,,,,77342208,Unfound
,,,,,,,2200030098612,,,,,Unfound
,,,,,,,60867405,,,,60867405,Unfound
,,,,,,,1200029073165,,,,,Unfound
,,,,,,,2000053548277,,,,,Unfound
,,,,,,,1460001386647,,,,,Unfound
,,,,,,,1411893831000,,,,,Unfound
,,,,,,,1200042528998,,,,,Unfound
,,,,,,,67826909,,,,70092,Unfound
,,,,,,,1100000000000,,,,,Unfound
,,,,,,,1012945008120,,,,,Unfound
,,,,,,,55801506,,,,55801506,Unfound
,,,,,,,1300010000000,,,,,Unfound
,,,,,,,4242838005,,,,4242838005,Unfound
,,,,,,,8846778805,,,,8846778805,Unfound
,,,,,,,1013054410151,,,,,Unfound
,,,,,,,1042120704,,,,97893,Unfound
,,,,,,,74575800,,,,74575800,Unfound
,,,,,,,2000020116967,,,,,Unfound
,,,,,,,52504406,,,,283475,Unfound
,,,,,,,1200033548534,,,,,Unfound
,,,,,,,1610019859595,,,,,Unfound
,,,,,,,1012919176591,,,,,Unfound
,,,,,,,2000023213593,,,,,Unfound
,,,,,,,1591016106910,,,,,Unfound
,,,,,,,9205149103,,,,9205149103,Unfound
,,,,,,,51663107,,,,51663107,Unfound
,,,,,,,628469800,,,,18838,Unfound
,,,,,,,1012573402187,,,,,Unfound
,,,,,,,2199992373090,,,,,Unfound
,,,,,,,1610031086726,,,,,Unfound
,,,,,,,2000002217757,,,,,Unfound
,,,,,,,18886700,,,,18886700,Unfound
,,,,,,,82309303,,,,1,Unfound
,,,,,,,48700408,,,,,Unfound
,,,,,,,1580000933161,,,,,Unfound
,,,,,,,80236303,,,,91313,Unfound
,,,,,,,1591040235037,,,,,Unfound
,,,,,,,2199999134712,,,,,Unfound
,,,,,,,2000005107563,,,,,Unfound
,,,,,,,11404204,,,,11404204,Unfound
,,,,,,,73438100,,,,140528,Unfound
,,,,,,,13533809,,,,312185,Unfound
,,,,,,,3213231910,,,,1,Unfound
,,,,,,,8928267605,,,,8928267605,Unfound
,,,,,,,1012680000000,,,,,Unfound
,,,,,,,1610020596773,,,,,Unfound
,,,,,,,77401108,,,,124849,Unfound
,,,,,,,3950322501,,,,3950322501,Unfound
,,,,,,,8823238700,,,,50567,Unfound
,,,,,,,8825547106,,,,153503,Unfound
,,,,,,,2000027420931,,,,,Unfound
,,,,,,,2199994163904,,,,,Unfound
,,,,,,,1800016212376,,,,,Unfound
,,,,,,,1100003425171,,,,,Unfound
,,,,,,,2335900922912,,,,,Unfound
,,,,,,,927746300,,,,25739,Unfound
,,,,,,,9116076903,,,,61582,Unfound
,,,,,,,1100039230000,,,,,Unfound
,,,,,,,1100000246097,,,,,Unfound
,,,,,,,1411944290008,,,,,Unfound
,,,,,,,2199994681231,,,,,Unfound
,,,,,,,1610005294420,,,,,Unfound
,,,,,,,14083001,,,,14083001,Unfound
,,,,,,,1200030000096,,,,,Unfound
,,,,,,,57400801,,,,57400801,Unfound
,,,,,,,15913706,,,,27910,Unfound
,,,,,,,1610031215746,,,,,Unfound
,,,,,,,2373854750514,,,,,Unfound
,,,,,,,1900041005020,,,,,Unfound
,,,,,,,1900023074555,,,,,Unfound
,,,,,,,1200027339180,,,,,Unfound
,,,,,,,79299300,,,,141031,Unfound
,,,,,,,74706003,,,,132442,Unfound
,,,,,,,2000052035902,,,,,Unfound
,,,,,,,2356550033215,,,,,Unfound
,,,,,,,1713658222603,,,,,Unfound
,,,,,,,9117831806,,,,9117831806,Unfound
,,,,,,,1200037880683,,,,,Unfound
,,,,,,,1640000318572,,,,,Unfound
,,,,,,,1100000996989,,,,,Unfound
,,,,,,,8933019903,,,,8933019903,Unfound
,,,,,,,1014569544584,,,,,Unfound
,,,,,,,3383419608,,,,3383419608,Unfound
,,,,,,,8905918110,,,,459857,Unfound
,,,,,,,1591000416004,,,,,Unfound
,,,,,,,8817167403,,,,1,Unfound
,,,,,,,8914187401,,,,101367,Unfound
,,,,,,,50529401,,,,607981,Unfound
,,,,,,,45041603,,,,45041603,Unfound
,,,,,,,1591024002903,,,,,Unfound
,,,,,,,1800026587466,,,,,Unfound
,,,,,,,1200035308994,,,,,Unfound
,,,,,,,3208514201,,,,3208514201,Unfound
,,,,,,,1503333338798,,,,,Unfound
,,,,,,,1023544923594,,,,,Unfound
,,,,,,,1012353337499,,,,,Unfound
,,,,,,,2200019611241,,,,,Unfound
,,,,,,,9347572201,,,,135689,Unfound
,,,,,,,1591159059843,,,,,Unfound
,,,,,,,1592001143000,,,,,Unfound
,,,,,,,1012853996203,,,,,Unfound
,,,,,,,9150978208,,,,6576,Unfound
,,,,,,,1591043171421,,,,,Unfound
,,,,,,,1591042363672,,,,,Unfound
,,,,,,,1900038424853,,,,,Unfound
,,,,,,,2000019892420,,,,,Unfound
,,,,,,,1410561412000,,,,,Unfound
,,,,,,,1100039642743,,,,,Unfound
,,,,,,,2200012507590,,,,,Unfound
,,,,,,,2313602161910,,,,,Unfound
,,,,,,,1591016105518,,,,,Unfound
,,,,,,,1100039367934,,,,,Unfound
,,,,,,,201675502,,,,14200,Unfound
,,,,,,,1610014003365,,,,,Unfound
,,,,,,,1900039137473,,,,,Unfound
,,,,,,,8860450101,,,,8860450101,Unfound
,,,,,,,2000050977049,,,,,Unfound
,,,,,,,1591019906213,,,,,Unfound
,,,,,,,2350892217523,,,,,Unfound
,,,,,,,63838009,,,,63838009,Unfound
,,,,,,,1600000100911,,,,,Unfound
,,,,,,,2000027399410,,,,,Unfound
,,,,,,,3412381007,,,,40165,Unfound
,,,,,,,2000023719277,,,,,Unfound
,,,,,,,60740100,,,,1,Unfound
,,,,,,,2199992017723,,,,,Unfound
,,,,,,,8813016406,,,,8813016406,Unfound
,,,,,,,19076209,,,,19076209,Unfound
,,,,,,,1300000973527,,,,,Unfound
,,,,,,,2000013820555,,,,,Unfound
,,,,,,,1610027924520,,,,,Unfound
,,,,,,,68123206,,,,179570,Unfound
,,,,,,,1100050594592,,,,,Unfound
,,,,,,,1900044093001,,,,,Unfound
,,,,,,,2000017551725,,,,,Unfound
,,,,,,,1800035288699,,,,,Unfound
,,,,,,,58985603,,,,58135,Unfound
,,,,,,,1300035383329,,,,,Unfound
,,,,,,,1800017713016,,,,,Unfound
,,,,,,,53371710,,,,75912,Unfound
,,,,,,,8822983504,,,,8822983504,Unfound
,,,,,,,1414519760001,,,,,Unfound
,,,,,,,8813964005,,,,8813964005,Unfound
,,,,,,,80554508,,,,80554508,Unfound
,,,,,,,58272902,,,,23235,Unfound
,,,,,,,1591013743200,,,,,Unfound
,,,,,,,2000027288440,,,,,Unfound
,,,,,,,1800035170551,,,,,Unfound
,,,,,,,2199998914210,,,,,Unfound
,,,,,,,2350091039212,,,,,Unfound
,,,,,,,2159634007,,,,2159634007,Unfound
,,,,,,,1200010044327,,,,,Unfound
,,,,,,,1460001277822,,,,,Unfound
,,,,,,,1591029999600,,,,,Unfound
,,,,,,,2000053828916,,,,,Unfound
,,,,,,,1100015316755,,,,,Unfound
,,,,,,,74709907,,,,35494,Unfound
,,,,,,,1800016206104,,,,,Unfound
,,,,,,,1591123722691,,,,,Unfound
,,,,,,,7002006,,,,7002006,Unfound
,,,,,,,2000007323807,,,,,Unfound
,,,,,,,52657510,,,,154041,Unfound
,,,,,,,2340142530416,,,,,Unfound
,,,,,,,2710439408,,,,2710439408,Unfound
,,,,,,,1600000015600,,,,,Unfound
,,,,,,,1610004890413,,,,,Unfound
,,,,,,,8817155508,,,,8817155508,Unfound
,,,,,,,1610031667563,,,,,Unfound
,,,,,,,1200038269655,,,,,Unfound
,,,,,,,2000027535048,,,,,Unfound
,,,,,,,69340601,,,,69340601,Unfound
,,,,,,,1900017015529,,,,,Unfound
,,,,,,,1712849712405,,,,,Unfound
,,,,,,,1200010134440,,,,,Unfound
,,,,,,,2440082805,,,,88005,Unfound
,,,,,,,1160000572590,,,,,Unfound
,,,,,,,2000000142838,,,,,Unfound
,,,,,,,1610031979248,,,,,Unfound
,,,,,,,1800016533862,,,,,Unfound
,,,,,,,13656601,,,,68,Unfound
,,,,,,,1610019637126,,,,,Unfound
,,,,,,,2000055054100,,,,,Unfound
,,,,,,,62166407,,,,62166407,Unfound
,,,,,,,1900031097042,,,,,Unfound
,,,,,,,1100002559370,,,,,Unfound
,,,,,,,1200026451874,,,,,Unfound
,,,,,,,1900021144500,,,,,Unfound
,,,,,,,1800025199544,,,,,Unfound
,,,,,,,8909349903,,,,8909349903,Unfound
,,,,,,,618179403,,,,618179403,Unfound
,,,,,,,1200033625152,,,,,Unfound
,,,,,,,64529910,,,,52000,Unfound
,,,,,,,1100014660840,,,,,Unfound
,,,,,,,2300000405528,,,,,Unfound
,,,,,,,1900019098847,,,,,Unfound
,,,,,,,2000024455773,,,,,Unfound
,,,,,,,63222205,,,,63222205,Unfound
,,,,,,,1100021515758,,,,,Unfound
,,,,,,,9209645304,,,,9209645304,Unfound
,,,,,,,2199999867980,,,,,Unfound
,,,,,,,1200038157120,,,,,Unfound
,,,,,,,2709613404,,,,31493,Unfound
,,,,,,,3949430207,,,,56881,Unfound
,,,,,,,1200052330157,,,,,Unfound
,,,,,,,3930732306,,,,3930732306,Unfound
,,,,,,,66115702,,,,66115702,Unfound
,,,,,,,78080108,,,,80399,Unfound
,,,,,,,1900070000877,,,,,Unfound
,,,,,,,1419043741000,,,,,Unfound
,,,,,,,2493269205,,,,2493269205,Unfound
,,,,,,,1200033625143,,,,,Unfound
,,,,,,,1896901201,,,,74208,Unfound
,,,,,,,1610001350062,,,,,Unfound
,,,,,,,2000010199840,,,,,Unfound
,,,,,,,1900044061738,,,,,Unfound
,,,,,,,1610019510670,,,,,Unfound
,,,,,,,5014781605,,,,5014781605,Unfound
,,,,,,,1610012112337,,,,,Unfound
,,,,,,,1100770000000,,,,,Unfound
,,,,,,,1591054318819,,,,,Unfound
,,,,,,,2100040226739,,,,,Unfound
,,,,,,,1800023594832,,,,,Unfound
,,,,,,,67752805,,,,253680,Unfound
,,,,,,,2000027435023,,,,,Unfound
,,,,,,,2432057406,,,,103536,Unfound
,,,,,,,2000003630300,,,,,Unfound
,,,,,,,2000026509516,,,,,Unfound
,,,,,,,2200030100929,,,,,Unfound
,,,,,,,57506907,,,,57506907,Unfound
,,,,,,,3359470609,,,,49039,Unfound
,,,,,,,1200029402504,,,,,Unfound
,,,,,,,13533708,,,,13533708,Unfound
,,,,,,,1800035163299,,,,,Unfound
,,,,,,,1200022478836,,,,,Unfound
,,,,,,,55828201,,,,55828201,Unfound
,,,,,,,2380000967137,,,,,Unfound
,,,,,,,84607602,,,,27636,Unfound
,,,,,,,2000008608223,,,,,Unfound
,,,,,,,1100015028663,,,,,Unfound
,,,,,,,1100000730841,,,,,Unfound
,,,,,,,1419787622009,,,,,Unfound
,,,,,,,1200026839394,,,,,Unfound
,,,,,,,16548400,,,,16548400,Unfound
,,,,,,,1620000727738,,,,,Unfound
,,,,,,,2200016081034,,,,,Unfound
,,,,,,,2000009751397,,,,,Unfound
,,,,,,,14514900,,,,14514900,Unfound
,,,,,,,2200023204366,,,,,Unfound
,,,,,,,1100008527782,,,,,Unfound
,,,,,,,1100023951888,,,,,Unfound
,,,,,,,67226110,,,,86703,Unfound
,,,,,,,2000016916042,,,,,Unfound
,,,,,,,1200026962308,,,,,Unfound
,,,,,,,2334970788715,,,,,Unfound
,,,,,,,1100003809272,,,,,Unfound
,,,,,,,3051427400,,,,3051427400,Unfound
,,,,,,,1100003612193,,,,,Unfound
,,,,,,,1200050969968,,,,,Unfound
,,,,,,,1418991380002,,,,,Unfound
,,,,,,,14534502,,,,139953,Unfound
,,,,,,,1610011933220,,,,,Unfound
,,,,,,,8897566500,,,,56179,Unfound
,,,,,,,2000006225773,,,,,Unfound
,,,,,,,920841909,,,,920841909,Unfound
,,,,,,,1900023168070,,,,,Unfound
,,,,,,,1900024004043,,,,,Unfound
,,,,,,,84406008,,,,84406008,Unfound
,,,,,,,1610013636828,,,,,Unfound
,,,,,,,1200020295571,,,,,Unfound
,,,,,,,1200026587900,,,,,Unfound
,,,,,,,1012576478899,,,,,Unfound
,,,,,,,1300007172477,,,,,Unfound
,,,,,,,1800027433970,,,,,Unfound
,,,,,,,1100018102520,,,,,Unfound
,,,,,,,2200040470638,,,,,Unfound
,,,,,,,2350991188416,,,,,Unfound
,,,,,,,4249753807,,,,4249753807,Unfound
,,,,,,,2354323688111,,,,,Unfound
,,,,,,,1012936176584,,,,,Unfound
,,,,,,,1023545865214,,,,,Unfound
,,,,,,,2333190890710,,,,,Unfound
,,,,,,,1415043013008,,,,,Unfound
,,,,,,,1900044167230,,,,,Unfound
,,,,,,,1900007137512,,,,,Unfound
,,,,,,,2200022654770,,,,,Unfound
,,,,,,,8818421306,,,,380390,Unfound
,,,,,,,9191220402,,,,11859,Unfound
,,,,,,,2360515145110,,,,,Unfound
,,,,,,,2199993243179,,,,,Unfound
,,,,,,,2336532741118,,,,,Unfound
,,,,,,,1800031179212,,,,,Unfound
,,,,,,,1012777182188,,,,,Unfound
,,,,,,,1013028775043,,,,,Unfound
,,,,,,,1800024892231,,,,,Unfound
,,,,,,,16701101,,,,80377,Unfound
,,,,,,,1100010256288,,,,,Unfound
,,,,,,,1200022209209,,,,,Unfound
,,,,,,,8900509909,,,,33425,Unfound
,,,,,,,2000002793025,,,,,Unfound
,,,,,,,2351121093212,,,,,Unfound
,,,,,,,1100023872190,,,,,Unfound
,,,,,,,1100007633355,,,,,Unfound
,,,,,,,11308803,,,,1,Unfound
,,,,,,,1800023729543,,,,,Unfound
,,,,,,,2000025406396,,,,,Unfound
,,,,,,,1610010957044,,,,,Unfound
,,,,,,,2200012893923,,,,,Unfound
,,,,,,,1200051721849,,,,,Unfound
,,,,,,,2335361033110,,,,,Unfound
,,,,,,,2953153006,,,,2953153006,Unfound
,,,,,,,2330908710319,,,,,Unfound
,,,,,,,1012800000000,,,,,Unfound
,,,,,,,2200023204409,,,,,Unfound
,,,,,,,2332537690213,,,,,Unfound
,,,,,,,2331771849016,,,,,Unfound
,,,,,,,1727553355803,,,,,Unfound
,,,,,,,1900060895669,,,,,Unfound
,,,,,,,1900049020461,,,,,Unfound
,,,,,,,1900024238541,,,,,Unfound
,,,,,,,63890404,,,,,Unfound
,,,,,,,2200019887378,,,,,Unfound
,,,,,,,1411184970001,,,,,Unfound
,,,,,,,1138754205,,,,1138754205,Unfound
,,,,,,,1012663098733,,,,,Unfound
,,,,,,,1900022419512,,,,,Unfound
,,,,,,,1200021535137,,,,,Unfound
,,,,,,,2321389923010,,,,,Unfound
,,,,,,,1012679637801,,,,,Unfound
,,,,,,,13875703,,,,13875703,Unfound
,,,,,,,1200021301455,,,,,Unfound
,,,,,,,1900042068616,,,,,Unfound
,,,,,,,1610009259980,,,,,Unfound
,,,,,,,1100003603640,,,,,Unfound
,,,,,,,2199995641434,,,,,Unfound
,,,,,,,8874715800,,,,20617,Unfound
,,,,,,,6085402,,,,6085402,Unfound
,,,,,,,2300000807159,,,,,Unfound
,,,,,,,2199994068190,,,,,Unfound
,,,,,,,2000026825118,,,,,Unfound
,,,,,,,1610009586281,,,,,Unfound
,,,,,,,1012530000000,,,,,Unfound
,,,,,,,2199991163957,,,,,Unfound
,,,,,,,1100011174820,,,,,Unfound
,,,,,,,1713656521750,,,,,Unfound
,,,,,,,8916281605,,,,8916281605,Unfound
,,,,,,,1610004109472,,,,,Unfound
,,,,,,,2767101100,,,,2767101100,Unfound
,,,,,,,3393277609,,,,128091,Unfound
,,,,,,,1100003806972,,,,,Unfound
,,,,,,,1610022332982,,,,,Unfound
,,,,,,,1100003648135,,,,,Unfound
,,,,,,,641554610,,,,37997,Unfound
,,,,,,,61730304,,,,,Unfound
,,,,,,,1100020988281,,,,,Unfound
,,,,,,,1200032074443,,,,,Unfound
,,,,,,,2000002152212,,,,,Unfound
,,,,,,,8835008407,,,,33516,Unfound
,,,,,,,1100010065917,,,,,Unfound
,,,,,,,1200032161877,,,,,Unfound
,,,,,,,1200033444490,,,,,Unfound
,,,,,,,1800035253330,,,,,Unfound
,,,,,,,1100003330946,,,,,Unfound
,,,,,,,1829740905,,,,1829740905,Unfound
,,,,,,,1591052575214,,,,,Unfound
,,,,,,,2000027440334,,,,,Unfound
,,,,,,,2125571801,,,,2125571801,Unfound
,,,,,,,1100003521786,,,,,Unfound
,,,,,,,1012831298886,,,,,Unfound
,,,,,,,76941809,,,,17465,Unfound
,,,,,,,2361391834216,,,,,Unfound
,,,,,,,2000000010333,,,,,Unfound
,,,,,,,1900006002656,,,,,Unfound
,,,,,,,1415866231000,,,,,Unfound
,,,,,,,21694908,,,,81672,Unfound
,,,,,,,1100003314076,,,,,Unfound
,,,,,,,1900017251307,,,,,Unfound
,,,,,,,14103800,,,,14103800,Unfound
,,,,,,,1610009089704,,,,,Unfound
,,,,,,,1100039609532,,,,,Unfound
,,,,,,,2300000889764,,,,,Unfound
,,,,,,,1200035357342,,,,,Unfound
,,,,,,,1100003313843,,,,,Unfound
,,,,,,,1900008010046,,,,,Unfound
,,,,,,,1200052374952,,,,,Unfound
,,,,,,,2334602728214,,,,,Unfound
,,,,,,,1591050000000,,,,,Unfound
,,,,,,,1100003494760,,,,,Unfound
,,,,,,,1012773558762,,,,,Unfound
,,,,,,,1100019501737,,,,,Unfound
,,,,,,,1200051113992,,,,,Unfound
,,,,,,,1100005532335,,,,,Unfound
,,,,,,,2321237499111,,,,,Unfound
,,,,,,,2000022565001,,,,,Unfound
,,,,,,,2000002755483,,,,,Unfound
,,,,,,,3992220202,,,,12015,Unfound
,,,,,,,2200013106909,,,,,Unfound
,,,,,,,1900025345680,,,,,Unfound
,,,,,,,1012506603974,,,,,Unfound
,,,,,,,1800030949644,,,,,Unfound
,,,,,,,1900060365398,,,,,Unfound
,,,,,,,1300001176839,,,,,Unfound
,,,,,,,1023470000000,,,,,Unfound
,,,,,,,8357408,,,,146431,Unfound
,,,,,,,8886907410,,,,51730,Unfound
,,,,,,,1200037203004,,,,,Unfound
,,,,,,,1800024158430,,,,,Unfound
,,,,,,,1200036983857,,,,,Unfound
,,,,,,,1891433404,,,,1891433404,Unfound
,,,,,,,4030117005,,,,4030117005,Unfound
,,,,,,,1100003633398,,,,,Unfound
,,,,,,,2199990751995,,,,,Unfound
,,,,,,,2332607990216,,,,,Unfound
,,,,,,,1200029700700,,,,,Unfound
,,,,,,,1200028736005,,,,,Unfound
,,,,,,,1100013239044,,,,,Unfound
,,,,,,,1012437768423,,,,,Unfound
,,,,,,,2100040276999,,,,,Unfound
,,,,,,,2200014208373,,,,,Unfound
,,,,,,,1900006161950,,,,,Unfound
,,,,,,,1800018077577,,,,,Unfound
,,,,,,,1013072406501,,,,,Unfound
,,,,,,,2351872533113,,,,,Unfound
,,,,,,,2200019272986,,,,,Unfound
,,,,,,,2355023028110,,,,,Unfound
,,,,,,,8879939500,,,,500522,Unfound
,,,,,,,1012750000000,,,,,Unfound
,,,,,,,4156300910,,,,14645,Unfound
,,,,,,,1012707056561,,,,,Unfound
,,,,,,,1610011640530,,,,,Unfound
,,,,,,,1800027927028,,,,,Unfound
,,,,,,,1100770080378,,,,,Unfound
,,,,,,,1900034422737,,,,,Unfound
,,,,,,,1900049236599,,,,,Unfound
,,,,,,,1813418908,,,,104600,Unfound
,,,,,,,49458006,,,,184873,Unfound
,,,,,,,2000019576322,,,,,Unfound
,,,,,,,1900042098470,,,,,Unfound
,,,,,,,9186519808,,,,9186519808,Unfound
,,,,,,,1610018539906,,,,,Unfound
,,,,,,,1591060253945,,,,,Unfound
,,,,,,,2000024455904,,,,,Unfound
,,,,,,,9566108,,,,108210,Unfound
,,,,,,,85659009,,,,308833,Unfound
,,,,,,,2000001490813,,,,,Unfound
,,,,,,,1273930710,,,,423,Unfound
,,,,,,,47215205,,,,103940,Unfound
,,,,,,,2000052162309,,,,,Unfound
,,,,,,,1800028315860,,,,,Unfound
,,,,,,,84559404,,,,84559404,Unfound
,,,,,,,8840938007,,,,228949,Unfound
,,,,,,,2360591114613,,,,,Unfound
,,,,,,,1200037150851,,,,,Unfound
,,,,,,,1600000030000,,,,,Unfound
,,,,,,,1591021657803,,,,,Unfound
,,,,,,,1800022628589,,,,,Unfound
,,,,,,,8816347804,,,,21694,Unfound
,,,,,,,1100039245359,,,,,Unfound
,,,,,,,1620000505519,,,,,Unfound
,,,,,,,1640000179270,,,,,Unfound
,,,,,,,1200050534738,,,,,Unfound
,,,,,,,4008662906,,,,1,Unfound
,,,,,,,1591045119502,,,,,Unfound
,,,,,,,8818772302,,,,8818772302,Unfound
,,,,,,,2000027491630,,,,,Unfound
,,,,,,,1100008200727,,,,,Unfound
,,,,,,,58242601,,,,58242601,Unfound
,,,,,,,1800017016467,,,,,Unfound
,,,,,,,1417762350004,,,,,Unfound
,,,,,,,1900029064349,,,,,Unfound
,,,,,,,84160709,,,,84160709,Unfound
,,,,,,,2300000054469,,,,,Unfound
,,,,,,,2325561838211,,,,,Unfound
,,,,,,,1591042745093,,,,,Unfound
,,,,,,,2333567778810,,,,,Unfound
,,,,,,,1300005497432,,,,,Unfound
,,,,,,,2200011884360,,,,,Unfound
,,,,,,,1716707171050,,,,,Unfound
,,,,,,,50307203,,,,65475,Unfound
,,,,,,,2199994061316,,,,,Unfound
,,,,,,,1591058700652,,,,,Unfound
,,,,,,,1013011824733,,,,,Unfound
,,,,,,,1800015579192,,,,,Unfound
,,,,,,,1591057000141,,,,,Unfound
,,,,,,,1013022007753,,,,,Unfound
,,,,,,,1712393782201,,,,,Unfound
,,,,,,,1591045826898,,,,,Unfound
,,,,,,,1012955225180,,,,,Unfound
,,,,,,,9334403302,,,,9334403302,Unfound
,,,,,,,2000026516540,,,,,Unfound
,,,,,,,1130000017153,,,,,Unfound
,,,,,,,1620001228076,,,,,Unfound
,,,,,,,2316021087012,,,,,Unfound
,,,,,,,1900027006832,,,,,Unfound
,,,,,,,1100024587259,,,,,Unfound
,,,,,,,2200030000391,,,,,Unfound
,,,,,,,15495905,,,,15495905,Unfound
,,,,,,,9099877804,,,,9179,Unfound
,,,,,,,21815804,,,,122611,Unfound
,,,,,,,1610001581514,,,,,Unfound
,,,,,,,1800023306132,,,,,Unfound
,,,,,,,2000015660000,,,,,Unfound
,,,,,,,2200014998195,,,,,Unfound
,,,,,,,1200023220694,,,,,Unfound
,,,,,,,2344446530910,,,,,Unfound
,,,,,,,1200010135658,,,,,Unfound
,,,,,,,1800027540370,,,,,Unfound
,,,,,,,1591047200000,,,,,Unfound
,,,,,,,2000004589729,,,,,Unfound
,,,,,,,1014570092741,,,,,Unfound
,,,,,,,62983204,,,,62983204,Unfound
,,,,,,,1900049058206,,,,,Unfound
,,,,,,,1500036414231,,,,,Unfound
,,,,,,,1900001004872,,,,,Unfound
,,,,,,,2353393238017,,,,,Unfound
,,,,,,,2200020133145,,,,,Unfound
,,,,,,,2000025782883,,,,,Unfound
,,,,,,,1610000255490,,,,,Unfound
,,,,,,,1100000129280,,,,,Unfound
,,,,,,,1610030022225,,,,,Unfound
,,,,,,,65842302,,,,65842302,Unfound
,,,,,,,2000014434190,,,,,Unfound
,,,,,,,1261850505,,,,1261850505,Unfound
,,,,,,,1300013434882,,,,,Unfound
,,,,,,,2000027403012,,,,,Unfound
,,,,,,,532928404,,,,532928404,Unfound
,,,,,,,2200040262652,,,,,Unfound
,,,,,,,82618507,,,,444119,Unfound
,,,,,,,2200022839853,,,,,Unfound
,,,,,,,74728810,,,,68920,Unfound
,,,,,,,2331671207713,,,,,Unfound
,,,,,,,1200022009943,,,,,Unfound
,,,,,,,2000007380920,,,,,Unfound
,,,,,,,1900019419966,,,,,Unfound
,,,,,,,2000000455785,,,,,Unfound
,,,,,,,9192109505,,,,9192109505,Unfound
,,,,,,,1800016331231,,,,,Unfound
,,,,,,,1417784400006,,,,,Unfound
,,,,,,,1414957791009,,,,,Unfound
,,,,,,,2335042070813,,,,,Unfound
,,,,,,,2000014917407,,,,,Unfound
,,,,,,,1800028748860,,,,,Unfound
,,,,,,,1417384520007,,,,,Unfound
,,,,,,,1200051555376,,,,,Unfound
,,,,,,,1700001338992,,,,,Unfound
,,,,,,,1591000263233,,,,,Unfound
,,,,,,,62128107,,,,62128107,Unfound
,,,,,,,57851610,,,,57851610,Unfound
,,,,,,,1726511570129,,,,,Unfound
,,,,,,,1200037491030,,,,,Unfound
,,,,,,,1800053818888,,,,,Unfound
,,,,,,,1900046000000,,,,,Unfound
,,,,,,,91806902,,,,91806902,Unfound
,,,,,,,2312104153016,,,,,Unfound
,,,,,,,1620001056150,,,,,Unfound
,,,,,,,1900033238609,,,,,Unfound
,,,,,,,1600000038398,,,,,Unfound
,,,,,,,1900038114795,,,,,Unfound
,,,,,,,1200034060104,,,,,Unfound
,,,,,,,2000022964546,,,,,Unfound
,,,,,,,1900020000000,,,,,Unfound
,,,,,,,2199990115359,,,,,Unfound
,,,,,,,9159156705,,,,101,Unfound
,,,,,,,8823553304,,,,187570,Unfound
,,,,,,,1610001824454,,,,,Unfound
,,,,,,,1610022641425,,,,,Unfound
,,,,,,,1200024625893,,,,,Unfound
,,,,,,,1100023680611,,,,,Unfound
,,,,,,,48465402,,,,95388,Unfound
,,,,,,,17640202,,,,68006,Unfound
,,,,,,,1012770000000,,,,,Unfound
,,,,,,,2362005437711,,,,,Unfound
,,,,,,,1012809944301,,,,,Unfound
,,,,,,,1300005287812,,,,,Unfound
,,,,,,,1012792027766,,,,,Unfound
,,,,,,,64782103,,,,63051,Unfound
,,,,,,,57626603,,,,57815,Unfound
,,,,,,,1012939426716,,,,,Unfound
,,,,,,,1100009434491,,,,,Unfound
,,,,,,,1100018697019,,,,,Unfound
,,,,,,,1100010000000,,,,,Unfound
,,,,,,,48116006,,,,190709,Unfound
,,,,,,,1610022525506,,,,,Unfound
,,,,,,,14650908,,,,14650908,Unfound
,,,,,,,1100009589673,,,,,Unfound
,,,,,,,5016627605,,,,41380,Unfound
,,,,,,,1012507110206,,,,,Unfound
,,,,,,,1860804210,,,,1860804210,Unfound
,,,,,,,1160000987022,,,,,Unfound
,,,,,,,54550109,,,,127540,Unfound
,,,,,,,3303409107,,,,3303409107,Unfound
,,,,,,,2000019838878,,,,,Unfound
,,,,,,,1100015536328,,,,,Unfound
,,,,,,,2000017448052,,,,,Unfound
,,,,,,,1900012275749,,,,,Unfound
,,,,,,,1900028416864,,,,,Unfound
,,,,,,,8817957107,,,,61078,Unfound
,,,,,,,8923762803,,,,8923762803,Unfound
,,,,,,,1610012027851,,,,,Unfound
,,,,,,,50377202,,,,76487,Unfound
,,,,,,,19846603,,,,19846603,Unfound
,,,,,,,5023749610,,,,5023749610,Unfound
,,,,,,,2330107355018,,,,,Unfound
,,,,,,,9177937309,,,,11905,Unfound
,,,,,,,1100770764770,,,,,Unfound
,,,,,,,1100018043033,,,,,Unfound
,,,,,,,1200037042358,,,,,Unfound
,,,,,,,1028758200,,,,1,Unfound
,,,,,,,2978102004,,,,28809,Unfound
,,,,,,,1100009641669,,,,,Unfound
,,,,,,,8922491602,,,,31469,Unfound
,,,,,,,9116692005,,,,9116692005,Unfound
,,,,,,,1100011776152,,,,,Unfound
,,,,,,,2000055874738,,,,,Unfound
,,,,,,,9102177905,,,,9102177905,Unfound
,,,,,,,8919478303,,,,8919478303,Unfound
,,,,,,,1012824162211,,,,,Unfound
,,,,,,,1012745190334,,,,,Unfound
,,,,,,,8813768802,,,,8813768802,Unfound
,,,,,,,1427885000003,,,,,Unfound
,,,,,,,1013005625545,,,,,Unfound
,,,,,,,2316514382113,,,,,Unfound
,,,,,,,1714330058104,,,,,Unfound
,,,,,,,1610003282733,,,,,Unfound
,,,,,,,2000005548714,,,,,Unfound
,,,,,,,8930298009,,,,79599,Unfound
,,,,,,,72694001,,,,42403,Unfound
,,,,,,,9215751704,,,,93012,Unfound
,,,,,,,1900018173722,,,,,Unfound
,,,,,,,1900017337902,,,,,Unfound
,,,,,,,1900039326215,,,,,Unfound
,,,,,,,1015684545488,,,,,Unfound
,,,,,,,9183077708,,,,9183077708,Unfound
,,,,,,,1200036775783,,,,,Unfound
,,,,,,,1200029175007,,,,,Unfound
,,,,,,,2000001015100,,,,,Unfound
,,,,,,,1591044582892,,,,,Unfound
,,,,,,,8904710608,,,,8904710608,Unfound
,,,,,,,1023517845928,,,,,Unfound
,,,,,,,1460002229360,,,,,Unfound
,,,,,,,1200023891035,,,,,Unfound
,,,,,,,1200027564996,,,,,Unfound
,,,,,,,2316510001013,,,,,Unfound
,,,,,,,6955609,,,,56351,Unfound
,,,,,,,2200023609787,,,,,Unfound
,,,,,,,1424577100002,,,,,Unfound
,,,,,,,2333390488716,,,,,Unfound
,,,,,,,1610029000082,,,,,Unfound
,,,,,,,11001305,,,,175802,Unfound
,,,,,,,70781008,,,,84843,Unfound
,,,,,,,1200010069517,,,,,Unfound
,,,,,,,1580000873520,,,,,Unfound
,,,,,,,2355470829314,,,,,Unfound
,,,,,,,1591014284791,,,,,Unfound
,,,,,,,1329608207,,,,34193,Unfound
,,,,,,,1580000496601,,,,,Unfound
,,,,,,,9096820310,,,,344831,Unfound
,,,,,,,46700106,,,,46700106,Unfound
,,,,,,,2354490070713,,,,,Unfound
,,,,,,,1610030960380,,,,,Unfound
,,,,,,,1012638154540,,,,,Unfound
,,,,,,,14888706,,,,80331,Unfound
,,,,,,,569843001,,,,69878,Unfound
,,,,,,,8815784507,,,,8815784507,Unfound
,,,,,,,666853209,,,,388632,Unfound
,,,,,,,1422309000002,,,,,Unfound
,,,,,,,2331570401114,,,,,Unfound
,,,,,,,2200020793435,,,,,Unfound
,,,,,,,1100003559140,,,,,Unfound
,,,,,,,1600000055817,,,,,Unfound
,,,,,,,1300013188053,,,,,Unfound
,,,,,,,203338000,,,,30573,Unfound
,,,,,,,1800015973717,,,,,Unfound
,,,,,,,2200021058092,,,,,Unfound
,,,,,,,2332442876910,,,,,Unfound
,,,,,,,1500000420043,,,,,Unfound
,,,,,,,74884802,,,,174699,Unfound
,,,,,,,67539906,,,,151726,Unfound
,,,,,,,1819228103,,,,1819228103,Unfound
,,,,,,,1591058672190,,,,,Unfound
,,,,,,,2000014039495,,,,,Unfound
,,,,,,,1580000816276,,,,,Unfound
,,,,,,,1100003908169,,,,,Unfound
,,,,,,,1200050093564,,,,,Unfound
,,,,,,,1014570439513,,,,,Unfound
,,,,,,,1012766021437,,,,,Unfound
,,,,,,,3956060000,,,,3956060000,Unfound
,,,,,,,1200040005932,,,,,Unfound
,,,,,,,1610002458797,,,,,Unfound
,,,,,,,10488007,,,,154540,Unfound
,,,,,,,2000000057615,,,,,Unfound
,,,,,,,63659301,,,,31358,Unfound
,,,,,,,2363332179418,,,,,Unfound
,,,,,,,1716722990977,,,,,Unfound
,,,,,,,2173996910,,,,2173996910,Unfound
,,,,,,,5581903,,,,5581903,Unfound
,,,,,,,53209802,,,,53209802,Unfound
,,,,,,,8864239709,,,,8864239709,Unfound
,,,,,,,1200041926921,,,,,Unfound
,,,,,,,1610012463386,,,,,Unfound
,,,,,,,1000000412761,,,,,Unfound
,,,,,,,65383004,,,,157257,Unfound
,,,,,,,1300011373740,,,,,Unfound
,,,,,,,1900027135547,,,,,Unfound
,,,,,,,2000002752162,,,,,Unfound
,,,,,,,2000001630143,,,,,Unfound
,,,,,,,2350990905517,,,,,Unfound
,,,,,,,2000017281553,,,,,Unfound
,,,,,,,2354332936011,,,,,Unfound
,,,,,,,1714738571009,,,,,Unfound
,,,,,,,1800018480938,,,,,Unfound
,,,,,,,2000005885487,,,,,Unfound
,,,,,,,2000014872786,,,,,Unfound
,,,,,,,1300003238869,,,,,Unfound
,,,,,,,1919389808,,,,1919389808,Unfound
,,,,,,,2000002073432,,,,,Unfound
,,,,,,,1200024270428,,,,,Unfound
,,,,,,,1591027814287,,,,,Unfound
,,,,,,,1300035403826,,,,,Unfound
,,,,,,,1410077670000,,,,,Unfound
,,,,,,,1023545629278,,,,,Unfound
,,,,,,,1200024238220,,,,,Unfound
,,,,,,,2000024910668,,,,,Unfound
,,,,,,,11015507,,,,11015507,Unfound
,,,,,,,1591054110240,,,,,Unfound
,,,,,,,1100023899689,,,,,Unfound
,,,,,,,1012718456973,,,,,Unfound
,,,,,,,1900045078867,,,,,Unfound
,,,,,,,75548106,,,,75548106,Unfound
,,,,,,,2200030512811,,,,,Unfound
,,,,,,,18518906,,,,18518906,Unfound
,,,,,,,1610031827606,,,,,Unfound
,,,,,,,2199994917021,,,,,Unfound
,,,,,,,1900021327701,,,,,Unfound
,,,,,,,1424141200000,,,,,Unfound
,,,,,,,1100002919080,,,,,Unfound
,,,,,,,2200023605913,,,,,Unfound
,,,,,,,2000004689130,,,,,Unfound
,,,,,,,1300035380036,,,,,Unfound
,,,,,,,1300000002218,,,,,Unfound
,,,,,,,2000000061356,,,,,Unfound
,,,,,,,9101768901,,,,442584,Unfound
,,,,,,,2200040016714,,,,,Unfound
,,,,,,,1014570458604,,,,,Unfound
,,,,,,,8817066004,,,,8817066004,Unfound
,,,,,,,1100009427397,,,,,Unfound
,,,,,,,2200012260600,,,,,Unfound
,,,,,,,2100040047988,,,,,Unfound
,,,,,,,9164301904,,,,1126,Unfound
,,,,,,,4200943102,,,,30614,Unfound
,,,,,,,1713509530755,,,,,Unfound
,,,,,,,1300011255530,,,,,Unfound
,,,,,,,3935317005,,,,3935317005,Unfound
,,,,,,,1417792040009,,,,,Unfound
,,,,,,,1592001143718,,,,,Unfound
,,,,,,,2200022250789,,,,,Unfound
,,,,,,,1200026452060,,,,,Unfound
,,,,,,,1900001385675,,,,,Unfound
,,,,,,,1300000101930,,,,,Unfound
,,,,,,,1200027557650,,,,,Unfound
,,,,,,,14714201,,,,290302,Unfound
,,,,,,,2000010036598,,,,,Unfound
,,,,,,,3282749101,,,,15260,Unfound
,,,,,,,2200030014445,,,,,Unfound
,,,,,,,2311860171011,,,,,Unfound
,,,,,,,2380000331968,,,,,Unfound
,,,,,,,1100005093052,,,,,Unfound
,,,,,,,1300000757197,,,,,Unfound
,,,,,,,1600000040750,,,,,Unfound
,,,,,,,1012562877844,,,,,Unfound
,,,,,,,1200024271680,,,,,Unfound
,,,,,,,1200000017787,,,,,Unfound
,,,,,,,8813648309,,,,31028,Unfound
,,,,,,,1428300000000,,,,,Unfound
,,,,,,,1170000202917,,,,,Unfound
,,,,,,,1610003176938,,,,,Unfound
,,,,,,,2967928908,,,,18309,Unfound
,,,,,,,2323925561613,,,,,Unfound
,,,,,,,9082538100,,,,130182,Unfound
,,,,,,,1591000977292,,,,,Unfound
,,,,,,,1591158970870,,,,,Unfound
,,,,,,,2000008826883,,,,,Unfound
,,,,,,,1300000870751,,,,,Unfound
,,,,,,,8832697004,,,,103811,Unfound
,,,,,,,2000027655022,,,,,Unfound
,,,,,,,1418470090000,,,,,Unfound
,,,,,,,1200000233016,,,,,Unfound
,,,,,,,64542307,,,,64542307,Unfound
,,,,,,,1012670000000,,,,,Unfound
,,,,,,,1610023978639,,,,,Unfound
,,,,,,,1200020676858,,,,,Unfound
,,,,,,,69007501,,,,69007501,Unfound
,,,,,,,1600000032216,,,,,Unfound
,,,,,,,78311808,,,,426384,Unfound
,,,,,,,1200050429607,,,,,Unfound
,,,,,,,1300053218822,,,,,Unfound
,,,,,,,1012655404080,,,,,Unfound
,,,,,,,1300002313726,,,,,Unfound
,,,,,,,82338310,,,,82338310,Unfound
,,,,,,,60199401,,,,60199401,Unfound
,,,,,,,74001301,,,,73662,Unfound
,,,,,,,3256972409,,,,3256972409,Unfound
,,,,,,,3927147908,,,,20704,Unfound
,,,,,,,1030042508830,,,,,Unfound
,,,,,,,3929791901,,,,3929791901,Unfound
,,,,,,,53030807,,,,53030807,Unfound
,,,,,,,5076346510,,,,5076346510,Unfound
,,,,,,,1714375021650,,,,,Unfound
,,,,,,,3982783701,,,,3982783701,Unfound
,,,,,,,1030047980302,,,,,Unfound
,,,,,,,1900008316710,,,,,Unfound
,,,,,,,1200037702173,,,,,Unfound
,,,,,,,76112500,,,,76112500,Unfound
,,,,,,,8931242806,,,,102374,Unfound
,,,,,,,45817908,,,,109927,Unfound
,,,,,,,86437400,,,,60745,Unfound
,,,,,,,1610010418122,,,,,Unfound
,,,,,,,1591061922989,,,,,Unfound
,,,,,,,1900000010331,,,,,Unfound
,,,,,,,8936240210,,,,273327,Unfound
,,,,,,,1200024181567,,,,,Unfound
,,,,,,,1416946100009,,,,,Unfound
,,,,,,,2000024662667,,,,,Unfound
,,,,,,,5036369307,,,,135097,Unfound
,,,,,,,1012480764855,,,,,Unfound
,,,,,,,1100010975596,,,,,Unfound
,,,,,,,1610019860509,,,,,Unfound
,,,,,,,2360483409018,,,,,Unfound
,,,,,,,3978348202,,,,162189,Unfound
,,,,,,,1100014667020,,,,,Unfound
,,,,,,,2000001532942,,,,,Unfound
,,,,,,,1200042630896,,,,,Unfound
,,,,,,,1200022203261,,,,,Unfound
,,,,,,,1160001183240,,,,,Unfound
,,,,,,,1410212431001,,,,,Unfound
,,,,,,,1100008043230,,,,,Unfound
,,,,,,,1800019923862,,,,,Unfound
,,,,,,,2000013100173,,,,,Unfound
,,,,,,,1800020026049,,,,,Unfound
,,,,,,,1100003814175,,,,,Unfound
,,,,,,,1819518303,,,,1819518303,Unfound
,,,,,,,1600000014582,,,,,Unfound
,,,,,,,2708663403,,,,34938,Unfound
,,,,,,,1200060741275,,,,,Unfound
,,,,,,,2000008346220,,,,,Unfound
,,,,,,,1012416735158,,,,,Unfound
,,,,,,,60843907,,,,51248,Unfound
,,,,,,,18571102,,,,64173,Unfound
,,,,,,,8814190809,,,,8814190809,Unfound
,,,,,,,2390000020253,,,,,Unfound
,,,,,,,1300054989387,,,,,Unfound
,,,,,,,1013018980261,,,,,Unfound
,,,,,,,2438005709,,,,5219,Unfound
,,,,,,,669864409,,,,669864409,Unfound
,,,,,,,1800030993458,,,,,Unfound
,,,,,,,67560201,,,,308683,Unfound
,,,,,,,9100821705,,,,43332,Unfound
,,,,,,,1200052369242,,,,,Unfound
,,,,,,,49310501,,,,49310501,Unfound
,,,,,,,1712842992008,,,,,Unfound
,,,,,,,1800000044931,,,,,Unfound
,,,,,,,49310400,,,,80402,Unfound
,,,,,,,2000050722473,,,,,Unfound
,,,,,,,2000052030072,,,,,Unfound
,,,,,,,8813340303,,,,8813340303,Unfound
,,,,,,,709273906,,,,111979,Unfound
,,,,,,,1200040580852,,,,,Unfound
,,,,,,,2200030131066,,,,,Unfound
,,,,,,,8905689402,,,,8905689402,Unfound
,,,,,,,59179805,,,,59179805,Unfound
,,,,,,,1334375505,,,,1334375505,Unfound
,,,,,,,2334919904917,,,,,Unfound
,,,,,,,1580000744338,,,,,Unfound
,,,,,,,1591001000046,,,,,Unfound
,,,,,,,2326542630110,,,,,Unfound
,,,,,,,1591032264830,,,,,Unfound
,,,,,,,1900039186727,,,,,Unfound
,,,,,,,56967108,,,,56967108,Unfound
,,,,,,,1620000607994,,,,,Unfound
,,,,,,,2199990238609,,,,,Unfound
,,,,,,,1900090410875,,,,,Unfound
,,,,,,,8820628507,,,,27799,Unfound
,,,,,,,1900000116802,,,,,Unfound
,,,,,,,64932107,,,,128368,Unfound
,,,,,,,1610019133166,,,,,Unfound
,,,,,,,1900048124123,,,,,Unfound
,,,,,,,1012989585802,,,,,Unfound
,,,,,,,1800031195083,,,,,Unfound
,,,,,,,2333960380019,,,,,Unfound
,,,,,,,71221109,,,,45377,Unfound
,,,,,,,2000022823250,,,,,Unfound
,,,,,,,2100040745158,,,,,Unfound
,,,,,,,1900091012432,,,,,Unfound
,,,,,,,58986908,,,,246265,Unfound
,,,,,,,2324466897915,,,,,Unfound
,,,,,,,1900033379851,,,,,Unfound
,,,,,,,1100008491639,,,,,Unfound
,,,,,,,1012855590564,,,,,Unfound
,,,,,,,2000022617849,,,,,Unfound
,,,,,,,8878290601,,,,8878290601,Unfound
,,,,,,,1591158349969,,,,,Unfound
,,,,,,,1012817682882,,,,,Unfound
,,,,,,,1591047645213,,,,,Unfound
,,,,,,,58525602,,,,172190,Unfound
,,,,,,,9102191203,,,,9102191203,Unfound
,,,,,,,8891354510,,,,1,Unfound
,,,,,,,1591048721274,,,,,Unfound
,,,,,,,2100040007291,,,,,Unfound
,,,,,,,2380000896498,,,,,Unfound
,,,,,,,1100050982635,,,,,Unfound
,,,,,,,1900015114273,,,,,Unfound
,,,,,,,1160001328590,,,,,Unfound
,,,,,,,12234008,,,,80804,Unfound
,,,,,,,3051967803,,,,32126,Unfound
,,,,,,,1200021053783,,,,,Unfound
,,,,,,,2363119309210,,,,,Unfound
,,,,,,,4519343802,,,,4519343802,Unfound
,,,,,,,1900015289007,,,,,Unfound
,,,,,,,1100015423191,,,,,Unfound
,,,,,,,70922606,,,,1,Unfound
,,,,,,,67378010,,,,91510,Unfound
,,,,,,,2000018464659,,,,,Unfound
,,,,,,,8861408,,,,79510,Unfound
,,,,,,,1200033312571,,,,,Unfound
,,,,,,,2310114934115,,,,,Unfound
,,,,,,,2000050470130,,,,,Unfound
,,,,,,,1200024141634,,,,,Unfound
,,,,,,,1100006406827,,,,,Unfound
,,,,,,,1100003153277,,,,,Unfound
,,,,,,,8802302,,,,192824,Unfound
,,,,,,,2333350167017,,,,,Unfound
,,,,,,,7430691001,,,,44431,Unfound
,,,,,,,2000025384886,,,,,Unfound
,,,,,,,2324423593111,,,,,Unfound
,,,,,,,2000000673712,,,,,Unfound
,,,,,,,2000018914890,,,,,Unfound
,,,,,,,2000051130342,,,,,Unfound
,,,,,,,2000050611439,,,,,Unfound
,,,,,,,64941108,,,,166986,Unfound
,,,,,,,1300008791957,,,,,Unfound
,,,,,,,1900032383981,,,,,Unfound
,,,,,,,1200060553612,,,,,Unfound
,,,,,,,2000056277740,,,,,Unfound
,,,,,,,19223106,,,,,Unfound
,,,,,,,1800024387188,,,,,Unfound
,,,,,,,1200041808838,,,,,Unfound
,,,,,,,8917453209,,,,8917453209,Unfound
,,,,,,,16859002,,,,134901,Unfound
,,,,,,,1100023078794,,,,,Unfound
,,,,,,,1900012428830,,,,,Unfound
,,,,,,,2000010416170,,,,,Unfound
,,,,,,,61392400,,,,122790,Unfound
,,,,,,,48250403,,,,71083,Unfound
,,,,,,,1800028027918,,,,,Unfound
,,,,,,,1012806501434,,,,,Unfound
,,,,,,,1591024280032,,,,,Unfound
,,,,,,,1580000205986,,,,,Unfound
,,,,,,,1012909022788,,,,,Unfound
,,,,,,,2199997872010,,,,,Unfound
,,,,,,,1100009633941,,,,,Unfound
,,,,,,,2756354309,,,,2756354309,Unfound
,,,,,,,2199998273647,,,,,Unfound
,,,,,,,15308801,,,,1,Unfound
,,,,,,,1200021698597,,,,,Unfound
,,,,,,,1200025774090,,,,,Unfound
,,,,,,,1200024382527,,,,,Unfound
,,,,,,,1800020841395,,,,,Unfound
,,,,,,,3283776603,,,,37437,Unfound
,,,,,,,1900030362846,,,,,Unfound
,,,,,,,1900048000455,,,,,Unfound
,,,,,,,2313117755315,,,,,Unfound
,,,,,,,8820366009,,,,56054,Unfound
,,,,,,,1610012834567,,,,,Unfound
,,,,,,,2345474182515,,,,,Unfound
,,,,,,,2000000482991,,,,,Unfound
,,,,,,,1591061454288,,,,,Unfound
,,,,,,,1800016080382,,,,,Unfound
,,,,,,,1100012302129,,,,,Unfound
,,,,,,,1591025216470,,,,,Unfound
,,,,,,,2000000586672,,,,,Unfound
,,,,,,,2200016239105,,,,,Unfound
,,,,,,,1200030477768,,,,,Unfound
,,,,,,,1610013466801,,,,,Unfound
,,,,,,,11052502,,,,11052502,Unfound
,,,,,,,1800028986831,,,,,Unfound
,,,,,,,2354073024012,,,,,Unfound
,,,,,,,1620001015482,,,,,Unfound
,,,,,,,1013032050932,,,,,Unfound
,,,,,,,8923423208,,,,8923423208,Unfound
,,,,,,,1640000434757,,,,,Unfound
,,,,,,,12166309,,,,6111,Unfound
,,,,,,,1200038187870,,,,,Unfound
,,,,,,,1200010043156,,,,,Unfound
,,,,,,,1610012403865,,,,,Unfound
,,,,,,,1900010009779,,,,,Unfound
,,,,,,,1427903000009,,,,,Unfound
,,,,,,,1591053837636,,,,,Unfound
,,,,,,,2460769708,,,,17321,Unfound
,,,,,,,2000010177838,,,,,Unfound
,,,,,,,1100024938406,,,,,Unfound
,,,,,,,16734307,,,,188713,Unfound
,,,,,,,1023480036292,,,,,Unfound
,,,,,,,1130000000000,,,,,Unfound
,,,,,,,1012840200807,,,,,Unfound
,,,,,,,1100002986078,,,,,Unfound
,,,,,,,682012401,,,,20847,Unfound
,,,,,,,2198765136623,,,,,Unfound
,,,,,,,1012910000000,,,,,Unfound
,,,,,,,1300006728387,,,,,Unfound
,,,,,,,1900002372808,,,,,Unfound
,,,,,,,2335360000000,,,,,Unfound
,,,,,,,1900001125308,,,,,Unfound
,,,,,,,17201400,,,,5662,Unfound
,,,,,,,1610004152167,,,,,Unfound
,,,,,,,4208019805,,,,4208019805,Unfound
,,,,,,,2331191065710,,,,,Unfound
,,,,,,,58332703,,,,58332703,Unfound
,,,,,,,85528409,,,,,Unfound
,,,,,,,1610004086995,,,,,Unfound
,,,,,,,1012454400180,,,,,Unfound
,,,,,,,1591043409487,,,,,Unfound
,,,,,,,9195988205,,,,9195988205,Unfound
,,,,,,,9307702208,,,,9307702208,Unfound
,,,,,,,2999444005,,,,12131,Unfound
,,,,,,,2000014298563,,,,,Unfound
,,,,,,,2000009195420,,,,,Unfound
,,,,,,,1800035250092,,,,,Unfound
,,,,,,,20047106,,,,13194,Unfound
,,,,,,,2200030120024,,,,,Unfound
,,,,,,,1571471906,,,,1571471906,Unfound
,,,,,,,1591034063687,,,,,Unfound
,,,,,,,1013005848182,,,,,Unfound
,,,,,,,1900019000923,,,,,Unfound
,,,,,,,8930406906,,,,8930406906,Unfound
,,,,,,,3319085705,,,,3319085705,Unfound
,,,,,,,2000022560787,,,,,Unfound
,,,,,,,66479404,,,,203015,Unfound
,,,,,,,8921504703,,,,8921504703,Unfound
,,,,,,,59236106,,,,93739,Unfound
,,,,,,,1200032917753,,,,,Unfound
,,,,,,,1300035410994,,,,,Unfound
,,,,,,,69232104,,,,69232104,Unfound
,,,,,,,1412767712000,,,,,Unfound
,,,,,,,1200033239498,,,,,Unfound
,,,,,,,2000023112352,,,,,Unfound
,,,,,,,2000000056133,,,,,Unfound
,,,,,,,2000025081741,,,,,Unfound
,,,,,,,1100012960235,,,,,Unfound
,,,,,,,1800021403206,,,,,Unfound
,,,,,,,2000025480628,,,,,Unfound
,,,,,,,2199995466598,,,,,Unfound
,,,,,,,2000008801930,,,,,Unfound
,,,,,,,1012590000000,,,,,Unfound
,,,,,,,2000010469793,,,,,Unfound
,,,,,,,1800016339045,,,,,Unfound
,,,,,,,1300000440501,,,,,Unfound
,,,,,,,53107109,,,,96227,Unfound
,,,,,,,3373978010,,,,3373978010,Unfound
,,,,,,,1600000038013,,,,,Unfound
,,,,,,,1900041071194,,,,,Unfound
,,,,,,,1300035412440,,,,,Unfound
,,,,,,,8851421205,,,,8851421205,Unfound
,,,,,,,72770608,,,,17847,Unfound
,,,,,,,2199995937507,,,,,Unfound
,,,,,,,1900009088753,,,,,Unfound
,,,,,,,67063501,,,,15421,Unfound
,,,,,,,2351631738911,,,,,Unfound
,,,,,,,1012451899621,,,,,Unfound
,,,,,,,2360395299918,,,,,Unfound
,,,,,,,2353672776112,,,,,Unfound
,,,,,,,61132609,,,,51857,Unfound
,,,,,,,8934880405,,,,8934880405,Unfound
,,,,,,,1813711502,,,,1813711502,Unfound
,,,,,,,9118013204,,,,9118013204,Unfound
,,,,,,,1200041272988,,,,,Unfound
,,,,,,,1100003543804,,,,,Unfound
,,,,,,,8856303,,,,8856303,Unfound
,,,,,,,9088210309,,,,67551,Unfound
,,,,,,,8937622701,,,,8937622701,Unfound
,,,,,,,1100009203551,,,,,Unfound
,,,,,,,22059505,,,,22059505,Unfound
,,,,,,,54761807,,,,295,Unfound
,,,,,,,5717801,,,,5717801,Unfound
,,,,,,,8845798604,,,,8845798604,Unfound
,,,,,,,1200000000961,,,,,Unfound
,,,,,,,2000026283496,,,,,Unfound
,,,,,,,1100002462916,,,,,Unfound
,,,,,,,2199991459969,,,,,Unfound
,,,,,,,13124410,,,,13124410,Unfound
,,,,,,,1200033859711,,,,,Unfound
,,,,,,,1591047206663,,,,,Unfound
,,,,,,,1900020410378,,,,,Unfound
,,,,,,,1900021001110,,,,,Unfound
,,,,,,,8817056405,,,,8817056405,Unfound
,,,,,,,2436697205,,,,2436697205,Unfound
,,,,,,,6219700,,,,6219700,Unfound
,,,,,,,1900019113185,,,,,Unfound
,,,,,,,1800033410903,,,,,Unfound
,,,,,,,2000020346626,,,,,Unfound
,,,,,,,2000026477529,,,,,Unfound
,,,,,,,9182315109,,,,9182315109,Unfound
,,,,,,,1630000612235,,,,,Unfound
,,,,,,,1100013223132,,,,,Unfound
,,,,,,,9178640201,,,,9178640201,Unfound
,,,,,,,1591000135001,,,,,Unfound
,,,,,,,2199991283133,,,,,Unfound
,,,,,,,1300004124842,,,,,Unfound
,,,,,,,5086266406,,,,77477,Unfound
,,,,,,,1200026417010,,,,,Unfound
,,,,,,,2351856381415,,,,,Unfound
,,,,,,,1900012101634,,,,,Unfound
,,,,,,,3932905400,,,,3932905400,Unfound
,,,,,,,1012507145858,,,,,Unfound
,,,,,,,2984528002,,,,2984528002,Unfound
,,,,,,,9297402109,,,,28955,Unfound
,,,,,,,1800029575091,,,,,Unfound
,,,,,,,8815420906,,,,144270,Unfound
,,,,,,,1591020338128,,,,,Unfound
,,,,,,,1410656800003,,,,,Unfound
,,,,,,,1012671846323,,,,,Unfound
,,,,,,,1100003432425,,,,,Unfound
,,,,,,,19904108,,,,19904108,Unfound
,,,,,,,54534201,,,,137,Unfound
,,,,,,,1716039151449,,,,,Unfound
,,,,,,,9297533708,,,,80505,Unfound
,,,,,,,1100050133813,,,,,Unfound
,,,,,,,1100006152754,,,,,Unfound
,,,,,,,72660702,,,,72660702,Unfound
,,,,,,,1271126800,,,,1271126800,Unfound
,,,,,,,1610012422618,,,,,Unfound
,,,,,,,2376504186019,,,,,Unfound
,,,,,,,8880260400,,,,8880260400,Unfound
,,,,,,,1430000009146,,,,,Unfound
,,,,,,,1200025725915,,,,,Unfound
,,,,,,,1900003382462,,,,,Unfound
,,,,,,,1712401532057,,,,,Unfound
,,,,,,,2217211310,,,,11974,Unfound
,,,,,,,1813714205,,,,34043,Unfound
,,,,,,,3956394905,,,,16757,Unfound
,,,,,,,1300005742646,,,,,Unfound
,,,,,,,1012777784787,,,,,Unfound
,,,,,,,1610032207063,,,,,Unfound
,,,,,,,63114808,,,,63114808,Unfound
,,,,,,,2752407508,,,,43985,Unfound
,,,,,,,1100002521395,,,,,Unfound
,,,,,,,64380105,,,,183594,Unfound
,,,,,,,1610013367232,,,,,Unfound
,,,,,,,1591020689414,,,,,Unfound
,,,,,,,2198765341412,,,,,Unfound
,,,,,,,1418346711000,,,,,Unfound
,,,,,,,56141001,,,,76638,Unfound
,,,,,,,8450459702,,,,45179,Unfound
,,,,,,,2300000168500,,,,,Unfound
,,,,,,,2200012251163,,,,,Unfound
,,,,,,,9313385500,,,,171624,Unfound
,,,,,,,4255847802,,,,30373,Unfound
,,,,,,,2000001779289,,,,,Unfound
,,,,,,,1200026908700,,,,,Unfound
,,,,,,,2200012671972,,,,,Unfound
,,,,,,,17294501,,,,17294501,Unfound
,,,,,,,1610019791635,,,,,Unfound
,,,,,,,1710126752000,,,,,Unfound
,,,,,,,1630000001500,,,,,Unfound
,,,,,,,2199990276827,,,,,Unfound
,,,,,,,1200033833909,,,,,Unfound
,,,,,,,1100025386095,,,,,Unfound
,,,,,,,1300000278144,,,,,Unfound
,,,,,,,1800016224344,,,,,Unfound
,,,,,,,1580001080670,,,,,Unfound
,,,,,,,1630000338076,,,,,Unfound
,,,,,,,70237108,,,,70237108,Unfound
,,,,,,,1591010369379,,,,,Unfound
,,,,,,,9091917704,,,,465465,Unfound
,,,,,,,1100024544219,,,,,Unfound
,,,,,,,9122088806,,,,9122088806,Unfound
,,,,,,,1900042138158,,,,,Unfound
,,,,,,,2330391286118,,,,,Unfound
,,,,,,,9088532803,,,,10983,Unfound
,,,,,,,1012724178225,,,,,Unfound
,,,,,,,9201022507,,,,9201022507,Unfound
,,,,,,,1591050731849,,,,,Unfound
,,,,,,,71851502,,,,71851502,Unfound
,,,,,,,8869657203,,,,3339,Unfound
,,,,,,,58901806,,,,58901806,Unfound
,,,,,,,2000020255971,,,,,Unfound
,,,,,,,2000021499476,,,,,Unfound
,,,,,,,1014569728121,,,,,Unfound
,,,,,,,1800021682274,,,,,Unfound
,,,,,,,1800023307465,,,,,Unfound
,,,,,,,2199994263111,,,,,Unfound
,,,,,,,9099253002,,,,37672,Unfound
,,,,,,,9213209203,,,,9962,Unfound
,,,,,,,1416709803007,,,,,Unfound
,,,,,,,2390000009055,,,,,Unfound
,,,,,,,1012854522670,,,,,Unfound
,,,,,,,2199994187180,,,,,Unfound
,,,,,,,1200037571893,,,,,Unfound
,,,,,,,1800020655154,,,,,Unfound
,,,,,,,2000051073980,,,,,Unfound
,,,,,,,45811705,,,,219985,Unfound
,,,,,,,68078609,,,,53664,Unfound
,,,,,,,77539901,,,,77539901,Unfound
,,,,,,,2000022511673,,,,,Unfound
,,,,,,,1100007320826,,,,,Unfound
,,,,,,,2000014243616,,,,,Unfound
,,,,,,,2199992519411,,,,,Unfound
,,,,,,,2000022326710,,,,,Unfound
,,,,,,,67611809,,,,132834,Unfound
,,,,,,,1100021342777,,,,,Unfound
,,,,,,,1900047000269,,,,,Unfound
,,,,,,,2000015627416,,,,,Unfound
,,,,,,,1483068001,,,,14034,Unfound
,,,,,,,1800022605299,,,,,Unfound
,,,,,,,2000051224521,,,,,Unfound
,,,,,,,1712042523751,,,,,Unfound
,,,,,,,66622405,,,,34,Unfound
,,,,,,,53587801,,,,41718,Unfound
,,,,,,,2366511387510,,,,,Unfound
,,,,,,,1580000426038,,,,,Unfound
,,,,,,,8817228610,,,,1,Unfound
,,,,,,,1093488405,,,,1093488405,Unfound
,,,,,,,2360510854018,,,,,Unfound
,,,,,,,2199999612881,,,,,Unfound
,,,,,,,1900049305090,,,,,Unfound
,,,,,,,51582601,,,,18536,Unfound
,,,,,,,1200021005707,,,,,Unfound
,,,,,,,50292306,,,,50292306,Unfound
,,,,,,,1460001724479,,,,,Unfound
,,,,,,,2000051906085,,,,,Unfound
,,,,,,,1918777902,,,,2884,Unfound
,,,,,,,4037753810,,,,25503,Unfound
,,,,,,,8829287609,,,,8829287609,Unfound
,,,,,,,77377800,,,,1,Unfound
,,,,,,,548043501,,,,548043501,Unfound
,,,,,,,2199994598220,,,,,Unfound
,,,,,,,1714620634500,,,,,Unfound
,,,,,,,1100002895874,,,,,Unfound
,,,,,,,10632201,,,,10632201,Unfound
,,,,,,,1900028000308,,,,,Unfound
,,,,,,,1100005690468,,,,,Unfound
,,,,,,,1800024803463,,,,,Unfound
,,,,,,,1470000458934,,,,,Unfound
,,,,,,,1012871310831,,,,,Unfound
,,,,,,,1200041848111,,,,,Unfound
,,,,,,,8822465807,,,,11,Unfound
,,,,,,,1900027000002,,,,,Unfound
,,,,,,,1200052242217,,,,,Unfound
,,,,,,,9643504,,,,163024,Unfound
,,,,,,,2000013675028,,,,,Unfound
,,,,,,,1900019064918,,,,,Unfound
,,,,,,,61551809,,,,543941,Unfound
,,,,,,,9156153403,,,,649,Unfound
,,,,,,,53840809,,,,43535,Unfound
,,,,,,,1293526805,,,,4337,Unfound
,,,,,,,1200020641386,,,,,Unfound
,,,,,,,1014571042576,,,,,Unfound
,,,,,,,2199993214099,,,,,Unfound
,,,,,,,1012688355037,,,,,Unfound
,,,,,,,49093407,,,,151303,Unfound
,,,,,,,52013207,,,,,Unfound
,,,,,,,5075803507,,,,5075803507,Unfound
,,,,,,,2194034105,,,,2194034105,Unfound
,,,,,,,1100006690478,,,,,Unfound
,,,,,,,63851910,,,,16720,Unfound
,,,,,,,598755500,,,,,Unfound
,,,,,,,1800031651886,,,,,Unfound
,,,,,,,2199989610016,,,,,Unfound
,,,,,,,9088468001,,,,50899,Unfound
,,,,,,,1904225903,,,,58913,Unfound
,,,,,,,1580000202025,,,,,Unfound
,,,,,,,1012529794414,,,,,Unfound
,,,,,,,1460000103568,,,,,Unfound
,,,,,,,1600000000327,,,,,Unfound
,,,,,,,1100021953800,,,,,Unfound
,,,,,,,8253104,,,,1,Unfound
,,,,,,,55541607,,,,37171,Unfound
,,,,,,,2000020574973,,,,,Unfound
,,,,,,,2000007477437,,,,,Unfound
,,,,,,,1200042457431,,,,,Unfound
,,,,,,,2199996473620,,,,,Unfound
,,,,,,,2366510044010,,,,,Unfound
,,,,,,,1200000002928,,,,,Unfound
,,,,,,,2380000000000,,,,,Unfound
,,,,,,,1580000638027,,,,,Unfound
,,,,,,,1610030691096,,,,,Unfound
,,,,,,,2200042325180,,,,,Unfound
,,,,,,,2199989648589,,,,,Unfound
,,,,,,,1012506599148,,,,,Unfound
,,,,,,,1610002839805,,,,,Unfound
,,,,,,,1300051397926,,,,,Unfound
,,,,,,,4519243910,,,,4519243910,Unfound
,,,,,,,9088046401,,,,89259,Unfound
,,,,,,,2362351239111,,,,,Unfound
,,,,,,,1200028146965,,,,,Unfound
,,,,,,,16018505,,,,16018505,Unfound
,,,,,,,1610027009311,,,,,Unfound
,,,,,,,1013041012428,,,,,Unfound
,,,,,,,2000027460010,,,,,Unfound
,,,,,,,9202952401,,,,88958,Unfound
,,,,,,,3038588302,,,,3038588302,Unfound
,,,,,,,1200040038654,,,,,Unfound
,,,,,,,2353571680213,,,,,Unfound
,,,,,,,1600000029792,,,,,Unfound
,,,,,,,1300035407440,,,,,Unfound
,,,,,,,4029817803,,,,,Unfound
,,,,,,,2341465084415,,,,,Unfound
,,,,,,,2341412270610,,,,,Unfound
,,,,,,,1012394340056,,,,,Unfound
,,,,,,,2996222600,,,,2996222600,Unfound
,,,,,,,79161405,,,,232713,Unfound
,,,,,,,1030003010004,,,,,Unfound
,,,,,,,1100051102950,,,,,Unfound
,,,,,,,1100010116800,,,,,Unfound
,,,,,,,4232510200,,,,9760,Unfound
,,,,,,,1580001085508,,,,,Unfound
,,,,,,,3927773103,,,,50887,Unfound
,,,,,,,1100015564399,,,,,Unfound
,,,,,,,7650687508,,,,60620,Unfound
,,,,,,,8816947110,,,,72209,Unfound
,,,,,,,47732708,,,,47732708,Unfound
,,,,,,,1900026422680,,,,,Unfound
,,,,,,,8908682605,,,,54323,Unfound
,,,,,,,2000023669616,,,,,Unfound
,,,,,,,5040738209,,,,5040738209,Unfound
,,,,,,,2351849309414,,,,,Unfound
,,,,,,,1610000000000,,,,,Unfound
,,,,,,,1100002462465,,,,,Unfound
,,,,,,,2000052753613,,,,,Unfound
,,,,,,,661938607,,,,377,Unfound
,,,,,,,2380000675574,,,,,Unfound
,,,,,,,60136500,,,,11018,Unfound
,,,,,,,1591021740337,,,,,Unfound
,,,,,,,1012994199370,,,,,Unfound
,,,,,,,2199995043683,,,,,Unfound
,,,,,,,2000003196683,,,,,Unfound
,,,,,,,2380001493767,,,,,Unfound
,,,,,,,1800031034483,,,,,Unfound
,,,,,,,2353422293917,,,,,Unfound
,,,,,,,2326540820113,,,,,Unfound
,,,,,,,1591014730690,,,,,Unfound
,,,,,,,10881200,,,,,Unfound
,,,,,,,2000001373690,,,,,Unfound
,,,,,,,2000051313303,,,,,Unfound
,,,,,,,1100025534903,,,,,Unfound
,,,,,,,1100007280712,,,,,Unfound
,,,,,,,76790410,,,,42437,Unfound
,,,,,,,1610018700265,,,,,Unfound
,,,,,,,1300009925415,,,,,Unfound
,,,,,,,45528800,,,,58027,Unfound
,,,,,,,2332190340015,,,,,Unfound
,,,,,,,1912523604,,,,14427,Unfound
,,,,,,,2000002590528,,,,,Unfound
,,,,,,,1900020185435,,,,,Unfound
,,,,,,,2424103705,,,,2424103705,Unfound
,,,,,,,1100020796011,,,,,Unfound
,,,,,,,1015679356689,,,,,Unfound
,,,,,,,1012407335519,,,,,Unfound
,,,,,,,1610011254379,,,,,Unfound
,,,,,,,1200040800847,,,,,Unfound
,,,,,,,1800014598965,,,,,Unfound
,,,,,,,1610000924789,,,,,Unfound
,,,,,,,1900027238190,,,,,Unfound
,,,,,,,1012581724965,,,,,Unfound
,,,,,,,1610009189979,,,,,Unfound
,,,,,,,1100023564367,,,,,Unfound
,,,,,,,1716729014006,,,,,Unfound
,,,,,,,1027287002,,,,69528,Unfound
,,,,,,,9158872805,,,,1,Unfound
,,,,,,,1610010135147,,,,,Unfound
,,,,,,,2000003921966,,,,,Unfound
,,,,,,,81658009,,,,1,Unfound
,,,,,,,2100041086540,,,,,Unfound
,,,,,,,58320303,,,,81332,Unfound
,,,,,,,1012983190884,,,,,Unfound
,,,,,,,1800016775730,,,,,Unfound
,,,,,,,1610022293933,,,,,Unfound
,,,,,,,1023510583218,,,,,Unfound
,,,,,,,3265143101,,,,3265143101,Unfound
,,,,,,,2199992943679,,,,,Unfound
,,,,,,,1012974022162,,,,,Unfound
,,,,,,,60199603,,,,60199603,Unfound
,,,,,,,80483006,,,,150377,Unfound
,,,,,,,1012567056253,,,,,Unfound
,,,,,,,1800031119871,,,,,Unfound
,,,,,,,2600000529306,,,,,Unfound
,,,,,,,3304019503,,,,62150,Unfound
,,,,,,,4156035805,,,,4156035805,Unfound
,,,,,,,1300007164420,,,,,Unfound
,,,,,,,2000000890162,,,,,Unfound
,,,,,,,55275208,,,,55275208,Unfound
,,,,,,,1100009881655,,,,,Unfound
,,,,,,,4172884506,,,,238,Unfound
,,,,,,,1012797810191,,,,,Unfound
,,,,,,,2000027367117,,,,,Unfound
,,,,,,,1413418070007,,,,,Unfound
,,,,,,,1580001329716,,,,,Unfound
,,,,,,,1200026224887,,,,,Unfound
,,,,,,,2200042065040,,,,,Unfound
,,,,,,,1012416334033,,,,,Unfound
,,,,,,,2000053655926,,,,,Unfound
,,,,,,,8833212306,,,,13432,Unfound
,,,,,,,1013004461284,,,,,Unfound
,,,,,,,1300000281292,,,,,Unfound
,,,,,,,77875300,,,,148550,Unfound
,,,,,,,44963903,,,,44963903,Unfound
,,,,,,,1591055775549,,,,,Unfound
,,,,,,,3356341504,,,,3356341504,Unfound
,,,,,,,1717107833856,,,,,Unfound
,,,,,,,5003430306,,,,18162,Unfound
,,,,,,,2000016154525,,,,,Unfound
,,,,,,,2000018493516,,,,,Unfound
,,,,,,,1570000237110,,,,,Unfound
,,,,,,,1012454152019,,,,,Unfound
,,,,,,,1100003101446,,,,,Unfound
,,,,,,,3413127705,,,,42839,Unfound
,,,,,,,1800021438928,,,,,Unfound
,,,,,,,1012908333013,,,,,Unfound
,,,,,,,72991007,,,,92613,Unfound
,,,,,,,2000004675936,,,,,Unfound
,,,,,,,1800024158982,,,,,Unfound
,,,,,,,8812972010,,,,561,Unfound
,,,,,,,2300000270988,,,,,Unfound
,,,,,,,2000001643550,,,,,Unfound
,,,,,,,2200014278023,,,,,Unfound
,,,,,,,19736708,,,,1,Unfound
,,,,,,,2314155191012,,,,,Unfound
,,,,,,,1610018414621,,,,,Unfound
,,,,,,,1610009400464,,,,,Unfound
,,,,,,,62895510,,,,167156,Unfound
,,,,,,,69958600,,,,69958600,Unfound
,,,,,,,45123807,,,,57123,Unfound
,,,,,,,1610019829191,,,,,Unfound
,,,,,,,1300009535792,,,,,Unfound
,,,,,,,1900007219245,,,,,Unfound
,,,,,,,929939108,,,,3155,Unfound
,,,,,,,1300005021251,,,,,Unfound
,,,,,,,1200051077518,,,,,Unfound
,,,,,,,1100011870040,,,,,Unfound
,,,,,,,2000053386172,,,,,Unfound
,,,,,,,64771805,,,,28929,Unfound
,,,,,,,1012552117063,,,,,Unfound
,,,,,,,2320114485114,,,,,Unfound
,,,,,,,8820838608,,,,1,Unfound
,,,,,,,2334790136712,,,,,Unfound
,,,,,,,1012531489512,,,,,Unfound
,,,,,,,2000052017416,,,,,Unfound
,,,,,,,2360198249412,,,,,Unfound
,,,,,,,1610010006901,,,,,Unfound
,,,,,,,66438906,,,,66438906,Unfound
,,,,,,,1200039655393,,,,,Unfound
,,,,,,,1591023356315,,,,,Unfound
,,,,,,,1900090382535,,,,,Unfound
,,,,,,,1014570010004,,,,,Unfound
,,,,,,,1900041126550,,,,,Unfound
,,,,,,,1630000556101,,,,,Unfound
,,,,,,,2000008815367,,,,,Unfound
,,,,,,,2426469601,,,,2654,Unfound
,,,,,,,1900042058060,,,,,Unfound
,,,,,,,16705603,,,,16705603,Unfound
,,,,,,,3971387805,,,,3971387805,Unfound
,,,,,,,1610003654625,,,,,Unfound
,,,,,,,67998310,,,,67998310,Unfound
,,,,,,,1900019067148,,,,,Unfound
,,,,,,,2380001089783,,,,,Unfound
,,,,,,,2000027407346,,,,,Unfound
,,,,,,,2325561893212,,,,,Unfound
,,,,,,,69471706,,,,69471706,Unfound
,,,,,,,2000013638319,,,,,Unfound
,,,,,,,2972562906,,,,21464,Unfound
,,,,,,,1100023213568,,,,,Unfound
,,,,,,,1200010113255,,,,,Unfound
,,,,,,,1800026624602,,,,,Unfound
,,,,,,,1300035393002,,,,,Unfound
,,,,,,,8846930302,,,,8846930302,Unfound
,,,,,,,1128006900,,,,,Unfound
,,,,,,,1610002008578,,,,,Unfound
,,,,,,,1800024477256,,,,,Unfound
,,,,,,,9218028606,,,,84416,Unfound
,,,,,,,1300054909832,,,,,Unfound
,,,,,,,2000013965180,,,,,Unfound
,,,,,,,618475800,,,,30266,Unfound
,,,,,,,1900029183116,,,,,Unfound
,,,,,,,1800019372151,,,,,Unfound
,,,,,,,1012451156952,,,,,Unfound
,,,,,,,58527606,,,,58527606,Unfound
,,,,,,,8851743800,,,,,Unfound
,,,,,,,9084067703,,,,9084067703,Unfound
,,,,,,,1610003212141,,,,,Unfound
,,,,,,,1100007773638,,,,,Unfound
,,,,,,,1591059438514,,,,,Unfound
,,,,,,,1419466320000,,,,,Unfound
,,,,,,,1200024471805,,,,,Unfound
,,,,,,,2000027346367,,,,,Unfound
,,,,,,,1610003586133,,,,,Unfound
,,,,,,,2200010249000,,,,,Unfound
,,,,,,,1900060813898,,,,,Unfound
,,,,,,,1900006411753,,,,,Unfound
,,,,,,,18272406,,,,87467,Unfound
,,,,,,,2000027377746,,,,,Unfound
,,,,,,,1200028655251,,,,,Unfound
,,,,,,,2200019430809,,,,,Unfound
,,,,,,,54528801,,,,72391,Unfound
,,,,,,,1300010962736,,,,,Unfound
,,,,,,,2119169307,,,,2119169307,Unfound
,,,,,,,1012430685115,,,,,Unfound
,,,,,,,1100002485649,,,,,Unfound
,,,,,,,1200036909551,,,,,Unfound
,,,,,,,1610023931180,,,,,Unfound
,,,,,,,2331280848917,,,,,Unfound
,,,,,,,1412728812008,,,,,Unfound
,,,,,,,9203154310,,,,30952,Unfound
,,,,,,,2365802546611,,,,,Unfound
,,,,,,,2363926259018,,,,,Unfound
,,,,,,,2199994156679,,,,,Unfound
,,,,,,,1460001417598,,,,,Unfound
,,,,,,,1012754730739,,,,,Unfound
,,,,,,,2199999538698,,,,,Unfound
,,,,,,,73355702,,,,1,Unfound
,,,,,,,1012668990870,,,,,Unfound
,,,,,,,1300012008654,,,,,Unfound
,,,,,,,1200050376131,,,,,Unfound
,,,,,,,3927767007,,,,19346,Unfound
,,,,,,,1200022673520,,,,,Unfound
,,,,,,,1591052231750,,,,,Unfound
,,,,,,,1141585010,,,,1141585010,Unfound
,,,,,,,2313390374013,,,,,Unfound
,,,,,,,1100005315842,,,,,Unfound
,,,,,,,1100011133114,,,,,Unfound
,,,,,,,1300010931979,,,,,Unfound
,,,,,,,1030018334228,,,,,Unfound
,,,,,,,1591060513747,,,,,Unfound
,,,,,,,2343802324716,,,,,Unfound
,,,,,,,2200013002908,,,,,Unfound
,,,,,,,1200010035971,,,,,Unfound
,,,,,,,1013029240100,,,,,Unfound
,,,,,,,1610027505639,,,,,Unfound
,,,,,,,1200022934715,,,,,Unfound
,,,,,,,2425188307,,,,2425188307,Unfound
,,,,,,,2380000608763,,,,,Unfound
,,,,,,,2000027469022,,,,,Unfound
,,,,,,,1591017727575,,,,,Unfound
,,,,,,,1610000483996,,,,,Unfound
,,,,,,,1012774829511,,,,,Unfound
,,,,,,,1900009046850,,,,,Unfound
,,,,,,,1712455413252,,,,,Unfound
,,,,,,,2321444011010,,,,,Unfound
,,,,,,,2200012939444,,,,,Unfound
,,,,,,,1714891476500,,,,,Unfound
,,,,,,,1800022039147,,,,,Unfound
,,,,,,,1200036126955,,,,,Unfound
,,,,,,,1900031141621,,,,,Unfound
,,,,,,,1900037365807,,,,,Unfound
,,,,,,,1200040457192,,,,,Unfound
,,,,,,,1470000113118,,,,,Unfound
,,,,,,,1900070444114,,,,,Unfound
,,,,,,,18811309,,,,18811309,Unfound
,,,,,,,1100003618901,,,,,Unfound
,,,,,,,1200039708822,,,,,Unfound
,,,,,,,1300013884230,,,,,Unfound
,,,,,,,1900043248784,,,,,Unfound
,,,,,,,1610028652130,,,,,Unfound
,,,,,,,2312101831219,,,,,Unfound
,,,,,,,3096224110,,,,3096224110,Unfound
,,,,,,,1610011197775,,,,,Unfound
,,,,,,,1591026974245,,,,,Unfound
,,,,,,,1200041912627,,,,,Unfound
,,,,,,,1591048813864,,,,,Unfound
,,,,,,,1100008684500,,,,,Unfound
,,,,,,,2440069207,,,,2440069207,Unfound
,,,,,,,1023515784200,,,,,Unfound
,,,,,,,2199991510533,,,,,Unfound
,,,,,,,3405566309,,,,19704,Unfound
,,,,,,,1200037413422,,,,,Unfound
,,,,,,,1100003762359,,,,,Unfound
,,,,,,,2311655401710,,,,,Unfound
,,,,,,,72738208,,,,72738208,Unfound
,,,,,,,1200026985787,,,,,Unfound
,,,,,,,9179362103,,,,1,Unfound
,,,,,,,2199991302140,,,,,Unfound
,,,,,,,2199997434738,,,,,Unfound
,,,,,,,1800017573616,,,,,Unfound
,,,,,,,6914404,,,,119249,Unfound
,,,,,,,3290139305,,,,3706,Unfound
,,,,,,,2199998230430,,,,,Unfound
,,,,,,,1713500254457,,,,,Unfound
,,,,,,,2100040000035,,,,,Unfound
,,,,,,,1800015873960,,,,,Unfound
,,,,,,,2000013635080,,,,,Unfound
,,,,,,,19236609,,,,19236609,Unfound
,,,,,,,2310106051711,,,,,Unfound
,,,,,,,1100018153650,,,,,Unfound
,,,,,,,2199998948983,,,,,Unfound
,,,,,,,2199993865019,,,,,Unfound
,,,,,,,1591012147490,,,,,Unfound
,,,,,,,1900026353566,,,,,Unfound
,,,,,,,1610012070174,,,,,Unfound
,,,,,,,2000026642885,,,,,Unfound
,,,,,,,1610009297958,,,,,Unfound
,,,,,,,1300007771365,,,,,Unfound
,,,,,,,1160000691163,,,,,Unfound
,,,,,,,1012690624906,,,,,Unfound
,,,,,,,1800015864716,,,,,Unfound
,,,,,,,69710204,,,,42392,Unfound
,,,,,,,1013004021295,,,,,Unfound
,,,,,,,1591159724507,,,,,Unfound
,,,,,,,1100018102600,,,,,Unfound
,,,,,,,1336991504,,,,14234,Unfound
,,,,,,,1547045003,,,,,Unfound
,,,,,,,1712850692500,,,,,Unfound
,,,,,,,1200002482649,,,,,Unfound
,,,,,,,2200021815062,,,,,Unfound
,,,,,,,1900041158933,,,,,Unfound
,,,,,,,2200013764095,,,,,Unfound
,,,,,,,1900027219597,,,,,Unfound
,,,,,,,51869700,,,,51869700,Unfound
,,,,,,,4248367707,,,,16351,Unfound
,,,,,,,1710171166006,,,,,Unfound
,,,,,,,2000014886307,,,,,Unfound
,,,,,,,1900048013960,,,,,Unfound
,,,,,,,1012599313759,,,,,Unfound
,,,,,,,1610029314819,,,,,Unfound
,,,,,,,1100003362042,,,,,Unfound
,,,,,,,1900047171196,,,,,Unfound
,,,,,,,2198765196525,,,,,Unfound
,,,,,,,2199998041518,,,,,Unfound
,,,,,,,2000023920717,,,,,Unfound
,,,,,,,2200022406426,,,,,Unfound
,,,,,,,1100003153365,,,,,Unfound
,,,,,,,1200040389667,,,,,Unfound
,,,,,,,2380000797788,,,,,Unfound
,,,,,,,2000022559026,,,,,Unfound
,,,,,,,1100002441702,,,,,Unfound
,,,,,,,2200016013025,,,,,Unfound
,,,,,,,2200014114158,,,,,Unfound
,,,,,,,1610013878139,,,,,Unfound
,,,,,,,2000017139012,,,,,Unfound
,,,,,,,1200039659529,,,,,Unfound
,,,,,,,1300001978395,,,,,Unfound
,,,,,,,2000013612792,,,,,Unfound
,,,,,,,8836778103,,,,65092,Unfound
,,,,,,,2334300540717,,,,,Unfound
,,,,,,,2200014960703,,,,,Unfound
,,,,,,,9171412410,,,,9171412410,Unfound
,,,,,,,1800030895254,,,,,Unfound
,,,,,,,17157704,,,,17157704,Unfound
,,,,,,,1300001412685,,,,,Unfound
,,,,,,,1591039543135,,,,,Unfound
,,,,,,,1416010580003,,,,,Unfound
,,,,,,,1200034331733,,,,,Unfound
,,,,,,,2200011104680,,,,,Unfound
,,,,,,,1300013147010,,,,,Unfound
,,,,,,,1610023106527,,,,,Unfound
,,,,,,,1300012234610,,,,,Unfound
,,,,,,,1800015908736,,,,,Unfound
,,,,,,,1591045870131,,,,,Unfound
,,,,,,,1900000386047,,,,,Unfound
,,,,,,,3088119903,,,,1,Unfound
,,,,,,,2355525024912,,,,,Unfound
,,,,,,,2000027332364,,,,,Unfound
,,,,,,,1012667265414,,,,,Unfound
,,,,,,,1012625570556,,,,,Unfound
,,,,,,,1885707205,,,,1885707205,Unfound
,,,,,,,2200031233920,,,,,Unfound
,,,,,,,2333568279910,,,,,Unfound
,,,,,,,1300010377423,,,,,Unfound
,,,,,,,1430000044569,,,,,Unfound
,,,,,,,1100003939478,,,,,Unfound
,,,,,,,1591000009260,,,,,Unfound
,,,,,,,1012990842523,,,,,Unfound
,,,,,,,1800017102266,,,,,Unfound
,,,,,,,1012807751252,,,,,Unfound
,,,,,,,1012544010251,,,,,Unfound
,,,,,,,1100004033780,,,,,Unfound
,,,,,,,1200010192424,,,,,Unfound
,,,,,,,1800023970039,,,,,Unfound
,,,,,,,1200050182443,,,,,Unfound
,,,,,,,1100004578630,,,,,Unfound
,,,,,,,2324331671513,,,,,Unfound
,,,,,,,3285980803,,,,55499,Unfound
,,,,,,,60448205,,,,1844,Unfound
,,,,,,,1200036526348,,,,,Unfound
,,,,,,,2350571765011,,,,,Unfound
,,,,,,,1200037147316,,,,,Unfound
,,,,,,,2511117208,,,,11975,Unfound
,,,,,,,3385200903,,,,950,Unfound
,,,,,,,2542463902,,,,206360,Unfound
,,,,,,,2332502554816,,,,,Unfound
,,,,,,,2344442514710,,,,,Unfound
,,,,,,,638151707,,,,638151707,Unfound
,,,,,,,1300007428946,,,,,Unfound
,,,,,,,2133301105,,,,1,Unfound
,,,,,,,1591058864129,,,,,Unfound
,,,,,,,67157207,,,,67157207,Unfound
,,,,,,,4205064503,,,,20262,Unfound
,,,,,,,1591040565945,,,,,Unfound
,,,,,,,1900049129284,,,,,Unfound
,,,,,,,1800031658784,,,,,Unfound
,,,,,,,1591000091990,,,,,Unfound
,,,,,,,1900019132806,,,,,Unfound
,,,,,,,2200023429489,,,,,Unfound
,,,,,,,1620000368525,,,,,Unfound
,,,,,,,2000013420480,,,,,Unfound
,,,,,,,1100022057525,,,,,Unfound
,,,,,,,2336257082910,,,,,Unfound
,,,,,,,1800032466046,,,,,Unfound
,,,,,,,82937209,,,,82937209,Unfound
,,,,,,,3956390010,,,,3956390010,Unfound
,,,,,,,1800026505950,,,,,Unfound
,,,,,,,1591048860093,,,,,Unfound
,,,,,,,1610005250380,,,,,Unfound
,,,,,,,2390000061046,,,,,Unfound
,,,,,,,2462768503,,,,11890,Unfound
,,,,,,,79376808,,,,79376808,Unfound
,,,,,,,1200032910066,,,,,Unfound
,,,,,,,2000022229175,,,,,Unfound
,,,,,,,1200028154910,,,,,Unfound
,,,,,,,1800020924164,,,,,Unfound
,,,,,,,1200050641750,,,,,Unfound
,,,,,,,1900033194350,,,,,Unfound
,,,,,,,2380000139820,,,,,Unfound
,,,,,,,1300037712097,,,,,Unfound
,,,,,,,1100001835572,,,,,Unfound
,,,,,,,2365306908910,,,,,Unfound
,,,,,,,2000000010096,,,,,Unfound
,,,,,,,2380000463186,,,,,Unfound
,,,,,,,1610023189532,,,,,Unfound
,,,,,,,4022660300,,,,18086,Unfound
,,,,,,,1600000039230,,,,,Unfound
,,,,,,,1100003506193,,,,,Unfound
,,,,,,,1570000037162,,,,,Unfound
,,,,,,,1200060013548,,,,,Unfound
,,,,,,,1800031657372,,,,,Unfound
,,,,,,,1012653501989,,,,,Unfound
,,,,,,,2000022334400,,,,,Unfound
,,,,,,,2000027376334,,,,,Unfound
,,,,,,,1900044117424,,,,,Unfound
,,,,,,,2362619379913,,,,,Unfound
,,,,,,,1900026425547,,,,,Unfound
,,,,,,,1900031172620,,,,,Unfound
,,,,,,,2380001080841,,,,,Unfound
,,,,,,,2000005963620,,,,,Unfound
,,,,,,,1300010207369,,,,,Unfound
,,,,,,,16837710,,,,26425,Unfound
,,,,,,,1013054409235,,,,,Unfound
,,,,,,,1100002325095,,,,,Unfound
,,,,,,,4271933405,,,,5685,Unfound
,,,,,,,2000052483502,,,,,Unfound
,,,,,,,2200040809276,,,,,Unfound
,,,,,,,1600000002918,,,,,Unfound
,,,,,,,2199995186354,,,,,Unfound
,,,,,,,1300007814656,,,,,Unfound
,,,,,,,1610013415310,,,,,Unfound
,,,,,,,75790405,,,,75790405,Unfound
,,,,,,,2199991571971,,,,,Unfound
,,,,,,,585012903,,,,585012903,Unfound
,,,,,,,1900004206280,,,,,Unfound
,,,,,,,1416074951005,,,,,Unfound
,,,,,,,1900035022574,,,,,Unfound
,,,,,,,76983006,,,,61852,Unfound
,,,,,,,2374151659414,,,,,Unfound
,,,,,,,2000052602524,,,,,Unfound
,,,,,,,2000018004690,,,,,Unfound
,,,,,,,1012791238867,,,,,Unfound
,,,,,,,1620001648797,,,,,Unfound
,,,,,,,48277109,,,,152999,Unfound
,,,,,,,1600000038218,,,,,Unfound
,,,,,,,1012516988478,,,,,Unfound
,,,,,,,2300000889782,,,,,Unfound
,,,,,,,1620000652515,,,,,Unfound
,,,,,,,1012396744935,,,,,Unfound
,,,,,,,1100024930035,,,,,Unfound
,,,,,,,83568007,,,,175192,Unfound
,,,,,,,1600000001900,,,,,Unfound
,,,,,,,2344446820414,,,,,Unfound
,,,,,,,2000052544244,,,,,Unfound
,,,,,,,1100012291600,,,,,Unfound
,,,,,,,1411164550005,,,,,Unfound
,,,,,,,1591047366890,,,,,Unfound
,,,,,,,2000026127227,,,,,Unfound
,,,,,,,2000010630317,,,,,Unfound
,,,,,,,49143407,,,,49143407,Unfound
,,,,,,,1200022328226,,,,,Unfound
,,,,,,,1591020736065,,,,,Unfound
,,,,,,,1200023229999,,,,,Unfound
,,,,,,,1610013015927,,,,,Unfound
,,,,,,,1200025565144,,,,,Unfound
,,,,,,,1900042263718,,,,,Unfound
,,,,,,,1100014909514,,,,,Unfound
,,,,,,,3354665307,,,,13782,Unfound
,,,,,,,1591050617661,,,,,Unfound
,,,,,,,1200034621497,,,,,Unfound
,,,,,,,14756801,,,,127968,Unfound
,,,,,,,2000004833511,,,,,Unfound
,,,,,,,1200036489110,,,,,Unfound
,,,,,,,52860709,,,,33303,Unfound
,,,,,,,1100003705769,,,,,Unfound
,,,,,,,8821639506,,,,,Unfound
,,,,,,,1200034972082,,,,,Unfound
,,,,,,,1012994111747,,,,,Unfound
,,,,,,,2199997872029,,,,,Unfound
,,,,,,,60197902,,,,64343,Unfound
,,,,,,,1012348624102,,,,,Unfound
,,,,,,,1100012009091,,,,,Unfound
,,,,,,,1610031842552,,,,,Unfound
,,,,,,,1900023112699,,,,,Unfound
,,,,,,,1800029470956,,,,,Unfound
,,,,,,,1800026502045,,,,,Unfound
,,,,,,,2200030041000,,,,,Unfound
,,,,,,,1300011483169,,,,,Unfound
,,,,,,,1298027105,,,,65549,Unfound
,,,,,,,2340302030416,,,,,Unfound
,,,,,,,1200028091730,,,,,Unfound
,,,,,,,59867905,,,,22651,Unfound
,,,,,,,2200013423569,,,,,Unfound
,,,,,,,1414477712004,,,,,Unfound
,,,,,,,1100006870368,,,,,Unfound
,,,,,,,2315511362112,,,,,Unfound
,,,,,,,1610010193900,,,,,Unfound
,,,,,,,1620001460025,,,,,Unfound
,,,,,,,85086504,,,,378379,Unfound
,,,,,,,2000006026222,,,,,Unfound
,,,,,,,1200028647223,,,,,Unfound
,,,,,,,1900070504907,,,,,Unfound
,,,,,,,1012870000000,,,,,Unfound
,,,,,,,2380002000439,,,,,Unfound
,,,,,,,70445407,,,,15993,Unfound
,,,,,,,2352595301219,,,,,Unfound
,,,,,,,2323860184819,,,,,Unfound
,,,,,,,1418694141007,,,,,Unfound
,,,,,,,1425385000002,,,,,Unfound
,,,,,,,1200061501990,,,,,Unfound
,,,,,,,3956083102,,,,28504,Unfound
,,,,,,,1610031852658,,,,,Unfound
,,,,,,,1012713895617,,,,,Unfound
,,,,,,,2000002333067,,,,,Unfound
,,,,,,,1100039614746,,,,,Unfound
,,,,,,,1610004313588,,,,,Unfound
,,,,,,,2362412359219,,,,,Unfound
,,,,,,,1610023719454,,,,,Unfound
,,,,,,,1100004236631,,,,,Unfound
,,,,,,,2335941082116,,,,,Unfound
,,,,,,,1200030000000,,,,,Unfound
,,,,,,,1868211807,,,,69854,Unfound
,,,,,,,1100003141607,,,,,Unfound
,,,,,,,2200023769579,,,,,Unfound
,,,,,,,2365740065010,,,,,Unfound
,,,,,,,2312900141010,,,,,Unfound
,,,,,,,2000027958705,,,,,Unfound
,,,,,,,1012723178641,,,,,Unfound
,,,,,,,1167704,,,,1167704,Unfound
,,,,,,,5542410,,,,5542410,Unfound
,,,,,,,1900013402470,,,,,Unfound
,,,,,,,1100007381953,,,,,Unfound
,,,,,,,1012880553843,,,,,Unfound
,,,,,,,2000019280418,,,,,Unfound
,,,,,,,61795007,,,,14865,Unfound
,,,,,,,1527807509,,,,78090,Unfound
,,,,,,,84022203,,,,61139,Unfound
,,,,,,,2300000068407,,,,,Unfound
,,,,,,,1800019949480,,,,,Unfound
,,,,,,,1900010414454,,,,,Unfound
,,,,,,,1100004270270,,,,,Unfound
,,,,,,,1800022851181,,,,,Unfound
,,,,,,,1591056297124,,,,,Unfound
,,,,,,,550606002,,,,8015,Unfound
,,,,,,,2199994258715,,,,,Unfound
,,,,,,,2000000672694,,,,,Unfound
,,,,,,,49127903,,,,49127903,Unfound
,,,,,,,1300002671346,,,,,Unfound
,,,,,,,82085408,,,,82085408,Unfound
,,,,,,,1300000154922,,,,,Unfound
,,,,,,,1591024073456,,,,,Unfound
,,,,,,,1013069586939,,,,,Unfound
,,,,,,,2000003420135,,,,,Unfound
,,,,,,,2199993611127,,,,,Unfound
,,,,,,,50811809,,,,50811809,Unfound
,,,,,,,2199991838635,,,,,Unfound
,,,,,,,2376210871014,,,,,Unfound
,,,,,,,1900060006988,,,,,Unfound
,,,,,,,1414566180003,,,,,Unfound
,,,,,,,1412626731007,,,,,Unfound
,,,,,,,2200013642467,,,,,Unfound
,,,,,,,1200042582090,,,,,Unfound
,,,,,,,2413615205,,,,2413615205,Unfound
,,,,,,,1591059287068,,,,,Unfound
,,,,,,,1900026000175,,,,,Unfound
,,,,,,,2200022833267,,,,,Unfound
,,,,,,,2380001245005,,,,,Unfound
,,,,,,,2199998923241,,,,,Unfound
,,,,,,,8825730310,,,,8825730310,Unfound
,,,,,,,2200010904193,,,,,Unfound
,,,,,,,2331659988914,,,,,Unfound
,,,,,,,2200010239322,,,,,Unfound
,,,,,,,1712853962109,,,,,Unfound
,,,,,,,1200029520616,,,,,Unfound
,,,,,,,1170000084002,,,,,Unfound
,,,,,,,2330323742717,,,,,Unfound
,,,,,,,58904206,,,,82468,Unfound
,,,,,,,2100040586931,,,,,Unfound
,,,,,,,1100023875873,,,,,Unfound
,,,,,,,2200022682439,,,,,Unfound
,,,,,,,2000002175213,,,,,Unfound
,,,,,,,1591051007017,,,,,Unfound
,,,,,,,8813605201,,,,8813605201,Unfound
,,,,,,,1591016643506,,,,,Unfound
,,,,,,,17806210,,,,80538,Unfound
,,,,,,,1800033787384,,,,,Unfound
,,,,,,,1300004629620,,,,,Unfound
,,,,,,,1100003740587,,,,,Unfound
,,,,,,,1200050469831,,,,,Unfound
,,,,,,,1900060000000,,,,,Unfound
,,,,,,,2200020588042,,,,,Unfound
,,,,,,,2380001213030,,,,,Unfound
,,,,,,,2000000884210,,,,,Unfound
,,,,,,,1800030000016,,,,,Unfound
,,,,,,,1012608244192,,,,,Unfound
,,,,,,,1023523374433,,,,,Unfound
,,,,,,,1200031827480,,,,,Unfound
,,,,,,,61829503,,,,3029,Unfound
,,,,,,,1030000000000,,,,,Unfound
,,,,,,,1013077356797,,,,,Unfound
,,,,,,,569996509,,,,569996509,Unfound
,,,,,,,2316156571717,,,,,Unfound
,,,,,,,1900044391095,,,,,Unfound
,,,,,,,2200040535106,,,,,Unfound
,,,,,,,2000024835008,,,,,Unfound
,,,,,,,9760901,,,,9760901,Unfound
,,,,,,,1620000898424,,,,,Unfound
,,,,,,,1900003314913,,,,,Unfound
,,,,,,,1012838365633,,,,,Unfound
,,,,,,,1200020071596,,,,,Unfound
,,,,,,,2000053160507,,,,,Unfound
,,,,,,,1100014106790,,,,,Unfound
,,,,,,,1100050506718,,,,,Unfound
,,,,,,,1800023123437,,,,,Unfound
,,,,,,,60959410,,,,1,Unfound
,,,,,,,2000010037290,,,,,Unfound
,,,,,,,1592001143249,,,,,Unfound
,,,,,,,7509724305,,,,7574,Unfound
,,,,,,,1800021679420,,,,,Unfound
,,,,,,,8816381602,,,,8816381602,Unfound
,,,,,,,1300006655134,,,,,Unfound
,,,,,,,8912356309,,,,1,Unfound
,,,,,,,1610011018058,,,,,Unfound
,,,,,,,1200021509340,,,,,Unfound
,,,,,,,2000003353817,,,,,Unfound
,,,,,,,1610000304775,,,,,Unfound
,,,,,,,1100003549197,,,,,Unfound
,,,,,,,2199990861396,,,,,Unfound
,,,,,,,1200029072073,,,,,Unfound
,,,,,,,2000003274528,,,,,Unfound
,,,,,,,1100003320070,,,,,Unfound
,,,,,,,1012730000000,,,,,Unfound
,,,,,,,1426894000000,,,,,Unfound
,,,,,,,2100041045605,,,,,Unfound
,,,,,,,2341476024619,,,,,Unfound
,,,,,,,2333080246914,,,,,Unfound
,,,,,,,2000010070302,,,,,Unfound
,,,,,,,2346542588214,,,,,Unfound
,,,,,,,1591050513100,,,,,Unfound
,,,,,,,8880149610,,,,67103,Unfound
,,,,,,,66187806,,,,,Unfound
,,,,,,,2332101152810,,,,,Unfound
,,,,,,,2200012453386,,,,,Unfound
,,,,,,,1100002366710,,,,,Unfound
,,,,,,,2000027452710,,,,,Unfound
,,,,,,,1200022239300,,,,,Unfound
,,,,,,,1300007198615,,,,,Unfound
,,,,,,,9116623502,,,,9116623502,Unfound
,,,,,,,1610005234699,,,,,Unfound
,,,,,,,1200032519700,,,,,Unfound
,,,,,,,1300002347878,,,,,Unfound
,,,,,,,1592001131990,,,,,Unfound
,,,,,,,1900005277342,,,,,Unfound
,,,,,,,2000025114440,,,,,Unfound
,,,,,,,2200040540230,,,,,Unfound
,,,,,,,1200039296180,,,,,Unfound
,,,,,,,1200040770866,,,,,Unfound
,,,,,,,71808602,,,,21780,Unfound
,,,,,,,2342964089616,,,,,Unfound
,,,,,,,2000000405320,,,,,Unfound
,,,,,,,2200016082473,,,,,Unfound
,,,,,,,2000051247333,,,,,Unfound
,,,,,,,2199993490793,,,,,Unfound
,,,,,,,2320436150212,,,,,Unfound
,,,,,,,8890339206,,,,73266,Unfound
,,,,,,,2200020259646,,,,,Unfound
,,,,,,,1200022676089,,,,,Unfound
,,,,,,,2326214136319,,,,,Unfound
,,,,,,,2200024201143,,,,,Unfound
,,,,,,,2000027387638,,,,,Unfound
,,,,,,,1800035300000,,,,,Unfound
,,,,,,,1300005625412,,,,,Unfound
,,,,,,,1200033042958,,,,,Unfound
,,,,,,,9107745302,,,,9107745302,Unfound
,,,,,,,8816855801,,,,8816855801,Unfound
,,,,,,,1712484641500,,,,,Unfound
,,,,,,,5065614902,,,,5065614902,Unfound
,,,,,,,9115478402,,,,9397,Unfound
,,,,,,,1800035175470,,,,,Unfound
,,,,,,,1900033142877,,,,,Unfound
,,,,,,,1021930902,,,,1021930902,Unfound
,,,,,,,1200031635822,,,,,Unfound
,,,,,,,1200028647924,,,,,Unfound
,,,,,,,1421573000000,,,,,Unfound
,,,,,,,1200051411902,,,,,Unfound
,,,,,,,1012516220509,,,,,Unfound
,,,,,,,1300000092100,,,,,Unfound
,,,,,,,8827949810,,,,8827949810,Unfound
,,,,,,,1200060088491,,,,,Unfound
,,,,,,,1842541000,,,,26056,Unfound
,,,,,,,2000007585480,,,,,Unfound
,,,,,,,2000005319836,,,,,Unfound
,,,,,,,3909916804,,,,57439,Unfound
,,,,,,,9180619703,,,,9180619703,Unfound
,,,,,,,1800016477180,,,,,Unfound
,,,,,,,1012550000000,,,,,Unfound
,,,,,,,4157716206,,,,33247,Unfound
,,,,,,,2312993472814,,,,,Unfound
,,,,,,,2000014392586,,,,,Unfound
,,,,,,,1100009971797,,,,,Unfound
,,,,,,,2200031559129,,,,,Unfound
,,,,,,,8818744701,,,,129203,Unfound
,,,,,,,222007,,,,222007,Unfound
,,,,,,,1610031246744,,,,,Unfound
,,,,,,,55806303,,,,26520,Unfound
,,,,,,,1591053619192,,,,,Unfound
,,,,,,,1610028450050,,,,,Unfound
,,,,,,,8912801910,,,,22129,Unfound
,,,,,,,2000009896678,,,,,Unfound
,,,,,,,1900000294940,,,,,Unfound
,,,,,,,9158686404,,,,1,Unfound
,,,,,,,8814603303,,,,9370,Unfound
,,,,,,,9158942104,,,,9158942104,Unfound
,,,,,,,2372810511119,,,,,Unfound
,,,,,,,1900042410931,,,,,Unfound
,,,,,,,1610003652804,,,,,Unfound
,,,,,,,48143009,,,,130675,Unfound
,,,,,,,1300051493690,,,,,Unfound
,,,,,,,1900046075705,,,,,Unfound
,,,,,,,1100000030207,,,,,Unfound
,,,,,,,8914491505,,,,37043,Unfound
,,,,,,,4267456803,,,,1,Unfound
,,,,,,,2199993069341,,,,,Unfound
,,,,,,,2380001121587,,,,,Unfound
,,,,,,,49358002,,,,112365,Unfound
,,,,,,,68269100,,,,68269100,Unfound
,,,,,,,9205496809,,,,13171,Unfound
,,,,,,,9306350310,,,,22656,Unfound
,,,,,,,2429064601,,,,15130,Unfound
,,,,,,,1100024958012,,,,,Unfound
,,,,,,,2312825201212,,,,,Unfound
,,,,,,,1600000117500,,,,,Unfound
,,,,,,,1610030858125,,,,,Unfound
,,,,,,,2000052483450,,,,,Unfound
,,,,,,,1012860026807,,,,,Unfound
,,,,,,,19901203,,,,19901203,Unfound
,,,,,,,1900021236560,,,,,Unfound
,,,,,,,1200022319978,,,,,Unfound
,,,,,,,1900037136654,,,,,Unfound
,,,,,,,1900035288197,,,,,Unfound
,,,,,,,1591056992830,,,,,Unfound
,,,,,,,2200017338020,,,,,Unfound
,,,,,,,65877400,,,,65877400,Unfound
,,,,,,,9088060204,,,,1,Unfound
,,,,,,,1012509446081,,,,,Unfound
,,,,,,,1200032601364,,,,,Unfound
,,,,,,,2199995626506,,,,,Unfound
,,,,,,,2199998794170,,,,,Unfound
,,,,,,,1300000880555,,,,,Unfound
,,,,,,,1300002261779,,,,,Unfound
,,,,,,,1610028438851,,,,,Unfound
,,,,,,,2000057001563,,,,,Unfound
,,,,,,,2175234701,,,,2175234701,Unfound
,,,,,,,1200028810652,,,,,Unfound
,,,,,,,1200031720362,,,,,Unfound
,,,,,,,2360429071918,,,,,Unfound
,,,,,,,2000025970310,,,,,Unfound
,,,,,,,1276677100,,,,36654,Unfound
,,,,,,,1900015427360,,,,,Unfound
,,,,,,,3256970203,,,,3256970203,Unfound
,,,,,,,1200020021131,,,,,Unfound
,,,,,,,64384910,,,,2982,Unfound
,,,,,,,1200042417234,,,,,Unfound
,,,,,,,1012851661938,,,,,Unfound
,,,,,,,2159406409,,,,23713,Unfound
,,,,,,,1012530121931,,,,,Unfound
,,,,,,,13931810,,,,181740,Unfound
,,,,,,,1591048232896,,,,,Unfound
,,,,,,,9153628106,,,,1,Unfound
,,,,,,,1100051217010,,,,,Unfound
,,,,,,,2330810000000,,,,,Unfound
,,,,,,,1610018342836,,,,,Unfound
,,,,,,,1100002992044,,,,,Unfound
,,,,,,,1200042556903,,,,,Unfound
,,,,,,,8910080104,,,,14333,Unfound
,,,,,,,1900009000795,,,,,Unfound
,,,,,,,2000027467363,,,,,Unfound
,,,,,,,1530892609,,,,3,Unfound
,,,,,,,1200020493850,,,,,Unfound
,,,,,,,21246600,,,,70757,Unfound
,,,,,,,1610020423653,,,,,Unfound
,,,,,,,67956002,,,,1,Unfound
,,,,,,,56733902,,,,17798,Unfound
,,,,,,,3968669306,,,,3968669306,Unfound
,,,,,,,1200026535099,,,,,Unfound
,,,,,,,1100039617454,,,,,Unfound
,,,,,,,1610011668438,,,,,Unfound
,,,,,,,1013018036344,,,,,Unfound
,,,,,,,9128475002,,,,16475,Unfound
,,,,,,,1023545575250,,,,,Unfound
,,,,,,,1610005858396,,,,,Unfound
,,,,,,,1800030529651,,,,,Unfound
,,,,,,,1012820893220,,,,,Unfound
,,,,,,,2335371970010,,,,,Unfound
,,,,,,,1200030821706,,,,,Unfound
,,,,,,,2079454100,,,,33010,Unfound
,,,,,,,1100023601521,,,,,Unfound
,,,,,,,1200040531553,,,,,Unfound
,,,,,,,2000001891895,,,,,Unfound
,,,,,,,16265803,,,,100188,Unfound
,,,,,,,1900032318148,,,,,Unfound
,,,,,,,1012673698748,,,,,Unfound
,,,,,,,1012944164947,,,,,Unfound
,,,,,,,2137678207,,,,17144,Unfound
,,,,,,,1800020046347,,,,,Unfound
,,,,,,,2320114961611,,,,,Unfound
,,,,,,,9156565404,,,,21566,Unfound
,,,,,,,12811110,,,,12811110,Unfound
,,,,,,,58153703,,,,25345,Unfound
,,,,,,,3402852407,,,,3402852407,Unfound
,,,,,,,1023509337000,,,,,Unfound
,,,,,,,8875328304,,,,8875328304,Unfound
,,,,,,,8815846907,,,,8815846907,Unfound
,,,,,,,1800021324440,,,,,Unfound
,,,,,,,2200023212854,,,,,Unfound
,,,,,,,1591041053415,,,,,Unfound
,,,,,,,9214421700,,,,182833,Unfound
,,,,,,,1200050000000,,,,,Unfound
,,,,,,,2365620178016,,,,,Unfound
,,,,,,,1200028562401,,,,,Unfound
,,,,,,,1591054299565,,,,,Unfound
,,,,,,,2000010000000,,,,,Unfound
,,,,,,,1800024099608,,,,,Unfound
,,,,,,,2000003457000,,,,,Unfound
,,,,,,,2000002788034,,,,,Unfound
,,,,,,,2100040817653,,,,,Unfound
,,,,,,,8925037202,,,,8925037202,Unfound
,,,,,,,3958660607,,,,1715,Unfound
,,,,,,,1854388304,,,,1,Unfound
,,,,,,,1012577661090,,,,,Unfound
,,,,,,,9133358405,,,,9133358405,Unfound
,,,,,,,11462308,,,,148863,Unfound
,,,,,,,1013008604273,,,,,Unfound
,,,,,,,1013070316724,,,,,Unfound
,,,,,,,2330708325017,,,,,Unfound
,,,,,,,2000053164343,,,,,Unfound
,,,,,,,1100012975393,,,,,Unfound
,,,,,,,1610019933041,,,,,Unfound
,,,,,,,1200050948903,,,,,Unfound
,,,,,,,1800024895446,,,,,Unfound
,,,,,,,1300035429693,,,,,Unfound
,,,,,,,1012840965320,,,,,Unfound
,,,,,,,1413119030009,,,,,Unfound
,,,,,,,2340527155310,,,,,Unfound
,,,,,,,1610009070944,,,,,Unfound
,,,,,,,2000018769762,,,,,Unfound
,,,,,,,1100023776347,,,,,Unfound
,,,,,,,1610030606045,,,,,Unfound
,,,,,,,1100007427340,,,,,Unfound
,,,,,,,9170595608,,,,12358,Unfound
,,,,,,,2313317677420,,,,,Unfound
,,,,,,,1200030393355,,,,,Unfound
,,,,,,,3301060507,,,,27685,Unfound
,,,,,,,2000014090739,,,,,Unfound
,,,,,,,9155613810,,,,106438,Unfound
,,,,,,,2200024235719,,,,,Unfound
,,,,,,,1632279206,,,,1632279206,Unfound
,,,,,,,1300001853250,,,,,Unfound
,,,,,,,2000000798954,,,,,Unfound
,,,,,,,1300011400710,,,,,Unfound
,,,,,,,3058875800,,,,3058875800,Unfound
,,,,,,,1900027177723,,,,,Unfound
,,,,,,,2200010838994,,,,,Unfound
,,,,,,,1710247470507,,,,,Unfound
,,,,,,,1200032717830,,,,,Unfound
,,,,,,,45335609,,,,1,Unfound
,,,,,,,1306611505,,,,11550,Unfound
,,,,,,,1012541350998,,,,,Unfound
,,,,,,,1610004969310,,,,,Unfound
,,,,,,,1300035371787,,,,,Unfound
,,,,,,,48055304,,,,83806,Unfound
,,,,,,,1591060040312,,,,,Unfound
,,,,,,,2352970622415,,,,,Unfound
,,,,,,,17450803,,,,17450803,Unfound
,,,,,,,1200010128438,,,,,Unfound
,,,,,,,1591023322593,,,,,Unfound
,,,,,,,1425939000002,,,,,Unfound
,,,,,,,7910008,,,,7910008,Unfound
,,,,,,,1200025352063,,,,,Unfound
,,,,,,,2199994863652,,,,,Unfound
,,,,,,,9155999601,,,,9155999601,Unfound
,,,,,,,1200061258134,,,,,Unfound
,,,,,,,2000000435421,,,,,Unfound
,,,,,,,1610005031204,,,,,Unfound
,,,,,,,1048963404,,,,13780,Unfound
,,,,,,,1900025118433,,,,,Unfound
,,,,,,,1610011132485,,,,,Unfound
,,,,,,,58381200,,,,44720,Unfound
,,,,,,,1410689691002,,,,,Unfound
,,,,,,,2000017081541,,,,,Unfound
,,,,,,,2423009304,,,,2423009304,Unfound
,,,,,,,2998532805,,,,30284,Unfound
,,,,,,,2000051675318,,,,,Unfound
,,,,,,,1610031722921,,,,,Unfound
,,,,,,,1900070272518,,,,,Unfound
,,,,,,,1100004743808,,,,,Unfound
,,,,,,,1591044482460,,,,,Unfound
,,,,,,,2524615504,,,,24322,Unfound
,,,,,,,3377400006,,,,8731,Unfound
,,,,,,,2356553058018,,,,,Unfound
,,,,,,,1300003234048,,,,,Unfound
,,,,,,,1200026382139,,,,,Unfound
,,,,,,,546625704,,,,546625704,Unfound
,,,,,,,2000022223030,,,,,Unfound
,,,,,,,2361104071310,,,,,Unfound
,,,,,,,4011519007,,,,44096,Unfound
,,,,,,,2362006987715,,,,,Unfound
,,,,,,,1620001623598,,,,,Unfound
,,,,,,,1470000244682,,,,,Unfound
,,,,,,,2380000017459,,,,,Unfound
,,,,,,,5085315208,,,,43572,Unfound
,,,,,,,1413797410007,,,,,Unfound
,,,,,,,2000019496207,,,,,Unfound
,,,,,,,50245510,,,,50245510,Unfound
,,,,,,,1200021565976,,,,,Unfound
,,,,,,,3949440008,,,,36562,Unfound
,,,,,,,1911517200,,,,13053,Unfound
,,,,,,,2332007115711,,,,,Unfound
,,,,,,,2000022396879,,,,,Unfound
,,,,,,,2200030035890,,,,,Unfound
,,,,,,,1800018619500,,,,,Unfound
,,,,,,,2000013386304,,,,,Unfound
,,,,,,,1012536643589,,,,,Unfound
,,,,,,,1100024515157,,,,,Unfound
,,,,,,,2142978503,,,,34808,Unfound
,,,,,,,1200022486891,,,,,Unfound
,,,,,,,1100770969371,,,,,Unfound
,,,,,,,597191407,,,,597191407,Unfound
,,,,,,,1800015526400,,,,,Unfound
,,,,,,,2324781462212,,,,,Unfound
,,,,,,,1525313002,,,,1525313002,Unfound
,,,,,,,2353573802112,,,,,Unfound
,,,,,,,1012685394707,,,,,Unfound
,,,,,,,48056609,,,,48056609,Unfound
,,,,,,,1012909289819,,,,,Unfound
,,,,,,,2366560145512,,,,,Unfound
,,,,,,,1800019805148,,,,,Unfound
,,,,,,,8918103602,,,,8918103602,Unfound
,,,,,,,1558323207,,,,1558323207,Unfound
,,,,,,,2200021378488,,,,,Unfound
,,,,,,,9156570610,,,,1511,Unfound
,,,,,,,9158888506,,,,9158888506,Unfound
,,,,,,,5080880102,,,,5080880102,Unfound
,,,,,,,2351622528914,,,,,Unfound
,,,,,,,1800004015380,,,,,Unfound
,,,,,,,1460001500182,,,,,Unfound
,,,,,,,8881803305,,,,8881803305,Unfound
,,,,,,,3244674003,,,,3244674003,Unfound
,,,,,,,1200004137832,,,,,Unfound
,,,,,,,2000001014064,,,,,Unfound
,,,,,,,1416256700006,,,,,Unfound
,,,,,,,1800029687873,,,,,Unfound
,,,,,,,3020133000,,,,3020133000,Unfound
,,,,,,,1300002988162,,,,,Unfound
,,,,,,,1420000000000,,,,,Unfound
,,,,,,,1300053254157,,,,,Unfound
,,,,,,,2199990723784,,,,,Unfound
,,,,,,,1591059204113,,,,,Unfound
,,,,,,,3318791903,,,,3318791903,Unfound
,,,,,,,1012708441162,,,,,Unfound
,,,,,,,1800030824430,,,,,Unfound
,,,,,,,1100003268758,,,,,Unfound
,,,,,,,1900032008196,,,,,Unfound
,,,,,,,1160001173400,,,,,Unfound
,,,,,,,1591044196199,,,,,Unfound
,,,,,,,1100000538068,,,,,Unfound
,,,,,,,1200031629085,,,,,Unfound
,,,,,,,53355903,,,,53355903,Unfound
,,,,,,,1100024255977,,,,,Unfound
,,,,,,,2000027331236,,,,,Unfound
,,,,,,,1300000350610,,,,,Unfound
,,,,,,,2000005601011,,,,,Unfound
,,,,,,,1200032186923,,,,,Unfound
,,,,,,,1200034003471,,,,,Unfound
,,,,,,,1591060390553,,,,,Unfound
,,,,,,,1591045001294,,,,,Unfound
,,,,,,,1610004553440,,,,,Unfound
,,,,,,,1300002120001,,,,,Unfound
,,,,,,,1012992511174,,,,,Unfound
,,,,,,,1200037090009,,,,,Unfound
,,,,,,,8842107400,,,,8842107400,Unfound
,,,,,,,1100009870565,,,,,Unfound
,,,,,,,1300011789684,,,,,Unfound
,,,,,,,1100013602787,,,,,Unfound
,,,,,,,51296510,,,,66465,Unfound
,,,,,,,2199998930930,,,,,Unfound
,,,,,,,1800029394890,,,,,Unfound
,,,,,,,1851006203,,,,17,Unfound
,,,,,,,1900025219976,,,,,Unfound
,,,,,,,8893276403,,,,47308,Unfound
,,,,,,,1300008488459,,,,,Unfound
,,,,,,,1100003048980,,,,,Unfound
,,,,,,,1200040830726,,,,,Unfound
,,,,,,,1200031140315,,,,,Unfound
,,,,,,,1300001339218,,,,,Unfound
,,,,,,,2352370024411,,,,,Unfound
,,,,,,,1300038884000,,,,,Unfound
,,,,,,,1030043111892,,,,,Unfound
,,,,,,,1014568099039,,,,,Unfound
,,,,,,,2355193376011,,,,,Unfound
,,,,,,,70789810,,,,74237,Unfound
,,,,,,,2494824403,,,,29597,Unfound
,,,,,,,1800021423870,,,,,Unfound
,,,,,,,1100013171440,,,,,Unfound
,,,,,,,2000025541494,,,,,Unfound
,,,,,,,44921202,,,,44921202,Unfound
,,,,,,,2000022539215,,,,,Unfound
,,,,,,,1012593821589,,,,,Unfound
,,,,,,,19122302,,,,19122302,Unfound
,,,,,,,1012713002295,,,,,Unfound
,,,,,,,2000018383725,,,,,Unfound
,,,,,,,2330192447219,,,,,Unfound
,,,,,,,9088040501,,,,1,Unfound
,,,,,,,1100000696864,,,,,Unfound
,,,,,,,1800018974305,,,,,Unfound
,,,,,,,1714740800753,,,,,Unfound
,,,,,,,1013080000000,,,,,Unfound
,,,,,,,1100003886904,,,,,Unfound
,,,,,,,1100005677174,,,,,Unfound
,,,,,,,1100002345375,,,,,Unfound
,,,,,,,2200011645493,,,,,Unfound
,,,,,,,15427607,,,,37602,Unfound
,,,,,,,1610030558010,,,,,Unfound
,,,,,,,4201971404,,,,43383,Unfound
,,,,,,,1300000913476,,,,,Unfound
,,,,,,,1200051052434,,,,,Unfound
,,,,,,,2000017642540,,,,,Unfound
,,,,,,,2363470129925,,,,,Unfound
,,,,,,,1600000022858,,,,,Unfound
,,,,,,,2315752931113,,,,,Unfound
,,,,,,,2330167547110,,,,,Unfound
,,,,,,,4265257607,,,,4265257607,Unfound
,,,,,,,1012837317754,,,,,Unfound
,,,,,,,2200010884857,,,,,Unfound
,,,,,,,63259206,,,,63259206,Unfound
,,,,,,,1800031237910,,,,,Unfound
,,,,,,,2200012160960,,,,,Unfound
,,,,,,,1591057388702,,,,,Unfound
,,,,,,,61411501,,,,,Unfound
,,,,,,,3407324901,,,,3407324901,Unfound
,,,,,,,2380001429089,,,,,Unfound
,,,,,,,1460001870019,,,,,Unfound
,,,,,,,1300011841786,,,,,Unfound
,,,,,,,1580001563055,,,,,Unfound
,,,,,,,1700051045165,,,,,Unfound
,,,,,,,2200022377485,,,,,Unfound
,,,,,,,1012918133310,,,,,Unfound
,,,,,,,2000025412326,,,,,Unfound
,,,,,,,2780596310,,,,109315,Unfound
,,,,,,,1200035183767,,,,,Unfound
,,,,,,,1100002638163,,,,,Unfound
,,,,,,,1100022676980,,,,,Unfound
,,,,,,,1100001905885,,,,,Unfound
,,,,,,,1591056057021,,,,,Unfound
,,,,,,,562665304,,,,50315,Unfound
,,,,,,,1800016881689,,,,,Unfound
,,,,,,,8848627906,,,,9645,Unfound
,,,,,,,2200022989363,,,,,Unfound
,,,,,,,1900014005012,,,,,Unfound
,,,,,,,19297405,,,,199403,Unfound
,,,,,,,1200022546584,,,,,Unfound
,,,,,,,1800023462338,,,,,Unfound
,,,,,,,8862672601,,,,8862672601,Unfound
,,,,,,,1900046383120,,,,,Unfound
,,,,,,,1012741872122,,,,,Unfound
,,,,,,,1200026999691,,,,,Unfound
,,,,,,,1300001011871,,,,,Unfound
,,,,,,,1800031128148,,,,,Unfound
,,,,,,,2200014578705,,,,,Unfound
,,,,,,,2000053416650,,,,,Unfound
,,,,,,,700244303,,,,700244303,Unfound
,,,,,,,2473793502,,,,2473793502,Unfound
,,,,,,,1012792459017,,,,,Unfound
,,,,,,,1100007819229,,,,,Unfound
,,,,,,,1910460405,,,,1910460405,Unfound
,,,,,,,2352731063910,,,,,Unfound
,,,,,,,526319808,,,,526319808,Unfound
,,,,,,,1900002261163,,,,,Unfound
,,,,,,,1285902003,,,,1285902003,Unfound
,,,,,,,1900016230556,,,,,Unfound
,,,,,,,2000005768430,,,,,Unfound
,,,,,,,1900042200114,,,,,Unfound
,,,,,,,1100007471580,,,,,Unfound
,,,,,,,1300006210884,,,,,Unfound
,,,,,,,1419123261002,,,,,Unfound
,,,,,,,1594835609,,,,1594835609,Unfound
,,,,,,,1610018807452,,,,,Unfound
,,,,,,,8812941100,,,,1,Unfound
,,,,,,,1012473029499,,,,,Unfound
,,,,,,,2000022561113,,,,,Unfound
,,,,,,,1900011071030,,,,,Unfound
,,,,,,,9097513609,,,,13349,Unfound
,,,,,,,1610002688891,,,,,Unfound
,,,,,,,1900036028780,,,,,Unfound
,,,,,,,1610030575567,,,,,Unfound
,,,,,,,5085042109,,,,28944,Unfound
,,,,,,,5052235906,,,,5052235906,Unfound
,,,,,,,1800022632984,,,,,Unfound
,,,,,,,50972407,,,,50972407,Unfound
,,,,,,,2300000714577,,,,,Unfound
,,,,,,,2978102105,,,,2978102105,Unfound
,,,,,,,1300004860854,,,,,Unfound
,,,,,,,2000002919275,,,,,Unfound
,,,,,,,1100002463264,,,,,Unfound
,,,,,,,70261509,,,,70261509,Unfound
,,,,,,,2362020191019,,,,,Unfound
,,,,,,,9083892606,,,,9083892606,Unfound
,,,,,,,3291907509,,,,54008,Unfound
,,,,,,,2000002203456,,,,,Unfound
,,,,,,,2199994196209,,,,,Unfound
,,,,,,,9197052000,,,,8328,Unfound
,,,,,,,2325567076017,,,,,Unfound
,,,,,,,1200010041831,,,,,Unfound
,,,,,,,3297142307,,,,22107,Unfound
,,,,,,,1610011343470,,,,,Unfound
,,,,,,,21430503,,,,71724,Unfound
,,,,,,,2000017098856,,,,,Unfound
,,,,,,,1200031267572,,,,,Unfound
,,,,,,,1300054067456,,,,,Unfound
,,,,,,,2000052012598,,,,,Unfound
,,,,,,,2362305699113,,,,,Unfound
,,,,,,,2000027437829,,,,,Unfound
,,,,,,,1610005116745,,,,,Unfound
,,,,,,,2380000979373,,,,,Unfound
,,,,,,,2200022712623,,,,,Unfound
,,,,,,,3251568006,,,,3251568006,Unfound
,,,,,,,2199991763236,,,,,Unfound
,,,,,,,1300010789902,,,,,Unfound
,,,,,,,1714822770951,,,,,Unfound
,,,,,,,2000022591785,,,,,Unfound
,,,,,,,2000024719686,,,,,Unfound
,,,,,,,2000001060121,,,,,Unfound
,,,,,,,2000010506187,,,,,Unfound
,,,,,,,1100002427610,,,,,Unfound
,,,,,,,2333620462918,,,,,Unfound
,,,,,,,1100001622525,,,,,Unfound
,,,,,,,2000001857281,,,,,Unfound
,,,,,,,1610030973885,,,,,Unfound
,,,,,,,8814801004,,,,8814801004,Unfound
,,,,,,,1200030237460,,,,,Unfound
,,,,,,,1200023898485,,,,,Unfound
,,,,,,,1413708030003,,,,,Unfound
,,,,,,,2200019914710,,,,,Unfound
,,,,,,,8841497109,,,,39932,Unfound
,,,,,,,1900019098768,,,,,Unfound
,,,,,,,1100002555631,,,,,Unfound
,,,,,,,1591056757781,,,,,Unfound
,,,,,,,1800018620295,,,,,Unfound
,,,,,,,1620001286245,,,,,Unfound
,,,,,,,2312852481813,,,,,Unfound
,,,,,,,1900047103248,,,,,Unfound
,,,,,,,2000022004070,,,,,Unfound
,,,,,,,1610023028589,,,,,Unfound
,,,,,,,1300035618444,,,,,Unfound
,,,,,,,2200011474933,,,,,Unfound
,,,,,,,8853286505,,,,8853286505,Unfound
,,,,,,,1800016367130,,,,,Unfound
,,,,,,,2355530053410,,,,,Unfound
,,,,,,,1300008226185,,,,,Unfound
,,,,,,,1591056603502,,,,,Unfound
,,,,,,,1300035409289,,,,,Unfound
,,,,,,,1591047628031,,,,,Unfound
,,,,,,,1200021959579,,,,,Unfound
,,,,,,,55890610,,,,55890610,Unfound
,,,,,,,2351992492414,,,,,Unfound
,,,,,,,1591040419915,,,,,Unfound
,,,,,,,2000056796425,,,,,Unfound
,,,,,,,1900021207211,,,,,Unfound
,,,,,,,51906006,,,,51906006,Unfound
,,,,,,,3265248104,,,,3265248104,Unfound
,,,,,,,1012424674068,,,,,Unfound
,,,,,,,1100007416659,,,,,Unfound
,,,,,,,8824696702,,,,47447,Unfound
,,,,,,,1013000413092,,,,,Unfound
,,,,,,,1580001563064,,,,,Unfound
,,,,,,,1610002951775,,,,,Unfound
,,,,,,,2200030000943,,,,,Unfound
,,,,,,,1591000009890,,,,,Unfound
,,,,,,,51867101,,,,51867101,Unfound
,,,,,,,3955959900,,,,3955959900,Unfound
,,,,,,,1716605484803,,,,,Unfound
,,,,,,,2000015951695,,,,,Unfound
,,,,,,,3351199805,,,,3351199805,Unfound
,,,,,,,1800030178626,,,,,Unfound
,,,,,,,79144708,,,,198185,Unfound
,,,,,,,1610013910049,,,,,Unfound
,,,,,,,2311906161118,,,,,Unfound
,,,,,,,4009708404,,,,1,Unfound
,,,,,,,2554874210,,,,32565,Unfound
,,,,,,,2000052868918,,,,,Unfound
,,,,,,,1100016036897,,,,,Unfound
,,,,,,,2200014920621,,,,,Unfound
,,,,,,,2374150658517,,,,,Unfound
,,,,,,,1800023162269,,,,,Unfound
,,,,,,,2200010184392,,,,,Unfound
,,,,,,,1200037327312,,,,,Unfound
,,,,,,,1871147009,,,,49439,Unfound
,,,,,,,1012846792140,,,,,Unfound
,,,,,,,3992274809,,,,13,Unfound
,,,,,,,1200030012366,,,,,Unfound
,,,,,,,1014568968200,,,,,Unfound
,,,,,,,79210403,,,,79210403,Unfound
,,,,,,,1546881405,,,,3664,Unfound
,,,,,,,2199989661349,,,,,Unfound
,,,,,,,1800029618188,,,,,Unfound
,,,,,,,2000024306539,,,,,Unfound
,,,,,,,1591145599270,,,,,Unfound
,,,,,,,2000030000000,,,,,Unfound
,,,,,,,22011903,,,,22011903,Unfound
,,,,,,,1100020922945,,,,,Unfound
,,,,,,,3036708208,,,,79261,Unfound
,,,,,,,1200028421979,,,,,Unfound
,,,,,,,1610002100050,,,,,Unfound
,,,,,,,2179948907,,,,11563,Unfound
,,,,,,,1300002626219,,,,,Unfound
,,,,,,,2199989642745,,,,,Unfound
,,,,,,,2324462797818,,,,,Unfound
,,,,,,,2200020220151,,,,,Unfound
,,,,,,,2344512104418,,,,,Unfound
,,,,,,,2000015879417,,,,,Unfound
,,,,,,,2200030061853,,,,,Unfound
,,,,,,,3277772003,,,,15114,Unfound
,,,,,,,2000015447154,,,,,Unfound
,,,,,,,1300037809658,,,,,Unfound
,,,,,,,1591045715287,,,,,Unfound
,,,,,,,1012954458596,,,,,Unfound
,,,,,,,1100003835690,,,,,Unfound
,,,,,,,1200034441472,,,,,Unfound
,,,,,,,1300004172298,,,,,Unfound
,,,,,,,2365621779612,,,,,Unfound
,,,,,,,1591156539544,,,,,Unfound
,,,,,,,2000000028572,,,,,Unfound
,,,,,,,1100004090060,,,,,Unfound
,,,,,,,1900020061233,,,,,Unfound
,,,,,,,1591033713643,,,,,Unfound
,,,,,,,1610030045250,,,,,Unfound
,,,,,,,10536104,,,,36281,Unfound
,,,,,,,1610003669436,,,,,Unfound
,,,,,,,1100002337922,,,,,Unfound
,,,,,,,1013077417749,,,,,Unfound
,,,,,,,1800032327120,,,,,Unfound
,,,,,,,2000016488755,,,,,Unfound
,,,,,,,1414574302003,,,,,Unfound
,,,,,,,1600000037650,,,,,Unfound
,,,,,,,1800023049703,,,,,Unfound
,,,,,,,2000027950566,,,,,Unfound
,,,,,,,1610012899290,,,,,Unfound
,,,,,,,1100003040643,,,,,Unfound
,,,,,,,3214803104,,,,3214803104,Unfound
,,,,,,,2000019839808,,,,,Unfound
,,,,,,,2000000307297,,,,,Unfound
,,,,,,,1900018119344,,,,,Unfound
,,,,,,,1900061020938,,,,,Unfound
,,,,,,,2323414551239,,,,,Unfound
,,,,,,,3388443810,,,,259813,Unfound
,,,,,,,2000015966390,,,,,Unfound
,,,,,,,2332019495316,,,,,Unfound
,,,,,,,3951634301,,,,3951634301,Unfound
,,,,,,,2353575287217,,,,,Unfound
,,,,,,,2423239310,,,,2423239310,Unfound
,,,,,,,1100011574204,,,,,Unfound
,,,,,,,1800020381786,,,,,Unfound
,,,,,,,8813861208,,,,155962,Unfound
,,,,,,,2000008985626,,,,,Unfound
,,,,,,,1200028801694,,,,,Unfound
,,,,,,,1300006552926,,,,,Unfound
,,,,,,,2485916407,,,,9686,Unfound
,,,,,,,2200041031537,,,,,Unfound
,,,,,,,60967903,,,,60967903,Unfound
,,,,,,,8813666008,,,,31883,Unfound
,,,,,,,1200061799531,,,,,Unfound
,,,,,,,51629702,,,,51629702,Unfound
,,,,,,,5077846906,,,,36882,Unfound
,,,,,,,2200022191868,,,,,Unfound
,,,,,,,62048805,,,,56686,Unfound
,,,,,,,1610022324972,,,,,Unfound
,,,,,,,1591025322638,,,,,Unfound
,,,,,,,1012450000000,,,,,Unfound
,,,,,,,1300004409009,,,,,Unfound
,,,,,,,2200022412563,,,,,Unfound
,,,,,,,3968440206,,,,3968440206,Unfound
,,,,,,,2000012420512,,,,,Unfound
,,,,,,,1800014797477,,,,,Unfound
,,,,,,,1200028940680,,,,,Unfound
,,,,,,,9155804110,,,,139800,Unfound
,,,,,,,2999193803,,,,3850,Unfound
,,,,,,,1900017038154,,,,,Unfound
,,,,,,,16547903,,,,16547903,Unfound
,,,,,,,2000008611500,,,,,Unfound
,,,,,,,1600000184841,,,,,Unfound
,,,,,,,1160000337510,,,,,Unfound
,,,,,,,1100002808941,,,,,Unfound
,,,,,,,1716847646209,,,,,Unfound
,,,,,,,1800026584508,,,,,Unfound
,,,,,,,1200026261504,,,,,Unfound
,,,,,,,2999452801,,,,35076,Unfound
,,,,,,,1012833535405,,,,,Unfound
,,,,,,,2200013679625,,,,,Unfound
,,,,,,,2999614801,,,,12246,Unfound
,,,,,,,2000012741089,,,,,Unfound
,,,,,,,1800020376234,,,,,Unfound
,,,,,,,4271870508,,,,4271870508,Unfound
,,,,,,,2000008607503,,,,,Unfound
,,,,,,,2200018709140,,,,,Unfound
,,,,,,,1610000005803,,,,,Unfound
,,,,,,,1100039375660,,,,,Unfound
,,,,,,,2199995849621,,,,,Unfound
,,,,,,,674438103,,,,15748,Unfound
,,,,,,,2200024044989,,,,,Unfound
,,,,,,,1138221607,,,,183074,Unfound
,,,,,,,2000012894583,,,,,Unfound
,,,,,,,2200021319748,,,,,Unfound
,,,,,,,8826558610,,,,1,Unfound
,,,,,,,1800033178131,,,,,Unfound
,,,,,,,1900005021834,,,,,Unfound
,,,,,,,9088176302,,,,6575,Unfound
,,,,,,,2199995519405,,,,,Unfound
,,,,,,,1900005326628,,,,,Unfound
,,,,,,,1900026169633,,,,,Unfound
,,,,,,,1413255591004,,,,,Unfound
,,,,,,,52938406,,,,52938406,Unfound
,,,,,,,2361607050515,,,,,Unfound
,,,,,,,50358310,,,,31515,Unfound
,,,,,,,73196607,,,,73196607,Unfound
,,,,,,,8865617900,,,,2900,Unfound
,,,,,,,69379202,,,,69379202,Unfound
,,,,,,,8834033704,,,,8834033704,Unfound
,,,,,,,1013056462212,,,,,Unfound
,,,,,,,1610022933878,,,,,Unfound
,,,,,,,1100012810743,,,,,Unfound
,,,,,,,1012838360110,,,,,Unfound
,,,,,,,1300004133800,,,,,Unfound
,,,,,,,62067001,,,,166252,Unfound
,,,,,,,1800023041458,,,,,Unfound
,,,,,,,1818527108,,,,1510,Unfound
,,,,,,,1900016252346,,,,,Unfound
,,,,,,,55865510,,,,110746,Unfound
,,,,,,,2000014796949,,,,,Unfound
,,,,,,,2346532292010,,,,,Unfound
,,,,,,,9090686010,,,,29106,Unfound
,,,,,,,1591057628066,,,,,Unfound
,,,,,,,21754406,,,,69579,Unfound
,,,,,,,2200011642508,,,,,Unfound
,,,,,,,1100003792896,,,,,Unfound
,,,,,,,1200029352962,,,,,Unfound
,,,,,,,1900037000829,,,,,Unfound
,,,,,,,68044906,,,,225886,Unfound
,,,,,,,2334328117714,,,,,Unfound
,,,,,,,9205833610,,,,9205833610,Unfound
,,,,,,,1527521008,,,,,Unfound
,,,,,,,1200033239470,,,,,Unfound
,,,,,,,1900046384851,,,,,Unfound
,,,,,,,2000021500564,,,,,Unfound
,,,,,,,2000054574213,,,,,Unfound
,,,,,,,1800053374515,,,,,Unfound
,,,,,,,1800032453349,,,,,Unfound
,,,,,,,2199999096518,,,,,Unfound
,,,,,,,1200034518196,,,,,Unfound
,,,,,,,644506008,,,,10683,Unfound
,,,,,,,1300000376307,,,,,Unfound
,,,,,,,3371578107,,,,3371578107,Unfound
,,,,,,,1700051325159,,,,,Unfound
,,,,,,,1900070711233,,,,,Unfound
,,,,,,,48868503,,,,106101,Unfound
,,,,,,,1300012232960,,,,,Unfound
,,,,,,,8871022102,,,,8871022102,Unfound
,,,,,,,2000007384206,,,,,Unfound
,,,,,,,1900018426252,,,,,Unfound
,,,,,,,511533307,,,,61571,Unfound
,,,,,,,1710028956500,,,,,Unfound
,,,,,,,2513313409,,,,2513313409,Unfound
,,,,,,,1591053408737,,,,,Unfound
,,,,,,,8911323906,,,,170591,Unfound
,,,,,,,2100040452000,,,,,Unfound
,,,,,,,8871057604,,,,86937,Unfound
,,,,,,,1610010986142,,,,,Unfound
,,,,,,,2200022184781,,,,,Unfound
,,,,,,,1200051189946,,,,,Unfound
,,,,,,,75503510,,,,223900,Unfound
,,,,,,,2485960601,,,,86317,Unfound
,,,,,,,1610029528390,,,,,Unfound
,,,,,,,1418378641001,,,,,Unfound
,,,,,,,1012667304747,,,,,Unfound
,,,,,,,52532804,,,,136899,Unfound
,,,,,,,1200026231217,,,,,Unfound
,,,,,,,2600000228465,,,,,Unfound
,,,,,,,1200028816974,,,,,Unfound
,,,,,,,1610012342200,,,,,Unfound
,,,,,,,66298905,,,,66298905,Unfound
,,,,,,,1900004172212,,,,,Unfound
,,,,,,,2000001088410,,,,,Unfound
,,,,,,,1200025193216,,,,,Unfound
,,,,,,,1410593961003,,,,,Unfound
,,,,,,,2000018807433,,,,,Unfound
,,,,,,,1900016425451,,,,,Unfound
,,,,,,,1200020000000,,,,,Unfound
,,,,,,,12810905,,,,12810905,Unfound
,,,,,,,1610010162674,,,,,Unfound
,,,,,,,68260609,,,,117893,Unfound
,,,,,,,1415399550000,,,,,Unfound
,,,,,,,1806308,,,,1806308,Unfound
,,,,,,,1591044613627,,,,,Unfound
,,,,,,,2000015685765,,,,,Unfound
,,,,,,,6841302,,,,6841302,Unfound
,,,,,,,2100040620013,,,,,Unfound
,,,,,,,1200030008397,,,,,Unfound
,,,,,,,1600000074439,,,,,Unfound
,,,,,,,92264908,,,,20264,Unfound
,,,,,,,51554203,,,,51554203,Unfound
,,,,,,,1023532138350,,,,,Unfound
,,,,,,,2000053494133,,,,,Unfound
,,,,,,,1418180000000,,,,,Unfound
,,,,,,,2199992288504,,,,,Unfound
,,,,,,,2000001891965,,,,,Unfound
,,,,,,,61170606,,,,61170606,Unfound
,,,,,,,3930180304,,,,3930180304,Unfound
,,,,,,,1591023181903,,,,,Unfound
,,,,,,,1200023044187,,,,,Unfound
,,,,,,,3294723806,,,,23073,Unfound
,,,,,,,1591049782783,,,,,Unfound
,,,,,,,2977978200,,,,2977978200,Unfound
,,,,,,,2000003940450,,,,,Unfound
,,,,,,,1200032129136,,,,,Unfound
,,,,,,,9180386605,,,,5390,Unfound
,,,,,,,19278300,,,,159629,Unfound
,,,,,,,1591043598163,,,,,Unfound
,,,,,,,2000051998625,,,,,Unfound
,,,,,,,1100012575680,,,,,Unfound
,,,,,,,48567208,,,,48567208,Unfound
,,,,,,,1591001978520,,,,,Unfound
,,,,,,,9297405407,,,,103814,Unfound
,,,,,,,1100004033930,,,,,Unfound
,,,,,,,3259394500,,,,26451,Unfound
,,,,,,,1100024116865,,,,,Unfound
,,,,,,,2000005186991,,,,,Unfound
,,,,,,,9207623003,,,,9207623003,Unfound
,,,,,,,2335719222319,,,,,Unfound
,,,,,,,2000021356086,,,,,Unfound
,,,,,,,1100009689554,,,,,Unfound
,,,,,,,1200028424687,,,,,Unfound
,,,,,,,1100001871010,,,,,Unfound
,,,,,,,21865909,,,,21865909,Unfound
,,,,,,,2200020970858,,,,,Unfound
,,,,,,,1200001292271,,,,,Unfound
,,,,,,,1900016410367,,,,,Unfound
,,,,,,,1100012745730,,,,,Unfound
,,,,,,,1885791501,,,,186872,Unfound
,,,,,,,2200012981845,,,,,Unfound
,,,,,,,60625605,,,,130214,Unfound
,,,,,,,2344512082410,,,,,Unfound
,,,,,,,1630000750900,,,,,Unfound
,,,,,,,5043905206,,,,32263,Unfound
,,,,,,,2199989631460,,,,,Unfound
,,,,,,,2000025309967,,,,,Unfound
,,,,,,,1900033248820,,,,,Unfound
,,,,,,,56498200,,,,182670,Unfound
,,,,,,,2000025336419,,,,,Unfound
,,,,,,,2000007019500,,,,,Unfound
,,,,,,,2200024137064,,,,,Unfound
,,,,,,,1591044456177,,,,,Unfound
,,,,,,,928997600,,,,77368,Unfound
,,,,,,,53448910,,,,162065,Unfound
,,,,,,,1300006165637,,,,,Unfound
,,,,,,,18413005,,,,18413005,Unfound
,,,,,,,9503308,,,,73413,Unfound
,,,,,,,2334711886117,,,,,Unfound
,,,,,,,16510801,,,,290302,Unfound
,,,,,,,2199992149606,,,,,Unfound
,,,,,,,1900010426282,,,,,Unfound
,,,,,,,1610002201088,,,,,Unfound
,,,,,,,1200023296346,,,,,Unfound
,,,,,,,2200023228516,,,,,Unfound
,,,,,,,2000021426478,,,,,Unfound
,,,,,,,15424208,,,,250092,Unfound
,,,,,,,2000023392341,,,,,Unfound
,,,,,,,2199991142920,,,,,Unfound
,,,,,,,1300000492476,,,,,Unfound
,,,,,,,9185179603,,,,209888,Unfound
,,,,,,,2000000765434,,,,,Unfound
,,,,,,,1012390955837,,,,,Unfound
,,,,,,,2199994703745,,,,,Unfound
,,,,,,,1200010000451,,,,,Unfound
,,,,,,,1900037011281,,,,,Unfound
,,,,,,,9184082403,,,,9184082403,Unfound
,,,,,,,2199994388098,,,,,Unfound
,,,,,,,1591044328777,,,,,Unfound
,,,,,,,1415022950001,,,,,Unfound
,,,,,,,1417195480000,,,,,Unfound
,,,,,,,1610002599985,,,,,Unfound
,,,,,,,1200037293977,,,,,Unfound
,,,,,,,1013070000000,,,,,Unfound
,,,,,,,1715428600004,,,,,Unfound
,,,,,,,1012345869168,,,,,Unfound
,,,,,,,1030000000918,,,,,Unfound
,,,,,,,1200021677514,,,,,Unfound
,,,,,,,1900004384540,,,,,Unfound
,,,,,,,1100013437458,,,,,Unfound
,,,,,,,1610002954410,,,,,Unfound
,,,,,,,2380000283064,,,,,Unfound
,,,,,,,1100008778414,,,,,Unfound
,,,,,,,2000027426400,,,,,Unfound
,,,,,,,1900090049257,,,,,Unfound
,,,,,,,1300001647096,,,,,Unfound
,,,,,,,1800016101847,,,,,Unfound
,,,,,,,1036369701,,,,163197,Unfound
,,,,,,,1900010000000,,,,,Unfound
,,,,,,,1800035241929,,,,,Unfound
,,,,,,,3313632902,,,,1,Unfound
,,,,,,,1200051987870,,,,,Unfound
,,,,,,,2365618848210,,,,,Unfound
,,,,,,,1591017009633,,,,,Unfound
,,,,,,,2191477203,,,,71819,Unfound
,,,,,,,1591042296653,,,,,Unfound
,,,,,,,2000000268458,,,,,Unfound
,,,,,,,2000023402822,,,,,Unfound
,,,,,,,1716511570122,,,,,Unfound
,,,,,,,1200022822217,,,,,Unfound
,,,,,,,69178304,,,,72488,Unfound
,,,,,,,2000000434784,,,,,Unfound
,,,,,,,65398803,,,,65398803,Unfound
,,,,,,,1700052019723,,,,,Unfound
,,,,,,,1200010036502,,,,,Unfound
,,,,,,,2346520048017,,,,,Unfound
,,,,,,,2300000329017,,,,,Unfound
,,,,,,,18069701,,,,81579,Unfound
,,,,,,,4454105,,,,48737,Unfound
,,,,,,,8843631400,,,,5228,Unfound
,,,,,,,49483106,,,,1,Unfound
,,,,,,,1100039250934,,,,,Unfound
,,,,,,,1610004085236,,,,,Unfound
