Site Building Name,Site Street No,Site Street 1,Site Street 2,Site Town,Site Postcode,MPAN Topline,Meter Number,Usage,Proposed Start Date,Energization Status,Annualised AQ,Status
,,,,,,,51412306.0,51412306.0,,,51412306.0,Unfound
,,,,,,,4154647209.0,4154647209.0,,,4154647209.0,Unfound
,,,,,,,203353602.0,203353602.0,,,203353602.0,Unfound
,,,,,,,603445804.0,603445804.0,,,603445804.0,Unfound
,,,,,,,9133327708.0,9133327708.0,,,9133327708.0,Unfound
,,,,,,,57942602.0,57942602.0,,,57942602.0,Unfound
,,,,,,,9093724209.0,9093724209.0,,,9093724209.0,Unfound
,,,,,,,2105844405.0,2105844405.0,,,2105844405.0,Unfound
,,,,,,,46987007.0,46987007.0,,,46987007.0,Unfound
,,,,,,,59726909.0,59726909.0,,,59726909.0,Unfound
,,,,,,,82083909.0,82083909.0,,,82083909.0,Unfound
,,,,,,,4202286203.0,4202286203.0,,,4202286203.0,Unfound
,,,,,,,8814683204.0,8814683204.0,,,8814683204.0,Unfound
,,,,,,,2778462110.0,2778462110.0,,,2778462110.0,Unfound
,,,,,,,52021307.0,52021307.0,,,52021307.0,Unfound
,,,,,,,50411501.0,50411501.0,,,50411501.0,Unfound
,,,,,,,9308699509.0,9308699509.0,,,9308699509.0,Unfound
,,,,,,,1100010959335.0,,,,,Unfound
,,,,,,,1012955095929.0,,,,,Unfound
,,,,,,,1411718141005.0,,,,,Unfound
,,,,,,,1012532128910.0,,,,,Unfound
,,,,,,,1100009184191.0,,,,,Unfound
,,,,,,,2000021494487.0,,,,,Unfound
,,,,,,,1013060451560.0,,,,,Unfound
,,,,,,,2000054140636.0,,,,,Unfound
,,,,,,,2200041923028.0,,,,,Unfound
,,,,,,,1012859516430.0,,,,,Unfound
,,,,,,,1012859516893.0,,,,,Unfound
,,,,,,,1100014215294.0,,,,,Unfound
,,,,,,,1713545750954.0,,,,,Unfound
,,,,,,,1160001216366.0,,,,,Unfound
,,,,,,,1100003856430.0,,,,,Unfound
,,,,,,,1800020219531.0,,,,,Unfound
,,,,,,,1414195541009.0,,,,,Unfound
,,,,,,,1900007365104.0,,,,,Unfound
,,,,,,,1413662701000.0,,,,,Unfound
,,,,,,,1012684014933.0,,,,,Unfound
,,,,,,,1800021530702.0,,,,,Unfound
,,,,,,,1610018692260.0,,,,,Unfound
,,,,,,,3912586207.0,3912586207.0,,,3912586207.0,Unfound
,,,,,,,1100001521942.0,,,,,Unfound
,,,,,,,9093236409.0,9093236409.0,,,9093236409.0,Unfound
,,,,,,,1419544650003.0,,,,,Unfound
,,,,,,,1100009880448.0,,,,,Unfound
,,,,,,,9155901804.0,9155901804.0,,,9155901804.0,Unfound
,,,,,,,1591046753414.0,,,,,Unfound
,,,,,,,1100021537097.0,,,,,Unfound
,,,,,,,3034556504.0,3034556504.0,,,3034556504.0,Unfound
,,,,,,,2000004232529.0,,,,,Unfound
,,,,,,,1133403004.0,1133403004.0,,,1133403004.0,Unfound
,,,,,,,1900036065597.0,,,,,Unfound
,,,,,,,8896517302.0,8896517302.0,,,8896517302.0,Unfound
,,,,,,,1900020376540.0,,,,,Unfound
,,,,,,,14237305.0,14237305.0,,,14237305.0,Unfound
,,,,,,,2106267802.0,2106267802.0,,,2106267802.0,Unfound
,,,,,,,1610011473300.0,,,,,Unfound
,,,,,,,76409209.0,76409209.0,,,76409209.0,Unfound
,,,,,,,70319705.0,70319705.0,,,70319705.0,Unfound
,,,,,,,2370660330811.0,,,,,Unfound
,,,,,,,1023540529212.0,,,,,Unfound
,,,,,,,1610021074403.0,,,,,Unfound
,,,,,,,1900022260670.0,,,,,Unfound
,,,,,,,1012687956906.0,,,,,Unfound
,,,,,,,1200050191146.0,,,,,Unfound
,,,,,,,2000025184819.0,,,,,Unfound
,,,,,,,1200051834988.0,,,,,Unfound
,,,,,,,1900014030064.0,,,,,Unfound
,,,,,,,2199993489501.0,,,,,Unfound
,,,,,,,2000010541605.0,,,,,Unfound
,,,,,,,1012875868289.0,,,,,Unfound
,,,,,,,2000027299896.0,,,,,Unfound
,,,,,,,2000019072441.0,,,,,Unfound
,,,,,,,1714823581250.0,,,,,Unfound
,,,,,,,1800021073740.0,,,,,Unfound
,,,,,,,1012695859701.0,,,,,Unfound
,,,,,,,6549104.0,6549104.0,,,6549104.0,Unfound
,,,,,,,1200022280131.0,,,,,Unfound
,,,,,,,3052011104.0,3052011104.0,,,3052011104.0,Unfound
,,,,,,,1200022280122.0,,,,,Unfound
,,,,,,,73833409.0,73833409.0,,,73833409.0,Unfound
,,,,,,,1200036020780.0,,,,,Unfound
,,,,,,,1012660410030.0,,,,,Unfound
,,,,,,,528245400.0,528245400.0,,,528245400.0,Unfound
,,,,,,,2000003428570.0,,,,,Unfound
,,,,,,,1100020303786.0,,,,,Unfound
,,,,,,,4222315701.0,4222315701.0,,,4222315701.0,Unfound
,,,,,,,6378608.0,6378608.0,,,6378608.0,Unfound
,,,,,,,1610022138787.0,,,,,Unfound
,,,,,,,9157250608.0,9157250608.0,,,9157250608.0,Unfound
,,,,,,,2200042119290.0,,,,,Unfound
,,,,,,,1411129620002.0,,,,,Unfound
,,,,,,,2000011644348.0,,,,,Unfound
,,,,,,,1610005333594.0,,,,,Unfound
,,,,,,,1800035159479.0,,,,,Unfound
,,,,,,,1200030195225.0,,,,,Unfound
,,,,,,,1200038619775.0,,,,,Unfound
,,,,,,,2345591304614.0,,,,,Unfound
,,,,,,,2000017743382.0,,,,,Unfound
,,,,,,,2380001932525.0,,,,,Unfound
,,,,,,,1610027199223.0,,,,,Unfound
,,,,,,,1591033055392.0,,,,,Unfound
,,,,,,,1800018480005.0,,,,,Unfound
,,,,,,,1200040194168.0,,,,,Unfound
,,,,,,,1200040194112.0,,,,,Unfound
,,,,,,,1200040194140.0,,,,,Unfound
,,,,,,,1200040194177.0,,,,,Unfound
,,,,,,,1700052075480.0,,,,,Unfound
,,,,,,,2000053640813.0,,,,,Unfound
,,,,,,,1727357125250.0,,,,,Unfound
,,,,,,,1610005098894.0,,,,,Unfound
,,,,,,,1023464108725.0,,,,,Unfound
,,,,,,,2313389019821.0,,,,,Unfound
,,,,,,,1012854097637.0,,,,,Unfound
,,,,,,,2341440235411.0,,,,,Unfound
,,,,,,,2000020197725.0,,,,,Unfound
,,,,,,,1160000629722.0,,,,,Unfound
,,,,,,,4224355106.0,4224355106.0,,,4224355106.0,Unfound
,,,,,,,2374832150511.0,,,,,Unfound
,,,,,,,1200010180934.0,,,,,Unfound
,,,,,,,1200021470260.0,,,,,Unfound
,,,,,,,1100020107069.0,,,,,Unfound
,,,,,,,1012872021997.0,,,,,Unfound
,,,,,,,1800035287630.0,,,,,Unfound
,,,,,,,1591035380939.0,,,,,Unfound
,,,,,,,2000018017644.0,,,,,Unfound
,,,,,,,1300012898161.0,,,,,Unfound
,,,,,,,1460000942248.0,,,,,Unfound
,,,,,,,58262405.0,58262405.0,,,58262405.0,Unfound
,,,,,,,2000015732004.0,,,,,Unfound
,,,,,,,2000015732040.0,,,,,Unfound
,,,,,,,1012483819258.0,,,,,Unfound
,,,,,,,8855427507.0,8855427507.0,,,8855427507.0,Unfound
,,,,,,,1200037765119.0,,,,,Unfound
,,,,,,,3985759405.0,3985759405.0,,,3985759405.0,Unfound
,,,,,,,1012684972880.0,,,,,Unfound
,,,,,,,2341772362519.0,,,,,Unfound
,,,,,,,2000026540720.0,,,,,Unfound
,,,,,,,1100012846892.0,,,,,Unfound
,,,,,,,1300035375480.0,,,,,Unfound
,,,,,,,3031339009.0,3031339009.0,,,3031339009.0,Unfound
,,,,,,,1100008113543.0,,,,,Unfound
,,,,,,,2000016246024.0,,,,,Unfound
,,,,,,,2000016246585.0,,,,,Unfound
,,,,,,,2200021676601.0,,,,,Unfound
,,,,,,,2200021676610.0,,,,,Unfound
,,,,,,,2000027940647.0,,,,,Unfound
,,,,,,,1012488468477.0,,,,,Unfound
,,,,,,,1715029905203.0,,,,,Unfound
,,,,,,,1716307852004.0,,,,,Unfound
,,,,,,,8822761609.0,8822761609.0,,,8822761609.0,Unfound
,,,,,,,2360850514011.0,,,,,Unfound
,,,,,,,3940710908.0,3940710908.0,,,3940710908.0,Unfound
,,,,,,,8832409107.0,8832409107.0,,,8832409107.0,Unfound
,,,,,,,2200017338020.0,,,,,Unfound
,,,,,,,1300034437150.0,,,,,Unfound
,,,,,,,2200021266867.0,,,,,Unfound
,,,,,,,1100000269173.0,,,,,Unfound
,,,,,,,1417424571003.0,,,,,Unfound
,,,,,,,1900034191750.0,,,,,Unfound
,,,,,,,1410199530003.0,,,,,Unfound
,,,,,,,2362592062410.0,,,,,Unfound
,,,,,,,4223813408.0,4223813408.0,,,4223813408.0,Unfound
,,,,,,,1800060228632.0,,,,,Unfound
,,,,,,,2200018525511.0,,,,,Unfound
,,,,,,,1416679003001.0,,,,,Unfound
,,,,,,,2100040722197.0,,,,,Unfound
,,,,,,,1900048097436.0,,,,,Unfound
,,,,,,,1100020055650.0,,,,,Unfound
,,,,,,,1100010866920.0,,,,,Unfound
,,,,,,,1318627503.0,1318627503.0,,,1318627503.0,Unfound
,,,,,,,1012786301684.0,,,,,Unfound
,,,,,,,1900060087018.0,,,,,Unfound
,,,,,,,2723286408.0,2723286408.0,,,2723286408.0,Unfound
,,,,,,,2199992926869.0,,,,,Unfound
,,,,,,,2000018381852.0,,,,,Unfound
,,,,,,,1200040863917.0,,,,,Unfound
,,,,,,,2000019567407.0,,,,,Unfound
,,,,,,,9116711802.0,9116711802.0,,,9116711802.0,Unfound
,,,,,,,2313388534811.0,,,,,Unfound
,,,,,,,1100019978080.0,,,,,Unfound
,,,,,,,1418859571003.0,,,,,Unfound
,,,,,,,9338378002.0,9338378002.0,,,9338378002.0,Unfound
,,,,,,,2000024697251.0,,,,,Unfound
,,,,,,,7410209410.0,7410209410.0,,,7410209410.0,Unfound
,,,,,,,1014570096818.0,,,,,Unfound
,,,,,,,2200023673151.0,,,,,Unfound
,,,,,,,1200030815136.0,,,,,Unfound
,,,,,,,67931502.0,67931502.0,,,67931502.0,Unfound
,,,,,,,1300013787100.0,,,,,Unfound
,,,,,,,1012739236320.0,,,,,Unfound
,,,,,,,8863585308.0,8863585308.0,,,8863585308.0,Unfound
,,,,,,,65242805.0,65242805.0,,,65242805.0,Unfound
,,,,,,,1900028313315.0,,,,,Unfound
,,,,,,,1012779146386.0,,,,,Unfound
,,,,,,,1012786302145.0,,,,,Unfound
,,,,,,,1200040171160.0,,,,,Unfound
,,,,,,,1012881559172.0,,,,,Unfound
,,,,,,,2000009422954.0,,,,,Unfound
,,,,,,,1412758503006.0,,,,,Unfound
,,,,,,,1418959000006.0,,,,,Unfound
,,,,,,,1012505622104.0,,,,,Unfound
,,,,,,,1800024688881.0,,,,,Unfound
,,,,,,,1610031581687.0,,,,,Unfound
,,,,,,,1023545872044.0,,,,,Unfound
,,,,,,,1012621888949.0,,,,,Unfound
,,,,,,,1012621889863.0,,,,,Unfound
,,,,,,,1012957477573.0,,,,,Unfound
,,,,,,,1012808657913.0,,,,,Unfound
,,,,,,,1012844600249.0,,,,,Unfound
,,,,,,,56043203.0,56043203.0,,,56043203.0,Unfound
,,,,,,,9303906.0,9303906.0,,,9303906.0,Unfound
,,,,,,,1610030977310.0,,,,,Unfound
,,,,,,,83460907.0,83460907.0,,,83460907.0,Unfound
,,,,,,,2100040520522.0,,,,,Unfound
,,,,,,,55258500.0,55258500.0,,,55258500.0,Unfound
,,,,,,,2100040500093.0,,,,,Unfound
,,,,,,,2000003485364.0,,,,,Unfound
,,,,,,,1800031007736.0,,,,,Unfound
,,,,,,,8813127606.0,8813127606.0,,,8813127606.0,Unfound
,,,,,,,1417506120006.0,,,,,Unfound
,,,,,,,3026905709.0,3026905709.0,,,3026905709.0,Unfound
,,,,,,,1900004267079.0,,,,,Unfound
,,,,,,,1200050091725.0,,,,,Unfound
,,,,,,,1415476002002.0,,,,,Unfound
,,,,,,,2734631309.0,2734631309.0,,,2734631309.0,Unfound
,,,,,,,1800026943065.0,,,,,Unfound
,,,,,,,715780101.0,715780101.0,,,715780101.0,Unfound
,,,,,,,1012859005603.0,,,,,Unfound
,,,,,,,1900005128330.0,,,,,Unfound
,,,,,,,2200023384800.0,,,,,Unfound
,,,,,,,48420503.0,48420503.0,,,48420503.0,Unfound
,,,,,,,70355507.0,70355507.0,,,70355507.0,Unfound
,,,,,,,2200040233689.0,,,,,Unfound
,,,,,,,2200017788977.0,,,,,Unfound
,,,,,,,3357134807.0,3357134807.0,,,3357134807.0,Unfound
,,,,,,,1200050088217.0,,,,,Unfound
,,,,,,,55266106.0,55266106.0,,,55266106.0,Unfound
,,,,,,,1100021433290.0,,,,,Unfound
,,,,,,,58835707.0,58835707.0,,,58835707.0,Unfound
,,,,,,,1200040119009.0,,,,,Unfound
,,,,,,,73700210.0,73700210.0,,,73700210.0,Unfound
,,,,,,,3098442804.0,3098442804.0,,,3098442804.0,Unfound
,,,,,,,1507930750023.0,,,,,Unfound
,,,,,,,1800036578307.0,,,,,Unfound
,,,,,,,1610011432396.0,,,,,Unfound
,,,,,,,1100012332540.0,,,,,Unfound
,,,,,,,1100002840537.0,,,,,Unfound
,,,,,,,1610030565373.0,,,,,Unfound
,,,,,,,63318409.0,63318409.0,,,63318409.0,Unfound
,,,,,,,2300000717781.0,,,,,Unfound
,,,,,,,1012590122957.0,,,,,Unfound
,,,,,,,1610005026950.0,,,,,Unfound
,,,,,,,2199993028345.0,,,,,Unfound
,,,,,,,2000009127439.0,,,,,Unfound
,,,,,,,2340113929512.0,,,,,Unfound
,,,,,,,2000050050323.0,,,,,Unfound
,,,,,,,2300000641263.0,,,,,Unfound
,,,,,,,79236107.0,79236107.0,,,79236107.0,Unfound
,,,,,,,1200024884395.0,,,,,Unfound
,,,,,,,1900061376521.0,,,,,Unfound
,,,,,,,1800020044650.0,,,,,Unfound
,,,,,,,2996224604.0,2996224604.0,,,2996224604.0,Unfound
,,,,,,,80036800.0,80036800.0,,,80036800.0,Unfound
,,,,,,,1200036795716.0,,,,,Unfound
,,,,,,,1100014651400.0,,,,,Unfound
,,,,,,,1896294801.0,1896294801.0,,,1896294801.0,Unfound
,,,,,,,2200018716486.0,,,,,Unfound
,,,,,,,2000027455429.0,,,,,Unfound
,,,,,,,2000003833609.0,,,,,Unfound
,,,,,,,1591035615549.0,,,,,Unfound
,,,,,,,1044425310.0,1044425310.0,,,1044425310.0,Unfound
,,,,,,,5013324504.0,5013324504.0,,,5013324504.0,Unfound
,,,,,,,1100000594150.0,,,,,Unfound
,,,,,,,17540703.0,17540703.0,,,17540703.0,Unfound
,,,,,,,2200021402156.0,,,,,Unfound
,,,,,,,2200023026171.0,,,,,Unfound
,,,,,,,52821901.0,52821901.0,,,52821901.0,Unfound
,,,,,,,1200024398128.0,,,,,Unfound
,,,,,,,67797906.0,67797906.0,,,67797906.0,Unfound
,,,,,,,1416004200005.0,,,,,Unfound
,,,,,,,2212465507.0,2212465507.0,,,2212465507.0,Unfound
,,,,,,,1591018581400.0,,,,,Unfound
,,,,,,,52256806.0,52256806.0,,,52256806.0,Unfound
,,,,,,,2975087805.0,2975087805.0,,,2975087805.0,Unfound
,,,,,,,8823879009.0,8823879009.0,,,8823879009.0,Unfound
,,,,,,,1610030657945.0,,,,,Unfound
,,,,,,,50843003.0,50843003.0,,,50843003.0,Unfound
,,,,,,,2956479007.0,2956479007.0,,,2956479007.0,Unfound
,,,,,,,1800054605878.0,,,,,Unfound
,,,,,,,1085627206.0,1085627206.0,,,1085627206.0,Unfound
,,,,,,,1023528092429.0,,,,,Unfound
,,,,,,,1413531151004.0,,,,,Unfound
,,,,,,,1300007356672.0,,,,,Unfound
,,,,,,,2000021825577.0,,,,,Unfound
,,,,,,,1012730416286.0,,,,,Unfound
,,,,,,,2340911732514.0,,,,,Unfound
,,,,,,,2352370325910.0,,,,,Unfound
,,,,,,,1012853241575.0,,,,,Unfound
,,,,,,,2000027335700.0,,,,,Unfound
,,,,,,,1200025421790.0,,,,,Unfound
,,,,,,,2199999207672.0,,,,,Unfound
,,,,,,,1721952767600.0,,,,,Unfound
,,,,,,,2149668602.0,2149668602.0,,,2149668602.0,Unfound
,,,,,,,1100020365899.0,,,,,Unfound
,,,,,,,4227575910.0,4227575910.0,,,4227575910.0,Unfound
,,,,,,,1416394460009.0,,,,,Unfound
,,,,,,,2416556410.0,2416556410.0,,,2416556410.0,Unfound
,,,,,,,1100004994586.0,,,,,Unfound
,,,,,,,3994215803.0,3994215803.0,,,3994215803.0,Unfound
,,,,,,,3296148505.0,3296148505.0,,,3296148505.0,Unfound
,,,,,,,1200022465660.0,,,,,Unfound
,,,,,,,8813161101.0,8813161101.0,,,8813161101.0,Unfound
,,,,,,,2000011777368.0,,,,,Unfound
,,,,,,,69832308.0,69832308.0,,,69832308.0,Unfound
,,,,,,,2200012288447.0,,,,,Unfound
,,,,,,,5084748302.0,5084748302.0,,,5084748302.0,Unfound
,,,,,,,2140074201.0,2140074201.0,,,2140074201.0,Unfound
,,,,,,,2000024172830.0,,,,,Unfound
,,,,,,,535790910.0,535790910.0,,,535790910.0,Unfound
,,,,,,,70062200.0,70062200.0,,,70062200.0,Unfound
,,,,,,,1100009580012.0,,,,,Unfound
,,,,,,,1900002163838.0,,,,,Unfound
,,,,,,,2199998907791.0,,,,,Unfound
,,,,,,,1900002049776.0,,,,,Unfound
,,,,,,,1591018732957.0,,,,,Unfound
,,,,,,,2000019175235.0,,,,,Unfound
,,,,,,,2200042264908.0,,,,,Unfound
,,,,,,,2000009492419.0,,,,,Unfound
,,,,,,,2200030004447.0,,,,,Unfound
,,,,,,,2000025905640.0,,,,,Unfound
,,,,,,,4243633104.0,4243633104.0,,,4243633104.0,Unfound
,,,,,,,1300006341815.0,,,,,Unfound
,,,,,,,1012657217636.0,,,,,Unfound
,,,,,,,1200010077536.0,,,,,Unfound
,,,,,,,2300000266848.0,,,,,Unfound
,,,,,,,1580000970474.0,,,,,Unfound
,,,,,,,1200032798129.0,,,,,Unfound
,,,,,,,1413481003005.0,,,,,Unfound
,,,,,,,2000019369484.0,,,,,Unfound
,,,,,,,1413287022002.0,,,,,Unfound
,,,,,,,1300009523617.0,,,,,Unfound
,,,,,,,1412273100002.0,,,,,Unfound
,,,,,,,2000026718188.0,,,,,Unfound
,,,,,,,2199991046802.0,,,,,Unfound
,,,,,,,2300000800250.0,,,,,Unfound
,,,,,,,1300003891337.0,,,,,Unfound
,,,,,,,1100015505000.0,,,,,Unfound
,,,,,,,2200023929630.0,,,,,Unfound
,,,,,,,1410900122007.0,,,,,Unfound
,,,,,,,1200029179961.0,,,,,Unfound
,,,,,,,1100013702668.0,,,,,Unfound
,,,,,,,1800030680992.0,,,,,Unfound
,,,,,,,1300008792542.0,,,,,Unfound
,,,,,,,1800031240044.0,,,,,Unfound
,,,,,,,1012866681625.0,,,,,Unfound
,,,,,,,2200023096693.0,,,,,Unfound
,,,,,,,1012881148398.0,,,,,Unfound
,,,,,,,2000013084371.0,,,,,Unfound
,,,,,,,2197335303.0,2197335303.0,,,2197335303.0,Unfound
,,,,,,,70193002.0,70193002.0,,,70193002.0,Unfound
,,,,,,,5012103202.0,5012103202.0,,,5012103202.0,Unfound
,,,,,,,2186701201.0,2186701201.0,,,2186701201.0,Unfound
,,,,,,,1420073000008.0,,,,,Unfound
,,,,,,,1100050472797.0,,,,,Unfound
,,,,,,,62229910.0,62229910.0,,,62229910.0,Unfound
,,,,,,,1010716608.0,1010716608.0,,,1010716608.0,Unfound
,,,,,,,1610010389767.0,,,,,Unfound
,,,,,,,1200029179980.0,,,,,Unfound
,,,,,,,574869202.0,574869202.0,,,574869202.0,Unfound
,,,,,,,2325145711512.0,,,,,Unfound
,,,,,,,19320407.0,19320407.0,,,19320407.0,Unfound
,,,,,,,1726433656655.0,,,,,Unfound
,,,,,,,87626307.0,87626307.0,,,87626307.0,Unfound
,,,,,,,1100000606693.0,,,,,Unfound
,,,,,,,76182903.0,76182903.0,,,76182903.0,Unfound
,,,,,,,1100013702677.0,,,,,Unfound
,,,,,,,16995010.0,16995010.0,,,16995010.0,Unfound
,,,,,,,11336404.0,11336404.0,,,11336404.0,Unfound
,,,,,,,59430001.0,59430001.0,,,59430001.0,Unfound
,,,,,,,47358104.0,47358104.0,,,47358104.0,Unfound
,,,,,,,19291909.0,19291909.0,,,19291909.0,Unfound
,,,,,,,1139385407.0,1139385407.0,,,1139385407.0,Unfound
,,,,,,,1897197404.0,1897197404.0,,,1897197404.0,Unfound
,,,,,,,2756173204.0,2756173204.0,,,2756173204.0,Unfound
,,,,,,,1904076104.0,1904076104.0,,,1904076104.0,Unfound
,,,,,,,2515535707.0,2515535707.0,,,2515535707.0,Unfound
,,,,,,,3354759709.0,3354759709.0,,,3354759709.0,Unfound
,,,,,,,2199999679821.0,,,,,Unfound
,,,,,,,2000027454675.0,,,,,Unfound
,,,,,,,2200030382649.0,,,,,Unfound
,,,,,,,2000026371511.0,,,,,Unfound
,,,,,,,2000026487137.0,,,,,Unfound
,,,,,,,2331592005918.0,,,,,Unfound
,,,,,,,2200040294965.0,,,,,Unfound
,,,,,,,1610013977470.0,,,,,Unfound
,,,,,,,1711682515608.0,,,,,Unfound
,,,,,,,2000000566816.0,,,,,Unfound
,,,,,,,9084015807.0,9084015807.0,,,9084015807.0,Unfound
,,,,,,,2000051696489.0,,,,,Unfound
,,,,,,,1712404125614.0,,,,,Unfound
,,,,,,,2200021246833.0,,,,,Unfound
,,,,,,,1200031670190.0,,,,,Unfound
,,,,,,,1100012754638.0,,,,,Unfound
,,,,,,,2100040712064.0,,,,,Unfound
,,,,,,,1300000103459.0,,,,,Unfound
,,,,,,,1800021076193.0,,,,,Unfound
,,,,,,,2200041759537.0,,,,,Unfound
,,,,,,,2198765419237.0,,,,,Unfound
,,,,,,,1416539630009.0,,,,,Unfound
,,,,,,,1610005755859.0,,,,,Unfound
,,,,,,,1800015579192.0,,,,,Unfound
,,,,,,,1591060699893.0,,,,,Unfound
,,,,,,,2200015575333.0,,,,,Unfound
,,,,,,,1030045552195.0,,,,,Unfound
,,,,,,,1200021336271.0,,,,,Unfound
,,,,,,,2000012588702.0,,,,,Unfound
,,,,,,,2200042041518.0,,,,,Unfound
,,,,,,,1200021349527.0,,,,,Unfound
,,,,,,,1411040213000.0,,,,,Unfound
,,,,,,,1012859751720.0,,,,,Unfound
,,,,,,,1030057609488.0,,,,,Unfound
,,,,,,,1100009429622.0,,,,,Unfound
,,,,,,,45591504.0,45591504.0,,,45591504.0,Unfound
,,,,,,,1200034043711.0,,,,,Unfound
,,,,,,,1012783168390.0,,,,,Unfound
,,,,,,,1882065602.0,1882065602.0,,,1882065602.0,Unfound
,,,,,,,2000027326412.0,,,,,Unfound
,,,,,,,1012407511690.0,,,,,Unfound
,,,,,,,3056258608.0,3056258608.0,,,3056258608.0,Unfound
,,,,,,,1715295370202.0,,,,,Unfound
,,,,,,,73081410.0,73081410.0,,,73081410.0,Unfound
,,,,,,,9202592801.0,9202592801.0,,,9202592801.0,Unfound
,,,,,,,2200016803490.0,,,,,Unfound
,,,,,,,2199996867357.0,,,,,Unfound
,,,,,,,1100018608686.0,,,,,Unfound
,,,,,,,1610005385510.0,,,,,Unfound
,,,,,,,1013010352506.0,,,,,Unfound
,,,,,,,1416467920004.0,,,,,Unfound
,,,,,,,2000024135040.0,,,,,Unfound
,,,,,,,2000006332660.0,,,,,Unfound
,,,,,,,1900038177410.0,,,,,Unfound
,,,,,,,1414355522008.0,,,,,Unfound
,,,,,,,2199989652362.0,,,,,Unfound
,,,,,,,1200029531158.0,,,,,Unfound
,,,,,,,1200029531167.0,,,,,Unfound
,,,,,,,1300034470120.0,,,,,Unfound
,,,,,,,1900032143026.0,,,,,Unfound
,,,,,,,2000027135567.0,,,,,Unfound
,,,,,,,2200023384864.0,,,,,Unfound
,,,,,,,1200021588370.0,,,,,Unfound
,,,,,,,2000019410501.0,,,,,Unfound
,,,,,,,1200021588403.0,,,,,Unfound
,,,,,,,2000052375027.0,,,,,Unfound
,,,,,,,2199994559968.0,,,,,Unfound
,,,,,,,1100024773480.0,,,,,Unfound
,,,,,,,2200040738712.0,,,,,Unfound
,,,,,,,9324556108.0,9324556108.0,,,9324556108.0,Unfound
,,,,,,,1800017680460.0,,,,,Unfound
,,,,,,,9339665807.0,9339665807.0,,,9339665807.0,Unfound
,,,,,,,2200017182300.0,,,,,Unfound
,,,,,,,1200039770973.0,,,,,Unfound
,,,,,,,1300010298533.0,,,,,Unfound
,,,,,,,1100024917201.0,,,,,Unfound
,,,,,,,1419974720009.0,,,,,Unfound
,,,,,,,1410309080008.0,,,,,Unfound
,,,,,,,1100022764633.0,,,,,Unfound
,,,,,,,2000054260382.0,,,,,Unfound
,,,,,,,1300008090569.0,,,,,Unfound
,,,,,,,1300008090596.0,,,,,Unfound
,,,,,,,2200011697543.0,,,,,Unfound
,,,,,,,1715056815000.0,,,,,Unfound
,,,,,,,2200011697552.0,,,,,Unfound
,,,,,,,1900041002474.0,,,,,Unfound
,,,,,,,1800016356209.0,,,,,Unfound
,,,,,,,2000054991320.0,,,,,Unfound
,,,,,,,1012402136598.0,,,,,Unfound
,,,,,,,1413643721002.0,,,,,Unfound
,,,,,,,1900002113330.0,,,,,Unfound
,,,,,,,1591145526459.0,,,,,Unfound
,,,,,,,1100002083380.0,,,,,Unfound
,,,,,,,2000024697242.0,,,,,Unfound
,,,,,,,1012381363912.0,,,,,Unfound
,,,,,,,2200013704538.0,,,,,Unfound
,,,,,,,2000009407733.0,,,,,Unfound
,,,,,,,2200013704547.0,,,,,Unfound
,,,,,,,1470000161343.0,,,,,Unfound
,,,,,,,2000019221919.0,,,,,Unfound
,,,,,,,2000019221928.0,,,,,Unfound
,,,,,,,2000019221894.0,,,,,Unfound
,,,,,,,9203966810.0,9203966810.0,,,9203966810.0,Unfound
,,,,,,,1900040022860.0,,,,,Unfound
,,,,,,,1200036186244.0,,,,,Unfound
,,,,,,,1485751202.0,1485751202.0,,,1485751202.0,Unfound
,,,,,,,1610013977512.0,,,,,Unfound
,,,,,,,1100021469970.0,,,,,Unfound
,,,,,,,2161888509.0,2161888509.0,,,2161888509.0,Unfound
,,,,,,,1100021469989.0,,,,,Unfound
,,,,,,,2200040586360.0,,,,,Unfound
,,,,,,,57572000.0,57572000.0,,,57572000.0,Unfound
,,,,,,,2200013715799.0,,,,,Unfound
,,,,,,,1054700301.0,1054700301.0,,,1054700301.0,Unfound
,,,,,,,9180848505.0,9180848505.0,,,9180848505.0,Unfound
,,,,,,,1200022478854.0,,,,,Unfound
,,,,,,,2200030047956.0,,,,,Unfound
,,,,,,,1012734119281.0,,,,,Unfound
,,,,,,,2200013748242.0,,,,,Unfound
,,,,,,,1610005755840.0,,,,,Unfound
,,,,,,,1100013006890.0,,,,,Unfound
,,,,,,,2000055016293.0,,,,,Unfound
,,,,,,,1413894101006.0,,,,,Unfound
,,,,,,,1012393650052.0,,,,,Unfound
,,,,,,,3401411607.0,3401411607.0,,,3401411607.0,Unfound
,,,,,,,1900040242530.0,,,,,Unfound
,,,,,,,585628404.0,585628404.0,,,585628404.0,Unfound
,,,,,,,2000025172594.0,,,,,Unfound
,,,,,,,1100020365843.0,,,,,Unfound
,,,,,,,1023468142924.0,,,,,Unfound
,,,,,,,9150770206.0,9150770206.0,,,9150770206.0,Unfound
,,,,,,,2173695301.0,2173695301.0,,,2173695301.0,Unfound
,,,,,,,1800020408277.0,,,,,Unfound
,,,,,,,1900036001370.0,,,,,Unfound
,,,,,,,2550575505.0,2550575505.0,,,2550575505.0,Unfound
,,,,,,,2372826123219.0,,,,,Unfound
,,,,,,,9324465105.0,9324465105.0,,,9324465105.0,Unfound
,,,,,,,1418449022005.0,,,,,Unfound
,,,,,,,2353233413210.0,,,,,Unfound
,,,,,,,1413130031009.0,,,,,Unfound
,,,,,,,2200014871499.0,,,,,Unfound
,,,,,,,1415693141000.0,,,,,Unfound
,,,,,,,1720259640608.0,,,,,Unfound
,,,,,,,1100009280281.0,,,,,Unfound
,,,,,,,4226418810,4226418810,,,36881,Unfound
,,,,,,,1425391100002.0,,,,,Unfound
,,,,,,,2000022617849.0,,,,,Unfound
,,,,,,,1875749608,1875749608,,,2647,Unfound
,,,,,,,9171954604,9171954604,,,12704,Unfound
,,,,,,,4032907606,4032907606,,,4032907606,Unfound
,,,,,,,64874602.0,64874602.0,,,64874602.0,Unfound
,,,,,,,1800018479997.0,,,,,Unfound
,,,,,,,2380001258370.0,,,,,Unfound
,,,,,,,1300012101177.0,,,,,Unfound
,,,,,,,1100039507088.0,,,,,Unfound
,,,,,,,1200022904400.0,,,,,Unfound
,,,,,,,1100022963224.0,,,,,Unfound
,,,,,,,1100039649093.0,,,,,Unfound
,,,,,,,2000003545605.0,,,,,Unfound
,,,,,,,1418486413002.0,,,,,Unfound
,,,,,,,2342877958512.0,,,,,Unfound
,,,,,,,2168659305.0,2168659305.0,,,2168659305.0,Unfound
,,,,,,,1591013574444.0,,,,,Unfound
,,,,,,,1417138361007.0,,,,,Unfound
,,,,,,,2340633114410.0,,,,,Unfound
,,,,,,,2200032131183.0,,,,,Unfound
,,,,,,,2199990747961.0,,,,,Unfound
,,,,,,,2199994938217.0,,,,,Unfound
,,,,,,,1720131075109.0,,,,,Unfound
,,,,,,,6798305.0,6798305.0,,,6798305.0,Unfound
,,,,,,,1014571696000.0,,,,,Unfound
,,,,,,,2000027883022.0,,,,,Unfound
,,,,,,,1610005874583.0,,,,,Unfound
,,,,,,,2000025630693.0,,,,,Unfound
,,,,,,,1900047231809.0,,,,,Unfound
,,,,,,,1429851200004.0,,,,,Unfound
,,,,,,,1538611907.0,1538611907.0,,,1538611907.0,Unfound
,,,,,,,1610013601843.0,,,,,Unfound
,,,,,,,46202000.0,46202000.0,,,46202000.0,Unfound
,,,,,,,1012859524946.0,,,,,Unfound
,,,,,,,1657632402.0,1657632402.0,,,1657632402.0,Unfound
,,,,,,,2200013782331.0,,,,,Unfound
,,,,,,,2000017623751.0,,,,,Unfound
,,,,,,,8826748604.0,8826748604.0,,,8826748604.0,Unfound
,,,,,,,69519405,69519405,,,1,Unfound
,,,,,,,1200031128753.0,,,,,Unfound
,,,,,,,2000014098835.0,,,,,Unfound
,,,,,,,9186604204.0,9186604204.0,,,9186604204.0,Unfound
,,,,,,,2361112131913.0,,,,,Unfound
,,,,,,,1012800174821.0,,,,,Unfound
,,,,,,,8813847607.0,8813847607.0,,,8813847607.0,Unfound
,,,,,,,8901719005.0,8901719005.0,,,8901719005.0,Unfound
,,,,,,,1710131075102.0,,,,,Unfound
,,,,,,,1610021137018.0,,,,,Unfound
,,,,,,,1800032688229.0,,,,,Unfound
,,,,,,,1012541614340.0,,,,,Unfound
,,,,,,,1012904802973.0,,,,,Unfound
,,,,,,,2200012027707.0,,,,,Unfound
,,,,,,,15500501.0,15500501.0,,,15500501.0,Unfound
,,,,,,,1507830821032.0,,,,,Unfound
,,,,,,,2300000044540.0,,,,,Unfound
,,,,,,,1012532246447.0,,,,,Unfound
,,,,,,,1012687944487.0,,,,,Unfound
,,,,,,,1900023184833.0,,,,,Unfound
,,,,,,,56681909.0,56681909.0,,,56681909.0,Unfound
,,,,,,,2000014911121.0,,,,,Unfound
,,,,,,,2000025592824.0,,,,,Unfound
,,,,,,,2000021879457.0,,,,,Unfound
,,,,,,,1600000062266.0,,,,,Unfound
,,,,,,,2000007795356.0,,,,,Unfound
,,,,,,,2000007795365.0,,,,,Unfound
,,,,,,,2000007795374.0,,,,,Unfound
,,,,,,,9156632909.0,9156632909.0,,,9156632909.0,Unfound
,,,,,,,1727148256008.0,,,,,Unfound
,,,,,,,1013029331877.0,,,,,Unfound
,,,,,,,1013029332106.0,,,,,Unfound
,,,,,,,2200030121077.0,,,,,Unfound
,,,,,,,2200018472668.0,,,,,Unfound
,,,,,,,1417644202006.0,,,,,Unfound
,,,,,,,1800031586605.0,,,,,Unfound
,,,,,,,1413869200001.0,,,,,Unfound
,,,,,,,2200019544756.0,,,,,Unfound
,,,,,,,1600000018763.0,,,,,Unfound
,,,,,,,2330841284014.0,,,,,Unfound
,,,,,,,1800015471017.0,,,,,Unfound
,,,,,,,1100004502622.0,,,,,Unfound
,,,,,,,16302502.0,16302502.0,,,16302502.0,Unfound
,,,,,,,2000009161652.0,,,,,Unfound
,,,,,,,2000019690397.0,,,,,Unfound
,,,,,,,2200023534582.0,,,,,Unfound
,,,,,,,3291828210.0,3291828210.0,,,3291828210.0,Unfound
,,,,,,,2000017741622.0,,,,,Unfound
,,,,,,,1900006068596.0,,,,,Unfound
,,,,,,,2000012743040.0,,,,,Unfound
,,,,,,,1012489669303.0,,,,,Unfound
,,,,,,,2073772409.0,2073772409.0,,,2073772409.0,Unfound
,,,,,,,1416693141002.0,,,,,Unfound
,,,,,,,1200040194121.0,,,,,Unfound
,,,,,,,1200040194130.0,,,,,Unfound
,,,,,,,1200061532942.0,,,,,Unfound
,,,,,,,1610020117368.0,,,,,Unfound
,,,,,,,4203475009.0,4203475009.0,,,4203475009.0,Unfound
,,,,,,,1412069250007.0,,,,,Unfound
,,,,,,,1027841305.0,1027841305.0,,,1027841305.0,Unfound
,,,,,,,2370516550610.0,,,,,Unfound
,,,,,,,8828593106.0,8828593106.0,,,8828593106.0,Unfound
,,,,,,,1200023855418.0,,,,,Unfound
,,,,,,,1200023855427.0,,,,,Unfound
,,,,,,,3355811903.0,3355811903.0,,,3355811903.0,Unfound
,,,,,,,1200023855436.0,,,,,Unfound
,,,,,,,2088167300,2088167300,,,6298,Unfound
,,,,,,,1200061532933.0,,,,,Unfound
,,,,,,,2199999587064.0,,,,,Unfound
,,,,,,,1300003083168.0,,,,,Unfound
,,,,,,,9159214008.0,9159214008.0,,,9159214008.0,Unfound
,,,,,,,1300003979150.0,,,,,Unfound
,,,,,,,1530575002.0,1530575002.0,,,1530575002.0,Unfound
,,,,,,,1717357124757.0,,,,,Unfound
,,,,,,,1012647636752.0,,,,,Unfound
,,,,,,,1100020361885.0,,,,,Unfound
,,,,,,,2000050605755.0,,,,,Unfound
,,,,,,,1416192981008.0,,,,,Unfound
,,,,,,,92378609,92378609,,,172585,Unfound
,,,,,,,1591033412223.0,,,,,Unfound
,,,,,,,2200018031860.0,,,,,Unfound
,,,,,,,2200041533252.0,,,,,Unfound
,,,,,,,1610021931026.0,,,,,Unfound
,,,,,,,1012758299412.0,,,,,Unfound
,,,,,,,2000051705984.0,,,,,Unfound
,,,,,,,2336562373310.0,,,,,Unfound
,,,,,,,1012418442672.0,,,,,Unfound
,,,,,,,67347504.0,67347504.0,,,67347504.0,Unfound
,,,,,,,2200016803506.0,,,,,Unfound
,,,,,,,2200011916108.0,,,,,Unfound
,,,,,,,64961810.0,64961810.0,,,64961810.0,Unfound
,,,,,,,2200021762395.0,,,,,Unfound
,,,,,,,1014570597984.0,,,,,Unfound
,,,,,,,586898304.0,586898304.0,,,586898304.0,Unfound
,,,,,,,59380405,59380405,,,21051,Unfound
,,,,,,,2000027422896.0,,,,,Unfound
,,,,,,,1100051071628.0,,,,,Unfound
,,,,,,,2199996679225.0,,,,,Unfound
,,,,,,,1900027359202.0,,,,,Unfound
,,,,,,,1903864001.0,1903864001.0,,,1903864001.0,Unfound
,,,,,,,55275208.0,55275208.0,,,55275208.0,Unfound
,,,,,,,2200021505223.0,,,,,Unfound
,,,,,,,1200025455497.0,,,,,Unfound
,,,,,,,1610005729431.0,,,,,Unfound
,,,,,,,1300060132904.0,,,,,Unfound
,,,,,,,1100025535623.0,,,,,Unfound
,,,,,,,7685096102,,,,,Unfound
,,,,,,,1800014549522.0,,,,,Unfound
,,,,,,,2000050264426.0,,,,,Unfound
,,,,,,,2000027479838.0,,,,,Unfound
,,,,,,,2000015732013.0,,,,,Unfound
,,,,,,,2200041533270.0,,,,,Unfound
,,,,,,,1012749038234.0,,,,,Unfound
,,,,,,,2200030077278.0,,,,,Unfound
,,,,,,,1012920762903.0,,,,,Unfound
,,,,,,,1896600007,1896600007,,,1896600007,Unfound
,,,,,,,2200030062769.0,,,,,Unfound
,,,,,,,1200037050084.0,,,,,Unfound
,,,,,,,48250403,48250403,,,71083,Unfound
,,,,,,,65351002,65351002,,,9902,Unfound
,,,,,,,2405906108,2405906108,,,33969,Unfound
,,,,,,,641553810,641553810,,,12601,Unfound
,,,,,,,4252482301.0,4252482301.0,,,4252482301.0,Unfound
,,,,,,,18095107.0,18095107.0,,,18095107.0,Unfound
,,,,,,,60593203.0,60593203.0,,,60593203.0,Unfound
,,,,,,,2200021178769.0,,,,,Unfound
,,,,,,,5479901.0,5479901.0,,,5479901.0,Unfound
,,,,,,,1610031737592.0,,,,,Unfound
,,,,,,,1300012011772.0,,,,,Unfound
,,,,,,,2199992599602.0,,,,,Unfound
,,,,,,,1714772423509.0,,,,,Unfound
,,,,,,,8815617308.0,8815617308.0,,,8815617308.0,Unfound
,,,,,,,2360484249914.0,,,,,Unfound
,,,,,,,2200010615354.0,,,,,Unfound
,,,,,,,1900000053423.0,,,,,Unfound
,,,,,,,1283123709,1283123709,,,3165,Unfound
,,,,,,,1200020618322.0,,,,,Unfound
,,,,,,,61024808.0,61024808.0,,,61024808.0,Unfound
,,,,,,,2000009308331.0,,,,,Unfound
,,,,,,,18555306.0,18555306.0,,,18555306.0,Unfound
,,,,,,,1200024975476.0,,,,,Unfound
,,,,,,,1200024975485.0,,,,,Unfound
,,,,,,,1413731040007.0,,,,,Unfound
,,,,,,,2372862850514.0,,,,,Unfound
,,,,,,,2199990163645.0,,,,,Unfound
,,,,,,,2000015477274.0,,,,,Unfound
,,,,,,,77202203.0,77202203.0,,,77202203.0,Unfound
,,,,,,,2000020459570.0,,,,,Unfound
,,,,,,,80473710.0,80473710.0,,,80473710.0,Unfound
,,,,,,,75856802.0,75856802.0,,,75856802.0,Unfound
,,,,,,,1012922948132.0,,,,,Unfound
,,,,,,,2000027722983.0,,,,,Unfound
,,,,,,,2200022009227.0,,,,,Unfound
,,,,,,,1900016005575.0,,,,,Unfound
,,,,,,,1900016005566.0,,,,,Unfound
,,,,,,,2000001891929.0,,,,,Unfound
,,,,,,,1591012414935.0,,,,,Unfound
,,,,,,,1100025279463.0,,,,,Unfound
,,,,,,,2000012460250.0,,,,,Unfound
,,,,,,,1300004860757.0,,,,,Unfound
,,,,,,,1410955500000.0,,,,,Unfound
,,,,,,,2000054220120.0,,,,,Unfound
,,,,,,,8870176607.0,8870176607.0,,,8870176607.0,Unfound
,,,,,,,2000012534200.0,,,,,Unfound
,,,,,,,1800015952169.0,,,,,Unfound
,,,,,,,1900070565760.0,,,,,Unfound
,,,,,,,1800054092455.0,,,,,Unfound
,,,,,,,1300008979605.0,,,,,Unfound
,,,,,,,52558306.0,52558306.0,,,52558306.0,Unfound
,,,,,,,1030034747942.0,,,,,Unfound
,,,,,,,2350230303919.0,,,,,Unfound
,,,,,,,8855048701.0,8855048701.0,,,8855048701.0,Unfound
,,,,,,,1100007908809.0,,,,,Unfound
,,,,,,,1421848100002.0,,,,,Unfound
,,,,,,,1300005149021.0,,,,,Unfound
,,,,,,,1023504861042.0,,,,,Unfound
,,,,,,,1610019151147.0,,,,,Unfound
,,,,,,,8890199104.0,8890199104.0,,,8890199104.0,Unfound
,,,,,,,1800060228623.0,,,,,Unfound
,,,,,,,1413890503005.0,,,,,Unfound
,,,,,,,1591041916962.0,,,,,Unfound
,,,,,,,1012740895546.0,,,,,Unfound
,,,,,,,1100020129709.0,,,,,Unfound
,,,,,,,1417763870003.0,,,,,Unfound
,,,,,,,1012620891899.0,,,,,Unfound
,,,,,,,2200015664444.0,,,,,Unfound
,,,,,,,19351800.0,19351800.0,,,19351800.0,Unfound
,,,,,,,1012766460501.0,,,,,Unfound
,,,,,,,2000013018591.0,,,,,Unfound
,,,,,,,1610030027038.0,,,,,Unfound
,,,,,,,1610004846497.0,,,,,Unfound
,,,,,,,2000054404292.0,,,,,Unfound
,,,,,,,1620000789238.0,,,,,Unfound
,,,,,,,1100021173860.0,,,,,Unfound
,,,,,,,78630207.0,78630207.0,,,78630207.0,Unfound
,,,,,,,3068742001.0,3068742001.0,,,3068742001.0,Unfound
,,,,,,,2200030089060.0,,,,,Unfound
,,,,,,,1412139961007.0,,,,,Unfound
,,,,,,,3080216310.0,3080216310.0,,,3080216310.0,Unfound
,,,,,,,2200030078290.0,,,,,Unfound
,,,,,,,1300008857465.0,,,,,Unfound
,,,,,,,1012939509512.0,,,,,Unfound
,,,,,,,1610005263973.0,,,,,Unfound
,,,,,,,46181108.0,46181108.0,,,46181108.0,Unfound
,,,,,,,2200018388555.0,,,,,Unfound
,,,,,,,1160000225945.0,,,,,Unfound
,,,,,,,1411939921006.0,,,,,Unfound
,,,,,,,1013031980092.0,,,,,Unfound
,,,,,,,9130217203.0,9130217203.0,,,9130217203.0,Unfound
,,,,,,,2363786765415.0,,,,,Unfound
,,,,,,,1910462005.0,1910462005.0,,,1910462005.0,Unfound
,,,,,,,1100018828987.0,,,,,Unfound
,,,,,,,1415466821009.0,,,,,Unfound
,,,,,,,1800018945182.0,,,,,Unfound
,,,,,,,63785800.0,63785800.0,,,63785800.0,Unfound
,,,,,,,1800019079751.0,,,,,Unfound
,,,,,,,2200018383548.0,,,,,Unfound
,,,,,,,1900016427227.0,,,,,Unfound
,,,,,,,1012917419856.0,,,,,Unfound
,,,,,,,2334858756915.0,,,,,Unfound
,,,,,,,1610003663709.0,,,,,Unfound
,,,,,,,1012567369289.0,,,,,Unfound
,,,,,,,59078608.0,59078608.0,,,59078608.0,Unfound
,,,,,,,2199996261988.0,,,,,Unfound
,,,,,,,1900030354367.0,,,,,Unfound
,,,,,,,2199999531577.0,,,,,Unfound
,,,,,,,1200037701115.0,,,,,Unfound
,,,,,,,4247375903.0,4247375903.0,,,4247375903.0,Unfound
,,,,,,,2199996380045.0,,,,,Unfound
,,,,,,,1023511947800.0,,,,,Unfound
,,,,,,,2199998807234.0,,,,,Unfound
,,,,,,,2199998807252.0,,,,,Unfound
,,,,,,,2963533202.0,2963533202.0,,,2963533202.0,Unfound
,,,,,,,1300013787094.0,,,,,Unfound
,,,,,,,1012533744433.0,,,,,Unfound
,,,,,,,1012526981512.0,,,,,Unfound
,,,,,,,48604401.0,48604401.0,,,48604401.0,Unfound
,,,,,,,7410209309.0,7410209309.0,,,7410209309.0,Unfound
,,,,,,,1100021471301.0,,,,,Unfound
,,,,,,,14916000.0,14916000.0,,,14916000.0,Unfound
,,,,,,,1410217180004.0,,,,,Unfound
,,,,,,,1711792533901.0,,,,,Unfound
,,,,,,,2412151610.0,2412151610.0,,,2412151610.0,Unfound
,,,,,,,1100004407280.0,,,,,Unfound
,,,,,,,1300034417961.0,,,,,Unfound
,,,,,,,2342863359614.0,,,,,Unfound
,,,,,,,1014568518324.0,,,,,Unfound
,,,,,,,1300012208675.0,,,,,Unfound
,,,,,,,9159102502.0,9159102502.0,,,9159102502.0,Unfound
,,,,,,,55261006.0,55261006.0,,,55261006.0,Unfound
,,,,,,,1900012038424.0,,,,,Unfound
,,,,,,,1640000224630.0,,,,,Unfound
,,,,,,,1460000333245.0,,,,,Unfound
,,,,,,,2199999526958.0,,,,,Unfound
,,,,,,,1900046267707.0,,,,,Unfound
,,,,,,,2100040524128.0,,,,,Unfound
,,,,,,,1417449022003.0,,,,,Unfound
,,,,,,,1460000319756.0,,,,,Unfound
,,,,,,,2200020280860.0,,,,,Unfound
,,,,,,,8877396500,8877396500,,,124067,Unfound
,,,,,,,1128221006,1128221006,,,1128221006,Unfound
,,,,,,,1200037917340.0,,,,,Unfound
,,,,,,,1300011756795.0,,,,,Unfound
,,,,,,,1200037917330.0,,,,,Unfound
,,,,,,,1200037917303.0,,,,,Unfound
,,,,,,,1200037917312.0,,,,,Unfound
,,,,,,,1200037917321.0,,,,,Unfound
,,,,,,,87579908.0,87579908.0,,,87579908.0,Unfound
,,,,,,,2000027410428.0,,,,,Unfound
,,,,,,,1012524783630.0,,,,,Unfound
,,,,,,,2000050836700.0,,,,,Unfound
,,,,,,,1012867749284.0,,,,,Unfound
,,,,,,,1012538354788.0,,,,,Unfound
,,,,,,,3234089109.0,3234089109.0,,,3234089109.0,Unfound
,,,,,,,2000050263255.0,,,,,Unfound
,,,,,,,1009263109.0,1009263109.0,,,1009263109.0,Unfound
,,,,,,,1300051545187.0,,,,,Unfound
,,,,,,,1300060320274.0,,,,,Unfound
,,,,,,,2211408310.0,2211408310.0,,,2211408310.0,Unfound
,,,,,,,1900031071727.0,,,,,Unfound
,,,,,,,1100008336622.0,,,,,Unfound
,,,,,,,1800022697059.0,,,,,Unfound
,,,,,,,9159033509.0,9159033509.0,,,9159033509.0,Unfound
,,,,,,,3372968305.0,3372968305.0,,,3372968305.0,Unfound
,,,,,,,1200020695061.0,,,,,Unfound
,,,,,,,2199994099630.0,,,,,Unfound
,,,,,,,2199997975772.0,,,,,Unfound
,,,,,,,2000009422945.0,,,,,Unfound
,,,,,,,1421610000006.0,,,,,Unfound
,,,,,,,1315189007.0,1315189007.0,,,1315189007.0,Unfound
,,,,,,,1012779538308.0,,,,,Unfound
,,,,,,,1300009930559.0,,,,,Unfound
,,,,,,,2000003101996.0,,,,,Unfound
,,,,,,,1507802059995.0,,,,,Unfound
,,,,,,,1012753702401.0,,,,,Unfound
,,,,,,,1012779537847.0,,,,,Unfound
,,,,,,,1712409924607.0,,,,,Unfound
,,,,,,,2573814210,2573814210,,,24797,Unfound
,,,,,,,2200023243277.0,,,,,Unfound
,,,,,,,47119108.0,47119108.0,,,47119108.0,Unfound
,,,,,,,2356532235115.0,,,,,Unfound
,,,,,,,1800027630769.0,,,,,Unfound
,,,,,,,2314808338016.0,,,,,Unfound
,,,,,,,3077283209.0,3077283209.0,,,3077283209.0,Unfound
,,,,,,,2000051863705.0,,,,,Unfound
,,,,,,,1012735780578.0,,,,,Unfound
,,,,,,,1200037745682.0,,,,,Unfound
,,,,,,,1591060215276.0,,,,,Unfound
,,,,,,,8895869205.0,8895869205.0,,,8895869205.0,Unfound
,,,,,,,2200020564130.0,,,,,Unfound
,,,,,,,1012622402992.0,,,,,Unfound
,,,,,,,71390907.0,71390907.0,,,71390907.0,Unfound
,,,,,,,1610005665985.0,,,,,Unfound
,,,,,,,67655403.0,67655403.0,,,67655403.0,Unfound
,,,,,,,1012671068920.0,,,,,Unfound
,,,,,,,8938820407.0,8938820407.0,,,8938820407.0,Unfound
,,,,,,,2100040377837.0,,,,,Unfound
,,,,,,,1100015864788.0,,,,,Unfound
,,,,,,,1900091052027.0,,,,,Unfound
,,,,,,,1600000087711.0,,,,,Unfound
,,,,,,,1012525883958.0,,,,,Unfound
,,,,,,,1610031634726.0,,,,,Unfound
,,,,,,,1800023273745.0,,,,,Unfound
,,,,,,,75584009.0,75584009.0,,,75584009.0,Unfound
,,,,,,,1300013715364.0,,,,,Unfound
,,,,,,,2335361881913.0,,,,,Unfound
,,,,,,,1900002284365.0,,,,,Unfound
,,,,,,,2100040524119.0,,,,,Unfound
,,,,,,,2100040520833.0,,,,,Unfound
,,,,,,,1610030546760.0,,,,,Unfound
,,,,,,,1012654560902.0,,,,,Unfound
,,,,,,,2000051817684.0,,,,,Unfound
,,,,,,,2326320311014.0,,,,,Unfound
,,,,,,,2000025279202.0,,,,,Unfound
,,,,,,,1800019961060.0,,,,,Unfound
,,,,,,,9327771902.0,9327771902.0,,,9327771902.0,Unfound
,,,,,,,1800019961079.0,,,,,Unfound
,,,,,,,2326313949011.0,,,,,Unfound
,,,,,,,1100001706956.0,,,,,Unfound
,,,,,,,2000005420829.0,,,,,Unfound
,,,,,,,1100020119988.0,,,,,Unfound
,,,,,,,3650605.0,3650605.0,,,3650605.0,Unfound
,,,,,,,1015682493882.0,,,,,Unfound
,,,,,,,624319603.0,624319603.0,,,624319603.0,Unfound
,,,,,,,2200018387533.0,,,,,Unfound
,,,,,,,1100012020129.0,,,,,Unfound
,,,,,,,8934078610.0,8934078610.0,,,8934078610.0,Unfound
,,,,,,,52088104.0,52088104.0,,,52088104.0,Unfound
,,,,,,,2200030075768.0,,,,,Unfound
,,,,,,,2366590882219.0,,,,,Unfound
,,,,,,,1013076702670.0,,,,,Unfound
,,,,,,,1160000279462.0,,,,,Unfound
,,,,,,,51735701.0,51735701.0,,,51735701.0,Unfound
,,,,,,,1300007493077.0,,,,,Unfound
,,,,,,,10665104.0,10665104.0,,,10665104.0,Unfound
,,,,,,,1100022236990.0,,,,,Unfound
,,,,,,,1800029517889.0,,,,,Unfound
,,,,,,,9165964105.0,9165964105.0,,,9165964105.0,Unfound
,,,,,,,1200022688508.0,,,,,Unfound
,,,,,,,9296331006.0,9296331006.0,,,9296331006.0,Unfound
,,,,,,,1200027146421.0,,,,,Unfound
,,,,,,,1200038599454.0,,,,,Unfound
,,,,,,,72397601.0,72397601.0,,,72397601.0,Unfound
,,,,,,,1900022265385.0,,,,,Unfound
,,,,,,,9995805.0,9995805.0,,,9995805.0,Unfound
,,,,,,,1200024832040.0,,,,,Unfound
,,,,,,,1846447803.0,1846447803.0,,,1846447803.0,Unfound
,,,,,,,2336500055015.0,,,,,Unfound
,,,,,,,1900026320107.0,,,,,Unfound
,,,,,,,8814423110.0,8814423110.0,,,8814423110.0,Unfound
,,,,,,,57356510.0,57356510.0,,,57356510.0,Unfound
,,,,,,,1200035602760.0,,,,,Unfound
,,,,,,,2310600224119.0,,,,,Unfound
,,,,,,,21827104.0,21827104.0,,,21827104.0,Unfound
,,,,,,,2000014077783.0,,,,,Unfound
,,,,,,,1200040119018.0,,,,,Unfound
,,,,,,,1100002179682.0,,,,,Unfound
,,,,,,,1610006013242.0,,,,,Unfound
,,,,,,,1012811426658.0,,,,,Unfound
,,,,,,,1800021013096.0,,,,,Unfound
,,,,,,,5398609.0,5398609.0,,,5398609.0,Unfound
,,,,,,,2413834206.0,2413834206.0,,,2413834206.0,Unfound
,,,,,,,78476807.0,78476807.0,,,78476807.0,Unfound
,,,,,,,1100024398391.0,,,,,Unfound
,,,,,,,1300012111398.0,,,,,Unfound
,,,,,,,2000004976780.0,,,,,Unfound
,,,,,,,1800035297601.0,,,,,Unfound
,,,,,,,5076484803.0,5076484803.0,,,5076484803.0,Unfound
,,,,,,,1300005995631.0,,,,,Unfound
,,,,,,,2996913908.0,2996913908.0,,,2996913908.0,Unfound
,,,,,,,3392175708.0,3392175708.0,,,3392175708.0,Unfound
,,,,,,,2200014135812.0,,,,,Unfound
,,,,,,,1200030031856.0,,,,,Unfound
,,,,,,,1413153203001.0,,,,,Unfound
,,,,,,,1414122012002.0,,,,,Unfound
,,,,,,,1800020426601,,,,,Unfound
,,,,,,,1521119906,,,,,Unfound
,,,,,,,1900091702633,,,,,Unfound
,,,,,,,51768604,,,,,Unfound
,,,,,,,1640000672913,,,,,Unfound
,,,,,,,1100015779849.0,,,,,Unfound
,,,,,,,2245903707,,,,,Unfound
,,,,,,,1200021534931,,,,,Unfound
,,,,,,,4262103710,4262103710,,,4262103710,Unfound
,,,,,,,9159174303.0,,,,,Unfound
,,,,,,,1412008661000,,,,,Unfound
,,,,,,,2200041809852.0,,,,,Unfound
,,,,,,,1200040337241,,,,,Unfound
,,,,,,,3210975405.0,,,,,Unfound
,,,,,,,1591056178199,,,,,Unfound
,,,,,,,2174655103,,,,,Unfound
,,,,,,,8854590008,,,,,Unfound
,,,,,,,1800018616439.0,,,,,Unfound
,,,,,,,1416369931002,,,,,Unfound
,,,,,,,1800022766916,,,,,Unfound
,,,,,,,8828141104.0,,,,,Unfound
,,,,,,,66666706,,,,,Unfound
,,,,,,,1106743800,,,,,Unfound
,,,,,,,63116801,,,,,Unfound
,,,,,,,2340302477614.0,,,,,Unfound
,,,,,,,8818012603,,,,,Unfound
,,,,,,,4203475009,,,,,Unfound
,,,,,,,8934078610,,,,,Unfound
,,,,,,,1592001039992.0,,,,,Unfound
,,,,,,,59745902,,,,,Unfound
,,,,,,,2316520003019,,,,,Unfound
,,,,,,,1800021210121.0,,,,,Unfound
,,,,,,,1518874703,,,,,Unfound
,,,,,,,2199993068880,,,,,Unfound
,,,,,,,69649609,,,,,Unfound
,,,,,,,2199999108128.0,,,,,Unfound
,,,,,,,1674697001,,,,,Unfound
,,,,,,,61953605,,,,,Unfound
,,,,,,,8874199000,,,,,Unfound
,,,,,,,1899729410.0,,,,,Unfound
,,,,,,,1352129009,,,,,Unfound
,,,,,,,2100041256957,,,,,Unfound
,,,,,,,1591030853472,,,,,Unfound
,,,,,,,1413368602006.0,,,,,Unfound
,,,,,,,18222806,,,,,Unfound
,,,,,,,580978709,,,,,Unfound
,,,,,,,2200032086195,,,,,Unfound
,,,,,,,1200029018401.0,,,,,Unfound
,,,,,,,3280451301,,,,,Unfound
,,,,,,,1012787467098,,,,,Unfound
,,,,,,,9158509202,,,,,Unfound
,,,,,,,1418252430001.0,,,,,Unfound
,,,,,,,1673688803,,,,,Unfound
,,,,,,,2000019994595,,,,,Unfound
,,,,,,,1107271902,,,,,Unfound
,,,,,,,1800035295385.0,,,,,Unfound
,,,,,,,1488269901,,,,,Unfound
,,,,,,,1200031921908,,,,,Unfound
,,,,,,,8860034109,,,,,Unfound
,,,,,,,2100041098750.0,,,,,Unfound
,,,,,,,80391304,,,,,Unfound
,,,,,,,57284410,57284410,,,57284410,Unfound
,,,,,,,1012535199418,,,,,Unfound
,,,,,,,1013030269819,,,,,Unfound
,,,,,,,1295729302.0,,,,,Unfound
,,,,,,,1666633708,,,,,Unfound
,,,,,,,1120762505,,,,,Unfound
,,,,,,,1013030270043,,,,,Unfound
,,,,,,,8839115103,,,,,Unfound
,,,,,,,3325111901.0,,,,,Unfound
,,,,,,,1100012332550.0,,,,,Unfound
,,,,,,,1200020963547.0,,,,,Unfound
,,,,,,,19147206,,,,,Unfound
,,,,,,,1812324703,,,,,Unfound
,,,,,,,8823468605,,,,,Unfound
,,,,,,,83271410,,,,,Unfound
,,,,,,,1410682611000,,,,,Unfound
,,,,,,,1620000933901.0,,,,,Unfound
,,,,,,,48534103.0,48534103.0,,,48534103.0,Unfound
,,,,,,,1300000700270,,,,,Unfound
,,,,,,,1414682611008,,,,,Unfound
,,,,,,,83272210,,,,,Unfound
,,,,,,,1712465322513.0,,,,,Unfound
,,,,,,,1412682611004,,,,,Unfound
,,,,,,,1565555904,,,,,Unfound
,,,,,,,3945860908,,,,,Unfound
,,,,,,,2199990755439,,,,,Unfound
,,,,,,,2330107818719,,,,,Unfound
,,,,,,,1014571526725,,,,,Unfound
,,,,,,,2000027447942.0,,,,,Unfound
,,,,,,,1346444806.0,,,,,Unfound
,,,,,,,2200013748242,,,,,Unfound
,,,,,,,2000053640813,,,,,Unfound
,,,,,,,56350010,,,,,Unfound
,,,,,,,2333018730912.0,,,,,Unfound
,,,,,,,1013058281516,,,,,Unfound
,,,,,,,2000053640804,,,,,Unfound
,,,,,,,1800026943065,,,,,Unfound
,,,,,,,1853792800.0,,,,,Unfound
,,,,,,,3072316307,,,,,Unfound
,,,,,,,1012790900306,,,,,Unfound
,,,,,,,2000006304724.0,,,,,Unfound
,,,,,,,1012709570462,,,,,Unfound
,,,,,,,10741801,,,,,Unfound
,,,,,,,1012790897080,,,,,Unfound
,,,,,,,16456900,,,,,Unfound
,,,,,,,1413096331001.0,,,,,Unfound
,,,,,,,68202202,,,,,Unfound
,,,,,,,1900007208322,,,,,Unfound
,,,,,,,2200041263141,,,,,Unfound
,,,,,,,1800021237499.0,,,,,Unfound
,,,,,,,1200023355285,,,,,Unfound
,,,,,,,1415891041003,,,,,Unfound
,,,,,,,1200022790744.0,,,,,Unfound
,,,,,,,1591060061855,,,,,Unfound
,,,,,,,1911321901.0,,,,,Unfound
,,,,,,,57790706,,,,,Unfound
,,,,,,,2199989652070,,,,,Unfound
,,,,,,,14587108,,,,,Unfound
,,,,,,,1012672110591.0,,,,,Unfound
,,,,,,,2000011837798,,,,,Unfound
,,,,,,,2000003485364,,,,,Unfound
,,,,,,,2000027824444,,,,,Unfound
,,,,,,,2000050199050.0,,,,,Unfound
,,,,,,,49937108,,,,,Unfound
,,,,,,,1800035164103,,,,,Unfound
,,,,,,,5003207101,,,,,Unfound
,,,,,,,2789936006.0,,,,,Unfound
,,,,,,,1200022790753.0,,,,,Unfound
,,,,,,,54622804,,,,,Unfound
,,,,,,,2600000622724,,,,,Unfound
,,,,,,,1105201904,,,,,Unfound
,,,,,,,2375143885510.0,,,,,Unfound
,,,,,,,1416052861000,,,,,Unfound
,,,,,,,4227952207,,,,,Unfound
,,,,,,,2600001004852,,,,,Unfound
,,,,,,,2310490517816.0,,,,,Unfound
,,,,,,,53702303,,,,,Unfound
,,,,,,,1716539233504,,,,,Unfound
,,,,,,,2199997170142.0,,,,,Unfound
,,,,,,,19234201,,,,,Unfound
,,,,,,,1462077804,,,,,Unfound
,,,,,,,1418891041009,,,,,Unfound
,,,,,,,2700920008,,,,,Unfound
,,,,,,,1800020896933.0,,,,,Unfound
,,,,,,,2200011791185,,,,,Unfound
,,,,,,,2200030064297,,,,,Unfound
,,,,,,,74023704,,,,,Unfound
,,,,,,,1610027119079,,,,,Unfound
,,,,,,,47372805,,,,,Unfound
,,,,,,,2321815001519,,,,,Unfound
,,,,,,,75841407.0,,,,,Unfound
,,,,,,,2320652360215.0,,,,,Unfound
,,,,,,,2150068605,,,,,Unfound
,,,,,,,1012748720602,,,,,Unfound
,,,,,,,1200025758103,,,,,Unfound
,,,,,,,1100015784078.0,,,,,Unfound
,,,,,,,1014571812615,,,,,Unfound
,,,,,,,5049766406,,,,,Unfound
,,,,,,,1856025401.0,,,,,Unfound
,,,,,,,1200051536319,,,,,Unfound
,,,,,,,1138032806,,,,,Unfound
,,,,,,,1100018451615,,,,,Unfound
,,,,,,,1200026497656.0,,,,,Unfound
,,,,,,,1012783168390,,,,,Unfound
,,,,,,,4203762405,,,,,Unfound
,,,,,,,1100018451606,,,,,Unfound
,,,,,,,1012558550390,,,,,Unfound
,,,,,,,1200026497665.0,,,,,Unfound
,,,,,,,2050500707,,,,,Unfound
,,,,,,,1412454050004,,,,,Unfound
,,,,,,,1411454050002,,,,,Unfound
,,,,,,,2200023026162.0,,,,,Unfound
,,,,,,,80807309,,,,,Unfound
,,,,,,,1307361210,,,,,Unfound
,,,,,,,9306336709.0,,,,,Unfound
,,,,,,,1100015378798,,,,,Unfound
,,,,,,,1100010844555,,,,,Unfound
,,,,,,,10746104,,,,,Unfound
,,,,,,,2000019758752,,,,,Unfound
,,,,,,,1610031926510.0,,,,,Unfound
,,,,,,,9361100904,,,,,Unfound
,,,,,,,1610012068022,,,,,Unfound
,,,,,,,1200020399703,,,,,Unfound
,,,,,,,9336994306.0,,,,,Unfound
,,,,,,,2067224302,,,,,Unfound
,,,,,,,2000017117409,,,,,Unfound
,,,,,,,1012782578905.0,,,,,Unfound
,,,,,,,2000053668321.0,,,,,Unfound
,,,,,,,1014571057980,,,,,Unfound
,,,,,,,1900017353435,,,,,Unfound
,,,,,,,8861557607,,,,,Unfound
,,,,,,,62258906,,,,,Unfound
,,,,,,,2000053528572.0,,,,,Unfound
,,,,,,,1610010143477,,,,,Unfound
,,,,,,,8816733910,,,,,Unfound
,,,,,,,2200013624351.0,,,,,Unfound
,,,,,,,3947403901,,,,,Unfound
,,,,,,,9331008606,,,,,Unfound
,,,,,,,8813127606,,,,,Unfound
,,,,,,,9220023909.0,,,,,Unfound
,,,,,,,1657632402,,,,,Unfound
,,,,,,,9131244402,,,,,Unfound
,,,,,,,9337140008,,,,,Unfound
,,,,,,,1014570678941,,,,,Unfound
,,,,,,,656553101.0,,,,,Unfound
,,,,,,,2212659902,,,,,Unfound
,,,,,,,60262000,,,,,Unfound
,,,,,,,1470000278803,,,,,Unfound
,,,,,,,1200024238220.0,,,,,Unfound
,,,,,,,48841505,,,,,Unfound
,,,,,,,2200021681610,,,,,Unfound
,,,,,,,1300012111389.0,,,,,Unfound
,,,,,,,1900044138257.0,,,,,Unfound
,,,,,,,58402810.0,58402810.0,,,58402810.0,Unfound
,,,,,,,1296508010.0,1296508010.0,,,1296508010.0,Unfound
,,,,,,,4031681702.0,4031681702.0,,,4031681702.0,Unfound
,,,,,,,1200036795734.0,,,,,Unfound
,,,,,,,17580008.0,17580008.0,,,17580008.0,Unfound
,,,,,,,1414291190002.0,,,,,Unfound
,,,,,,,2200013480520.0,,,,,Unfound
,,,,,,,1300009499717.0,,,,,Unfound
,,,,,,,2000003908672.0,,,,,Unfound
,,,,,,,2200020886833.0,,,,,Unfound
,,,,,,,1900013308331.0,,,,,Unfound
,,,,,,,1591025862508.0,,,,,Unfound
,,,,,,,1200022255970.0,,,,,Unfound
,,,,,,,1012709338396.0,,,,,Unfound
,,,,,,,2000053120382.0,,,,,Unfound
,,,,,,,5084641205.0,5084641205.0,,,5084641205.0,Unfound
,,,,,,,2199993502047.0,,,,,Unfound
,,,,,,,2000053521104.0,,,,,Unfound
,,,,,,,3653005.0,3653005.0,,,3653005.0,Unfound
,,,,,,,1012985917530.0,,,,,Unfound
,,,,,,,2200042037335.0,,,,,Unfound
,,,,,,,1012424593560.0,,,,,Unfound
,,,,,,,1100002174017.0,,,,,Unfound
,,,,,,,1100011866267.0,,,,,Unfound
,,,,,,,1200035718696.0,,,,,Unfound
,,,,,,,2364480301319.0,,,,,Unfound
,,,,,,,2198765428914.0,,,,,Unfound
,,,,,,,1410906981009.0,,,,,Unfound
,,,,,,,1012628038456.0,,,,,Unfound
,,,,,,,2200011479931.0,,,,,Unfound
,,,,,,,8885233007.0,8885233007.0,,,8885233007.0,Unfound
,,,,,,,3313716201.0,3313716201.0,,,3313716201.0,Unfound
,,,,,,,1900003191998.0,,,,,Unfound
,,,,,,,1610005448329.0,,,,,Unfound
,,,,,,,1900014145369.0,,,,,Unfound
,,,,,,,1012632985757.0,,,,,Unfound
,,,,,,,1416510291003.0,,,,,Unfound
,,,,,,,2000026841643.0,,,,,Unfound
,,,,,,,2345825957710.0,,,,,Unfound
,,,,,,,1900022002889.0,,,,,Unfound
,,,,,,,2199990775969.0,,,,,Unfound
,,,,,,,1817305803.0,1817305803.0,,,1817305803.0,Unfound
,,,,,,,2199995870660.0,,,,,Unfound
,,,,,,,1711657325002.0,,,,,Unfound
,,,,,,,46345202.0,46345202.0,,,46345202.0,Unfound
,,,,,,,1800033634800.0,,,,,Unfound
,,,,,,,1417125570004.0,,,,,Unfound
,,,,,,,1800053787788.0,,,,,Unfound
,,,,,,,1300008711890.0,,,,,Unfound
,,,,,,,2199994765263.0,,,,,Unfound
,,,,,,,2000003443062.0,,,,,Unfound
,,,,,,,2100040712073.0,,,,,Unfound
,,,,,,,1800020779453.0,,,,,Unfound
,,,,,,,2333710410713.0,,,,,Unfound
,,,,,,,2330120712310.0,,,,,Unfound
,,,,,,,9366862307,9366862307,,,9366862307,Unfound
,,,,,,,1012600766891.0,,,,,Unfound
,,,,,,,1420073000008,,,,,Unfound
,,,,,,,1300000256100.0,,,,,Unfound
,,,,,,,2199992424131.0,,,,,Unfound
,,,,,,,2300000252710,,,,,Unfound
,,,,,,,2199995450028.0,,,,,Unfound
,,,,,,,2200017473874.0,,,,,Unfound
,,,,,,,9083635406,,,,,Unfound
,,,,,,,1900016153618,,,,,Unfound
,,,,,,,1620000311398,,,,,Unfound
,,,,,,,9366862206,9366862206,,,9366862206,Unfound
,,,,,,,2363114728515.0,,,,,Unfound
,,,,,,,1012681156723.0,,,,,Unfound
,,,,,,,203169800,,,,,Unfound
,,,,,,,2094649506,,,,,Unfound
,,,,,,,3293627401,,,,,Unfound
,,,,,,,1012700357586.0,,,,,Unfound
,,,,,,,88372801,,,,,Unfound
,,,,,,,9366862408,9366862408,,,9366862408,Unfound
,,,,,,,1470000411021,,,,,Unfound
,,,,,,,1410547461009.0,,,,,Unfound
,,,,,,,1610023496316,,,,,Unfound
,,,,,,,1100012420444,,,,,Unfound
,,,,,,,9327771902,,,,,Unfound
,,,,,,,1591116694418.0,,,,,Unfound
,,,,,,,1200038556920.0,,,,,Unfound
,,,,,,,2536259401,,,,,Unfound
,,,,,,,1100039219590,,,,,Unfound
,,,,,,,21668301,,,,,Unfound
,,,,,,,1014572013637.0,,,,,Unfound
,,,,,,,5085519606,,,,,Unfound
,,,,,,,2000017702270,,,,,Unfound
,,,,,,,1100008942615.0,,,,,Unfound
,,,,,,,602282404,,,,,Unfound
,,,,,,,6798305,,,,,Unfound
,,,,,,,1200061081488,,,,,Unfound
,,,,,,,1900033314010.0,,,,,Unfound
,,,,,,,8916724108,,,,,Unfound
,,,,,,,70319705,,,,,Unfound
,,,,,,,2330130492712,,,,,Unfound
,,,,,,,55649706,,,,,Unfound
,,,,,,,5021436601,,,,,Unfound
,,,,,,,1610031966806,,,,,Unfound
,,,,,,,1300012926650.0,,,,,Unfound
,,,,,,,202805808,,,,,Unfound
,,,,,,,2106267510,,,,,Unfound
,,,,,,,2336257082910,,,,,Unfound
,,,,,,,1610003662050.0,,,,,Unfound
,,,,,,,1620001696053,,,,,Unfound
,,,,,,,1200051958016,,,,,Unfound
,,,,,,,1416726530003,,,,,Unfound
,,,,,,,1800015822308.0,,,,,Unfound
,,,,,,,46774405,,,,,Unfound
,,,,,,,4228168801,,,,,Unfound
,,,,,,,8820415310,,,,,Unfound
,,,,,,,2199998907782.0,,,,,Unfound
,,,,,,,49491004,,,,,Unfound
,,,,,,,1012523129704,,,,,Unfound
,,,,,,,1591033412223,,,,,Unfound
,,,,,,,1610010005182,,,,,Unfound
,,,,,,,1411344230006,,,,,Unfound
,,,,,,,2199995565420,,,,,Unfound
,,,,,,,2200021199086.0,,,,,Unfound
,,,,,,,1416495802009,,,,,Unfound
,,,,,,,1620000112992,,,,,Unfound
,,,,,,,1050000042228,,,,,Unfound
,,,,,,,2000054330905.0,,,,,Unfound
,,,,,,,1100014544790,,,,,Unfound
,,,,,,,1300008437028,,,,,Unfound
,,,,,,,1013041004375.0,,,,,Unfound
,,,,,,,61590000,,,,,Unfound
,,,,,,,1610019880198,,,,,Unfound
,,,,,,,70398705,,,,,Unfound
,,,,,,,2000009492400.0,,,,,Unfound
,,,,,,,1900014320669.0,,,,,Unfound
,,,,,,,1591016694412.0,,,,,Unfound
,,,,,,,2000020034542.0,,,,,Unfound
,,,,,,,2200014351905.0,,,,,Unfound
,,,,,,,1100006298027.0,,,,,Unfound
,,,,,,,52720603.0,52720603.0,,,52720603.0,Unfound
,,,,,,,1300000114984.0,,,,,Unfound
,,,,,,,1072223508.0,1072223508.0,,,1072223508.0,Unfound
,,,,,,,52515804.0,52515804.0,,,52515804.0,Unfound
,,,,,,,1591019655736.0,,,,,Unfound
,,,,,,,22150906.0,22150906.0,,,22150906.0,Unfound
,,,,,,,1610023376085.0,,,,,Unfound
,,,,,,,2000012795508.0,,,,,Unfound
,,,,,,,2000012795535.0,,,,,Unfound
,,,,,,,1300008406410.0,,,,,Unfound
,,,,,,,1715427935350.0,,,,,Unfound
,,,,,,,2199989609561.0,,,,,Unfound
,,,,,,,1419042840009.0,,,,,Unfound
,,,,,,,1012412374352.0,,,,,Unfound
,,,,,,,1300035376679.0,,,,,Unfound
,,,,,,,1610012068022.0,,,,,Unfound
,,,,,,,2199991289570.0,,,,,Unfound
,,,,,,,1591059583114.0,,,,,Unfound
,,,,,,,2138351202.0,2138351202.0,,,2138351202.0,Unfound
,,,,,,,2199998862253.0,,,,,Unfound
,,,,,,,8815898601.0,8815898601.0,,,8815898601.0,Unfound
,,,,,,,1412575611004.0,,,,,Unfound
,,,,,,,9206769206.0,9206769206.0,,,9206769206.0,Unfound
,,,,,,,62547105.0,62547105.0,,,62547105.0,Unfound
,,,,,,,1012972564190.0,,,,,Unfound
,,,,,,,1591022659314.0,,,,,Unfound
,,,,,,,1200052107874.0,,,,,Unfound
,,,,,,,1610010143477.0,,,,,Unfound
,,,,,,,47788702.0,47788702.0,,,47788702.0,Unfound
,,,,,,,3923738204.0,3923738204.0,,,3923738204.0,Unfound
,,,,,,,2300000002717.0,,,,,Unfound
,,,,,,,2094342210.0,2094342210.0,,,2094342210.0,Unfound
,,,,,,,2132220403.0,2132220403.0,,,2132220403.0,Unfound
,,,,,,,75565005.0,75565005.0,,,75565005.0,Unfound
,,,,,,,552288507.0,552288507.0,,,552288507.0,Unfound
,,,,,,,1200024433605.0,,,,,Unfound
,,,,,,,2200030112106.0,,,,,Unfound
,,,,,,,1416721702004.0,,,,,Unfound
,,,,,,,1200029191036.0,,,,,Unfound
,,,,,,,3949459804.0,3949459804.0,,,3949459804.0,Unfound
,,,,,,,56006309.0,56006309.0,,,56006309.0,Unfound
,,,,,,,55946005.0,55946005.0,,,55946005.0,Unfound
,,,,,,,1100008825942.0,,,,,Unfound
,,,,,,,1900014320650.0,,,,,Unfound
,,,,,,,1591034579642.0,,,,,Unfound
,,,,,,,1200041568058.0,,,,,Unfound
,,,,,,,1100015588177.0,,,,,Unfound
,,,,,,,1900011082246.0,,,,,Unfound
,,,,,,,2200023700665.0,,,,,Unfound
,,,,,,,8881981902.0,8881981902.0,,,8881981902.0,Unfound
,,,,,,,66804602.0,66804602.0,,,66804602.0,Unfound
,,,,,,,80441001.0,80441001.0,,,80441001.0,Unfound
,,,,,,,8907622604.0,8907622604.0,,,8907622604.0,Unfound
,,,,,,,2199996127874.0,,,,,Unfound
,,,,,,,1300008782580.0,,,,,Unfound
,,,,,,,3065575801.0,3065575801.0,,,3065575801.0,Unfound
,,,,,,,2000027394741.0,,,,,Unfound
,,,,,,,9303241009,9303241009,,,31025,Unfound
,,,,,,,1012702994764.0,,,,,Unfound
,,,,,,,19032110,19032110,,,19032110,Unfound
,,,,,,,2000024172821.0,,,,,Unfound
,,,,,,,2000013159910.0,,,,,Unfound
,,,,,,,2000008347998.0,,,,,Unfound
,,,,,,,3941608810,,,,,Unfound
,,,,,,,2200023819120.0,,,,,Unfound
,,,,,,,4151032100,,,,,Unfound
,,,,,,,1419942690006.0,,,,,Unfound
,,,,,,,2000019898469.0,,,,,Unfound
,,,,,,,51165506,,,,,Unfound
,,,,,,,1417721702006.0,,,,,Unfound
,,,,,,,1013042926020,,,,,Unfound
,,,,,,,1012851783370.0,,,,,Unfound
,,,,,,,1900060541441,,,,,Unfound
,,,,,,,3058596403,,,,,Unfound
,,,,,,,2200016121333.0,,,,,Unfound
,,,,,,,70421404,,,,,Unfound
,,,,,,,1716128055009,,,,,Unfound
,,,,,,,58218009,58218009,,,58218009,Unfound
,,,,,,,1100025311889.0,,,,,Unfound
,,,,,,,1900013000324,,,,,Unfound
,,,,,,,1800024011180,,,,,Unfound
,,,,,,,2200021798504.0,,,,,Unfound
,,,,,,,2363114721714,,,,,Unfound
,,,,,,,2200030002495.0,,,,,Unfound
,,,,,,,4260660205,,,,,Unfound
,,,,,,,2200040791326.0,,,,,Unfound
,,,,,,,2200022279421,,,,,Unfound
,,,,,,,2190722005,,,,,Unfound
,,,,,,,2360442881818.0,,,,,Unfound
,,,,,,,1023964301,,,,,Unfound
,,,,,,,9159345001,9159345001,,,9159345001,Unfound
,,,,,,,2000013119165,,,,,Unfound
,,,,,,,2199997794781.0,,,,,Unfound
,,,,,,,1610011956724,,,,,Unfound
,,,,,,,1800025125589,,,,,Unfound
,,,,,,,2200012170912.0,,,,,Unfound
,,,,,,,2380002260680,,,,,Unfound
,,,,,,,1200039035413,,,,,Unfound
,,,,,,,2200012211676.0,,,,,Unfound
,,,,,,,3935527005,3935527005,,,3935527005,Unfound
,,,,,,,1416339171002,,,,,Unfound
,,,,,,,1900042155534,,,,,Unfound
,,,,,,,2000027491630.0,,,,,Unfound
,,,,,,,8852658107,,,,,Unfound
,,,,,,,1912315507,,,,,Unfound
,,,,,,,2000005811235.0,,,,,Unfound
,,,,,,,1414834222000.0,,,,,Unfound
,,,,,,,1200037363941.0,,,,,Unfound
,,,,,,,2363709539913.0,,,,,Unfound
,,,,,,,2000012375357.0,,,,,Unfound
,,,,,,,1800031790872.0,,,,,Unfound
,,,,,,,1900003074861.0,,,,,Unfound
,,,,,,,2300000514281.0,,,,,Unfound
,,,,,,,1900001013867.0,,,,,Unfound
,,,,,,,1012704789452.0,,,,,Unfound
,,,,,,,1600000027155.0,,,,,Unfound
,,,,,,,1610013045596.0,,,,,Unfound
,,,,,,,925561109,925561109,,,36880,Unfound
,,,,,,,1030008992319.0,,,,,Unfound
,,,,,,,1591058157084.0,,,,,Unfound
,,,,,,,1800025142965.0,,,,,Unfound
,,,,,,,1200020915108.0,,,,,Unfound
,,,,,,,1591052745940.0,,,,,Unfound
,,,,,,,9103874001,9103874001,,,1,Unfound
,,,,,,,1100013763002.0,,,,,Unfound
,,,,,,,1610023946682.0,,,,,Unfound
,,,,,,,1100001483153.0,,,,,Unfound
,,,,,,,1418891041009.0,,,,,Unfound
,,,,,,,1012458399193.0,,,,,Unfound
,,,,,,,1012661924816.0,,,,,Unfound
,,,,,,,2200030101433.0,,,,,Unfound
,,,,,,,2000002961986.0,,,,,Unfound
,,,,,,,2200022908912.0,,,,,Unfound
,,,,,,,1610018489609.0,,,,,Unfound
,,,,,,,1610003741580.0,,,,,Unfound
,,,,,,,1200031188975.0,,,,,Unfound
,,,,,,,1100008426922.0,,,,,Unfound
,,,,,,,1800015867949.0,,,,,Unfound
,,,,,,,1100022601664.0,,,,,Unfound
,,,,,,,1414377502008.0,,,,,Unfound
,,,,,,,2200013211960.0,,,,,Unfound
,,,,,,,1900046338190.0,,,,,Unfound
,,,,,,,1800031080470.0,,,,,Unfound
,,,,,,,1416730012004.0,,,,,Unfound
,,,,,,,1610001941330.0,,,,,Unfound
,,,,,,,1300000800328.0,,,,,Unfound
,,,,,,,1200029320029.0,,,,,Unfound
,,,,,,,71469606,71469606,,,71469606,Unfound
,,,,,,,4011489507,4011489507,,,41548,Unfound
,,,,,,,1200038187870.0,,,,,Unfound
,,,,,,,1800027458423.0,,,,,Unfound
,,,,,,,2000019221900.0,,,,,Unfound
,,,,,,,1800023307465.0,,,,,Unfound
,,,,,,,51290206.0,51290206.0,,,51290206.0,Unfound
,,,,,,,1200030008341.0,,,,,Unfound
,,,,,,,1610023497198,,,,,Unfound
,,,,,,,3249367805.0,,,,,Unfound
,,,,,,,9297340001.0,9297340001.0,,,9297340001.0,Unfound
,,,,,,,1591053252255.0,,,,,Unfound
,,,,,,,682802509,,,,,Unfound
,,,,,,,8817139600,,,,,Unfound
,,,,,,,2200043123065,,,,,Unfound
,,,,,,,9215899501.0,,,,,Unfound
,,,,,,,1200021264175.0,,,,,Unfound
,,,,,,,1413027731007,,,,,Unfound
,,,,,,,53575805,53575805,,,119774,Unfound
,,,,,,,18699510.0,18699510.0,,,18699510.0,Unfound
,,,,,,,54920509,,,,,Unfound
,,,,,,,1831352906.0,,,,,Unfound
,,,,,,,2169078907,,,,,Unfound
,,,,,,,1411742870007.0,,,,,Unfound
,,,,,,,77711606.0,77711606.0,,,77711606.0,Unfound
,,,,,,,4247859005,4247859005,,,6573,Unfound
,,,,,,,59926109.0,,,,,Unfound
,,,,,,,3320512905,,,,,Unfound
,,,,,,,9124761005.0,,,,,Unfound
,,,,,,,1012989823390,,,,,Unfound
,,,,,,,75480805,,,,,Unfound
,,,,,,,1100040281746.0,,,,,Unfound
,,,,,,,73601410,,,,,Unfound
,,,,,,,1160001037665.0,,,,,Unfound
,,,,,,,3320512703,,,,,Unfound
,,,,,,,1800025925038.0,,,,,Unfound
,,,,,,,1610011332707,,,,,Unfound
,,,,,,,1475004708,,,,,Unfound
,,,,,,,1279251608,,,,,Unfound
,,,,,,,50121806,,,,,Unfound
,,,,,,,1012882108874,,,,,Unfound
,,,,,,,2079798806,,,,,Unfound
,,,,,,,1012703142881,,,,,Unfound
,,,,,,,8815006009,,,,,Unfound
,,,,,,,1200024473529,,,,,Unfound
,,,,,,,1800022624282.0,,,,,Unfound
,,,,,,,62914409,,,,,Unfound
,,,,,,,1100002461211,,,,,Unfound
,,,,,,,1800015646741.0,,,,,Unfound
,,,,,,,1200040130067.0,,,,,Unfound
,,,,,,,2199999216853,,,,,Unfound
,,,,,,,47545709,,,,,Unfound
,,,,,,,1800023655290,,,,,Unfound
,,,,,,,3320513009,,,,,Unfound
,,,,,,,1100000903975,,,,,Unfound
,,,,,,,1200010022420.0,,,,,Unfound
,,,,,,,2000003347752,,,,,Unfound
,,,,,,,2199999530555.0,,,,,Unfound
,,,,,,,1300001576560.0,,,,,Unfound
,,,,,,,3988884502,,,,,Unfound
,,,,,,,1418736151009.0,,,,,Unfound
,,,,,,,2536035008,,,,,Unfound
,,,,,,,60277305,,,,,Unfound
,,,,,,,2000008532498.0,,,,,Unfound
,,,,,,,2200023557144,,,,,Unfound
,,,,,,,2200020568199,,,,,Unfound
,,,,,,,52035509,,,,,Unfound
,,,,,,,61752505,,,,,Unfound
,,,,,,,1013088309164.0,,,,,Unfound
,,,,,,,4009528200,,,,,Unfound
,,,,,,,3906984402,,,,,Unfound
,,,,,,,1200031343132.0,,,,,Unfound
,,,,,,,1417849930003,,,,,Unfound
,,,,,,,52093501,,,,,Unfound
,,,,,,,67655403,,,,,Unfound
,,,,,,,1900032271517.0,,,,,Unfound
,,,,,,,9113273407,,,,,Unfound
,,,,,,,1900002284365,,,,,Unfound
,,,,,,,63916104,,,,,Unfound
,,,,,,,8891698700,8891698700,,,8891698700,Unfound
,,,,,,,1714329008239.0,,,,,Unfound
,,,,,,,2310492322017,,,,,Unfound
,,,,,,,1100025472790,,,,,Unfound
,,,,,,,1013058225168,,,,,Unfound
,,,,,,,1030082170265.0,,,,,Unfound
,,,,,,,1095610509,,,,,Unfound
,,,,,,,44717910,,,,,Unfound
,,,,,,,1012654479020.0,,,,,Unfound
,,,,,,,1900020385368,,,,,Unfound
,,,,,,,9125611507,,,,,Unfound
,,,,,,,1591059191003,,,,,Unfound
,,,,,,,2361307490118,,,,,Unfound
,,,,,,,2000008174934.0,,,,,Unfound
,,,,,,,83334509,,,,,Unfound
,,,,,,,1012524063737,,,,,Unfound
,,,,,,,1610009033010.0,,,,,Unfound
,,,,,,,672103903,,,,,Unfound
,,,,,,,50303801,,,,,Unfound
,,,,,,,1610021634240,,,,,Unfound
,,,,,,,2200041684963.0,,,,,Unfound
,,,,,,,1410032170005.0,,,,,Unfound
,,,,,,,8825170500,,,,,Unfound
,,,,,,,1515399100,,,,,Unfound
,,,,,,,7546664502,,,,,Unfound
,,,,,,,1800035247708.0,,,,,Unfound
,,,,,,,65769004,,,,,Unfound
,,,,,,,1200037363941,,,,,Unfound
,,,,,,,1100021931550,,,,,Unfound
,,,,,,,1610014553697.0,,,,,Unfound
,,,,,,,1900013244486,,,,,Unfound
,,,,,,,8818334906,,,,,Unfound
,,,,,,,1620001517817.0,,,,,Unfound
,,,,,,,8815412009,,,,,Unfound
,,,,,,,1076451901,,,,,Unfound
,,,,,,,8873897109,,,,,Unfound
,,,,,,,2000019784887.0,,,,,Unfound
,,,,,,,2960195810,,,,,Unfound
,,,,,,,1012561350877.0,,,,,Unfound
,,,,,,,1014572141979,,,,,Unfound
,,,,,,,3081746603,,,,,Unfound
,,,,,,,9106919405,,,,,Unfound
,,,,,,,1200040064593,,,,,Unfound
,,,,,,,1418238550005.0,,,,,Unfound
,,,,,,,1900060669220.0,,,,,Unfound
,,,,,,,2958015502,2958015502,,,9122,Unfound
,,,,,,,1900027419093.0,,,,,Unfound
,,,,,,,1416547971000.0,,,,,Unfound
,,,,,,,2000050645517.0,,,,,Unfound
,,,,,,,1414450961003.0,,,,,Unfound
,,,,,,,1300002228239.0,,,,,Unfound
,,,,,,,1012641687343.0,,,,,Unfound
,,,,,,,1610030959923.0,,,,,Unfound
,,,,,,,1100050626385.0,,,,,Unfound
,,,,,,,1100009429580.0,,,,,Unfound
,,,,,,,1591059106968.0,,,,,Unfound
,,,,,,,1610022033063.0,,,,,Unfound
,,,,,,,1100001110546.0,,,,,Unfound
,,,,,,,2372422737117.0,,,,,Unfound
,,,,,,,2330730184812.0,,,,,Unfound
,,,,,,,2362204199115.0,,,,,Unfound
,,,,,,,2200032086195.0,,,,,Unfound
,,,,,,,1610001709032.0,,,,,Unfound
,,,,,,,1012420033352.0,,,,,Unfound
,,,,,,,1100004941992.0,,,,,Unfound
,,,,,,,1413273100004.0,,,,,Unfound
,,,,,,,1100025161502.0,,,,,Unfound
,,,,,,,1900016425239.0,,,,,Unfound
,,,,,,,2344660833715.0,,,,,Unfound
,,,,,,,2336530922019.0,,,,,Unfound
,,,,,,,2333457595216.0,,,,,Unfound
,,,,,,,2200030111886.0,,,,,Unfound
,,,,,,,2000015232448.0,,,,,Unfound
,,,,,,,2199993690857.0,,,,,Unfound
,,,,,,,1200052087400.0,,,,,Unfound
,,,,,,,1200022547133.0,,,,,Unfound
,,,,,,,1200029180043.0,,,,,Unfound
,,,,,,,2000011064596.0,,,,,Unfound
,,,,,,,1200040064593.0,,,,,Unfound
,,,,,,,1300010674653.0,,,,,Unfound
,,,,,,,2199993690848.0,,,,,Unfound
,,,,,,,1700051614305.0,,,,,Unfound
,,,,,,,1200052071605.0,,,,,Unfound
,,,,,,,2362371539018.0,,,,,Unfound
,,,,,,,2200023344620.0,,,,,Unfound
,,,,,,,2200021023090.0,,,,,Unfound
,,,,,,,2200040198280.0,,,,,Unfound
,,,,,,,2200012986018.0,,,,,Unfound
,,,,,,,2000026371520.0,,,,,Unfound
,,,,,,,2334301466710.0,,,,,Unfound
,,,,,,,2313495306013.0,,,,,Unfound
,,,,,,,55727408.0,55727408.0,,,55727408.0,Unfound
,,,,,,,2200021239960.0,,,,,Unfound
,,,,,,,1671366310.0,1671366310.0,,,1671366310.0,Unfound
,,,,,,,9083894206,9083894206,,,33311,Unfound
,,,,,,,2760079603.0,2760079603.0,,,2760079603.0,Unfound
,,,,,,,1900046303969.0,,,,,Unfound
,,,,,,,1100025415072.0,,,,,Unfound
,,,,,,,77600305.0,77600305.0,,,77600305.0,Unfound
,,,,,,,76438508.0,76438508.0,,,76438508.0,Unfound
,,,,,,,1100011539273.0,,,,,Unfound
,,,,,,,1100011639242.0,,,,,Unfound
,,,,,,,1610029714372.0,,,,,Unfound
,,,,,,,665259809,665259809,,,5437,Unfound
,,,,,,,2199999861446.0,,,,,Unfound
,,,,,,,57380900.0,57380900.0,,,57380900.0,Unfound
,,,,,,,8895844705.0,8895844705.0,,,8895844705.0,Unfound
,,,,,,,1100039383341.0,,,,,Unfound
,,,,,,,69912710.0,69912710.0,,,69912710.0,Unfound
,,,,,,,4230059604.0,4230059604.0,,,4230059604.0,Unfound
,,,,,,,2991955910.0,2991955910.0,,,2991955910.0,Unfound
,,,,,,,8824607901,8824607901,,,82293,Unfound
,,,,,,,1591048122526.0,,,,,Unfound
,,,,,,,1012792587359.0,,,,,Unfound
,,,,,,,1423290000006.0,,,,,Unfound
,,,,,,,2324983670510.0,,,,,Unfound
,,,,,,,2323284320511.0,,,,,Unfound
,,,,,,,1900041077902.0,,,,,Unfound
,,,,,,,1900038077831.0,,,,,Unfound
,,,,,,,1013002151620.0,,,,,Unfound
,,,,,,,80036800,80036800,,,229656,Unfound
,,,,,,,1100021794051.0,,,,,Unfound
,,,,,,,2000050352700.0,,,,,Unfound
,,,,,,,1710012640508.0,,,,,Unfound
,,,,,,,1800022148760.0,,,,,Unfound
,,,,,,,1300013148325.0,,,,,Unfound
,,,,,,,4186473601.0,4186473601.0,,,4186473601.0,Unfound
,,,,,,,1415360381005.0,,,,,Unfound
,,,,,,,1900090079199.0,,,,,Unfound
,,,,,,,9089427306.0,9089427306.0,,,9089427306.0,Unfound
,,,,,,,1620000835958.0,,,,,Unfound
,,,,,,,49101705.0,49101705.0,,,49101705.0,Unfound
,,,,,,,1714374552107.0,,,,,Unfound
,,,,,,,709016302.0,709016302.0,,,709016302.0,Unfound
,,,,,,,1303492508.0,1303492508.0,,,1303492508.0,Unfound
,,,,,,,1717282025000.0,,,,,Unfound
,,,,,,,1672271304.0,1672271304.0,,,1672271304.0,Unfound
,,,,,,,1410931871001.0,,,,,Unfound
,,,,,,,2099791209.0,2099791209.0,,,2099791209.0,Unfound
,,,,,,,1800026650221.0,,,,,Unfound
,,,,,,,55123005.0,55123005.0,,,55123005.0,Unfound
,,,,,,,671463300.0,671463300.0,,,671463300.0,Unfound
,,,,,,,2099791310.0,2099791310.0,,,2099791310.0,Unfound
,,,,,,,1912645203.0,1912645203.0,,,1912645203.0,Unfound
,,,,,,,2200023036782.0,,,,,Unfound
,,,,,,,61541907.0,61541907.0,,,61541907.0,Unfound
,,,,,,,67577903.0,67577903.0,,,67577903.0,Unfound
,,,,,,,1523924403.0,1523924403.0,,,1523924403.0,Unfound
,,,,,,,1093947108.0,1093947108.0,,,1093947108.0,Unfound
,,,,,,,55395903.0,55395903.0,,,55395903.0,Unfound
,,,,,,,1663964301.0,1663964301.0,,,1663964301.0,Unfound
,,,,,,,5007725503,5007725503,,,34537,Unfound
,,,,,,,55085304.0,55085304.0,,,55085304.0,Unfound
,,,,,,,18524407.0,18524407.0,,,18524407.0,Unfound
,,,,,,,9195810107.0,9195810107.0,,,9195810107.0,Unfound
,,,,,,,71485806.0,71485806.0,,,71485806.0,Unfound
,,,,,,,8813724703.0,8813724703.0,,,8813724703.0,Unfound
,,,,,,,4248627707.0,4248627707.0,,,4248627707.0,Unfound
,,,,,,,8814285102.0,8814285102.0,,,8814285102.0,Unfound
,,,,,,,62482900.0,62482900.0,,,62482900.0,Unfound
,,,,,,,18092909.0,18092909.0,,,18092909.0,Unfound
,,,,,,,3927767007,3927767007,,,19346,Unfound
,,,,,,,7479208008,7479208008,,,9024,Unfound
,,,,,,,1591114579430.0,,,,,Unfound
,,,,,,,1591014579434.0,,,,,Unfound
,,,,,,,1610009128674.0,,,,,Unfound
,,,,,,,1591014706563.0,,,,,Unfound
,,,,,,,2200021042766.0,,,,,Unfound
,,,,,,,1610018212890.0,,,,,Unfound
,,,,,,,1411931871003.0,,,,,Unfound
,,,,,,,1415424571000.0,,,,,Unfound
,,,,,,,1591060805995.0,,,,,Unfound
,,,,,,,1900038022257.0,,,,,Unfound
,,,,,,,1200039797957.0,,,,,Unfound
,,,,,,,2000053561180.0,,,,,Unfound
,,,,,,,1100020016216.0,,,,,Unfound
,,,,,,,1470000161334.0,,,,,Unfound
,,,,,,,2200019064193.0,,,,,Unfound
,,,,,,,1100014753060.0,,,,,Unfound
,,,,,,,1200029531149.0,,,,,Unfound
,,,,,,,1630000798007,,,,,Unfound
,,,,,,,2200023898585,,,,,Unfound
,,,,,,,1900032104694.0,,,,,Unfound
,,,,,,,2200016351623.0,,,,,Unfound
,,,,,,,2000027749140,,,,,Unfound
,,,,,,,2199989287388,,,,,Unfound
,,,,,,,2000001061710,,,,,Unfound
,,,,,,,2789365404,,,,,Unfound
,,,,,,,2200019509886.0,,,,,Unfound
,,,,,,,2199999929156.0,,,,,Unfound
,,,,,,,1900070487118,,,,,Unfound
,,,,,,,2199990456790,,,,,Unfound
,,,,,,,2000027326626.0,,,,,Unfound
,,,,,,,1712683443202.0,,,,,Unfound
,,,,,,,79109201,,,,,Unfound
,,,,,,,65815400,65815400,,,65815400,Unfound
,,,,,,,1614975707,,,,,Unfound
,,,,,,,1800017518252.0,,,,,Unfound
,,,,,,,1200031875697,,,,,Unfound
,,,,,,,3009732909,,,,,Unfound
,,,,,,,1300006453152,,,,,Unfound
,,,,,,,1100018617360.0,,,,,Unfound
,,,,,,,1013005683500,,,,,Unfound
,,,,,,,2199998274367,,,,,Unfound
,,,,,,,1614975606,,,,,Unfound
,,,,,,,18383202.0,,,,,Unfound
,,,,,,,1800033206834.0,,,,,Unfound
,,,,,,,8902214608,,,,,Unfound
,,,,,,,9328436803,,,,,Unfound
,,,,,,,2199993684826,,,,,Unfound
,,,,,,,513400309.0,,,,,Unfound
,,,,,,,1100018617547,,,,,Unfound
,,,,,,,1295231504,,,,,Unfound
,,,,,,,1100010794285.0,,,,,Unfound
,,,,,,,1900040000000,,,,,Unfound
,,,,,,,3233276608,,,,,Unfound
,,,,,,,1012763177949,,,,,Unfound
,,,,,,,1426709100008.0,,,,,Unfound
,,,,,,,1900048206440,,,,,Unfound
,,,,,,,1800015471017,,,,,Unfound
,,,,,,,1413869200001,,,,,Unfound
,,,,,,,1716433656659.0,,,,,Unfound
,,,,,,,1012645622181,,,,,Unfound
,,,,,,,2000022559220.0,,,,,Unfound
,,,,,,,1610027199223,,,,,Unfound
,,,,,,,1712485951758,,,,,Unfound
,,,,,,,1610029829170.0,,,,,Unfound
,,,,,,,8818168601,,,,,Unfound
,,,,,,,2200012038968,,,,,Unfound
,,,,,,,1610003301590,,,,,Unfound
,,,,,,,1411412980003.0,,,,,Unfound
,,,,,,,1591050000000,,,,,Unfound
,,,,,,,1578805103,,,,,Unfound
,,,,,,,1100000669249,,,,,Unfound
,,,,,,,1610031950211.0,,,,,Unfound
,,,,,,,2728363100,,,,,Unfound
,,,,,,,1620000640389,,,,,Unfound
,,,,,,,1470000750084,,,,,Unfound
,,,,,,,2000023983503.0,,,,,Unfound
,,,,,,,1030036522167,,,,,Unfound
,,,,,,,8937029904,,,,,Unfound
,,,,,,,1610023353237,,,,,Unfound
,,,,,,,1411955500001.0,,,,,Unfound
,,,,,,,1170001595610,,,,,Unfound
,,,,,,,1620000640370,,,,,Unfound
,,,,,,,1012525883958,,,,,Unfound
,,,,,,,4008374306.0,,,,,Unfound
,,,,,,,1170001595647,,,,,Unfound
,,,,,,,2000025576511,,,,,Unfound
,,,,,,,1100009162611,,,,,Unfound
,,,,,,,1012637288828,,,,,Unfound
,,,,,,,1170001595629,,,,,Unfound
,,,,,,,5082639309.0,,,,,Unfound
,,,,,,,1100000539888,,,,,Unfound
,,,,,,,52063301.0,,,,,Unfound
,,,,,,,8813343500,,,,,Unfound
,,,,,,,3368216203,,,,,Unfound
,,,,,,,9299363506,9299363506,,,9299363506,Unfound
,,,,,,,2200042315837.0,,,,,Unfound
,,,,,,,1876266301,,,,,Unfound
,,,,,,,80833703.0,,,,,Unfound
,,,,,,,1012733513920,,,,,Unfound
,,,,,,,3362800406,,,,,Unfound
,,,,,,,53738010.0,,,,,Unfound
,,,,,,,1012520157870,,,,,Unfound
,,,,,,,46671507,,,,,Unfound
,,,,,,,1470000278803.0,,,,,Unfound
,,,,,,,67212200,,,,,Unfound
,,,,,,,1416834541006,,,,,Unfound
,,,,,,,689335506.0,,,,,Unfound
,,,,,,,7937208,,,,,Unfound
,,,,,,,1100006880533,,,,,Unfound
,,,,,,,1610021074495,,,,,Unfound
,,,,,,,614679302.0,,,,,Unfound
,,,,,,,56444502,,,,,Unfound
,,,,,,,2200017045161,,,,,Unfound
,,,,,,,1630000746329,,,,,Unfound
,,,,,,,1073674603.0,,,,,Unfound
,,,,,,,1900015099313,,,,,Unfound
,,,,,,,1800035297601,,,,,Unfound
,,,,,,,2000053999773,,,,,Unfound
,,,,,,,1012532296581.0,,,,,Unfound
,,,,,,,2000024477759,,,,,Unfound
,,,,,,,2000027085349,,,,,Unfound
,,,,,,,1200035189848.0,,,,,Unfound
,,,,,,,8935768607,,,,,Unfound
,,,,,,,1300009723470,,,,,Unfound
,,,,,,,2200023026162,,,,,Unfound
,,,,,,,2200042982121,,,,,Unfound
,,,,,,,2000024463180.0,,,,,Unfound
,,,,,,,2200023026171,,,,,Unfound
,,,,,,,67628703,,,,,Unfound
,,,,,,,1012412863798,,,,,Unfound
,,,,,,,1300000256100,,,,,Unfound
,,,,,,,2000026764964.0,,,,,Unfound
,,,,,,,1800020000000,,,,,Unfound
,,,,,,,1640000337450,,,,,Unfound
,,,,,,,1200042361291.0,,,,,Unfound
,,,,,,,56223609,,,,,Unfound
,,,,,,,3392420807,,,,,Unfound
,,,,,,,2000008174934,,,,,Unfound
,,,,,,,1200038009741.0,,,,,Unfound
,,,,,,,1610018372575,,,,,Unfound
,,,,,,,48262006,,,,,Unfound
,,,,,,,9369507010,,,,,Unfound
,,,,,,,1600000049060.0,,,,,Unfound
,,,,,,,2975403407,,,,,Unfound
,,,,,,,1100021537097,,,,,Unfound
,,,,,,,1100021619011,,,,,Unfound
,,,,,,,2200014351880.0,,,,,Unfound
,,,,,,,1073674603,,,,,Unfound
,,,,,,,1200028820632,,,,,Unfound
,,,,,,,1100021602203,,,,,Unfound
,,,,,,,1200050910101.0,,,,,Unfound
,,,,,,,1013950306,,,,,Unfound
,,,,,,,1650000017488,,,,,Unfound
,,,,,,,2211447803,,,,,Unfound
,,,,,,,1012618664340.0,,,,,Unfound
,,,,,,,1591060000000,,,,,Unfound
,,,,,,,2000013398105,,,,,Unfound
,,,,,,,2212954309,,,,,Unfound
,,,,,,,1200028877179.0,,,,,Unfound
,,,,,,,1640000344182.0,,,,,Unfound
,,,,,,,4600810010,,,,,Unfound
,,,,,,,1800025869093,,,,,Unfound
,,,,,,,5010682504,,,,,Unfound
,,,,,,,1419427900004,,,,,Unfound
,,,,,,,1300012189302.0,,,,,Unfound
,,,,,,,3279017403,,,,,Unfound
,,,,,,,2199996474711.0,,,,,Unfound
,,,,,,,52481903,,,,,Unfound
,,,,,,,1100024399846,,,,,Unfound
,,,,,,,4030023108,,,,,Unfound
,,,,,,,2332008220417.0,,,,,Unfound
,,,,,,,2053962009,,,,,Unfound
,,,,,,,1012655115668,,,,,Unfound
,,,,,,,1543463304,,,,,Unfound
,,,,,,,1800023273745,,,,,Unfound
,,,,,,,2200019392074.0,,,,,Unfound
,,,,,,,1100007169207,,,,,Unfound
,,,,,,,1470001444783,,,,,Unfound
,,,,,,,3387159808,,,,,Unfound
,,,,,,,2200030000708.0,,,,,Unfound
,,,,,,,1012942840832,,,,,Unfound
,,,,,,,1425283100001,,,,,Unfound
,,,,,,,8160108,,,,,Unfound
,,,,,,,2200021834260.0,,,,,Unfound
,,,,,,,3348533607,,,,,Unfound
,,,,,,,1012628160582,,,,,Unfound
,,,,,,,3395038904,,,,,Unfound
,,,,,,,1591040000000,,,,,Unfound
,,,,,,,2195674203,,,,,Unfound
,,,,,,,1413141630001.0,,,,,Unfound
,,,,,,,2311052521718,,,,,Unfound
,,,,,,,2000022612112.0,,,,,Unfound
,,,,,,,1200050191146,,,,,Unfound
,,,,,,,2106234405,,,,,Unfound
,,,,,,,1591051112218,,,,,Unfound
,,,,,,,1591056225547.0,,,,,Unfound
,,,,,,,8870039709,,,,,Unfound
,,,,,,,1414559150004,,,,,Unfound
,,,,,,,9309367006,,,,,Unfound
,,,,,,,87058105,,,,,Unfound
,,,,,,,1100019636842.0,,,,,Unfound
,,,,,,,2000019802250.0,,,,,Unfound
,,,,,,,2380000012691.0,,,,,Unfound
,,,,,,,2200030007883.0,,,,,Unfound
,,,,,,,1800021414449,,,,,Unfound
,,,,,,,587071806.0,587071806.0,,,587071806.0,Unfound
,,,,,,,2000002050658.0,,,,,Unfound
,,,,,,,1800035219570.0,,,,,Unfound
,,,,,,,1012412318232.0,,,,,Unfound
,,,,,,,1818932802.0,1818932802.0,,,1818932802.0,Unfound
,,,,,,,4248943201.0,4248943201.0,,,4248943201.0,Unfound
,,,,,,,1800025670565.0,,,,,Unfound
,,,,,,,8818672803.0,8818672803.0,,,8818672803.0,Unfound
,,,,,,,1900047074075.0,,,,,Unfound
,,,,,,,1716147504409.0,,,,,Unfound
,,,,,,,3024979302.0,3024979302.0,,,3024979302.0,Unfound
,,,,,,,2199990314863.0,,,,,Unfound
,,,,,,,2321622041612.0,,,,,Unfound
,,,,,,,2200012674500.0,,,,,Unfound
,,,,,,,5019829610.0,5019829610.0,,,5019829610.0,Unfound
,,,,,,,8901386801.0,8901386801.0,,,8901386801.0,Unfound
,,,,,,,2130314907.0,2130314907.0,,,2130314907.0,Unfound
,,,,,,,2199999989740.0,,,,,Unfound
,,,,,,,1591040194259.0,,,,,Unfound
,,,,,,,1714096000905.0,,,,,Unfound
,,,,,,,1100023487084.0,,,,,Unfound
,,,,,,,1100009199737.0,,,,,Unfound
,,,,,,,2199990314872.0,,,,,Unfound
,,,,,,,1100001314507.0,,,,,Unfound
,,,,,,,1411818000008.0,,,,,Unfound
,,,,,,,1700052157130.0,,,,,Unfound
,,,,,,,9101765704.0,9101765704.0,,,9101765704.0,Unfound
,,,,,,,2200040794470.0,,,,,Unfound
,,,,,,,1100021515758.0,,,,,Unfound
,,,,,,,1900001013858.0,,,,,Unfound
,,,,,,,2210640803.0,2210640803.0,,,2210640803.0,Unfound
,,,,,,,2200042070449.0,,,,,Unfound
,,,,,,,8829111706.0,8829111706.0,,,8829111706.0,Unfound
,,,,,,,1100000796745.0,,,,,Unfound
,,,,,,,62229809.0,62229809.0,,,62229809.0,Unfound
,,,,,,,2333700774913.0,,,,,Unfound
,,,,,,,3096597509.0,3096597509.0,,,3096597509.0,Unfound
,,,,,,,2200023126131.0,,,,,Unfound
,,,,,,,1591054274979.0,,,,,Unfound
,,,,,,,1610022603369.0,,,,,Unfound
,,,,,,,1300051964900.0,,,,,Unfound
,,,,,,,1300009641542.0,,,,,Unfound
,,,,,,,2218163207,2218163207,,,128703,Unfound
,,,,,,,1800030460371.0,,,,,Unfound
,,,,,,,1460001271946.0,,,,,Unfound
,,,,,,,2000006062319.0,,,,,Unfound
,,,,,,,1300013243208.0,,,,,Unfound
,,,,,,,1012361416472.0,,,,,Unfound
,,,,,,,1012361416932.0,,,,,Unfound
,,,,,,,2200020886842.0,,,,,Unfound
,,,,,,,9320554701,9320554701,,,9320554701,Unfound
,,,,,,,1100014219493.0,,,,,Unfound
,,,,,,,1012942826572.0,,,,,Unfound
,,,,,,,1800060349141.0,,,,,Unfound
,,,,,,,1591014585127.0,,,,,Unfound
,,,,,,,1415595903002.0,,,,,Unfound
,,,,,,,1591032266944.0,,,,,Unfound
,,,,,,,1800028391842.0,,,,,Unfound
,,,,,,,1292492910.0,1292492910.0,,,1292492910.0,Unfound
,,,,,,,2199999606949.0,,,,,Unfound
,,,,,,,8930583008.0,8930583008.0,,,8930583008.0,Unfound
,,,,,,,1570000247109.0,,,,,Unfound
,,,,,,,48465301.0,48465301.0,,,48465301.0,Unfound
,,,,,,,2000000670828.0,,,,,Unfound
,,,,,,,3774601.0,3774601.0,,,3774601.0,Unfound
,,,,,,,1100020699406.0,,,,,Unfound
,,,,,,,1558311301.0,1558311301.0,,,1558311301.0,Unfound
,,,,,,,2200021770369.0,,,,,Unfound
,,,,,,,53280101.0,53280101.0,,,53280101.0,Unfound
,,,,,,,1630000144810.0,,,,,Unfound
,,,,,,,608236809.0,608236809.0,,,608236809.0,Unfound
,,,,,,,9103456409.0,9103456409.0,,,9103456409.0,Unfound
,,,,,,,1900016350521.0,,,,,Unfound
,,,,,,,2226665104.0,2226665104.0,,,2226665104.0,Unfound
,,,,,,,2000051638079.0,,,,,Unfound
,,,,,,,2227810002.0,2227810002.0,,,2227810002.0,Unfound
,,,,,,,1123321804.0,1123321804.0,,,1123321804.0,Unfound
,,,,,,,1109241308.0,1109241308.0,,,1109241308.0,Unfound
,,,,,,,1588113708.0,1588113708.0,,,1588113708.0,Unfound
,,,,,,,69021607.0,69021607.0,,,69021607.0,Unfound
,,,,,,,3228284806.0,3228284806.0,,,3228284806.0,Unfound
,,,,,,,64435710.0,64435710.0,,,64435710.0,Unfound
,,,,,,,3085176103.0,3085176103.0,,,3085176103.0,Unfound
,,,,,,,1470000233820.0,,,,,Unfound
,,,,,,,2093753406.0,2093753406.0,,,2093753406.0,Unfound
,,,,,,,1297148505.0,1297148505.0,,,1297148505.0,Unfound
,,,,,,,514307302.0,514307302.0,,,514307302.0,Unfound
,,,,,,,2498737900.0,2498737900.0,,,2498737900.0,Unfound
,,,,,,,3037600507.0,3037600507.0,,,3037600507.0,Unfound
,,,,,,,18110402.0,18110402.0,,,18110402.0,Unfound
,,,,,,,9330543006.0,9330543006.0,,,9330543006.0,Unfound
,,,,,,,73853303.0,73853303.0,,,73853303.0,Unfound
,,,,,,,1900017427812.0,,,,,Unfound
,,,,,,,70328100.0,70328100.0,,,70328100.0,Unfound
,,,,,,,1307518509.0,1307518509.0,,,1307518509.0,Unfound
,,,,,,,3074502505.0,3074502505.0,,,3074502505.0,Unfound
,,,,,,,8836151406.0,8836151406.0,,,8836151406.0,Unfound
,,,,,,,9103272702.0,9103272702.0,,,9103272702.0,Unfound
,,,,,,,617985504.0,617985504.0,,,617985504.0,Unfound
,,,,,,,9297340001,9297340001,,,236367,Unfound
,,,,,,,9101292709.0,9101292709.0,,,9101292709.0,Unfound
,,,,,,,3363738803.0,3363738803.0,,,3363738803.0,Unfound
,,,,,,,9115128902.0,9115128902.0,,,9115128902.0,Unfound
,,,,,,,70829504.0,70829504.0,,,70829504.0,Unfound
,,,,,,,8868279708.0,8868279708.0,,,8868279708.0,Unfound
,,,,,,,508128103.0,508128103.0,,,508128103.0,Unfound
,,,,,,,1580427208.0,1580427208.0,,,1580427208.0,Unfound
,,,,,,,2705626909.0,2705626909.0,,,2705626909.0,Unfound
,,,,,,,565388600.0,565388600.0,,,565388600.0,Unfound
,,,,,,,66360210.0,66360210.0,,,66360210.0,Unfound
,,,,,,,3350080404.0,3350080404.0,,,3350080404.0,Unfound
,,,,,,,2727858201.0,2727858201.0,,,2727858201.0,Unfound
,,,,,,,56545710.0,56545710.0,,,56545710.0,Unfound
,,,,,,,8872865405.0,8872865405.0,,,8872865405.0,Unfound
,,,,,,,82303302.0,82303302.0,,,82303302.0,Unfound
,,,,,,,4006035408.0,4006035408.0,,,4006035408.0,Unfound
,,,,,,,3260030702.0,3260030702.0,,,3260030702.0,Unfound
,,,,,,,3316424809.0,3316424809.0,,,3316424809.0,Unfound
,,,,,,,62172009.0,62172009.0,,,62172009.0,Unfound
,,,,,,,3307934304.0,3307934304.0,,,3307934304.0,Unfound
,,,,,,,8882369702.0,8882369702.0,,,8882369702.0,Unfound
,,,,,,,15118010.0,15118010.0,,,15118010.0,Unfound
,,,,,,,652313408.0,652313408.0,,,652313408.0,Unfound
,,,,,,,930020403.0,930020403.0,,,930020403.0,Unfound
,,,,,,,8813696410.0,8813696410.0,,,8813696410.0,Unfound
,,,,,,,2423542502.0,2423542502.0,,,2423542502.0,Unfound
,,,,,,,60722008.0,60722008.0,,,60722008.0,Unfound
,,,,,,,9083635406.0,9083635406.0,,,9083635406.0,Unfound
,,,,,,,50033708,50033708,,,164586,Unfound
,,,,,,,10490600.0,10490600.0,,,10490600.0,Unfound
,,,,,,,3936616503.0,3936616503.0,,,3936616503.0,Unfound
,,,,,,,1678192305.0,1678192305.0,,,1678192305.0,Unfound
,,,,,,,1012803891851.0,,,,,Unfound
,,,,,,,3006302408.0,3006302408.0,,,3006302408.0,Unfound
,,,,,,,65788300.0,65788300.0,,,65788300.0,Unfound
,,,,,,,3245920603.0,3245920603.0,,,3245920603.0,Unfound
,,,,,,,8930458903.0,8930458903.0,,,8930458903.0,Unfound
,,,,,,,1506881908.0,1506881908.0,,,1506881908.0,Unfound
,,,,,,,53851410.0,53851410.0,,,53851410.0,Unfound
,,,,,,,2967369202.0,2967369202.0,,,2967369202.0,Unfound
,,,,,,,2567797509.0,2567797509.0,,,2567797509.0,Unfound
,,,,,,,3286715710.0,3286715710.0,,,3286715710.0,Unfound
,,,,,,,54120308.0,54120308.0,,,54120308.0,Unfound
,,,,,,,1610011946489.0,,,,,Unfound
,,,,,,,3225041203.0,3225041203.0,,,3225041203.0,Unfound
,,,,,,,3348435809.0,3348435809.0,,,3348435809.0,Unfound
,,,,,,,1170000227201.0,,,,,Unfound
,,,,,,,8817135502.0,8817135502.0,,,8817135502.0,Unfound
,,,,,,,9103496803.0,9103496803.0,,,9103496803.0,Unfound
,,,,,,,7444699302.0,7444699302.0,,,7444699302.0,Unfound
,,,,,,,2977124806.0,2977124806.0,,,2977124806.0,Unfound
,,,,,,,75153307.0,75153307.0,,,75153307.0,Unfound
,,,,,,,1138971101.0,1138971101.0,,,1138971101.0,Unfound
,,,,,,,1100024341702.0,,,,,Unfound
,,,,,,,1200050219304.0,,,,,Unfound
,,,,,,,520209209.0,520209209.0,,,520209209.0,Unfound
,,,,,,,58318709.0,58318709.0,,,58318709.0,Unfound
,,,,,,,8817674308.0,8817674308.0,,,8817674308.0,Unfound
,,,,,,,4216047402.0,4216047402.0,,,4216047402.0,Unfound
,,,,,,,8872486105.0,8872486105.0,,,8872486105.0,Unfound
,,,,,,,62293201.0,62293201.0,,,62293201.0,Unfound
,,,,,,,1129952107.0,1129952107.0,,,1129952107.0,Unfound
,,,,,,,9217990306,9217990306,,,3652,Unfound
,,,,,,,8863223509.0,8863223509.0,,,8863223509.0,Unfound
,,,,,,,48889006.0,48889006.0,,,48889006.0,Unfound
,,,,,,,73793210.0,73793210.0,,,73793210.0,Unfound
,,,,,,,66859908,66859908,,,1,Unfound
,,,,,,,5085519606.0,5085519606.0,,,5085519606.0,Unfound
,,,,,,,47545709.0,47545709.0,,,47545709.0,Unfound
,,,,,,,1100000704424.0,,,,,Unfound
,,,,,,,1551475004.0,1551475004.0,,,1551475004.0,Unfound
,,,,,,,2170863303.0,2170863303.0,,,2170863303.0,Unfound
,,,,,,,2780597806.0,2780597806.0,,,2780597806.0,Unfound
,,,,,,,9322373202.0,9322373202.0,,,9322373202.0,Unfound
,,,,,,,3386955109.0,3386955109.0,,,3386955109.0,Unfound
,,,,,,,1591110804731.0,,,,,Unfound
,,,,,,,2000013084362.0,,,,,Unfound
,,,,,,,17259903.0,17259903.0,,,17259903.0,Unfound
,,,,,,,1012913877850.0,,,,,Unfound
,,,,,,,1900026278332.0,,,,,Unfound
,,,,,,,72018207.0,72018207.0,,,72018207.0,Unfound
,,,,,,,2200030044403.0,,,,,Unfound
,,,,,,,51412901.0,51412901.0,,,51412901.0,Unfound
,,,,,,,2200041234521.0,,,,,Unfound
,,,,,,,62430701.0,62430701.0,,,62430701.0,Unfound
,,,,,,,3967801409.0,3967801409.0,,,3967801409.0,Unfound
,,,,,,,64144003.0,64144003.0,,,64144003.0,Unfound
,,,,,,,9196589903,9196589903,,,136302,Unfound
,,,,,,,543239504.0,543239504.0,,,543239504.0,Unfound
,,,,,,,77153003.0,77153003.0,,,77153003.0,Unfound
,,,,,,,3930733701.0,3930733701.0,,,3930733701.0,Unfound
,,,,,,,1470000062216.0,,,,,Unfound
,,,,,,,1300004228523.0,,,,,Unfound
,,,,,,,1200038113930.0,,,,,Unfound
,,,,,,,1900032293478.0,,,,,Unfound
,,,,,,,3920903503.0,3920903503.0,,,3920903503.0,Unfound
,,,,,,,9159306810.0,9159306810.0,,,9159306810.0,Unfound
,,,,,,,1800020853498.0,,,,,Unfound
,,,,,,,69008402.0,69008402.0,,,69008402.0,Unfound
,,,,,,,8415306.0,8415306.0,,,8415306.0,Unfound
,,,,,,,9327353401.0,9327353401.0,,,9327353401.0,Unfound
,,,,,,,5080137409.0,5080137409.0,,,5080137409.0,Unfound
,,,,,,,1200039273165.0,,,,,Unfound
,,,,,,,1200030195128.0,,,,,Unfound
,,,,,,,8935659108.0,8935659108.0,,,8935659108.0,Unfound
,,,,,,,61760706.0,61760706.0,,,61760706.0,Unfound
,,,,,,,1600000015460.0,,,,,Unfound
,,,,,,,1100020725632.0,,,,,Unfound
,,,,,,,1812324703.0,1812324703.0,,,1812324703.0,Unfound
,,,,,,,2738344910.0,2738344910.0,,,2738344910.0,Unfound
,,,,,,,8910246606.0,8910246606.0,,,8910246606.0,Unfound
,,,,,,,8289305.0,8289305.0,,,8289305.0,Unfound
,,,,,,,9318969204.0,9318969204.0,,,9318969204.0,Unfound
,,,,,,,48167910.0,48167910.0,,,48167910.0,Unfound
,,,,,,,61339306.0,61339306.0,,,61339306.0,Unfound
,,,,,,,1012955174359.0,,,,,Unfound
,,,,,,,56793404.0,56793404.0,,,56793404.0,Unfound
,,,,,,,1875749608.0,1875749608.0,,,1875749608.0,Unfound
,,,,,,,60142708.0,60142708.0,,,60142708.0,Unfound
,,,,,,,1013004531899.0,,,,,Unfound
,,,,,,,21143309.0,21143309.0,,,21143309.0,Unfound
,,,,,,,2200017792750.0,,,,,Unfound
,,,,,,,8815006009.0,8815006009.0,,,8815006009.0,Unfound
,,,,,,,2000008977699.0,,,,,Unfound
,,,,,,,1900015173998.0,,,,,Unfound
,,,,,,,1800020982538.0,,,,,Unfound
,,,,,,,1012624433663.0,,,,,Unfound
,,,,,,,1200032988833.0,,,,,Unfound
,,,,,,,1900014030055.0,,,,,Unfound
,,,,,,,1012772802299.0,,,,,Unfound
,,,,,,,1418414931000.0,,,,,Unfound
,,,,,,,1640000194074.0,,,,,Unfound
,,,,,,,1610011180433.0,,,,,Unfound
,,,,,,,1200021491029.0,,,,,Unfound
,,,,,,,1800030102627.0,,,,,Unfound
,,,,,,,1900048373921.0,,,,,Unfound
,,,,,,,61041202.0,61041202.0,,,61041202.0,Unfound
,,,,,,,1560170308.0,1560170308.0,,,1560170308.0,Unfound
,,,,,,,1800032728893.0,,,,,Unfound
,,,,,,,9152502202.0,9152502202.0,,,9152502202.0,Unfound
,,,,,,,1800024211615.0,,,,,Unfound
,,,,,,,63393603.0,63393603.0,,,63393603.0,Unfound
,,,,,,,2199989652371.0,,,,,Unfound
,,,,,,,4007908705.0,4007908705.0,,,4007908705.0,Unfound
,,,,,,,48660209,48660209,,,54549,Unfound
,,,,,,,61283204.0,61283204.0,,,61283204.0,Unfound
,,,,,,,2200020753804.0,,,,,Unfound
,,,,,,,4271700404.0,4271700404.0,,,4271700404.0,Unfound
,,,,,,,1014568859418.0,,,,,Unfound
,,,,,,,686887003.0,686887003.0,,,686887003.0,Unfound
,,,,,,,2762461004.0,2762461004.0,,,2762461004.0,Unfound
,,,,,,,1300052331536.0,,,,,Unfound
,,,,,,,2380001056849.0,,,,,Unfound
,,,,,,,2981504208.0,2981504208.0,,,2981504208.0,Unfound
,,,,,,,8818736702.0,8818736702.0,,,8818736702.0,Unfound
,,,,,,,1298123808.0,1298123808.0,,,1298123808.0,Unfound
,,,,,,,203169800.0,203169800.0,,,203169800.0,Unfound
,,,,,,,61760201.0,61760201.0,,,61760201.0,Unfound
,,,,,,,4259636102.0,4259636102.0,,,4259636102.0,Unfound
,,,,,,,8892643904.0,8892643904.0,,,8892643904.0,Unfound
,,,,,,,70043106.0,70043106.0,,,70043106.0,Unfound
,,,,,,,2125131110.0,2125131110.0,,,2125131110.0,Unfound
,,,,,,,9150662405.0,9150662405.0,,,9150662405.0,Unfound
,,,,,,,9297279103.0,9297279103.0,,,9297279103.0,Unfound
,,,,,,,1200022479398.0,,,,,Unfound
,,,,,,,69033704.0,69033704.0,,,69033704.0,Unfound
,,,,,,,8827110503.0,8827110503.0,,,8827110503.0,Unfound
,,,,,,,1012515512107.0,,,,,Unfound
,,,,,,,2719014309.0,2719014309.0,,,2719014309.0,Unfound
,,,,,,,2987197705.0,2987197705.0,,,2987197705.0,Unfound
,,,,,,,1100014544790.0,,,,,Unfound
,,,,,,,1100020465910.0,,,,,Unfound
,,,,,,,1100039227980.0,,,,,Unfound
,,,,,,,2165249405,2165249405,,,186855,Unfound
,,,,,,,1012477424560.0,,,,,Unfound
,,,,,,,2000051893356.0,,,,,Unfound
,,,,,,,1200040363650.0,,,,,Unfound
,,,,,,,1200040363669.0,,,,,Unfound
,,,,,,,69003807,69003807,,,69897,Unfound
,,,,,,,1130624510.0,1130624510.0,,,1130624510.0,Unfound
,,,,,,,4225095010.0,4225095010.0,,,4225095010.0,Unfound
,,,,,,,8863845802.0,8863845802.0,,,8863845802.0,Unfound
,,,,,,,716510604.0,716510604.0,,,716510604.0,Unfound
,,,,,,,713779701.0,713779701.0,,,713779701.0,Unfound
,,,,,,,3240391902.0,3240391902.0,,,3240391902.0,Unfound
,,,,,,,3956569701.0,3956569701.0,,,3956569701.0,Unfound
,,,,,,,4237964209,4237964209,,,1,Unfound
,,,,,,,2187766201.0,2187766201.0,,,2187766201.0,Unfound
,,,,,,,2950930505.0,2950930505.0,,,2950930505.0,Unfound
,,,,,,,69451610.0,69451610.0,,,69451610.0,Unfound
,,,,,,,69755002.0,69755002.0,,,69755002.0,Unfound
,,,,,,,1012836743670.0,,,,,Unfound
,,,,,,,548251407.0,548251407.0,,,548251407.0,Unfound
,,,,,,,671463300,671463300,,,31498,Unfound
,,,,,,,8818168601.0,8818168601.0,,,8818168601.0,Unfound
,,,,,,,8859547010.0,8859547010.0,,,8859547010.0,Unfound
,,,,,,,69859104.0,69859104.0,,,69859104.0,Unfound
,,,,,,,1100019006469.0,,,,,Unfound
,,,,,,,61176203.0,61176203.0,,,61176203.0,Unfound
,,,,,,,1100020716656.0,,,,,Unfound
,,,,,,,15650408.0,15650408.0,,,15650408.0,Unfound
,,,,,,,1610000117131.0,,,,,Unfound
,,,,,,,8914590103.0,8914590103.0,,,8914590103.0,Unfound
,,,,,,,2000007795300.0,,,,,Unfound
,,,,,,,2000007795310.0,,,,,Unfound
,,,,,,,4029877002.0,4029877002.0,,,4029877002.0,Unfound
,,,,,,,9307078101.0,9307078101.0,,,9307078101.0,Unfound
,,,,,,,5055060104.0,5055060104.0,,,5055060104.0,Unfound
,,,,,,,20203206.0,20203206.0,,,20203206.0,Unfound
,,,,,,,66275803.0,66275803.0,,,66275803.0,Unfound
,,,,,,,78794406.0,78794406.0,,,78794406.0,Unfound
,,,,,,,1800029107797.0,,,,,Unfound
,,,,,,,1160000916110.0,,,,,Unfound
,,,,,,,9086123708.0,9086123708.0,,,9086123708.0,Unfound
,,,,,,,55263302.0,55263302.0,,,55263302.0,Unfound
,,,,,,,2789365404.0,2789365404.0,,,2789365404.0,Unfound
,,,,,,,2000002696400.0,,,,,Unfound
,,,,,,,1833375502.0,1833375502.0,,,1833375502.0,Unfound
,,,,,,,1410725403001.0,,,,,Unfound
,,,,,,,9304799403.0,9304799403.0,,,9304799403.0,Unfound
,,,,,,,1630000604953.0,,,,,Unfound
,,,,,,,8870039709.0,8870039709.0,,,8870039709.0,Unfound
,,,,,,,48064900,48064900,,,59895,Unfound
,,,,,,,4031429501.0,4031429501.0,,,4031429501.0,Unfound
,,,,,,,3233276608.0,3233276608.0,,,3233276608.0,Unfound
,,,,,,,1610023353237.0,,,,,Unfound
,,,,,,,1800022053709.0,,,,,Unfound
,,,,,,,1800045604.0,1800045604.0,,,1800045604.0,Unfound
,,,,,,,2991721604.0,2991721604.0,,,2991721604.0,Unfound
,,,,,,,8877035602.0,8877035602.0,,,8877035602.0,Unfound
,,,,,,,2199990456790.0,,,,,Unfound
,,,,,,,1863976401.0,1863976401.0,,,1863976401.0,Unfound
,,,,,,,3056178509.0,3056178509.0,,,3056178509.0,Unfound
,,,,,,,75729200.0,75729200.0,,,75729200.0,Unfound
,,,,,,,69296400.0,69296400.0,,,69296400.0,Unfound
,,,,,,,9101790501.0,9101790501.0,,,9101790501.0,Unfound
,,,,,,,699781603.0,699781603.0,,,699781603.0,Unfound
,,,,,,,3919310706.0,3919310706.0,,,3919310706.0,Unfound
,,,,,,,8832298102.0,8832298102.0,,,8832298102.0,Unfound
,,,,,,,2200041136968.0,,,,,Unfound
,,,,,,,63296201.0,63296201.0,,,63296201.0,Unfound
,,,,,,,1200037041318.0,,,,,Unfound
,,,,,,,8833553703.0,8833553703.0,,,8833553703.0,Unfound
,,,,,,,1900040360172.0,,,,,Unfound
,,,,,,,2508081602,2508081602,,,53010,Unfound
,,,,,,,2187026104,2187026104,,,17738,Unfound
,,,,,,,17748907.0,17748907.0,,,17748907.0,Unfound
,,,,,,,3291829605.0,3291829605.0,,,3291829605.0,Unfound
,,,,,,,67805003.0,67805003.0,,,67805003.0,Unfound
,,,,,,,623946210.0,623946210.0,,,623946210.0,Unfound
,,,,,,,1300005796312.0,,,,,Unfound
,,,,,,,73845607,73845607,,,38020,Unfound
,,,,,,,16302401.0,16302401.0,,,16302401.0,Unfound
,,,,,,,1200039266405.0,,,,,Unfound
,,,,,,,66572102.0,66572102.0,,,66572102.0,Unfound
,,,,,,,1610005260244.0,,,,,Unfound
,,,,,,,2200023690565.0,,,,,Unfound
,,,,,,,2000052202218.0,,,,,Unfound
,,,,,,,1200030463278.0,,,,,Unfound
,,,,,,,19202704.0,19202704.0,,,19202704.0,Unfound
,,,,,,,3976946201.0,3976946201.0,,,3976946201.0,Unfound
,,,,,,,17163800.0,17163800.0,,,17163800.0,Unfound
,,,,,,,51165506.0,51165506.0,,,51165506.0,Unfound
,,,,,,,8913324907.0,8913324907.0,,,8913324907.0,Unfound
,,,,,,,1200039463727.0,,,,,Unfound
,,,,,,,2000023699044.0,,,,,Unfound
,,,,,,,2000016247677.0,,,,,Unfound
,,,,,,,1200039284496.0,,,,,Unfound
,,,,,,,47180302.0,47180302.0,,,47180302.0,Unfound
,,,,,,,8898537307.0,8898537307.0,,,8898537307.0,Unfound
,,,,,,,8901725303.0,8901725303.0,,,8901725303.0,Unfound
,,,,,,,56760602.0,56760602.0,,,56760602.0,Unfound
,,,,,,,2199991933642.0,,,,,Unfound
,,,,,,,1415117390009.0,,,,,Unfound
,,,,,,,60262000.0,60262000.0,,,60262000.0,Unfound
,,,,,,,8823454403.0,8823454403.0,,,8823454403.0,Unfound
,,,,,,,2000006820700.0,,,,,Unfound
,,,,,,,1106743800.0,1106743800.0,,,1106743800.0,Unfound
,,,,,,,1610031735683.0,,,,,Unfound
,,,,,,,1591044532688.0,,,,,Unfound
,,,,,,,8824495310.0,8824495310.0,,,8824495310.0,Unfound
,,,,,,,61112401.0,61112401.0,,,61112401.0,Unfound
,,,,,,,8922561810.0,8922561810.0,,,8922561810.0,Unfound
,,,,,,,52354110.0,52354110.0,,,52354110.0,Unfound
,,,,,,,1012590124564.0,,,,,Unfound
,,,,,,,1546886505.0,1546886505.0,,,1546886505.0,Unfound
,,,,,,,1800016099063.0,,,,,Unfound
,,,,,,,15971507.0,15971507.0,,,15971507.0,Unfound
,,,,,,,1900026000040.0,,,,,Unfound
,,,,,,,8818334906.0,8818334906.0,,,8818334906.0,Unfound
,,,,,,,1414572850007.0,,,,,Unfound
,,,,,,,59443403.0,59443403.0,,,59443403.0,Unfound
,,,,,,,1033289609.0,1033289609.0,,,1033289609.0,Unfound
,,,,,,,2200030077871.0,,,,,Unfound
,,,,,,,55058200.0,55058200.0,,,55058200.0,Unfound
,,,,,,,1714037155606.0,,,,,Unfound
,,,,,,,3311815810.0,3311815810.0,,,3311815810.0,Unfound
,,,,,,,68340304,68340304,,,29510,Unfound
,,,,,,,3351411406.0,3351411406.0,,,3351411406.0,Unfound
,,,,,,,62198903.0,62198903.0,,,62198903.0,Unfound
,,,,,,,8878096807.0,8878096807.0,,,8878096807.0,Unfound
,,,,,,,2380000998320.0,,,,,Unfound
,,,,,,,545839101.0,545839101.0,,,545839101.0,Unfound
,,,,,,,2200040539519.0,,,,,Unfound
,,,,,,,634186504.0,634186504.0,,,634186504.0,Unfound
,,,,,,,1044118110.0,1044118110.0,,,1044118110.0,Unfound
,,,,,,,66804209.0,66804209.0,,,66804209.0,Unfound
,,,,,,,9372230210,9372230210,,,2,Unfound
,,,,,,,1717357125254.0,,,,,Unfound
,,,,,,,200683900.0,200683900.0,,,200683900.0,Unfound
,,,,,,,3210755503.0,3210755503.0,,,3210755503.0,Unfound
,,,,,,,8879772703.0,8879772703.0,,,8879772703.0,Unfound
,,,,,,,1200029402416.0,,,,,Unfound
,,,,,,,8824607901.0,8824607901.0,,,8824607901.0,Unfound
,,,,,,,3096389805,3096389805,,,1,Unfound
,,,,,,,1200036039976.0,,,,,Unfound
,,,,,,,51238810.0,51238810.0,,,51238810.0,Unfound
,,,,,,,8908684901.0,8908684901.0,,,8908684901.0,Unfound
,,,,,,,1682072102,1682072102,,,1,Unfound
,,,,,,,1410474341000.0,,,,,Unfound
,,,,,,,2380000323275.0,,,,,Unfound
,,,,,,,1100013436817.0,,,,,Unfound
,,,,,,,60878309.0,60878309.0,,,60878309.0,Unfound
,,,,,,,1419933081007.0,,,,,Unfound
,,,,,,,8932766307.0,8932766307.0,,,8932766307.0,Unfound
,,,,,,,1012607237255.0,,,,,Unfound
,,,,,,,52243101.0,52243101.0,,,52243101.0,Unfound
,,,,,,,17381608.0,17381608.0,,,17381608.0,Unfound
,,,,,,,2000026017783.0,,,,,Unfound
,,,,,,,1418133520000.0,,,,,Unfound
,,,,,,,68868010.0,68868010.0,,,68868010.0,Unfound
,,,,,,,2000051675318.0,,,,,Unfound
,,,,,,,55375302.0,55375302.0,,,55375302.0,Unfound
,,,,,,,2200020830422.0,,,,,Unfound
,,,,,,,1591051112218.0,,,,,Unfound
,,,,,,,53349706.0,53349706.0,,,53349706.0,Unfound
,,,,,,,1591152256529.0,,,,,Unfound
,,,,,,,1460000947032.0,,,,,Unfound
,,,,,,,53960707,53960707,,,50851,Unfound
,,,,,,,9159313706,9159313706,,,16899,Unfound
,,,,,,,1415579080009.0,,,,,Unfound
,,,,,,,3393791006.0,3393791006.0,,,3393791006.0,Unfound
,,,,,,,9153040004.0,9153040004.0,,,9153040004.0,Unfound
,,,,,,,1100770768932.0,,,,,Unfound
,,,,,,,1300012674238.0,,,,,Unfound
,,,,,,,3060859801.0,3060859801.0,,,3060859801.0,Unfound
,,,,,,,58509301.0,58509301.0,,,58509301.0,Unfound
,,,,,,,1200060554820.0,,,,,Unfound
,,,,,,,3357865903.0,3357865903.0,,,3357865903.0,Unfound
,,,,,,,1012484049712.0,,,,,Unfound
,,,,,,,1100004313107.0,,,,,Unfound
,,,,,,,3388193106.0,3388193106.0,,,3388193106.0,Unfound
,,,,,,,1800033409581.0,,,,,Unfound
,,,,,,,8845682405.0,8845682405.0,,,8845682405.0,Unfound
,,,,,,,53702303.0,53702303.0,,,53702303.0,Unfound
,,,,,,,54622804.0,54622804.0,,,54622804.0,Unfound
,,,,,,,9187503506.0,9187503506.0,,,9187503506.0,Unfound
,,,,,,,1119618706.0,1119618706.0,,,1119618706.0,Unfound
,,,,,,,53749408.0,53749408.0,,,53749408.0,Unfound
,,,,,,,1300007785571.0,,,,,Unfound
,,,,,,,47685007.0,47685007.0,,,47685007.0,Unfound
,,,,,,,1012353089559.0,,,,,Unfound
,,,,,,,8861557607.0,8861557607.0,,,8861557607.0,Unfound
,,,,,,,1413028000005.0,,,,,Unfound
,,,,,,,8818186805.0,8818186805.0,,,8818186805.0,Unfound
,,,,,,,55452608.0,55452608.0,,,55452608.0,Unfound
,,,,,,,9158180102.0,9158180102.0,,,9158180102.0,Unfound
,,,,,,,1200039737080.0,,,,,Unfound
,,,,,,,529387504.0,529387504.0,,,529387504.0,Unfound
,,,,,,,2954940304.0,2954940304.0,,,2954940304.0,Unfound
,,,,,,,1012729762167.0,,,,,Unfound
,,,,,,,65769004.0,65769004.0,,,65769004.0,Unfound
,,,,,,,3037323709.0,3037323709.0,,,3037323709.0,Unfound
,,,,,,,1591020464560.0,,,,,Unfound
,,,,,,,73097807.0,73097807.0,,,73097807.0,Unfound
,,,,,,,1256418310.0,1256418310.0,,,1256418310.0,Unfound
,,,,,,,1100005936229.0,,,,,Unfound
,,,,,,,8902733206.0,8902733206.0,,,8902733206.0,Unfound
,,,,,,,2360484019313.0,,,,,Unfound
,,,,,,,57641206.0,57641206.0,,,57641206.0,Unfound
,,,,,,,1340845906.0,1340845906.0,,,1340845906.0,Unfound
,,,,,,,78523801.0,78523801.0,,,78523801.0,Unfound
,,,,,,,52150408.0,52150408.0,,,52150408.0,Unfound
,,,,,,,2000007676320.0,,,,,Unfound
,,,,,,,1614975707.0,1614975707.0,,,1614975707.0,Unfound
,,,,,,,1614975606.0,1614975606.0,,,1614975606.0,Unfound
,,,,,,,1610027483472.0,,,,,Unfound
,,,,,,,4024025306.0,4024025306.0,,,4024025306.0,Unfound
,,,,,,,9109161308.0,9109161308.0,,,9109161308.0,Unfound
,,,,,,,49456810.0,49456810.0,,,49456810.0,Unfound
,,,,,,,50529300.0,50529300.0,,,50529300.0,Unfound
,,,,,,,1100000903975.0,,,,,Unfound
,,,,,,,2200012640654.0,,,,,Unfound
,,,,,,,9209200007.0,9209200007.0,,,9209200007.0,Unfound
,,,,,,,1012638411457.0,,,,,Unfound
,,,,,,,8825717902.0,8825717902.0,,,8825717902.0,Unfound
,,,,,,,1300006453152.0,,,,,Unfound
,,,,,,,62456506.0,62456506.0,,,62456506.0,Unfound
,,,,,,,1454158505.0,1454158505.0,,,1454158505.0,Unfound
,,,,,,,1014571526725.0,,,,,Unfound
,,,,,,,3273191905.0,3273191905.0,,,3273191905.0,Unfound
,,,,,,,2775845504.0,2775845504.0,,,2775845504.0,Unfound
,,,,,,,59745902.0,59745902.0,,,59745902.0,Unfound
,,,,,,,8866015607.0,8866015607.0,,,8866015607.0,Unfound
,,,,,,,2233062502.0,2233062502.0,,,2233062502.0,Unfound
,,,,,,,46121606.0,46121606.0,,,46121606.0,Unfound
,,,,,,,1610012100030.0,,,,,Unfound
,,,,,,,1591019907722.0,,,,,Unfound
,,,,,,,8872527901.0,8872527901.0,,,8872527901.0,Unfound
,,,,,,,1714079384805.0,,,,,Unfound
,,,,,,,4207314005.0,4207314005.0,,,4207314005.0,Unfound
,,,,,,,4242554810.0,4242554810.0,,,4242554810.0,Unfound
,,,,,,,1095610408.0,1095610408.0,,,1095610408.0,Unfound
,,,,,,,4245411107.0,4245411107.0,,,4245411107.0,Unfound
,,,,,,,9321191606.0,9321191606.0,,,9321191606.0,Unfound
,,,,,,,3002777604.0,3002777604.0,,,3002777604.0,Unfound
,,,,,,,1418444770009.0,,,,,Unfound
,,,,,,,4173097903.0,4173097903.0,,,4173097903.0,Unfound
,,,,,,,71269205.0,71269205.0,,,71269205.0,Unfound
,,,,,,,20008500.0,20008500.0,,,20008500.0,Unfound
,,,,,,,70982804.0,70982804.0,,,70982804.0,Unfound
,,,,,,,2405906108.0,2405906108.0,,,2405906108.0,Unfound
,,,,,,,46061906.0,46061906.0,,,46061906.0,Unfound
,,,,,,,1610010708639.0,,,,,Unfound
,,,,,,,65943308.0,65943308.0,,,65943308.0,Unfound
,,,,,,,64983506.0,64983506.0,,,64983506.0,Unfound
,,,,,,,66652908.0,66652908.0,,,66652908.0,Unfound
,,,,,,,1610029227617.0,,,,,Unfound
,,,,,,,2792369203.0,2792369203.0,,,2792369203.0,Unfound
,,,,,,,1200052278677.0,,,,,Unfound
,,,,,,,8901832102.0,8901832102.0,,,8901832102.0,Unfound
,,,,,,,8902689903.0,8902689903.0,,,8902689903.0,Unfound
,,,,,,,1591039768480.0,,,,,Unfound
,,,,,,,8854233601.0,8854233601.0,,,8854233601.0,Unfound
,,,,,,,8895857501.0,8895857501.0,,,8895857501.0,Unfound
,,,,,,,1100019623081.0,,,,,Unfound
,,,,,,,9197572206.0,9197572206.0,,,9197572206.0,Unfound
,,,,,,,2000016954837.0,,,,,Unfound
,,,,,,,8835193810.0,8835193810.0,,,8835193810.0,Unfound
,,,,,,,1714751612258.0,,,,,Unfound
,,,,,,,3411789910.0,3411789910.0,,,3411789910.0,Unfound
,,,,,,,20013908.0,20013908.0,,,20013908.0,Unfound
,,,,,,,1100003651564.0,,,,,Unfound
,,,,,,,9112259004.0,9112259004.0,,,9112259004.0,Unfound
,,,,,,,49359206.0,49359206.0,,,49359206.0,Unfound
,,,,,,,9116639304,9116639304,,,52237,Unfound
,,,,,,,1630000461648.0,,,,,Unfound
,,,,,,,8827532406.0,8827532406.0,,,8827532406.0,Unfound
,,,,,,,86468400.0,86468400.0,,,86468400.0,Unfound
,,,,,,,49478506.0,49478506.0,,,49478506.0,Unfound
,,,,,,,64371003.0,64371003.0,,,64371003.0,Unfound
,,,,,,,2000027446762.0,,,,,Unfound
,,,,,,,2789200708.0,2789200708.0,,,2789200708.0,Unfound
,,,,,,,8903857207.0,8903857207.0,,,8903857207.0,Unfound
,,,,,,,68211001.0,68211001.0,,,68211001.0,Unfound
,,,,,,,1100051130743.0,,,,,Unfound
,,,,,,,61897700.0,61897700.0,,,61897700.0,Unfound
,,,,,,,5088561901.0,5088561901.0,,,5088561901.0,Unfound
,,,,,,,52586502.0,52586502.0,,,52586502.0,Unfound
,,,,,,,9206637806.0,9206637806.0,,,9206637806.0,Unfound
,,,,,,,1200021391937.0,,,,,Unfound
,,,,,,,3384611908.0,3384611908.0,,,3384611908.0,Unfound
,,,,,,,1412690420001.0,,,,,Unfound
,,,,,,,1896810209.0,1896810209.0,,,1896810209.0,Unfound
,,,,,,,2000013942253.0,,,,,Unfound
,,,,,,,1802095607.0,1802095607.0,,,1802095607.0,Unfound
,,,,,,,1900043361132.0,,,,,Unfound
,,,,,,,17849902.0,17849902.0,,,17849902.0,Unfound
,,,,,,,8917554103.0,8917554103.0,,,8917554103.0,Unfound
,,,,,,,1012677980195.0,,,,,Unfound
,,,,,,,16015903.0,16015903.0,,,16015903.0,Unfound
,,,,,,,2000002916672.0,,,,,Unfound
,,,,,,,2312792692315.0,,,,,Unfound
,,,,,,,65434803.0,65434803.0,,,65434803.0,Unfound
,,,,,,,1591021213155.0,,,,,Unfound
,,,,,,,1100018604760.0,,,,,Unfound
,,,,,,,2245903707.0,2245903707.0,,,2245903707.0,Unfound
,,,,,,,8851291903.0,8851291903.0,,,8851291903.0,Unfound
,,,,,,,3037439807.0,3037439807.0,,,3037439807.0,Unfound
,,,,,,,1014571728200.0,,,,,Unfound
,,,,,,,9099276104.0,9099276104.0,,,9099276104.0,Unfound
,,,,,,,5065716506.0,5065716506.0,,,5065716506.0,Unfound
,,,,,,,1295841610.0,1295841610.0,,,1295841610.0,Unfound
,,,,,,,1100012628010.0,,,,,Unfound
,,,,,,,4262103710.0,4262103710.0,,,4262103710.0,Unfound
,,,,,,,2217366609.0,2217366609.0,,,2217366609.0,Unfound
,,,,,,,22150210.0,22150210.0,,,22150210.0,Unfound
,,,,,,,1488271708.0,1488271708.0,,,1488271708.0,Unfound
,,,,,,,8886116210.0,8886116210.0,,,8886116210.0,Unfound
,,,,,,,61590000.0,61590000.0,,,61590000.0,Unfound
,,,,,,,61174008.0,61174008.0,,,61174008.0,Unfound
,,,,,,,2716668409.0,2716668409.0,,,2716668409.0,Unfound
,,,,,,,9107719907.0,9107719907.0,,,9107719907.0,Unfound
,,,,,,,22124602.0,22124602.0,,,22124602.0,Unfound
,,,,,,,1800035292630.0,,,,,Unfound
,,,,,,,1120409803.0,1120409803.0,,,1120409803.0,Unfound
,,,,,,,3102463902.0,3102463902.0,,,3102463902.0,Unfound
,,,,,,,64539801.0,64539801.0,,,64539801.0,Unfound
,,,,,,,67575607.0,67575607.0,,,67575607.0,Unfound
,,,,,,,605727308.0,605727308.0,,,605727308.0,Unfound
,,,,,,,3927279308.0,3927279308.0,,,3927279308.0,Unfound
,,,,,,,2708664506.0,2708664506.0,,,2708664506.0,Unfound
,,,,,,,1012891995883.0,,,,,Unfound
,,,,,,,9148821703.0,9148821703.0,,,9148821703.0,Unfound
,,,,,,,1300008968019.0,,,,,Unfound
,,,,,,,586482800.0,586482800.0,,,586482800.0,Unfound
,,,,,,,1100022100687.0,,,,,Unfound
,,,,,,,54411701.0,54411701.0,,,54411701.0,Unfound
,,,,,,,8814073008.0,8814073008.0,,,8814073008.0,Unfound
,,,,,,,72445608.0,72445608.0,,,72445608.0,Unfound
,,,,,,,4231851502.0,4231851502.0,,,4231851502.0,Unfound
,,,,,,,5058843410.0,5058843410.0,,,5058843410.0,Unfound
,,,,,,,55649706.0,55649706.0,,,55649706.0,Unfound
,,,,,,,1430000013542.0,,,,,Unfound
,,,,,,,3285166103.0,3285166103.0,,,3285166103.0,Unfound
,,,,,,,2504404310.0,2504404310.0,,,2504404310.0,Unfound
,,,,,,,2504404501.0,2504404501.0,,,2504404501.0,Unfound
,,,,,,,12429001.0,12429001.0,,,12429001.0,Unfound
,,,,,,,3294512804.0,3294512804.0,,,3294512804.0,Unfound
,,,,,,,57540806.0,57540806.0,,,57540806.0,Unfound
,,,,,,,3024371104.0,3024371104.0,,,3024371104.0,Unfound
,,,,,,,2996810202.0,2996810202.0,,,2996810202.0,Unfound
,,,,,,,8901386801,8901386801,,,47988,Unfound
,,,,,,,65115304.0,65115304.0,,,65115304.0,Unfound
,,,,,,,2000023714108.0,,,,,Unfound
,,,,,,,11957010.0,11957010.0,,,11957010.0,Unfound
,,,,,,,1012938303855.0,,,,,Unfound
,,,,,,,81520507.0,81520507.0,,,81520507.0,Unfound
,,,,,,,1200029179970.0,,,,,Unfound
,,,,,,,1023504861502.0,,,,,Unfound
,,,,,,,1030034912162.0,,,,,Unfound
,,,,,,,50381900.0,50381900.0,,,50381900.0,Unfound
,,,,,,,2335371772014.0,,,,,Unfound
,,,,,,,9322388507.0,9322388507.0,,,9322388507.0,Unfound
,,,,,,,8900344510.0,8900344510.0,,,8900344510.0,Unfound
,,,,,,,9102172906.0,9102172906.0,,,9102172906.0,Unfound
,,,,,,,1800748403.0,1800748403.0,,,1800748403.0,Unfound
,,,,,,,1012593797892.0,,,,,Unfound
,,,,,,,9159013301.0,9159013301.0,,,9159013301.0,Unfound
,,,,,,,2200014903723.0,,,,,Unfound
,,,,,,,8904370801.0,8904370801.0,,,8904370801.0,Unfound
,,,,,,,58580307.0,58580307.0,,,58580307.0,Unfound
,,,,,,,8922112904.0,8922112904.0,,,8922112904.0,Unfound
,,,,,,,1012655264012.0,,,,,Unfound
,,,,,,,8900345804.0,8900345804.0,,,8900345804.0,Unfound
,,,,,,,3313642804.0,3313642804.0,,,3313642804.0,Unfound
,,,,,,,2000053782369.0,,,,,Unfound
,,,,,,,8835462003.0,8835462003.0,,,8835462003.0,Unfound
,,,,,,,1900020145042.0,,,,,Unfound
,,,,,,,1300009130238.0,,,,,Unfound
,,,,,,,57161203.0,57161203.0,,,57161203.0,Unfound
,,,,,,,2225889503.0,2225889503.0,,,2225889503.0,Unfound
,,,,,,,1900032426800.0,,,,,Unfound
,,,,,,,3286540409.0,3286540409.0,,,3286540409.0,Unfound
,,,,,,,8814014003.0,8814014003.0,,,8814014003.0,Unfound
,,,,,,,1900043265168.0,,,,,Unfound
,,,,,,,8852974802.0,8852974802.0,,,8852974802.0,Unfound
,,,,,,,4200961306.0,4200961306.0,,,4200961306.0,Unfound
,,,,,,,1300007830072.0,,,,,Unfound
,,,,,,,1895111301.0,1895111301.0,,,1895111301.0,Unfound
,,,,,,,8885821305.0,8885821305.0,,,8885821305.0,Unfound
,,,,,,,2204786004.0,2204786004.0,,,2204786004.0,Unfound
,,,,,,,2365308129112.0,,,,,Unfound
,,,,,,,2000051142630.0,,,,,Unfound
,,,,,,,1338858905.0,1338858905.0,,,1338858905.0,Unfound
,,,,,,,2100040030236.0,,,,,Unfound
,,,,,,,1509002902.0,1509002902.0,,,1509002902.0,Unfound
,,,,,,,2707367506.0,2707367506.0,,,2707367506.0,Unfound
,,,,,,,10505104.0,10505104.0,,,10505104.0,Unfound
,,,,,,,3919931503.0,3919931503.0,,,3919931503.0,Unfound
,,,,,,,3087136101.0,3087136101.0,,,3087136101.0,Unfound
,,,,,,,2200020692027.0,,,,,Unfound
,,,,,,,54200104.0,54200104.0,,,54200104.0,Unfound
,,,,,,,8813310507.0,8813310507.0,,,8813310507.0,Unfound
,,,,,,,695093606.0,695093606.0,,,695093606.0,Unfound
,,,,,,,1800038000490.0,,,,,Unfound
,,,,,,,5803109.0,5803109.0,,,5803109.0,Unfound
,,,,,,,1012520517135.0,,,,,Unfound
,,,,,,,202913205.0,202913205.0,,,202913205.0,Unfound
,,,,,,,2761993403.0,2761993403.0,,,2761993403.0,Unfound
,,,,,,,69648910.0,69648910.0,,,69648910.0,Unfound
,,,,,,,1200060563648.0,,,,,Unfound
,,,,,,,3384274804.0,3384274804.0,,,3384274804.0,Unfound
,,,,,,,1030074626262.0,,,,,Unfound
,,,,,,,2213859006.0,2213859006.0,,,2213859006.0,Unfound
,,,,,,,2780638008.0,2780638008.0,,,2780638008.0,Unfound
,,,,,,,2000027431446.0,,,,,Unfound
,,,,,,,1300006658038.0,,,,,Unfound
,,,,,,,69046208.0,69046208.0,,,69046208.0,Unfound
,,,,,,,60450203.0,60450203.0,,,60450203.0,Unfound
,,,,,,,1591053473995.0,,,,,Unfound
,,,,,,,1589910.0,1589910.0,,,1589910.0,Unfound
,,,,,,,68266700.0,68266700.0,,,68266700.0,Unfound
,,,,,,,201974602.0,201974602.0,,,201974602.0,Unfound
,,,,,,,2559273905.0,2559273905.0,,,2559273905.0,Unfound
,,,,,,,61296202.0,61296202.0,,,61296202.0,Unfound
,,,,,,,1507817469990.0,,,,,Unfound
,,,,,,,3051969403.0,3051969403.0,,,3051969403.0,Unfound
,,,,,,,19444403.0,19444403.0,,,19444403.0,Unfound
,,,,,,,2199993244517.0,,,,,Unfound
,,,,,,,3398314401.0,3398314401.0,,,3398314401.0,Unfound
,,,,,,,1833951108.0,1833951108.0,,,1833951108.0,Unfound
,,,,,,,9130546503.0,9130546503.0,,,9130546503.0,Unfound
,,,,,,,2353521018016.0,,,,,Unfound
,,,,,,,9109425305.0,9109425305.0,,,9109425305.0,Unfound
,,,,,,,585259601.0,585259601.0,,,585259601.0,Unfound
,,,,,,,2228176009.0,2228176009.0,,,2228176009.0,Unfound
,,,,,,,20020400.0,20020400.0,,,20020400.0,Unfound
,,,,,,,1610031246994.0,,,,,Unfound
,,,,,,,1418804081009.0,,,,,Unfound
,,,,,,,1079225009.0,1079225009.0,,,1079225009.0,Unfound
,,,,,,,1417016831002.0,,,,,Unfound
,,,,,,,1078679403.0,1078679403.0,,,1078679403.0,Unfound
,,,,,,,55223907.0,55223907.0,,,55223907.0,Unfound
,,,,,,,9108253308.0,9108253308.0,,,9108253308.0,Unfound
,,,,,,,1800014532101.0,,,,,Unfound
,,,,,,,3233869209.0,3233869209.0,,,3233869209.0,Unfound
,,,,,,,1900014139286,,,,,Unfound
,,,,,,,1300002141136,,,,,Unfound
,,,,,,,1591015936687,,,,,Unfound
,,,,,,,2322193584010,,,,,Unfound
,,,,,,,17572503,,,,31004,Unfound
,,,,,,,3206224103,,,,3206224103,Unfound
,,,,,,,1820747503,,,,,Unfound
,,,,,,,63546209,,,,1,Unfound
,,,,,,,9093236409,,,,11852,Unfound
,,,,,,,1591059508775,,,,,Unfound
,,,,,,,2000019621199,,,,,Unfound
,,,,,,,79120402,,,,1,Unfound
,,,,,,,4271767706,,,,11892,Unfound
,,,,,,,2194654405,,,,24584,Unfound
,,,,,,,1123321804,,,,46670,Unfound
,,,,,,,59031110,,,,135773,Unfound
,,,,,,,8873296700.0,,,,8873296700.0,Unfound
,,,,,,,1200050082163,,,,,Unfound
,,,,,,,2000017080812,,,,,Unfound
,,,,,,,5085819708,,,,57430,Unfound
,,,,,,,63280107,,,,36060,Unfound
,,,,,,,1012776984380,,,,,Unfound
,,,,,,,2380001036540,,,,,Unfound
,,,,,,,54318004,,,,113250,Unfound
,,,,,,,2000007768706,,,,,Unfound
,,,,,,,1893462500,,,,4004,Unfound
,,,,,,,1100010959335,,,,,Unfound
,,,,,,,1012840900,,,,20928,Unfound
,,,,,,,8933221707,,,,15704,Unfound
,,,,,,,1900014109360,,,,,Unfound
,,,,,,,1100010866920,,,,,Unfound
,,,,,,,67425700,,,,4138,Unfound
,,,,,,,652010,,,,1,Unfound
,,,,,,,1910558310,,,,7549,Unfound
,,,,,,,1200027886776,,,,,Unfound
,,,,,,,2129122904,,,,,Unfound
,,,,,,,48707400,,,,349503,Unfound
,,,,,,,1918893904,,,,17200,Unfound
,,,,,,,1100012040213,,,,,Unfound
,,,,,,,1900014000956,,,,,Unfound
,,,,,,,1012589608671,,,,,Unfound
,,,,,,,21779400,,,,10982,Unfound
,,,,,,,2200040298765,,,,,Unfound
,,,,,,,9325921301,,,,17,Unfound
,,,,,,,9088507400,,,,70154,Unfound
,,,,,,,1100024494621,,,,,Unfound
,,,,,,,8930647805,,,,14430,Unfound
,,,,,,,8879568008,,,,31079,Unfound
,,,,,,,1100001157224,,,,,Unfound
,,,,,,,2300000717781,,,,,Unfound
,,,,,,,78459908,,,,78459908,Unfound
,,,,,,,1418486413002,,,,,Unfound
,,,,,,,1414567840006,,,,,Unfound
,,,,,,,1591038157638,,,,,Unfound
,,,,,,,2200016437021,,,,,Unfound
,,,,,,,1889890209,,,,9355,Unfound
,,,,,,,47945602,,,,150831,Unfound
,,,,,,,1418444770009,,,,,Unfound
,,,,,,,1415878481003,,,,,Unfound
,,,,,,,614679302,,,,1716,Unfound
,,,,,,,8885178901,,,,61900,Unfound
,,,,,,,1012387913622,,,,,Unfound
,,,,,,,9334636000,,,,34356,Unfound
,,,,,,,1095381105,,,,47195,Unfound
,,,,,,,2000010118902,,,,,Unfound
,,,,,,,1100050626385,,,,,Unfound
,,,,,,,5088228307,,,,13,Unfound
,,,,,,,2200018388555,,,,,Unfound
,,,,,,,66952909,,,,127362,Unfound
,,,,,,,2000013433823,,,,,Unfound
,,,,,,,8903814907,,,,10721,Unfound
,,,,,,,2000000750650,,,,,Unfound
,,,,,,,60235008,,,,10800,Unfound
,,,,,,,2000016676024,,,,,Unfound
,,,,,,,2200021565000,,,,,Unfound
,,,,,,,1314166001,,,,20679,Unfound
,,,,,,,9131240506,,,,62927,Unfound
,,,,,,,1900014028108,,,,,Unfound
,,,,,,,1012658905149,,,,,Unfound
,,,,,,,68841910,,,,66683,Unfound
,,,,,,,9211678610,,,,6209,Unfound
,,,,,,,8829944204,,,,8829944204,Unfound
,,,,,,,2463179208,,,,,Unfound
,,,,,,,2360282939217,,,,,Unfound
,,,,,,,2991737507,,,,,Unfound
,,,,,,,1411870660001,,,,,Unfound
,,,,,,,8872865405,,,,41219,Unfound
,,,,,,,3097731200,,,,1,Unfound
,,,,,,,1012772802299,,,,,Unfound
,,,,,,,1412859940000,,,,,Unfound
,,,,,,,1800020853498,,,,,Unfound
,,,,,,,1282486202,,,,24917,Unfound
,,,,,,,1610004058640,,,,,Unfound
,,,,,,,1100013960290,,,,,Unfound
,,,,,,,8901484902,,,,60569,Unfound
,,,,,,,1800030368719,,,,,Unfound
,,,,,,,61541907,,,,24971,Unfound
,,,,,,,1012925545982,,,,,Unfound
,,,,,,,4160096105,,,,49642,Unfound
,,,,,,,9321490504,,,,100792,Unfound
,,,,,,,1919280909,,,,18035,Unfound
,,,,,,,2091682006,,,,33039,Unfound
,,,,,,,3360179901,,,,4030,Unfound
,,,,,,,8460423507,,,,74885,Unfound
,,,,,,,1012641687343,,,,,Unfound
,,,,,,,2200010273129,,,,,Unfound
,,,,,,,8935146707,,,,52508,Unfound
,,,,,,,54494406,,,,17732,Unfound
,,,,,,,1610030939003,,,,,Unfound
,,,,,,,1100023673980,,,,,Unfound
,,,,,,,3285104900,,,,31980,Unfound
,,,,,,,1100039501350,,,,,Unfound
,,,,,,,1200060554820,,,,,Unfound
,,,,,,,2767719705,,,,31700,Unfound
,,,,,,,1012790901220,,,,,Unfound
,,,,,,,8814728009,,,,42811,Unfound
,,,,,,,57246301,,,,125217,Unfound
,,,,,,,1200024709727,,,,,Unfound
,,,,,,,1591047583611,,,,,Unfound
,,,,,,,4244165607,,,,42451,Unfound
,,,,,,,1509002902,,,,,Unfound
,,,,,,,2000019784887,,,,,Unfound
,,,,,,,1800015927942,,,,,Unfound
,,,,,,,4249753403,,,,16677,Unfound
,,,,,,,8859354302,,,,14919,Unfound
,,,,,,,1300008857465,,,,,Unfound
,,,,,,,9116649509,,,,29421,Unfound
,,,,,,,8815348801,,,,55753,Unfound
,,,,,,,2000024697242,,,,,Unfound
,,,,,,,1200024280630,,,,,Unfound
,,,,,,,2200018118625,,,,,Unfound
,,,,,,,8936302307,,,,,Unfound
,,,,,,,2000021883782,,,,,Unfound
,,,,,,,624125500,,,,3219,Unfound
,,,,,,,2173323802,,,,6456,Unfound
,,,,,,,2000019501503,,,,,Unfound
,,,,,,,8851207708,,,,21804,Unfound
,,,,,,,1100023463989,,,,,Unfound
,,,,,,,1100050626367,,,,,Unfound
,,,,,,,4151850707,,,,101525,Unfound
,,,,,,,1410921930004,,,,,Unfound
,,,,,,,4244406805,,,,25216,Unfound
,,,,,,,2000027289930,,,,,Unfound
,,,,,,,2723656606,,,,12161,Unfound
,,,,,,,671754300,,,,26720,Unfound
,,,,,,,2200018789119,,,,,Unfound
,,,,,,,1427919100008,,,,,Unfound
,,,,,,,1065352405,,,,125706,Unfound
,,,,,,,1900021202320,,,,,Unfound
,,,,,,,8813387610,,,,207195,Unfound
,,,,,,,1900044138257,,,,,Unfound
,,,,,,,696938909,,,,,Unfound
,,,,,,,8814195303,,,,6469,Unfound
,,,,,,,1610019387094,,,,,Unfound
,,,,,,,2351074039316,,,,,Unfound
,,,,,,,1900046338190,,,,,Unfound
,,,,,,,8814084305,,,,62852,Unfound
,,,,,,,1610011622708,,,,,Unfound
,,,,,,,1863113602,,,,51488,Unfound
,,,,,,,10488501,,,,60653,Unfound
,,,,,,,2323542471810,,,,,Unfound
,,,,,,,2000004643474,,,,,Unfound
,,,,,,,2500001107289,,,,,Unfound
,,,,,,,2324914861226,,,,,Unfound
,,,,,,,1100012258880,,,,,Unfound
,,,,,,,2200020043582,,,,,Unfound
,,,,,,,1012393127497,,,,,Unfound
,,,,,,,1300035357597,,,,,Unfound
,,,,,,,3311714108,,,,14972,Unfound
,,,,,,,1100003735569,,,,,Unfound
,,,,,,,9296536507,,,,36822,Unfound
,,,,,,,1013006117970,,,,,Unfound
,,,,,,,1610005260244,,,,,Unfound
,,,,,,,1100003856430,,,,,Unfound
,,,,,,,1800019807233,,,,,Unfound
,,,,,,,9107358407,,,,19828,Unfound
,,,,,,,9385125010,,,,15797,Unfound
,,,,,,,5047348703,,,,35699,Unfound
,,,,,,,1012383041994,,,,,Unfound
,,,,,,,1848374610,,,,52300,Unfound
,,,,,,,1591023847907,,,,,Unfound
,,,,,,,1160001216366,,,,,Unfound
,,,,,,,2189816200,,,,43616,Unfound
,,,,,,,8901705106,,,,,Unfound
,,,,,,,1610019649479,,,,,Unfound
,,,,,,,1610021042892,,,,,Unfound
,,,,,,,1900008320656,,,,,Unfound
,,,,,,,1591041392079,,,,,Unfound
,,,,,,,1713545750954,,,,,Unfound
,,,,,,,63010605,,,,23302,Unfound
,,,,,,,1620000273333,,,,,Unfound
,,,,,,,1012638411457,,,,,Unfound
,,,,,,,1620000696266,,,,,Unfound
,,,,,,,8814128501,,,,104547,Unfound
,,,,,,,1711854305004,,,,,Unfound
,,,,,,,1012843194485,,,,,Unfound
,,,,,,,8937198400,,,,15541,Unfound
,,,,,,,3089321409,,,,1387,Unfound
,,,,,,,1100022590862,,,,,Unfound
,,,,,,,1854690909,,,,620,Unfound
,,,,,,,1610011473300,,,,,Unfound
,,,,,,,1591011389092,,,,,Unfound
,,,,,,,8845431301,,,,17113,Unfound
,,,,,,,1012472940480,,,,,Unfound
,,,,,,,2557593307,,,,1,Unfound
,,,,,,,2972618907,,,,23770,Unfound
,,,,,,,4155338100,,,,11337,Unfound
,,,,,,,9355600108,,,,34233,Unfound
,,,,,,,1610021074468,,,,,Unfound
,,,,,,,1900020376540,,,,,Unfound
,,,,,,,1200021391937,,,,,Unfound
,,,,,,,18439910,,,,145282,Unfound
,,,,,,,1480268207,,,,13643,Unfound
,,,,,,,1200039197258,,,,,Unfound
,,,,,,,1200062414975,,,,,Unfound
,,,,,,,1200039197249,,,,,Unfound
,,,,,,,8816244008,,,,8587,Unfound
,,,,,,,2000011907902,,,,,Unfound
,,,,,,,1610028412560,,,,,Unfound
,,,,,,,2000024070154,,,,,Unfound
,,,,,,,1012388177209,,,,,Unfound
,,,,,,,9112135502,,,,20695,Unfound
,,,,,,,2366530742216,,,,,Unfound
,,,,,,,2000004232529,,,,,Unfound
,,,,,,,8908258906,,,,241064,Unfound
,,,,,,,2134691408,,,,23384,Unfound
,,,,,,,2335010498918,,,,,Unfound
,,,,,,,1800015724113,,,,,Unfound
,,,,,,,1900038285835,,,,,Unfound
,,,,,,,1610021844320,,,,,Unfound
,,,,,,,1013020000000,,,,,Unfound
,,,,,,,59191604,,,,41515,Unfound
,,,,,,,1012425243543,,,,,Unfound
,,,,,,,1013017987122,,,,,Unfound
,,,,,,,1900028395169,,,,,Unfound
,,,,,,,1531749710,,,,14,Unfound
,,,,,,,1200021294374,,,,,Unfound
,,,,,,,1012766116656,,,,,Unfound
,,,,,,,9302833804,,,,,Unfound
,,,,,,,3909765708,,,,1,Unfound
,,,,,,,1800018974174,,,,,Unfound
,,,,,,,2000020644549,,,,,Unfound
,,,,,,,1200036431927,,,,,Unfound
,,,,,,,1300000277401,,,,,Unfound
,,,,,,,1610021074440,,,,,Unfound
,,,,,,,1012938806635,,,,,Unfound
,,,,,,,8885158906,,,,9730,Unfound
,,,,,,,2200016082775,,,,,Unfound
,,,,,,,1200021587998,,,,,Unfound
,,,,,,,2000000746868,,,,,Unfound
,,,,,,,69897909,,,,192048,Unfound
,,,,,,,18092909,,,,18764,Unfound
,,,,,,,1424903200006,,,,,Unfound
,,,,,,,1610021074430,,,,,Unfound
,,,,,,,79242304,,,,183908,Unfound
,,,,,,,1470000233820,,,,,Unfound
,,,,,,,8879171609,,,,118804,Unfound
,,,,,,,1800035293397,,,,,Unfound
,,,,,,,50259701,,,,50259701,Unfound
,,,,,,,1591021213155,,,,,Unfound
,,,,,,,9367307003,,,,114877,Unfound
,,,,,,,1200022987530,,,,,Unfound
,,,,,,,1800031057300,,,,,Unfound
,,,,,,,1800022624282,,,,,Unfound
,,,,,,,202845102,,,,,Unfound
,,,,,,,71235603,,,,782,Unfound
,,,,,,,1591046753414,,,,,Unfound
,,,,,,,1900027419093,,,,,Unfound
,,,,,,,60904407,,,,4707,Unfound
,,,,,,,3290838803,,,,63016,Unfound
,,,,,,,10741610,,,,12065,Unfound
,,,,,,,1411743520008,,,,,Unfound
,,,,,,,1012670000000,,,,,Unfound
,,,,,,,1610021073534,,,,,Unfound
,,,,,,,1900020064369,,,,,Unfound
,,,,,,,1808604408,,,,13188,Unfound
,,,,,,,1899729803,,,,16260,Unfound
,,,,,,,1714752632200,,,,,Unfound
,,,,,,,18286204,,,,70823,Unfound
,,,,,,,2000054428600,,,,,Unfound
,,,,,,,1100024834488,,,,,Unfound
,,,,,,,1200021587970,,,,,Unfound
,,,,,,,2000022935935,,,,,Unfound
,,,,,,,1012924686015,,,,,Unfound
,,,,,,,1900022000543,,,,,Unfound
,,,,,,,1419327651004,,,,,Unfound
,,,,,,,4200961306,,,,27912,Unfound
,,,,,,,8875389706,,,,164447,Unfound
,,,,,,,1100021471301,,,,,Unfound
,,,,,,,1800032154487,,,,,Unfound
,,,,,,,67643003,,,,18702,Unfound
,,,,,,,1100018451730,,,,,Unfound
,,,,,,,2175981806,,,,15320,Unfound
,,,,,,,8911397004,,,,121063,Unfound
,,,,,,,1100050163446,,,,,Unfound
,,,,,,,3912586207,,,,6713,Unfound
,,,,,,,2363114714210,,,,,Unfound
,,,,,,,1100018723440,,,,,Unfound
,,,,,,,3941403208,,,,12441,Unfound
,,,,,,,1600000093886,,,,,Unfound
,,,,,,,2200019561176,,,,,Unfound
,,,,,,,1580001518503,,,,,Unfound
,,,,,,,2362006082710,,,,,Unfound
,,,,,,,1640000194074,,,,,Unfound
,,,,,,,1023540000000,,,,,Unfound
,,,,,,,4194060302,,,,12784,Unfound
,,,,,,,1012756971163,,,,,Unfound
,,,,,,,1300010775894,,,,,Unfound
,,,,,,,1800025925038,,,,,Unfound
,,,,,,,3078278210,,,,,Unfound
,,,,,,,1012734119281,,,,,Unfound
,,,,,,,1610031581696,,,,,Unfound
,,,,,,,1012632985757,,,,,Unfound
,,,,,,,1900049139264,,,,,Unfound
,,,,,,,3072348601,,,,37665,Unfound
,,,,,,,2000021533550,,,,,Unfound
,,,,,,,1610010708639,,,,,Unfound
,,,,,,,1428581100001,,,,,Unfound
,,,,,,,2700002779078,,,,,Unfound
,,,,,,,1100010368971,,,,,Unfound
,,,,,,,2000009400143,,,,,Unfound
,,,,,,,2000003479370,,,,,Unfound
,,,,,,,2996913908,,,,,Unfound
,,,,,,,1100004977136,,,,,Unfound
,,,,,,,8844819210,,,,42914,Unfound
,,,,,,,1012939443270,,,,,Unfound
,,,,,,,1012463694940,,,,,Unfound
,,,,,,,2200017182300,,,,,Unfound
,,,,,,,1591029026414,,,,,Unfound
,,,,,,,2200017182294,,,,,Unfound
,,,,,,,1100001060620,,,,,Unfound
,,,,,,,2199989308276,,,,,Unfound
,,,,,,,2000027307303,,,,,Unfound
,,,,,,,9330626100,,,,36919,Unfound
,,,,,,,1100013710385,,,,,Unfound
,,,,,,,2000002183029,,,,,Unfound
,,,,,,,48889006,,,,207405,Unfound
,,,,,,,1015685105300,,,,,Unfound
,,,,,,,2100040030236,,,,,Unfound
,,,,,,,1170001389108,,,,,Unfound
,,,,,,,1012697756974,,,,,Unfound
,,,,,,,1507654731013,,,,,Unfound
,,,,,,,1470247406,,,,69,Unfound
,,,,,,,9220506806,,,,82831,Unfound
,,,,,,,90225203,,,,85970,Unfound
,,,,,,,13223805,,,,65939,Unfound
,,,,,,,8823784604,,,,99801,Unfound
,,,,,,,2200021791299,,,,,Unfound
,,,,,,,8871555609,,,,41806,Unfound
,,,,,,,1300051597548,,,,,Unfound
,,,,,,,1100018367308,,,,,Unfound
,,,,,,,1591045268905,,,,,Unfound
,,,,,,,2169123100,,,,156484,Unfound
,,,,,,,8833305010,,,,276852,Unfound
,,,,,,,1900035021385,,,,,Unfound
,,,,,,,1713533353409,,,,,Unfound
,,,,,,,1900035213935,,,,,Unfound
,,,,,,,1620000102390,,,,,Unfound
,,,,,,,2100040722197,,,,,Unfound
,,,,,,,2000052157790,,,,,Unfound
,,,,,,,64413509,,,,71573,Unfound
,,,,,,,1012860000000,,,,,Unfound
,,,,,,,1012980132579,,,,,Unfound
,,,,,,,2100040446729,,,,,Unfound
,,,,,,,1591050019270,,,,,Unfound
,,,,,,,1200033046109,,,,,Unfound
,,,,,,,1100012283006,,,,,Unfound
,,,,,,,1413140000000,,,,,Unfound
,,,,,,,1570000037162,,,,,Unfound
,,,,,,,1417450000000,,,,,Unfound
,,,,,,,1100009429580,,,,,Unfound
,,,,,,,1800031658784,,,,,Unfound
,,,,,,,4258406910,,,,,Unfound
,,,,,,,1012490000000,,,,,Unfound
,,,,,,,2000018582645,,,,,Unfound
,,,,,,,1100039242464,,,,,Unfound
,,,,,,,1170000000000,,,,,Unfound
,,,,,,,1300010931463,,,,,Unfound
,,,,,,,1591059686060,,,,,Unfound
,,,,,,,1200039266390,,,,,Unfound
,,,,,,,1419720000000,,,,,Unfound
,,,,,,,1012480027246,,,,,Unfound
,,,,,,,58668209,,,,45110,Unfound
,,,,,,,1570000000000,,,,,Unfound
,,,,,,,1100021429220,,,,,Unfound
,,,,,,,1413300000000,,,,,Unfound
,,,,,,,9309272601,,,,,Unfound
,,,,,,,1200029934697,,,,,Unfound
,,,,,,,1900000000000,,,,,Unfound
,,,,,,,8829048501,,,,60763,Unfound
,,,,,,,1200027304958,,,,,Unfound
,,,,,,,1200010000000,,,,,Unfound
,,,,,,,1900043052680,,,,,Unfound
,,,,,,,1300012100615,,,,,Unfound
,,,,,,,9303906,,,,205062,Unfound
,,,,,,,1610003212141,,,,,Unfound
,,,,,,,1412130000000,,,,,Unfound
,,,,,,,7550456908,,,,613,Unfound
,,,,,,,83460907,,,,130123,Unfound
,,,,,,,1100021371138,,,,,Unfound
,,,,,,,1412140000000,,,,,Unfound
,,,,,,,1610021962822,,,,,Unfound
,,,,,,,1414230000000,,,,,Unfound
,,,,,,,1640000362980,,,,,Unfound
,,,,,,,1418740000000,,,,,Unfound
,,,,,,,1200021433230,,,,,Unfound
,,,,,,,1900090595909,,,,,Unfound
,,,,,,,1100020016216,,,,,Unfound
,,,,,,,1714440000000,,,,,Unfound
,,,,,,,1012690107866,,,,,Unfound
,,,,,,,58342100,,,,1024,Unfound
,,,,,,,1300040000000,,,,,Unfound
,,,,,,,2324984055116,,,,,Unfound
,,,,,,,1429851200004,,,,,Unfound
,,,,,,,1012870000000,,,,,Unfound
,,,,,,,1591021701514,,,,,Unfound
,,,,,,,1410750101002,,,,,Unfound
,,,,,,,1013010000000,,,,,Unfound
,,,,,,,1820802103,,,,10013,Unfound
,,,,,,,3058090808,,,,3058090808,Unfound
,,,,,,,1013090000000,,,,,Unfound
,,,,,,,1100018625501,,,,,Unfound
,,,,,,,57730508,,,,39937,Unfound
,,,,,,,1717250000000,,,,,Unfound
,,,,,,,8824635008,,,,43102,Unfound
,,,,,,,51656301,,,,18430,Unfound
,,,,,,,1712792960309,,,,,Unfound
,,,,,,,1800024169015,,,,,Unfound
,,,,,,,66291509,,,,129617,Unfound
,,,,,,,1415350000000,,,,,Unfound
,,,,,,,1100021299518,,,,,Unfound
,,,,,,,1411220000000,,,,,Unfound
,,,,,,,1012420000000,,,,,Unfound
,,,,,,,1300013149755,,,,,Unfound
,,,,,,,4183188800,,,,22144,Unfound
,,,,,,,1714750000000,,,,,Unfound
,,,,,,,1012580000000,,,,,Unfound
,,,,,,,1200039197267,,,,,Unfound
,,,,,,,1413280000000,,,,,Unfound
,,,,,,,1200039197220,,,,,Unfound
,,,,,,,1418820000000,,,,,Unfound
,,,,,,,1900027240358,,,,,Unfound
,,,,,,,2719281804,,,,22943,Unfound
,,,,,,,1711790000000,,,,,Unfound
,,,,,,,2000003657704,,,,,Unfound
,,,,,,,21143309,,,,788232,Unfound
,,,,,,,1012800000000,,,,,Unfound
,,,,,,,1800033484997,,,,,Unfound
,,,,,,,1720131075109,,,,,Unfound
,,,,,,,1412280000000,,,,,Unfound
,,,,,,,1800025632189,,,,,Unfound
,,,,,,,1710131075102,,,,,Unfound
,,,,,,,1413270000000,,,,,Unfound
,,,,,,,2000021592398,,,,,Unfound
,,,,,,,2200020000000,,,,,Unfound
,,,,,,,3068446906,,,,6406,Unfound
,,,,,,,1416550000000,,,,,Unfound
,,,,,,,1200039197276,,,,,Unfound
,,,,,,,71226602,,,,44319,Unfound
,,,,,,,1412270000000,,,,,Unfound
,,,,,,,1900012020551,,,,,Unfound
,,,,,,,1800031169473,,,,,Unfound
,,,,,,,1100001626422,,,,,Unfound
,,,,,,,1415480000000,,,,,Unfound
,,,,,,,1100039377677,,,,,Unfound
,,,,,,,1800020877230,,,,,Unfound
,,,,,,,1300004565835,,,,,Unfound
,,,,,,,2375140000000,,,,,Unfound
,,,,,,,1800033483015,,,,,Unfound
,,,,,,,1800020877300,,,,,Unfound
,,,,,,,1050000646504,,,,,Unfound
,,,,,,,2000030000000,,,,,Unfound
,,,,,,,2000009348798,,,,,Unfound
,,,,,,,9348613508,,,,21785,Unfound
,,,,,,,2342860000000,,,,,Unfound
,,,,,,,1900034425055,,,,,Unfound
,,,,,,,1030267202,,,,29799,Unfound
,,,,,,,2363790000000,,,,,Unfound
,,,,,,,1800026671426,,,,,Unfound
,,,,,,,1900019251131,,,,,Unfound
,,,,,,,2200040000000,,,,,Unfound
,,,,,,,1200021336519,,,,,Unfound
,,,,,,,1170000759845,,,,,Unfound
,,,,,,,1012536075945,,,,,Unfound
,,,,,,,2342880000000,,,,,Unfound
,,,,,,,1100020893903,,,,,Unfound
,,,,,,,2199999902386,,,,,Unfound
,,,,,,,2314810000000,,,,,Unfound
,,,,,,,1410599802007,,,,,Unfound
,,,,,,,1413370000000,,,,,Unfound
,,,,,,,9209917906,,,,325554,Unfound
,,,,,,,1013060273542,,,,,Unfound
,,,,,,,1100012658120,,,,,Unfound
,,,,,,,2300000000000,,,,,Unfound
,,,,,,,1100018527673,,,,,Unfound
,,,,,,,8907622604,,,,76117,Unfound
,,,,,,,1050000000000,,,,,Unfound
,,,,,,,1411330000000,,,,,Unfound
,,,,,,,3951899001,,,,3951899001,Unfound
,,,,,,,1885754203,,,,17974,Unfound
,,,,,,,2100040000000,,,,,Unfound
,,,,,,,1300000819203,,,,,Unfound
,,,,,,,3938047107,,,,13115,Unfound
,,,,,,,1416640000000,,,,,Unfound
,,,,,,,1413719341002,,,,,Unfound
,,,,,,,57913404,,,,60546,Unfound
,,,,,,,2332010000000,,,,,Unfound
,,,,,,,1300000826910,,,,,Unfound
,,,,,,,1410309080008,,,,,Unfound
,,,,,,,2380000000000,,,,,Unfound
,,,,,,,2701240002,,,,35783,Unfound
,,,,,,,2360194659617,,,,,Unfound
,,,,,,,2200030000000,,,,,Unfound
,,,,,,,68266700,,,,121220,Unfound
,,,,,,,2335370000000,,,,,Unfound
,,,,,,,1591021305578,,,,,Unfound
,,,,,,,2335360000000,,,,,Unfound
,,,,,,,1900060367632,,,,,Unfound
,,,,,,,1100020336053,,,,,Unfound
,,,,,,,2199990275683,,,,,Unfound
,,,,,,,2198770000000,,,,,Unfound
,,,,,,,1012627755552,,,,,Unfound
,,,,,,,1643151606,,,,12186,Unfound
,,,,,,,1068465905,,,,25849,Unfound
,,,,,,,2343800000000,,,,,Unfound
,,,,,,,1418133520000,,,,,Unfound
,,,,,,,1900001013867,,,,,Unfound
,,,,,,,2365310000000,,,,,Unfound
,,,,,,,1591053473995,,,,,Unfound
,,,,,,,1900001013858,,,,,Unfound
,,,,,,,2332540000000,,,,,Unfound
,,,,,,,1591053443643,,,,,Unfound
,,,,,,,3909240200,,,,8141,Unfound
,,,,,,,2332610000000,,,,,Unfound
,,,,,,,1013060451560,,,,,Unfound
,,,,,,,2000020304858,,,,,Unfound
,,,,,,,53812804,,,,4587,Unfound
,,,,,,,2332620000000,,,,,Unfound
,,,,,,,1200032918171,,,,,Unfound
,,,,,,,2000020304849,,,,,Unfound
,,,,,,,2326320000000,,,,,Unfound
,,,,,,,1200036039976,,,,,Unfound
,,,,,,,3900394810,,,,1,Unfound
,,,,,,,1200029531947,,,,,Unfound
,,,,,,,2311110000000,,,,,Unfound
,,,,,,,67418501.0,,,,67418501.0,Unfound
,,,,,,,2729970508,,,,7401,Unfound
,,,,,,,1200029531956,,,,,Unfound
,,,,,,,576311104,,,,22130,Unfound
,,,,,,,1012618586835,,,,,Unfound
,,,,,,,2000014271065,,,,,Unfound
,,,,,,,1700052590899,,,,,Unfound
,,,,,,,2000024093408,,,,,Unfound
,,,,,,,1414908313000,,,,,Unfound
,,,,,,,9322118601,,,,36978,Unfound
,,,,,,,1300035415760,,,,,Unfound
,,,,,,,2000021529874,,,,,Unfound
,,,,,,,1416484720003,,,,,Unfound
,,,,,,,1012901789283,,,,,Unfound
,,,,,,,2983784902,,,,75839,Unfound
,,,,,,,1417016831002,,,,,Unfound
,,,,,,,3222386503,,,,14201,Unfound
,,,,,,,1100001993455,,,,,Unfound
,,,,,,,1416203810001,,,,,Unfound
,,,,,,,1100040281746,,,,,Unfound
,,,,,,,1900029291354,,,,,Unfound
,,,,,,,1411742870007,,,,,Unfound
,,,,,,,1012660000000,,,,,Unfound
,,,,,,,68329709,,,,73239,Unfound
,,,,,,,1610018526483,,,,,Unfound
,,,,,,,2000021494487,,,,,Unfound
,,,,,,,2200012640654,,,,,Unfound
,,,,,,,1652426407,,,,1652426407,Unfound
,,,,,,,1200021264175,,,,,Unfound
,,,,,,,3302999408,,,,3302999408,Unfound
,,,,,,,1100009184191,,,,,Unfound
,,,,,,,1012860328102,,,,,Unfound
,,,,,,,1200023692588,,,,,Unfound
,,,,,,,1300006210129,,,,,Unfound
,,,,,,,2360480000000,,,,,Unfound
,,,,,,,1412658361000,,,,,Unfound
,,,,,,,59194105,,,,39273,Unfound
,,,,,,,2000006206168,,,,,Unfound
,,,,,,,1600000078600,,,,,Unfound
,,,,,,,62087310,,,,354437,Unfound
,,,,,,,1012532128910,,,,,Unfound
,,,,,,,1410137911000,,,,,Unfound
,,,,,,,9083852706,,,,58048,Unfound
,,,,,,,2000006673772,,,,,Unfound
,,,,,,,8923497406,,,,,Unfound
,,,,,,,9102172906,,,,,Unfound
,,,,,,,1200030008341,,,,,Unfound
,,,,,,,1012890682350,,,,,Unfound
,,,,,,,1712049700052,,,,,Unfound
,,,,,,,2362152215412,,,,,Unfound
,,,,,,,1043468705,,,,17618,Unfound
,,,,,,,1012676895974,,,,,Unfound
,,,,,,,1800022258658,,,,,Unfound
,,,,,,,64627405,,,,1,Unfound
,,,,,,,1610002372935,,,,,Unfound
,,,,,,,2200014586032,,,,,Unfound
,,,,,,,1012571892468,,,,,Unfound
,,,,,,,2200013709225,,,,,Unfound
,,,,,,,1412723981003,,,,,Unfound
,,,,,,,705840805,,,,32873,Unfound
,,,,,,,1030016238697,,,,,Unfound
,,,,,,,1300003891337,,,,,Unfound
,,,,,,,2985652704,,,,18973,Unfound
,,,,,,,1300053888688,,,,,Unfound
,,,,,,,8866136900,,,,170589,Unfound
,,,,,,,60698206,,,,36284,Unfound
,,,,,,,1900041073173,,,,,Unfound
,,,,,,,60698307,,,,51260,Unfound
,,,,,,,1012756611909,,,,,Unfound
,,,,,,,1800022258667,,,,,Unfound
,,,,,,,2366590000000,,,,,Unfound
,,,,,,,1610021693431,,,,,Unfound
,,,,,,,2352192992317,,,,,Unfound
,,,,,,,67750700,,,,88757,Unfound
,,,,,,,2000006645951,,,,,Unfound
,,,,,,,2345590000000,,,,,Unfound
,,,,,,,1900007421140,,,,,Unfound
,,,,,,,1900028169858,,,,,Unfound
,,,,,,,2333230000000,,,,,Unfound
,,,,,,,1100013757969,,,,,Unfound
,,,,,,,2370660000000,,,,,Unfound
,,,,,,,2336530000000,,,,,Unfound
,,,,,,,56369705,,,,96239,Unfound
,,,,,,,2340110000000,,,,,Unfound
,,,,,,,1712461670805,,,,,Unfound
,,,,,,,1591021424629,,,,,Unfound
,,,,,,,2360440000000,,,,,Unfound
,,,,,,,2370520000000,,,,,Unfound
,,,,,,,1100000761307,,,,,Unfound
,,,,,,,1582074907,,,,,Unfound
,,,,,,,2320650000000,,,,,Unfound
,,,,,,,1715295410501,,,,,Unfound
,,,,,,,1100025623590,,,,,Unfound
,,,,,,,1582075000,,,,,Unfound
,,,,,,,2321220000000,,,,,Unfound
,,,,,,,1100000756361,,,,,Unfound
,,,,,,,2360880000000,,,,,Unfound
,,,,,,,1712016460155,,,,,Unfound
,,,,,,,2330460000000,,,,,Unfound
,,,,,,,2371430000000,,,,,Unfound
,,,,,,,1030047084912,,,,,Unfound
,,,,,,,2312220000000,,,,,Unfound
,,,,,,,2200017543078,,,,,Unfound
,,,,,,,50755410,,,,89833,Unfound
,,,,,,,2360850000000,,,,,Unfound
,,,,,,,1610005000873,,,,,Unfound
,,,,,,,19049610,,,,10157,Unfound
,,,,,,,1900091655062,,,,,Unfound
,,,,,,,2321640000000,,,,,Unfound
,,,,,,,1580000995530,,,,,Unfound
,,,,,,,2200012671866,,,,,Unfound
,,,,,,,2333710000000,,,,,Unfound
,,,,,,,1900040360172,,,,,Unfound
,,,,,,,2371560000000,,,,,Unfound
,,,,,,,3084054802,,,,921,Unfound
,,,,,,,1865150506,,,,27839,Unfound
,,,,,,,2350230000000,,,,,Unfound
,,,,,,,1872443209,,,,91175,Unfound
,,,,,,,2198280410,,,,12,Unfound
,,,,,,,2351120000000,,,,,Unfound
,,,,,,,2000021009820,,,,,Unfound
,,,,,,,2500000000000,,,,,Unfound
,,,,,,,1100019842644,,,,,Unfound
,,,,,,,2000060000000,,,,,Unfound
,,,,,,,1630000461648,,,,,Unfound
,,,,,,,1200021150343,,,,,Unfound
,,,,,,,2350570000000,,,,,Unfound
,,,,,,,1800029574743,,,,,Unfound
,,,,,,,9220001708,,,,9220001708,Unfound
,,,,,,,2321930000000,,,,,Unfound
,,,,,,,8928377006,,,,46170,Unfound
,,,,,,,2372420000000,,,,,Unfound
,,,,,,,1714899716250,,,,,Unfound
,,,,,,,2000011686979,,,,,Unfound
,,,,,,,58406201,,,,145644,Unfound
,,,,,,,2340630000000,,,,,Unfound
,,,,,,,1100013436817,,,,,Unfound
,,,,,,,1012892297878,,,,,Unfound
,,,,,,,1100019202449,,,,,Unfound
,,,,,,,2330520000000,,,,,Unfound
,,,,,,,1100013430202,,,,,Unfound
,,,,,,,2322090450513,,,,,Unfound
,,,,,,,1610001709032,,,,,Unfound
,,,,,,,2333910000000,,,,,Unfound
,,,,,,,1012521005193,,,,,Unfound
,,,,,,,1200033134020,,,,,Unfound
,,,,,,,5036391401,,,,132,Unfound
,,,,,,,2330730000000,,,,,Unfound
,,,,,,,2496079507,,,,,Unfound
,,,,,,,2362200000000,,,,,Unfound
,,,,,,,1100011881112,,,,,Unfound
,,,,,,,2362270000000,,,,,Unfound
,,,,,,,1580000617541,,,,,Unfound
,,,,,,,8824601204,,,,73469,Unfound
,,,,,,,2705626808,,,,2705626808,Unfound
,,,,,,,2334300000000,,,,,Unfound
,,,,,,,2000009336603,,,,,Unfound
,,,,,,,9217544709,,,,79874,Unfound
,,,,,,,1591055610651,,,,,Unfound
,,,,,,,2313390000000,,,,,Unfound
,,,,,,,1015680364313,,,,,Unfound
,,,,,,,1714608750705,,,,,Unfound
,,,,,,,1300035429693,,,,,Unfound
,,,,,,,2362590000000,,,,,Unfound
,,,,,,,1300012870653,,,,,Unfound
,,,,,,,52741903,,,,15782,Unfound
,,,,,,,2352370000000,,,,,Unfound
,,,,,,,1800032728893,,,,,Unfound
,,,,,,,1012875874032,,,,,Unfound
,,,,,,,2170658201,,,,43592,Unfound
,,,,,,,2341440000000,,,,,Unfound
,,,,,,,1900018178492,,,,,Unfound
,,,,,,,1100014215294,,,,,Unfound
,,,,,,,2362370000000,,,,,Unfound
,,,,,,,1800025142965,,,,,Unfound
,,,,,,,3072347801,,,,21215,Unfound
,,,,,,,2363120000000,,,,,Unfound
,,,,,,,1591058157084,,,,,Unfound
,,,,,,,2353033148310,,,,,Unfound
,,,,,,,2342330000000,,,,,Unfound
,,,,,,,1610018698703,,,,,Unfound
,,,,,,,3368847205,,,,,Unfound
,,,,,,,2331590000000,,,,,Unfound
,,,,,,,2000011908038,,,,,Unfound
,,,,,,,1100016027883,,,,,Unfound
,,,,,,,2331630000000,,,,,Unfound
,,,,,,,2199996775218,,,,,Unfound
,,,,,,,2324360000000,,,,,Unfound
,,,,,,,1300035438396,,,,,Unfound
,,,,,,,45972707,,,,95615,Unfound
,,,,,,,2313500000000,,,,,Unfound
,,,,,,,1014570493798,,,,,Unfound
,,,,,,,1410425601000,,,,,Unfound
,,,,,,,2374830000000,,,,,Unfound
,,,,,,,9214328407,,,,63430,Unfound
,,,,,,,2343990000000,,,,,Unfound
,,,,,,,1800017785660,,,,,Unfound
,,,,,,,1012760940733,,,,,Unfound
,,,,,,,1414830000000,,,,,Unfound
,,,,,,,2356560604015,,,,,Unfound
,,,,,,,1100004781334,,,,,Unfound
,,,,,,,1023510000000,,,,,Unfound
,,,,,,,1030008992319,,,,,Unfound
,,,,,,,1072971705,,,,10290,Unfound
,,,,,,,8813306101,,,,,Unfound
,,,,,,,1716150000000,,,,,Unfound
,,,,,,,1430000000000,,,,,Unfound
,,,,,,,2713543104,,,,8341,Unfound
,,,,,,,2000018416292,,,,,Unfound
,,,,,,,2000020304867,,,,,Unfound
,,,,,,,1012790000000,,,,,Unfound
,,,,,,,1100020862506,,,,,Unfound
,,,,,,,1717110000000,,,,,Unfound
,,,,,,,1100025670146,,,,,Unfound
,,,,,,,17790008,,,,47602,Unfound
,,,,,,,1426710000000,,,,,Unfound
,,,,,,,9132247301,,,,9132247301,Unfound
,,,,,,,9371854210,,,,9371854210,Unfound
,,,,,,,2000050000000,,,,,Unfound
,,,,,,,1717360000000,,,,,Unfound
,,,,,,,1030008227101,,,,,Unfound
,,,,,,,2321360000000,,,,,Unfound
,,,,,,,1710224740601,,,,,Unfound
,,,,,,,2000025524601,,,,,Unfound
,,,,,,,1300010764484,,,,,Unfound
,,,,,,,2360590000000,,,,,Unfound
,,,,,,,3968476104,,,,60013,Unfound
,,,,,,,1100025220549,,,,,Unfound
,,,,,,,1716430000000,,,,,Unfound
,,,,,,,2380002380433,,,,,Unfound
,,,,,,,1012960861560,,,,,Unfound
,,,,,,,1410900000000,,,,,Unfound
,,,,,,,16044910,,,,12460,Unfound
,,,,,,,1429850000000,,,,,Unfound
,,,,,,,20559302,,,,53878,Unfound
,,,,,,,2112085905,,,,2112085905,Unfound
,,,,,,,1416934302000,,,,,Unfound
,,,,,,,1721870000000,,,,,Unfound
,,,,,,,2000012534200,,,,,Unfound
,,,,,,,1170001120585,,,,,Unfound
,,,,,,,2360230000000,,,,,Unfound
,,,,,,,81623506,,,,81623506,Unfound
,,,,,,,2325150000000,,,,,Unfound
,,,,,,,2983157201,,,,2983157201,Unfound
,,,,,,,1051227308,,,,9381,Unfound
,,,,,,,1726430000000,,,,,Unfound
,,,,,,,1200021141906,,,,,Unfound
,,,,,,,2200010254863,,,,,Unfound
,,,,,,,1900070290145,,,,,Unfound
,,,,,,,1507930000000,,,,,Unfound
,,,,,,,71640107,,,,71640107,Unfound
,,,,,,,1727360000000,,,,,Unfound
,,,,,,,7503838301,,,,1765,Unfound
,,,,,,,2200010000000,,,,,Unfound
,,,,,,,1419040803005,,,,,Unfound
,,,,,,,1610011502306,,,,,Unfound
,,,,,,,1012500000000,,,,,Unfound
,,,,,,,1900033314010,,,,,Unfound
,,,,,,,8912326603,,,,4299,Unfound
,,,,,,,1416190000000,,,,,Unfound
,,,,,,,71645106,,,,782,Unfound
,,,,,,,2200017390127,,,,,Unfound
,,,,,,,1411410000000,,,,,Unfound
,,,,,,,1716731014600,,,,,Unfound
,,,,,,,1100024393932,,,,,Unfound
,,,,,,,2363110000000,,,,,Unfound
,,,,,,,1200033977610,,,,,Unfound
,,,,,,,2363710000000,,,,,Unfound
,,,,,,,1300005814627,,,,,Unfound
,,,,,,,5032661002,,,,128644,Unfound
,,,,,,,2364480000000,,,,,Unfound
,,,,,,,1300000173794,,,,,Unfound
,,,,,,,2364920000000,,,,,Unfound
,,,,,,,2549996502,,,,59217,Unfound
,,,,,,,1411940000000,,,,,Unfound
,,,,,,,1413595651003,,,,,Unfound
,,,,,,,1700050968879,,,,,Unfound
,,,,,,,2373650000000,,,,,Unfound
,,,,,,,1005686510,,,,38403,Unfound
,,,,,,,1591150000000,,,,,Unfound
,,,,,,,1014572013637,,,,,Unfound
,,,,,,,1417640000000,,,,,Unfound
,,,,,,,1100039667153,,,,,Unfound
,,,,,,,1419113690001,,,,,Unfound
,,,,,,,1412460000000,,,,,Unfound
,,,,,,,2200021810161,,,,,Unfound
,,,,,,,1300009754706,,,,,Unfound
,,,,,,,1700050000000,,,,,Unfound
,,,,,,,1300001420454,,,,,Unfound
,,,,,,,2333460000000,,,,,Unfound
,,,,,,,2000023714108,,,,,Unfound
,,,,,,,3940710908,,,,41792,Unfound
,,,,,,,1417960000000,,,,,Unfound
,,,,,,,2199997093640,,,,,Unfound
,,,,,,,1412790000000,,,,,Unfound
,,,,,,,1050001468589,,,,,Unfound
,,,,,,,1012990000000,,,,,Unfound
,,,,,,,7433628604,,,,13521,Unfound
,,,,,,,55564810,,,,123501,Unfound
,,,,,,,1610013045596,,,,,Unfound
,,,,,,,1710020000000,,,,,Unfound
,,,,,,,1100039221650,,,,,Unfound
,,,,,,,1170001277658,,,,,Unfound
,,,,,,,1413210000000,,,,,Unfound
,,,,,,,1100039638533,,,,,Unfound
,,,,,,,2200000000000,,,,,Unfound
,,,,,,,1170001277649,,,,,Unfound
,,,,,,,1418250000000,,,,,Unfound
,,,,,,,2340300000000,,,,,Unfound
,,,,,,,1170001277630,,,,,Unfound
,,,,,,,1711870000000,,,,,Unfound
,,,,,,,1170001277611,,,,,Unfound
,,,,,,,2000052536378,,,,,Unfound
,,,,,,,1418960000000,,,,,Unfound
,,,,,,,1170000105841,,,,,Unfound
,,,,,,,44929106,,,,44929106,Unfound
,,,,,,,1413730000000,,,,,Unfound
,,,,,,,1410547461009,,,,,Unfound
,,,,,,,44929903,,,,44929903,Unfound
,,,,,,,2343320000000,,,,,Unfound
,,,,,,,79397805,,,,679248,Unfound
,,,,,,,1712840812500,,,,,Unfound
,,,,,,,1714450000000,,,,,Unfound
,,,,,,,1421197000003,,,,,Unfound
,,,,,,,1556625808,,,,2674,Unfound
,,,,,,,4016575110,,,,4016575110,Unfound
,,,,,,,2345040000000,,,,,Unfound
,,,,,,,2000027373148,,,,,Unfound
,,,,,,,2199989982199,,,,,Unfound
,,,,,,,4162469802,,,,15137,Unfound
,,,,,,,1012720000000,,,,,Unfound
,,,,,,,1012959462471,,,,,Unfound
,,,,,,,1714910000000,,,,,Unfound
,,,,,,,5083602201,,,,25558,Unfound
,,,,,,,1414400000000,,,,,Unfound
,,,,,,,1900017137342,,,,,Unfound
,,,,,,,54308809,,,,54308809,Unfound
,,,,,,,61514006,,,,150890,Unfound
,,,,,,,1414650000000,,,,,Unfound
,,,,,,,1610032039550,,,,,Unfound
,,,,,,,2956479007,,,,,Unfound
,,,,,,,1410800000000,,,,,Unfound
,,,,,,,1900040417563,,,,,Unfound
,,,,,,,21852810,,,,135883,Unfound
,,,,,,,2333700000000,,,,,Unfound
,,,,,,,83557204,,,,121914,Unfound
,,,,,,,1800035119110,,,,,Unfound
,,,,,,,1012880000000,,,,,Unfound
,,,,,,,1591017728426,,,,,Unfound
,,,,,,,5059537509,,,,13712,Unfound
,,,,,,,1012820000000,,,,,Unfound
,,,,,,,1800035212360,,,,,Unfound
,,,,,,,1092787904,,,,1092787904,Unfound
,,,,,,,1108421507,,,,1108421507,Unfound
,,,,,,,1711660000000,,,,,Unfound
,,,,,,,59596305,,,,521370,Unfound
,,,,,,,534603004,,,,,Unfound
,,,,,,,1610013004605,,,,,Unfound
,,,,,,,1423290000000,,,,,Unfound
,,,,,,,2976559309,,,,2976559309,Unfound
,,,,,,,81058602,,,,81058602,Unfound
,,,,,,,2320280000000,,,,,Unfound
,,,,,,,9365475306,,,,35506,Unfound
,,,,,,,1711680000000,,,,,Unfound
,,,,,,,9101740710,,,,9101740710,Unfound
,,,,,,,9375917610,,,,55865,Unfound
,,,,,,,1713610000000,,,,,Unfound
,,,,,,,16589100,,,,476918,Unfound
,,,,,,,1050000225225,,,,,Unfound
,,,,,,,2353520000000,,,,,Unfound
,,,,,,,1200035516010,,,,,Unfound
,,,,,,,1610003195824,,,,,Unfound
,,,,,,,2324980000000,,,,,Unfound
,,,,,,,1100039234269,,,,,Unfound
,,,,,,,2370610000000,,,,,Unfound
,,,,,,,1012850000000,,,,,Unfound
,,,,,,,3934263508,,,,1,Unfound
,,,,,,,48561207,,,,48561207,Unfound
,,,,,,,1712400000000,,,,,Unfound
,,,,,,,2000022936530,,,,,Unfound
,,,,,,,2000009286254,,,,,Unfound
,,,,,,,2323280000000,,,,,Unfound
,,,,,,,1013045620936,,,,,Unfound
,,,,,,,2000022936549,,,,,Unfound
,,,,,,,2000009286263,,,,,Unfound
,,,,,,,1715000000000,,,,,Unfound
,,,,,,,3325716307,,,,,Unfound
,,,,,,,1012906043828,,,,,Unfound
,,,,,,,45809606,,,,162883,Unfound
,,,,,,,2356531375016,,,,,Unfound
,,,,,,,9322729406,,,,30226,Unfound
,,,,,,,1023550000000,,,,,Unfound
,,,,,,,1414572850007,,,,,Unfound
,,,,,,,923594406,,,,923594406,Unfound
,,,,,,,1012910000000,,,,,Unfound
,,,,,,,2199992157012,,,,,Unfound
,,,,,,,9172486501,,,,85463,Unfound
,,,,,,,1012730000000,,,,,Unfound
,,,,,,,2000002916672,,,,,Unfound
,,,,,,,1160000188771,,,,,Unfound
,,,,,,,1410650000000,,,,,Unfound
,,,,,,,2132903005,,,,56483,Unfound
,,,,,,,15118010,,,,62056,Unfound
,,,,,,,1411810000000,,,,,Unfound
,,,,,,,1900048373921,,,,,Unfound
,,,,,,,1012729762167,,,,,Unfound
,,,,,,,3081624005,,,,3081624005,Unfound
,,,,,,,1419930000000,,,,,Unfound
,,,,,,,76928110,,,,151,Unfound
,,,,,,,1100020785358,,,,,Unfound
,,,,,,,1713660000000,,,,,Unfound
,,,,,,,85659009,,,,308833,Unfound
,,,,,,,3307965708,,,,78115,Unfound
,,,,,,,1100000251440,,,,,Unfound
,,,,,,,1414120000000,,,,,Unfound
,,,,,,,9095205700,,,,25966,Unfound
,,,,,,,1415310000000,,,,,Unfound
,,,,,,,1900060683420,,,,,Unfound
,,,,,,,1054381210,,,,23504,Unfound
,,,,,,,1416470000000,,,,,Unfound
,,,,,,,64244804,,,,224697,Unfound
,,,,,,,54731708,,,,64495,Unfound
,,,,,,,50883408,,,,1,Unfound
,,,,,,,1012550000000,,,,,Unfound
,,,,,,,3086451901,,,,75021,Unfound
,,,,,,,1013076708194,,,,,Unfound
,,,,,,,1418800000000,,,,,Unfound
,,,,,,,4162899603,,,,7930,Unfound
,,,,,,,2200012506824,,,,,Unfound
,,,,,,,1200010096566,,,,,Unfound
,,,,,,,1413060000000,,,,,Unfound
,,,,,,,1415360000000,,,,,Unfound
,,,,,,,1712003432120,,,,,Unfound
,,,,,,,1300012674238,,,,,Unfound
,,,,,,,1717080000000,,,,,Unfound
,,,,,,,1300052207954,,,,,Unfound
,,,,,,,1714040000000,,,,,Unfound
,,,,,,,2326541065017,,,,,Unfound
,,,,,,,3096226608,,,,13174,Unfound
,,,,,,,1418850000000,,,,,Unfound
,,,,,,,2000027361115,,,,,Unfound
,,,,,,,15315203,,,,254005,Unfound
,,,,,,,1100000722646,,,,,Unfound
,,,,,,,1420000000000,,,,,Unfound
,,,,,,,1200026455489,,,,,Unfound
,,,,,,,8841974207,,,,9360,Unfound
,,,,,,,1414220000000,,,,,Unfound
,,,,,,,1012733446308,,,,,Unfound
,,,,,,,3314347504,,,,158532,Unfound
,,,,,,,1416540000000,,,,,Unfound
,,,,,,,1416560000000,,,,,Unfound
,,,,,,,61761506,,,,11639,Unfound
,,,,,,,1610031192814,,,,,Unfound
,,,,,,,67716700,,,,56192,Unfound
,,,,,,,1714150000000,,,,,Unfound
,,,,,,,1200023403479,,,,,Unfound
,,,,,,,9800505,,,,117128,Unfound
,,,,,,,1410780000000,,,,,Unfound
,,,,,,,9087557803,,,,252310,Unfound
,,,,,,,1100770000000,,,,,Unfound
,,,,,,,1410790000000,,,,,Unfound
,,,,,,,3997059202,,,,21179,Unfound
,,,,,,,1587354310,,,,37935,Unfound
,,,,,,,1717150000000,,,,,Unfound
,,,,,,,8517303,,,,8517303,Unfound
,,,,,,,1412768402003,,,,,Unfound
,,,,,,,4231127903,,,,20926,Unfound
,,,,,,,1591030758679,,,,,Unfound
,,,,,,,1418890000000,,,,,Unfound
,,,,,,,1470001235874,,,,,Unfound
,,,,,,,2200023127000,,,,,Unfound
,,,,,,,1416600000000,,,,,Unfound
,,,,,,,2380001687766,,,,,Unfound
,,,,,,,81008800,,,,1,Unfound
,,,,,,,1417760000000,,,,,Unfound
,,,,,,,70328100,,,,70328100,Unfound
,,,,,,,1413150000000,,,,,Unfound
,,,,,,,1610023669991,,,,,Unfound
,,,,,,,1414360000000,,,,,Unfound
,,,,,,,1414380000000,,,,,Unfound
,,,,,,,8826505308,,,,126838,Unfound
,,,,,,,1012985641765,,,,,Unfound
,,,,,,,70227004,,,,110446,Unfound
,,,,,,,1160000279170,,,,,Unfound
,,,,,,,1717280000000,,,,,Unfound
,,,,,,,1470001257993,,,,,Unfound
,,,,,,,1410910000000,,,,,Unfound
,,,,,,,1710010000000,,,,,Unfound
,,,,,,,2199998665321,,,,,Unfound
,,,,,,,1413220000000,,,,,Unfound
,,,,,,,61490310,,,,87007,Unfound
,,,,,,,2199998967008,,,,,Unfound
,,,,,,,1591120000000,,,,,Unfound
,,,,,,,1415600000000,,,,,Unfound
,,,,,,,1591057090474,,,,,Unfound
,,,,,,,1713896585052,,,,,Unfound
,,,,,,,9169181901,,,,52442,Unfound
,,,,,,,1717440000000,,,,,Unfound
,,,,,,,8824593501,,,,8824593501,Unfound
,,,,,,,48347609,,,,256886,Unfound
,,,,,,,1012411755424,,,,,Unfound
,,,,,,,1411040000000,,,,,Unfound
,,,,,,,2000006098272,,,,,Unfound
,,,,,,,1610003126290,,,,,Unfound
,,,,,,,1030050000000,,,,,Unfound
,,,,,,,67533703,,,,12,Unfound
,,,,,,,1712001250357,,,,,Unfound
,,,,,,,1710260000000,,,,,Unfound
,,,,,,,3927279308,,,,33176,Unfound
,,,,,,,1714770000000,,,,,Unfound
,,,,,,,2742081509,,,,,Unfound
,,,,,,,8819035800,,,,8819035800,Unfound
,,,,,,,1012380000000,,,,,Unfound
,,,,,,,1012666195226,,,,,Unfound
,,,,,,,1522554705,,,,,Unfound
,,,,,,,1591130000000,,,,,Unfound
,,,,,,,1100000999215,,,,,Unfound
,,,,,,,3942683403,,,,115075,Unfound
,,,,,,,1414560000000,,,,,Unfound
,,,,,,,1800054092455,,,,,Unfound
,,,,,,,1415710000000,,,,,Unfound
,,,,,,,1012607237255,,,,,Unfound
,,,,,,,1720260000000,,,,,Unfound
,,,,,,,2335010496910,,,,,Unfound
,,,,,,,9314718102,,,,,Unfound
,,,,,,,1425390000000,,,,,Unfound
,,,,,,,1711808244459,,,,,Unfound
,,,,,,,1411130000000,,,,,Unfound
,,,,,,,1800033946265,,,,,Unfound
,,,,,,,54105301,,,,74373,Unfound
,,,,,,,1419270000000,,,,,Unfound
,,,,,,,70466000,,,,70466000,Unfound
,,,,,,,1023460000000,,,,,Unfound
,,,,,,,8871628206,,,,83888,Unfound
,,,,,,,1591018279146,,,,,Unfound
,,,,,,,1711950000000,,,,,Unfound
,,,,,,,1715030000000,,,,,Unfound
,,,,,,,1507950000000,,,,,Unfound
,,,,,,,1023470000000,,,,,Unfound
,,,,,,,1417851313000,,,,,Unfound
,,,,,,,1721950000000,,,,,Unfound
,,,,,,,1012891995883,,,,,Unfound
,,,,,,,1418190000000,,,,,Unfound
,,,,,,,1508000000000,,,,,Unfound
,,,,,,,75031607,,,,224662,Unfound
,,,,,,,69101302,,,,,Unfound
,,,,,,,1417060000000,,,,,Unfound
,,,,,,,1417050000000,,,,,Unfound
,,,,,,,54274908,,,,98804,Unfound
,,,,,,,1900003267973,,,,,Unfound
,,,,,,,1415870000000,,,,,Unfound
,,,,,,,1900001213113,,,,,Unfound
,,,,,,,16239106,,,,177021,Unfound
,,,,,,,1715060000000,,,,,Unfound
,,,,,,,1170000728128,,,,,Unfound
,,,,,,,1412450000000,,,,,Unfound
,,,,,,,8814934607,,,,8814934607,Unfound
,,,,,,,1722710000000,,,,,Unfound
,,,,,,,1601431600,,,,1601431600,Unfound
,,,,,,,1419380000000,,,,,Unfound
,,,,,,,1470001258250,,,,,Unfound
,,,,,,,10086806,,,,184684,Unfound
,,,,,,,1410200000000,,,,,Unfound
,,,,,,,2000012187606,,,,,Unfound
,,,,,,,1712040000000,,,,,Unfound
,,,,,,,1012510000000,,,,,Unfound
,,,,,,,1427590000000,,,,,Unfound
,,,,,,,65017102,,,,126164,Unfound
,,,,,,,1715410000000,,,,,Unfound
,,,,,,,1012600000000,,,,,Unfound
,,,,,,,1410280000000,,,,,Unfound
,,,,,,,1591059676902,,,,,Unfound
,,,,,,,19179107,,,,19179107,Unfound
,,,,,,,1630000368911,,,,,Unfound
,,,,,,,1023490000000,,,,,Unfound
,,,,,,,3388193106,,,,3388193106,Unfound
,,,,,,,48841404,,,,48841404,Unfound
,,,,,,,1023480000000,,,,,Unfound
,,,,,,,687418803,,,,687418803,Unfound
,,,,,,,1418330000000,,,,,Unfound
,,,,,,,1900011232726,,,,,Unfound
,,,,,,,2176589407,,,,183852,Unfound
,,,,,,,1715400000000,,,,,Unfound
,,,,,,,1724150000000,,,,,Unfound
,,,,,,,1300007785571,,,,,Unfound
,,,,,,,1411450000000,,,,,Unfound
,,,,,,,82071408,,,,82071408,Unfound
,,,,,,,1410442010009,,,,,Unfound
,,,,,,,1410330000000,,,,,Unfound
,,,,,,,1416050000000,,,,,Unfound
,,,,,,,1418420000000,,,,,Unfound
,,,,,,,1170001001016,,,,,Unfound
,,,,,,,1012666923409,,,,,Unfound
,,,,,,,1012681156723,,,,,Unfound
,,,,,,,73059709,,,,28119,Unfound
,,,,,,,1800050000000,,,,,Unfound
,,,,,,,1725400000000,,,,,Unfound
,,,,,,,1800032311705,,,,,Unfound
,,,,,,,1411610000000,,,,,Unfound
,,,,,,,8855368304,,,,15078,Unfound
,,,,,,,1413870000000,,,,,Unfound
,,,,,,,56638403,,,,8440,Unfound
,,,,,,,1727150000000,,,,,Unfound
,,,,,,,4243611408,,,,50194,Unfound
,,,,,,,1419710000000,,,,,Unfound
,,,,,,,8921884010,,,,,Unfound
,,,,,,,1712710000000,,,,,Unfound
,,,,,,,58481608,,,,117106,Unfound
,,,,,,,1727280000000,,,,,Unfound
,,,,,,,1170001373739,,,,,Unfound
,,,,,,,1417420000000,,,,,Unfound
,,,,,,,46554907,,,,141993,Unfound
,,,,,,,1415120000000,,,,,Unfound
,,,,,,,2380002699577,,,,,Unfound
,,,,,,,1414637491009,,,,,Unfound
,,,,,,,1610019875620,,,,,Unfound
,,,,,,,1800748403,,,,,Unfound
,,,,,,,3650605,,,,49294,Unfound
,,,,,,,1716310000000,,,,,Unfound
,,,,,,,1133403004,,,,15954,Unfound
,,,,,,,2310760000000,,,,,Unfound
,,,,,,,50276600,,,,,Unfound
,,,,,,,1800031240044,,,,,Unfound
,,,,,,,2362991234115,,,,,Unfound
,,,,,,,2311010000000,,,,,Unfound
,,,,,,,1800021076193,,,,,Unfound
,,,,,,,1414642703004,,,,,Unfound
,,,,,,,2372820000000,,,,,Unfound
,,,,,,,64132209,,,,64132209,Unfound
,,,,,,,1800024657475,,,,,Unfound
,,,,,,,1416380000000,,,,,Unfound
,,,,,,,1800020982538,,,,,Unfound
,,,,,,,1417560000000,,,,,Unfound
,,,,,,,3938596601,,,,75385,Unfound
,,,,,,,2200042237611,,,,,Unfound
,,,,,,,63954404,,,,98276,Unfound
,,,,,,,2372830000000,,,,,Unfound
,,,,,,,1591039762441,,,,,Unfound
,,,,,,,1610021050467,,,,,Unfound
,,,,,,,17840805,,,,5553,Unfound
,,,,,,,10653400,,,,218055,Unfound
,,,,,,,2373410000000,,,,,Unfound
,,,,,,,1714830313457,,,,,Unfound
,,,,,,,1711873706406,,,,,Unfound
,,,,,,,2374040000000,,,,,Unfound
,,,,,,,1562439303,,,,18936,Unfound
,,,,,,,2340190000000,,,,,Unfound
,,,,,,,1200052278677,,,,,Unfound
,,,,,,,2332890000000,,,,,Unfound
,,,,,,,9338399201,,,,9338399201,Unfound
,,,,,,,70018309,,,,70018309,Unfound
,,,,,,,2362990000000,,,,,Unfound
,,,,,,,1012431713215,,,,,Unfound
,,,,,,,2206782601,,,,2206782601,Unfound
,,,,,,,2351990000000,,,,,Unfound
,,,,,,,2313700000000,,,,,Unfound
,,,,,,,1610005470139,,,,,Unfound
,,,,,,,683502805,,,,8089,Unfound
,,,,,,,2313610000000,,,,,Unfound
,,,,,,,1591018012102,,,,,Unfound
,,,,,,,1100024704760,,,,,Unfound
,,,,,,,1635267910,,,,1635267910,Unfound
,,,,,,,2374950000000,,,,,Unfound
,,,,,,,1882065602,,,,44843,Unfound
,,,,,,,1013076702670,,,,,Unfound
,,,,,,,1714864992105,,,,,Unfound
,,,,,,,1864457808,,,,,Unfound
,,,,,,,2353320000000,,,,,Unfound
,,,,,,,1800026650221,,,,,Unfound
,,,,,,,2333060000000,,,,,Unfound
,,,,,,,1800033206834,,,,,Unfound
,,,,,,,2376500000000,,,,,Unfound
,,,,,,,1100005850324,,,,,Unfound
,,,,,,,1100010770708,,,,,Unfound
,,,,,,,4173337403,,,,4173337403,Unfound
,,,,,,,2314560000000,,,,,Unfound
,,,,,,,3064794000,,,,3064794000,Unfound
,,,,,,,2000027462773,,,,,Unfound
,,,,,,,69858102,,,,,Unfound
,,,,,,,9108327109,,,,25022,Unfound
,,,,,,,2340270000000,,,,,Unfound
,,,,,,,2365490000000,,,,,Unfound
,,,,,,,2363490000000,,,,,Unfound
,,,,,,,1415703122008,,,,,Unfound
,,,,,,,2360280000000,,,,,Unfound
,,,,,,,1012514469286,,,,,Unfound
,,,,,,,1300002228239,,,,,Unfound
,,,,,,,2326530000000,,,,,Unfound
,,,,,,,2375810000000,,,,,Unfound
,,,,,,,9327895505,,,,20899,Unfound
,,,,,,,2342320000000,,,,,Unfound
,,,,,,,15773503,,,,97826,Unfound
,,,,,,,2200013296652,,,,,Unfound
,,,,,,,1610005306146,,,,,Unfound
,,,,,,,2330770000000,,,,,Unfound
,,,,,,,1300006788864,,,,,Unfound
,,,,,,,695702,,,,62144,Unfound
,,,,,,,1100020480500,,,,,Unfound
,,,,,,,2370320000000,,,,,Unfound
,,,,,,,3060859801,,,,3060859801,Unfound
,,,,,,,2365780000000,,,,,Unfound
,,,,,,,1200026123939,,,,,Unfound
,,,,,,,1530575002,,,,36067,Unfound
,,,,,,,50993202,,,,30622,Unfound
,,,,,,,2334540000000,,,,,Unfound
,,,,,,,1415665403004,,,,,Unfound
,,,,,,,2330180000000,,,,,Unfound
,,,,,,,69673909,,,,97319,Unfound
,,,,,,,1200039197230,,,,,Unfound
,,,,,,,2344440000000,,,,,Unfound
,,,,,,,1014570289326,,,,,Unfound
,,,,,,,2366530000000,,,,,Unfound
,,,,,,,48095900,,,,48095900,Unfound
,,,,,,,1484408700,,,,91333,Unfound
,,,,,,,2360890000000,,,,,Unfound
,,,,,,,2200042195040,,,,,Unfound
,,,,,,,2336310000000,,,,,Unfound
,,,,,,,1610002939893,,,,,Unfound
,,,,,,,51238810,,,,51085,Unfound
,,,,,,,2372460000000,,,,,Unfound
,,,,,,,9188572205,,,,62,Unfound
,,,,,,,1645843500,,,,8356,Unfound
,,,,,,,653705902,,,,47859,Unfound
,,,,,,,2335940000000,,,,,Unfound
,,,,,,,2079394209,,,,88393,Unfound
,,,,,,,3393791006,,,,134953,Unfound
,,,,,,,1050001647173,,,,,Unfound
,,,,,,,2370140000000,,,,,Unfound
,,,,,,,7744977303,,,,3115,Unfound
,,,,,,,2334660000000,,,,,Unfound
,,,,,,,1067786000,,,,29714,Unfound
,,,,,,,83274001,,,,244673,Unfound
,,,,,,,2335010000000,,,,,Unfound
,,,,,,,12305701,,,,12305701,Unfound
,,,,,,,1200035114150,,,,,Unfound
,,,,,,,1012933677407,,,,,Unfound
,,,,,,,2344870000000,,,,,Unfound
,,,,,,,1591051269498,,,,,Unfound
,,,,,,,1200035114141,,,,,Unfound
,,,,,,,2332270000000,,,,,Unfound
,,,,,,,1100002820665,,,,,Unfound
,,,,,,,1200035114132,,,,,Unfound
,,,,,,,2331760000000,,,,,Unfound
,,,,,,,2331770000000,,,,,Unfound
,,,,,,,46061906,,,,60488,Unfound
,,,,,,,1012450713974,,,,,Unfound
,,,,,,,52243101,,,,40988,Unfound
,,,,,,,1200040128680,,,,,Unfound
,,,,,,,2336030000000,,,,,Unfound
,,,,,,,52210007,,,,88775,Unfound
,,,,,,,1295841610,,,,1295841610,Unfound
,,,,,,,2323010000000,,,,,Unfound
,,,,,,,9158906908,,,,64242,Unfound
,,,,,,,47107000,,,,47107000,Unfound
,,,,,,,2331950000000,,,,,Unfound
,,,,,,,1800032285640,,,,,Unfound
,,,,,,,2364696124112,,,,,Unfound
,,,,,,,2336260000000,,,,,Unfound
,,,,,,,1300051494499,,,,,Unfound
,,,,,,,1023520000000,,,,,Unfound
,,,,,,,2000024690993,,,,,Unfound
,,,,,,,9367648602,,,,1,Unfound
,,,,,,,1415340000000,,,,,Unfound
,,,,,,,652313408,,,,3283,Unfound
,,,,,,,1100024722342,,,,,Unfound
,,,,,,,1416020000000,,,,,Unfound
,,,,,,,2199991635710,,,,,Unfound
,,,,,,,1200037933625,,,,,Unfound
,,,,,,,2371480000000,,,,,Unfound
,,,,,,,9322415809,,,,146781,Unfound
,,,,,,,1295841700,,,,5755,Unfound
,,,,,,,1592000000000,,,,,Unfound
,,,,,,,57828200,,,,57828200,Unfound
,,,,,,,2315600249015,,,,,Unfound
,,,,,,,1565715204,,,,14762,Unfound
,,,,,,,1412250000000,,,,,Unfound
,,,,,,,2991955910,,,,12686,Unfound
,,,,,,,1412300000000,,,,,Unfound
,,,,,,,1200022401346,,,,,Unfound
,,,,,,,2000050056859,,,,,Unfound
,,,,,,,1421610000000,,,,,Unfound
,,,,,,,1622867902,,,,1622867902,Unfound
,,,,,,,1012702409873,,,,,Unfound
,,,,,,,2330840000000,,,,,Unfound
,,,,,,,6874407,,,,22221,Unfound
,,,,,,,2000027639207,,,,,Unfound
,,,,,,,1714340000000,,,,,Unfound
,,,,,,,1100011148031,,,,,Unfound
,,,,,,,1800021015260,,,,,Unfound
,,,,,,,9099276104,,,,80045,Unfound
,,,,,,,1426000000000,,,,,Unfound
,,,,,,,3024371104,,,,28769,Unfound
,,,,,,,1900021000880,,,,,Unfound
,,,,,,,1419070000000,,,,,Unfound
,,,,,,,1415967091003,,,,,Unfound
,,,,,,,8936219702,,,,22,Unfound
,,,,,,,1416900000000,,,,,Unfound
,,,,,,,2320242856718,,,,,Unfound
,,,,,,,1591049170957,,,,,Unfound
,,,,,,,1412970000000,,,,,Unfound
,,,,,,,1610023411702,,,,,Unfound
,,,,,,,2200018031860,,,,,Unfound
,,,,,,,1012881148398,,,,,Unfound
,,,,,,,1413080000000,,,,,Unfound
,,,,,,,11900800,,,,972,Unfound
,,,,,,,9327684009,,,,30275,Unfound
,,,,,,,1411080000000,,,,,Unfound
,,,,,,,8904029702,,,,99713,Unfound
,,,,,,,1300005415866,,,,,Unfound
,,,,,,,1415510000000,,,,,Unfound
,,,,,,,1012665516497,,,,,Unfound
,,,,,,,1610023180070,,,,,Unfound
,,,,,,,1170001279887,,,,,Unfound
,,,,,,,1419970000000,,,,,Unfound
,,,,,,,1200029320029,,,,,Unfound
,,,,,,,2200019280560,,,,,Unfound
,,,,,,,1417900000000,,,,,Unfound
,,,,,,,1418070000000,,,,,Unfound
,,,,,,,1284458802,,,,,Unfound
,,,,,,,1591057136180,,,,,Unfound
,,,,,,,1200035115395,,,,,Unfound
,,,,,,,2200042147561,,,,,Unfound
,,,,,,,1413970000000,,,,,Unfound
,,,,,,,1414080000000,,,,,Unfound
,,,,,,,1716730000000,,,,,Unfound
,,,,,,,1100020311963,,,,,Unfound
,,,,,,,2336180000000,,,,,Unfound
,,,,,,,8880149610,,,,67103,Unfound
,,,,,,,1813386708,,,,,Unfound
,,,,,,,4163425708,,,,49310,Unfound
,,,,,,,1412080000000,,,,,Unfound
,,,,,,,8900313600.0,,,,8900313600.0,Unfound
,,,,,,,9338350305,,,,100020,Unfound
,,,,,,,1300004345135,,,,,Unfound
,,,,,,,10781510.0,,,,10781510.0,Unfound
,,,,,,,1410080000000,,,,,Unfound
,,,,,,,8844513107,,,,,Unfound
,,,,,,,1850863905,,,,468,Unfound
,,,,,,,1416510000000,,,,,Unfound
,,,,,,,2321622041612,,,,,Unfound
,,,,,,,1800060787203,,,,,Unfound
,,,,,,,1418900000000,,,,,Unfound
,,,,,,,1170000129150,,,,,Unfound
,,,,,,,1412277670005,,,,,Unfound
,,,,,,,2454982307,,,,2454982307,Unfound
,,,,,,,1717470000000,,,,,Unfound
,,,,,,,2351031254110,,,,,Unfound
,,,,,,,1100000360975,,,,,Unfound
,,,,,,,1714540000000,,,,,Unfound
,,,,,,,2454590705,,,,2454590705,Unfound
,,,,,,,1410662721000,,,,,Unfound
,,,,,,,2345470000000,,,,,Unfound
,,,,,,,1100040551068,,,,,Unfound
,,,,,,,1419210000000,,,,,Unfound
,,,,,,,2218683402,,,,86939,Unfound
,,,,,,,8832477910,,,,6036,Unfound
,,,,,,,1725000000000,,,,,Unfound
,,,,,,,70050103,,,,2394,Unfound
,,,,,,,1411070000000,,,,,Unfound
,,,,,,,1023517462510,,,,,Unfound
,,,,,,,1591160000000,,,,,Unfound
,,,,,,,4267984110,,,,22468,Unfound
,,,,,,,3350080404,,,,3350080404,Unfound
,,,,,,,1419760000000,,,,,Unfound
,,,,,,,1900047025263,,,,,Unfound
,,,,,,,12346906,,,,12346906,Unfound
,,,,,,,1428530000000,,,,,Unfound
,,,,,,,2200023694045,,,,,Unfound
,,,,,,,1411955500001,,,,,Unfound
,,,,,,,2310170000000,,,,,Unfound
,,,,,,,62539802,,,,62539802,Unfound
,,,,,,,3920068607,,,,13055,Unfound
,,,,,,,1413760000000,,,,,Unfound
,,,,,,,1013033554902,,,,,Unfound
,,,,,,,55736510,,,,55736510,Unfound
,,,,,,,1413470000000,,,,,Unfound
,,,,,,,1414470000000,,,,,Unfound
,,,,,,,21276205,,,,41051,Unfound
,,,,,,,3043666400,,,,,Unfound
,,,,,,,2527201604,,,,134936,Unfound
,,,,,,,1415880000000,,,,,Unfound
,,,,,,,9337094510,,,,9337094510,Unfound
,,,,,,,1712380000000,,,,,Unfound
,,,,,,,9317000204,,,,311285,Unfound
,,,,,,,1527455010,,,,44911,Unfound
,,,,,,,1416160000000,,,,,Unfound
,,,,,,,2434441002,,,,38037,Unfound
,,,,,,,1415050000000,,,,,Unfound
,,,,,,,8825946906,,,,1,Unfound
,,,,,,,1415070000000,,,,,Unfound
,,,,,,,1591051392800,,,,,Unfound
,,,,,,,70076402,,,,16909,Unfound
,,,,,,,2373640000000,,,,,Unfound
,,,,,,,1610004109472,,,,,Unfound
,,,,,,,1012830000000,,,,,Unfound
,,,,,,,5062358603,,,,5062358603,Unfound
,,,,,,,1012425255734,,,,,Unfound
,,,,,,,1415560000000,,,,,Unfound
,,,,,,,9186455101,,,,353,Unfound
,,,,,,,2333350000000,,,,,Unfound
,,,,,,,1800035229504,,,,,Unfound
,,,,,,,2200019342320,,,,,Unfound
,,,,,,,3996119200,,,,37342,Unfound
,,,,,,,1411140000000,,,,,Unfound
,,,,,,,57559109,,,,57559109,Unfound
,,,,,,,1001103102,,,,1,Unfound
,,,,,,,1012780249461,,,,,Unfound
,,,,,,,2356560000000,,,,,Unfound
,,,,,,,2172075108,,,,10895,Unfound
,,,,,,,2000009647153,,,,,Unfound
,,,,,,,2199994099630,,,,,Unfound
,,,,,,,1418450000000,,,,,Unfound
,,,,,,,1712054224151,,,,,Unfound
,,,,,,,8922561810,,,,8922561810,Unfound
,,,,,,,2353230000000,,,,,Unfound
,,,,,,,2120226500,,,,,Unfound
,,,,,,,2200014333419,,,,,Unfound
,,,,,,,1413130000000,,,,,Unfound
,,,,,,,2000053626395,,,,,Unfound
,,,,,,,1610001941330,,,,,Unfound
,,,,,,,2332520000000,,,,,Unfound
,,,,,,,8913795206,,,,8913795206,Unfound
,,,,,,,1591057241327,,,,,Unfound
,,,,,,,1417510000000,,,,,Unfound
,,,,,,,2200022595149,,,,,Unfound
,,,,,,,1416991961004,,,,,Unfound
,,,,,,,2334550000000,,,,,Unfound
,,,,,,,1012355579076,,,,,Unfound
,,,,,,,2313389019821,,,,,Unfound
,,,,,,,1417220000000,,,,,Unfound
,,,,,,,46758800,,,,46758800,Unfound
,,,,,,,1414880000000,,,,,Unfound
,,,,,,,1170000126061,,,,,Unfound
,,,,,,,1014571728200,,,,,Unfound
,,,,,,,2340910000000,,,,,Unfound
,,,,,,,2199992058580,,,,,Unfound
,,,,,,,2200012051444,,,,,Unfound
,,,,,,,2324820000000,,,,,Unfound
,,,,,,,70355507,,,,70355507,Unfound
,,,,,,,1410310000000,,,,,Unfound
,,,,,,,68211203,,,,78982,Unfound
,,,,,,,2361265769510,,,,,Unfound
,,,,,,,1413410000000,,,,,Unfound
,,,,,,,1800017687545,,,,,Unfound
,,,,,,,2344740000000,,,,,Unfound
,,,,,,,1012663422118,,,,,Unfound
,,,,,,,2321843937717,,,,,Unfound
,,,,,,,1414410000000,,,,,Unfound
,,,,,,,1800030420138,,,,,Unfound
,,,,,,,1469247603,,,,14333,Unfound
,,,,,,,1416400000000,,,,,Unfound
,,,,,,,1023540529212,,,,,Unfound
,,,,,,,1424692200004,,,,,Unfound
,,,,,,,1714740000000,,,,,Unfound
,,,,,,,1416730012004,,,,,Unfound
,,,,,,,1418340000000,,,,,Unfound
,,,,,,,1610030070869,,,,,Unfound
,,,,,,,1723660000000,,,,,Unfound
,,,,,,,1610004214822,,,,,Unfound
,,,,,,,1414840000000,,,,,Unfound
,,,,,,,1100022963224,,,,,Unfound
,,,,,,,4170209805,,,,10724,Unfound
,,,,,,,45495710,,,,90155,Unfound
,,,,,,,1100018604760,,,,,Unfound
,,,,,,,1100020361885,,,,,Unfound
,,,,,,,1415890000000,,,,,Unfound
,,,,,,,3985759405,,,,3985759405,Unfound
,,,,,,,1012666208336,,,,,Unfound
,,,,,,,1415770000000,,,,,Unfound
,,,,,,,1900022192090,,,,,Unfound
,,,,,,,1416770000000,,,,,Unfound
,,,,,,,1716640000000,,,,,Unfound
,,,,,,,1300051205751,,,,,Unfound
,,,,,,,4010918409,,,,15141,Unfound
,,,,,,,1591012414935,,,,,Unfound
,,,,,,,2313010000000,,,,,Unfound
,,,,,,,8917554103,,,,19270,Unfound
,,,,,,,1417424571003,,,,,Unfound
,,,,,,,1416010000000,,,,,Unfound
,,,,,,,1417820000000,,,,,Unfound
,,,,,,,53827301,,,,53827301,Unfound
,,,,,,,2199999261800,,,,,Unfound
,,,,,,,1414460000000,,,,,Unfound
,,,,,,,1712421700814,,,,,Unfound
,,,,,,,2200020347043,,,,,Unfound
,,,,,,,1460000713388,,,,,Unfound
,,,,,,,1721810000000,,,,,Unfound
,,,,,,,672526909,,,,41110,Unfound
,,,,,,,2316050000000,,,,,Unfound
,,,,,,,1414121360004,,,,,Unfound
,,,,,,,57582407,,,,64322,Unfound
,,,,,,,2000005225666,,,,,Unfound
,,,,,,,1425428000007,,,,,Unfound
,,,,,,,2315760000000,,,,,Unfound
,,,,,,,3078912702,,,,21896,Unfound
,,,,,,,1413810000000,,,,,Unfound
,,,,,,,2000012452807,,,,,Unfound
,,,,,,,9150536703,,,,67319,Unfound
,,,,,,,2000012452931,,,,,Unfound
,,,,,,,2325360000000,,,,,Unfound
,,,,,,,2323890000000,,,,,Unfound
,,,,,,,2311550000000,,,,,Unfound
,,,,,,,1414260000000,,,,,Unfound
,,,,,,,19944603,,,,92903,Unfound
,,,,,,,2311090000000,,,,,Unfound
,,,,,,,1416370000000,,,,,Unfound
,,,,,,,1415970000000,,,,,Unfound
,,,,,,,1900040242530,,,,,Unfound
,,,,,,,1713620000000,,,,,Unfound
,,,,,,,2000055198497,,,,,Unfound
,,,,,,,2200041100828,,,,,Unfound
,,,,,,,2341900000000,,,,,Unfound
,,,,,,,9334589107,,,,83315,Unfound
,,,,,,,1610020325627,,,,,Unfound
,,,,,,,1412560000000,,,,,Unfound
,,,,,,,1012807245257,,,,,Unfound
,,,,,,,2200016447270,,,,,Unfound
,,,,,,,2366520000000,,,,,Unfound
,,,,,,,2000052287513,,,,,Unfound
,,,,,,,1300011303041,,,,,Unfound
,,,,,,,2363050000000,,,,,Unfound
,,,,,,,1414350000000,,,,,Unfound
,,,,,,,1712054224203,,,,,Unfound
,,,,,,,1012824104716,,,,,Unfound
,,,,,,,1631483705,,,,1631483705,Unfound
,,,,,,,1419600000000,,,,,Unfound
,,,,,,,1000352410,,,,1000352410,Unfound
,,,,,,,2311050000000,,,,,Unfound
,,,,,,,78699008,,,,70368,Unfound
,,,,,,,2420881004,,,,2420881004,Unfound
,,,,,,,2310820000000,,,,,Unfound
,,,,,,,1200051474043,,,,,Unfound
,,,,,,,2980261809,,,,45931,Unfound
,,,,,,,1711600000000,,,,,Unfound
,,,,,,,4202674706,,,,77704,Unfound
,,,,,,,4238450205,,,,10971,Unfound
,,,,,,,1417150000000,,,,,Unfound
,,,,,,,1012952864929,,,,,Unfound
,,,,,,,2312792692315,,,,,Unfound
,,,,,,,1411800000000,,,,,Unfound
,,,,,,,1714145051100,,,,,Unfound
,,,,,,,2331770992815,,,,,Unfound
,,,,,,,1900016005575,,,,,Unfound
,,,,,,,1712060000000,,,,,Unfound
,,,,,,,1591110804731,,,,,Unfound
,,,,,,,1900016005566,,,,,Unfound
,,,,,,,2331190000000,,,,,Unfound
,,,,,,,1900006129992,,,,,Unfound
,,,,,,,2200017338020,,,,,Unfound
,,,,,,,1711850000000,,,,,Unfound
,,,,,,,2200021266867,,,,,Unfound
,,,,,,,1300004185640,,,,,Unfound
,,,,,,,1411820000000,,,,,Unfound
,,,,,,,3946403110,,,,3946403110,Unfound
,,,,,,,2324910000000,,,,,Unfound
,,,,,,,8931805802,,,,14154,Unfound
,,,,,,,1013070000000,,,,,Unfound
,,,,,,,1012955095929,,,,,Unfound
,,,,,,,5025618010,,,,29357,Unfound
,,,,,,,2323580000000,,,,,Unfound
,,,,,,,1300011075650,,,,,Unfound
,,,,,,,5012650108,,,,17514,Unfound
,,,,,,,1900024277346,,,,,Unfound
,,,,,,,2361490000000,,,,,Unfound
,,,,,,,2000051306547,,,,,Unfound
,,,,,,,4246920010,,,,4246920010,Unfound
,,,,,,,2000027357980,,,,,Unfound
,,,,,,,2729990806,,,,2729990806,Unfound
,,,,,,,9153143710,,,,18858,Unfound
,,,,,,,1100024996124,,,,,Unfound
,,,,,,,1410311041009,,,,,Unfound
,,,,,,,2000052751449,,,,,Unfound
,,,,,,,67341110,,,,62017,Unfound
,,,,,,,1011145102,,,,18572,Unfound
,,,,,,,9089437107,,,,14125,Unfound
,,,,,,,9192687905,,,,,Unfound
,,,,,,,1012632828664,,,,,Unfound
,,,,,,,9308778707,,,,81322,Unfound
,,,,,,,68210504,,,,34923,Unfound
,,,,,,,1200051403238,,,,,Unfound
,,,,,,,1200040066350,,,,,Unfound
,,,,,,,661819700,,,,450,Unfound
,,,,,,,1200033104416,,,,,Unfound
,,,,,,,1200051740521,,,,,Unfound
,,,,,,,61296202,,,,61296202,Unfound
,,,,,,,1200051740540,,,,,Unfound
,,,,,,,1011799206,,,,16,Unfound
,,,,,,,15929508,,,,15929508,Unfound
,,,,,,,1800054617075,,,,,Unfound
,,,,,,,2199999697139,,,,,Unfound
,,,,,,,1200051740586,,,,,Unfound
,,,,,,,1012666085978,,,,,Unfound
,,,,,,,2200023036782,,,,,Unfound
,,,,,,,66941601,,,,,Unfound
,,,,,,,1200051740503,,,,,Unfound
,,,,,,,4186473601,,,,14642,Unfound
,,,,,,,1200051740559,,,,,Unfound
,,,,,,,88402907,,,,88402907,Unfound
,,,,,,,1012361416472,,,,,Unfound
,,,,,,,1200051740568,,,,,Unfound
,,,,,,,1012402136598,,,,,Unfound
,,,,,,,2200019461978,,,,,Unfound
,,,,,,,1100015569607,,,,,Unfound
,,,,,,,2200013478530,,,,,Unfound
,,,,,,,1300034490590,,,,,Unfound
,,,,,,,49420104,,,,8031,Unfound
,,,,,,,21747409,,,,21747409,Unfound
,,,,,,,2000004764188,,,,,Unfound
,,,,,,,1900045059650,,,,,Unfound
,,,,,,,1200051740595,,,,,Unfound
,,,,,,,1200051740577,,,,,Unfound
,,,,,,,1904078007,,,,26602,Unfound
,,,,,,,8860308704,,,,9362,Unfound
,,,,,,,1900038272640,,,,,Unfound
,,,,,,,1100007066510,,,,,Unfound
,,,,,,,1200051740530,,,,,Unfound
,,,,,,,1800019410996,,,,,Unfound
,,,,,,,4228254210,,,,4228254210,Unfound
,,,,,,,1012912031640,,,,,Unfound
,,,,,,,1900008296409,,,,,Unfound
,,,,,,,9181768108,,,,9181768108,Unfound
,,,,,,,704425608,,,,704425608,Unfound
,,,,,,,2380001386035,,,,,Unfound
,,,,,,,1418125891005,,,,,Unfound
,,,,,,,1717109105457,,,,,Unfound
,,,,,,,2343265335410,,,,,Unfound
,,,,,,,59142804,,,,59142804,Unfound
,,,,,,,1591052569771,,,,,Unfound
,,,,,,,1610012244051,,,,,Unfound
,,,,,,,1591040806879,,,,,Unfound
,,,,,,,9324434206,,,,9324434206,Unfound
,,,,,,,61897610,,,,61897610,Unfound
,,,,,,,5090097104,,,,5090097104,Unfound
,,,,,,,1821332400,,,,1821332400,Unfound
,,,,,,,3309109608,,,,3309109608,Unfound
,,,,,,,1012561350877,,,,,Unfound
,,,,,,,3394461102,,,,3394461102,Unfound
,,,,,,,1100021342768,,,,,Unfound
,,,,,,,1416842781007,,,,,Unfound
,,,,,,,55303209,,,,55303209,Unfound
,,,,,,,1410010000000,,,,,Unfound
,,,,,,,1413999611006,,,,,Unfound
,,,,,,,1711620000000,,,,,Unfound
,,,,,,,1012465121630,,,,,Unfound
,,,,,,,707039304,,,,707039304,Unfound
,,,,,,,1422960000000,,,,,Unfound
,,,,,,,8856948900,,,,8856948900,Unfound
,,,,,,,1418150000000,,,,,Unfound
,,,,,,,69063208,,,,69063208,Unfound
,,,,,,,1610021442249,,,,,Unfound
,,,,,,,1086246704,,,,1086246704,Unfound
,,,,,,,1418660000000,,,,,Unfound
,,,,,,,2366060000000,,,,,Unfound
,,,,,,,1014569312288,,,,,Unfound
,,,,,,,68211001,,,,68211001,Unfound
,,,,,,,2000024700090,,,,,Unfound
,,,,,,,2364060000000,,,,,Unfound
,,,,,,,1030060000000,,,,,Unfound
,,,,,,,76924405,,,,76924405,Unfound
,,,,,,,3995503510,,,,3995503510,Unfound
,,,,,,,2200013544403,,,,,Unfound
,,,,,,,2363560000000,,,,,Unfound
,,,,,,,19454608,,,,66147,Unfound
,,,,,,,1428880000000,,,,,Unfound
,,,,,,,84503803,,,,84503803,Unfound
,,,,,,,2373260000000,,,,,Unfound
,,,,,,,2199991327640,,,,,Unfound
,,,,,,,2310210000000,,,,,Unfound
,,,,,,,48069708,,,,48069708,Unfound
,,,,,,,2314050000000,,,,,Unfound
,,,,,,,1012560000000,,,,,Unfound
,,,,,,,2716668409,,,,2716668409,Unfound
,,,,,,,1419550000000,,,,,Unfound
,,,,,,,1714260000000,,,,,Unfound
,,,,,,,1023498098588,,,,,Unfound
,,,,,,,2342100000000,,,,,Unfound
,,,,,,,8906720610,,,,,Unfound
,,,,,,,1725260000000,,,,,Unfound
,,,,,,,4246919306,,,,4246919306,Unfound
,,,,,,,1100009657631,,,,,Unfound
,,,,,,,2312110000000,,,,,Unfound
,,,,,,,2324310000000,,,,,Unfound
,,,,,,,1806308,,,,1806308,Unfound
,,,,,,,1547831608,,,,1547831608,Unfound
,,,,,,,574869202,,,,38141,Unfound
,,,,,,,1900002113330,,,,,Unfound
,,,,,,,1716650000000,,,,,Unfound
,,,,,,,8882667306,,,,53838,Unfound
,,,,,,,1610020326133,,,,,Unfound
,,,,,,,1412670000000,,,,,Unfound
,,,,,,,1000262802,,,,1000262802,Unfound
,,,,,,,1418670000000,,,,,Unfound
,,,,,,,1100012577571,,,,,Unfound
,,,,,,,1800051204459,,,,,Unfound
,,,,,,,1107248705,,,,1107248705,Unfound
,,,,,,,1100015666081,,,,,Unfound
,,,,,,,1423280000000,,,,,Unfound
,,,,,,,1800050855274,,,,,Unfound
,,,,,,,1100003651564,,,,,Unfound
,,,,,,,1090310303,,,,1,Unfound
,,,,,,,1417190000000,,,,,Unfound
,,,,,,,1417280000000,,,,,Unfound
,,,,,,,2314500000000,,,,,Unfound
,,,,,,,54236204,,,,1,Unfound
,,,,,,,59742806,,,,59742806,Unfound
,,,,,,,1012859845564,,,,,Unfound
,,,,,,,1412860000000,,,,,Unfound
,,,,,,,1580000970474,,,,,Unfound
,,,,,,,1014570272536,,,,,Unfound
,,,,,,,1413880000000,,,,,Unfound
,,,,,,,3923040005,,,,46460,Unfound
,,,,,,,1710220000000,,,,,Unfound
,,,,,,,1413940000000,,,,,Unfound
,,,,,,,1200050713475,,,,,Unfound
,,,,,,,2000055607516,,,,,Unfound
,,,,,,,2345460000000,,,,,Unfound
,,,,,,,2000051445612,,,,,Unfound
,,,,,,,1412532110007,,,,,Unfound
,,,,,,,1714940000000,,,,,Unfound
,,,,,,,2375250000000,,,,,Unfound
,,,,,,,2333657070113,,,,,Unfound
,,,,,,,80817705,,,,80817705,Unfound
,,,,,,,3774601,,,,3774601,Unfound
,,,,,,,1416950000000,,,,,Unfound
,,,,,,,57473200,,,,57473200,Unfound
,,,,,,,2000020461329,,,,,Unfound
,,,,,,,2000011785829,,,,,Unfound
,,,,,,,1413950000000,,,,,Unfound
,,,,,,,1414313780001,,,,,Unfound
,,,,,,,1012913943634,,,,,Unfound
,,,,,,,1416990000000,,,,,Unfound
,,,,,,,4267749807,,,,38355,Unfound
,,,,,,,1800035293582,,,,,Unfound
,,,,,,,1414950000000,,,,,Unfound
,,,,,,,2707367506,,,,2707367506,Unfound
,,,,,,,2060360106,,,,2060360106,Unfound
,,,,,,,2000010187367,,,,,Unfound
,,,,,,,2355620000000,,,,,Unfound
,,,,,,,1610027573504,,,,,Unfound
,,,,,,,2374450000000,,,,,Unfound
,,,,,,,67808907,,,,45804,Unfound
,,,,,,,9090698006,,,,1241,Unfound
,,,,,,,2350990000000,,,,,Unfound
,,,,,,,4204439010,,,,1352,Unfound
,,,,,,,86468400,,,,144650,Unfound
,,,,,,,1419660000000,,,,,Unfound
,,,,,,,2708664506,,,,29612,Unfound
,,,,,,,1085221907,,,,20312,Unfound
,,,,,,,16630205,,,,16630205,Unfound
,,,,,,,3293204608,,,,64699,Unfound
,,,,,,,1715420000000,,,,,Unfound
,,,,,,,4016246910,,,,4016246910,Unfound
,,,,,,,1412380000000,,,,,Unfound
,,,,,,,3408740505,,,,,Unfound
,,,,,,,1507906999994,,,,,Unfound
,,,,,,,59584208,,,,12,Unfound
,,,,,,,1414310000000,,,,,Unfound
,,,,,,,1610030070878,,,,,Unfound
,,,,,,,8818391907,,,,237801,Unfound
,,,,,,,3024979504,,,,3024979504,Unfound
,,,,,,,1415940000000,,,,,Unfound
,,,,,,,71221109,,,,45377,Unfound
,,,,,,,2159226104,,,,9270,Unfound
,,,,,,,2200014476190,,,,,Unfound
,,,,,,,1485750907,,,,26851,Unfound
,,,,,,,1649223108,,,,104674,Unfound
,,,,,,,1416120000000,,,,,Unfound
,,,,,,,1100020862524,,,,,Unfound
,,,,,,,1610003741580,,,,,Unfound
,,,,,,,1417930000000,,,,,Unfound
,,,,,,,3031339009,,,,54150,Unfound
,,,,,,,2344660833715,,,,,Unfound
,,,,,,,1200034186702,,,,,Unfound
,,,,,,,1714250000000,,,,,Unfound
,,,,,,,1012535908040,,,,,Unfound
,,,,,,,2330340000000,,,,,Unfound
,,,,,,,9093724209,,,,12868,Unfound
,,,,,,,1912645203,,,,46840,Unfound
,,,,,,,64969602,,,,36481,Unfound
,,,,,,,1610018755501,,,,,Unfound
,,,,,,,2360570000000,,,,,Unfound
,,,,,,,1523924403,,,,1523924403,Unfound
,,,,,,,2311860000000,,,,,Unfound
,,,,,,,1413766930002,,,,,Unfound
,,,,,,,62229809,,,,85211,Unfound
,,,,,,,1418000000000,,,,,Unfound
,,,,,,,1300013243208,,,,,Unfound
,,,,,,,80833703,,,,59787,Unfound
,,,,,,,2324040000000,,,,,Unfound
,,,,,,,1712336203350,,,,,Unfound
,,,,,,,62229910,,,,78504,Unfound
,,,,,,,1300008853043,,,,,Unfound
,,,,,,,1414000000000,,,,,Unfound
,,,,,,,87626307,,,,50071,Unfound
,,,,,,,2336590000000,,,,,Unfound
,,,,,,,1610013977470,,,,,Unfound
,,,,,,,3951474406,,,,3354,Unfound
,,,,,,,9084015807,,,,52518,Unfound
,,,,,,,1023484609770,,,,,Unfound
,,,,,,,1411440000000,,,,,Unfound
,,,,,,,2335930000000,,,,,Unfound
,,,,,,,57942602,,,,48862,Unfound
,,,,,,,1900040022860,,,,,Unfound
,,,,,,,1485751202,,,,21570,Unfound
,,,,,,,2000002286319,,,,,Unfound
,,,,,,,1100010567010,,,,,Unfound
,,,,,,,1414900000000,,,,,Unfound
,,,,,,,1416870000000,,,,,Unfound
,,,,,,,1417260000000,,,,,Unfound
,,,,,,,4153423608,,,,27802,Unfound
,,,,,,,1415973240005,,,,,Unfound
,,,,,,,2310130000000,,,,,Unfound
,,,,,,,1570000271955,,,,,Unfound
,,,,,,,1015683196991,,,,,Unfound
,,,,,,,2360760000000,,,,,Unfound
,,,,,,,2000007552155,,,,,Unfound
,,,,,,,16409307,,,,76326,Unfound
,,,,,,,1715290000000,,,,,Unfound
,,,,,,,1417030000000,,,,,Unfound
,,,,,,,2000007552146,,,,,Unfound
,,,,,,,1012536239470,,,,,Unfound
,,,,,,,2365060000000,,,,,Unfound
,,,,,,,2000013038037,,,,,Unfound
,,,,,,,1460001724344,,,,,Unfound
,,,,,,,1630000137371,,,,,Unfound
,,,,,,,1715440000000,,,,,Unfound
,,,,,,,2200031562033,,,,,Unfound
,,,,,,,2312490000000,,,,,Unfound
,,,,,,,2958005802,,,,19084,Unfound
,,,,,,,2345170000000,,,,,Unfound
,,,,,,,47230201,,,,128222,Unfound
,,,,,,,1012420033352,,,,,Unfound
,,,,,,,2224106304,,,,2224106304,Unfound
,,,,,,,1411560000000,,,,,Unfound
,,,,,,,3392773706,,,,24864,Unfound
,,,,,,,1417820600007,,,,,Unfound
,,,,,,,1100050888551,,,,,Unfound
,,,,,,,1012455268433,,,,,Unfound
,,,,,,,2700000000000,,,,,Unfound
,,,,,,,9336892500,,,,9,Unfound
,,,,,,,1610005458007,,,,,Unfound
,,,,,,,1711810000000,,,,,Unfound
,,,,,,,2143813509,,,,51936,Unfound
,,,,,,,3398813902,,,,22531,Unfound
,,,,,,,17215007,,,,148044,Unfound
,,,,,,,1413450000000,,,,,Unfound
,,,,,,,1900049283302,,,,,Unfound
,,,,,,,18993308,,,,28270,Unfound
,,,,,,,1412580000000,,,,,Unfound
,,,,,,,2371260000000,,,,,Unfound
,,,,,,,8847350704,,,,51728,Unfound
,,,,,,,2199999991172,,,,,Unfound
,,,,,,,693124502,,,,24040,Unfound
,,,,,,,1419240000000,,,,,Unfound
,,,,,,,3908613107,,,,32757,Unfound
,,,,,,,1200040240201,,,,,Unfound
,,,,,,,1600000043403,,,,,Unfound
,,,,,,,1900027222794,,,,,Unfound
,,,,,,,1415580000000,,,,,Unfound
,,,,,,,74284901,,,,125614,Unfound
,,,,,,,1100024980667,,,,,Unfound
,,,,,,,2414691204,,,,1,Unfound
,,,,,,,2352370323514,,,,,Unfound
,,,,,,,1722670000000,,,,,Unfound
,,,,,,,1300005078328,,,,,Unfound
,,,,,,,1413680000000,,,,,Unfound
,,,,,,,708996100,,,,1749,Unfound
,,,,,,,1710215350209,,,,,Unfound
,,,,,,,2000011908311,,,,,Unfound
,,,,,,,2390000000000,,,,,Unfound
,,,,,,,1712670000000,,,,,Unfound
,,,,,,,1857713910,,,,32007,Unfound
,,,,,,,1200024092605,,,,,Unfound
,,,,,,,8874651306,,,,28229,Unfound
,,,,,,,2310490000000,,,,,Unfound
,,,,,,,1592001143657,,,,,Unfound
,,,,,,,2324880000000,,,,,Unfound
,,,,,,,2561181809,,,,2561181809,Unfound
,,,,,,,7721016510,,,,,Unfound
,,,,,,,1410240000000,,,,,Unfound
,,,,,,,1410903851005,,,,,Unfound
,,,,,,,2336159004919,,,,,Unfound
,,,,,,,1897197303,,,,4919,Unfound
,,,,,,,673572203,,,,,Unfound
,,,,,,,1411180000000,,,,,Unfound
,,,,,,,1610003718093,,,,,Unfound
,,,,,,,2333030000000,,,,,Unfound
,,,,,,,1591047812178,,,,,Unfound
,,,,,,,2350120000000,,,,,Unfound
,,,,,,,1411182671004,,,,,Unfound
,,,,,,,61968304,,,,61968304,Unfound
,,,,,,,1411830000000,,,,,Unfound
,,,,,,,63940202,,,,105254,Unfound
,,,,,,,1900044026120,,,,,Unfound
,,,,,,,1580000054252,,,,,Unfound
,,,,,,,1610005755840,,,,,Unfound
,,,,,,,2330130000000,,,,,Unfound
,,,,,,,78366901,,,,78366901,Unfound
,,,,,,,7720578806,,,,7720578806,Unfound
,,,,,,,2335000000000,,,,,Unfound
,,,,,,,1419060000000,,,,,Unfound
,,,,,,,1482920801,,,,1482920801,Unfound
,,,,,,,1170000659004,,,,,Unfound
,,,,,,,1100020365904,,,,,Unfound
,,,,,,,2053562004,,,,2053562004,Unfound
,,,,,,,1716520000000,,,,,Unfound
,,,,,,,1416030000000,,,,,Unfound
,,,,,,,1901819008,,,,1901819008,Unfound
,,,,,,,47567405,,,,47567405,Unfound
,,,,,,,66601509,,,,66601509,Unfound
,,,,,,,55618403,,,,31973,Unfound
,,,,,,,1413840000000,,,,,Unfound
,,,,,,,1900006426820,,,,,Unfound
,,,,,,,9359325806,,,,9359325806,Unfound
,,,,,,,1414430000000,,,,,Unfound
,,,,,,,3275218202,,,,3275218202,Unfound
,,,,,,,2360430000000,,,,,Unfound
,,,,,,,45676602,,,,45676602,Unfound
,,,,,,,2365050000000,,,,,Unfound
,,,,,,,21438306,,,,21438306,Unfound
,,,,,,,1100014702135,,,,,Unfound
,,,,,,,1417940000000,,,,,Unfound
,,,,,,,1012823099845,,,,,Unfound
,,,,,,,73081410,,,,73081410,Unfound
,,,,,,,2324420000000,,,,,Unfound
,,,,,,,1012838335968,,,,,Unfound
,,,,,,,1100015256974,,,,,Unfound
,,,,,,,603445804,,,,7650,Unfound
,,,,,,,2363390000000,,,,,Unfound
,,,,,,,2000052985770,,,,,Unfound
,,,,,,,1100014914620,,,,,Unfound
,,,,,,,2336560000000,,,,,Unfound
,,,,,,,2000052985910,,,,,Unfound
,,,,,,,2705786202,,,,2705786202,Unfound
,,,,,,,9374920706,,,,1,Unfound
,,,,,,,1411570000000,,,,,Unfound
,,,,,,,9153635507,,,,17277,Unfound
,,,,,,,2163600302,,,,2163600302,Unfound
,,,,,,,1411470000000,,,,,Unfound
,,,,,,,1009782706,,,,1009782706,Unfound
,,,,,,,203353602,,,,203353602,Unfound
,,,,,,,9128622505,,,,9128622505,Unfound
,,,,,,,1419390000000,,,,,Unfound
,,,,,,,1100021319388,,,,,Unfound
,,,,,,,52039102,,,,,Unfound
,,,,,,,2000053626400,,,,,Unfound
,,,,,,,1411490000000,,,,,Unfound
,,,,,,,1591015143708,,,,,Unfound
,,,,,,,15360208,,,,15360208,Unfound
,,,,,,,1023530000000,,,,,Unfound
,,,,,,,1170000145603,,,,,Unfound
,,,,,,,1411524602000,,,,,Unfound
,,,,,,,9313765207,,,,8376,Unfound
,,,,,,,2000052287522,,,,,Unfound
,,,,,,,1412010000000,,,,,Unfound
,,,,,,,58004607,,,,43043,Unfound
,,,,,,,2365300000000,,,,,Unfound
,,,,,,,1012708179194,,,,,Unfound
,,,,,,,3064096301,,,,3064096301,Unfound
,,,,,,,61416702,,,,50419,Unfound
,,,,,,,1418610000000,,,,,Unfound
,,,,,,,61991602,,,,45161,Unfound
,,,,,,,1485749507,,,,23935,Unfound
,,,,,,,1714030000000,,,,,Unfound
,,,,,,,4242554810,,,,45910,Unfound
,,,,,,,2000055198520,,,,,Unfound
,,,,,,,1410510000000,,,,,Unfound
,,,,,,,2417047506,,,,32051,Unfound
,,,,,,,8842050307,,,,,Unfound
,,,,,,,1486385309,,,,42500,Unfound
,,,,,,,1716700000000,,,,,Unfound
,,,,,,,8835462003,,,,63569,Unfound
,,,,,,,1200021336271,,,,,Unfound
,,,,,,,8920961906,,,,35500,Unfound
,,,,,,,1418120000000,,,,,Unfound
,,,,,,,1050000614628,,,,,Unfound
,,,,,,,1014568859418,,,,,Unfound
,,,,,,,592301800,,,,42664,Unfound
,,,,,,,1716550000000,,,,,Unfound
,,,,,,,2703571709,,,,2703571709,Unfound
,,,,,,,1716690000000,,,,,Unfound
,,,,,,,2200014373350,,,,,Unfound
,,,,,,,1085453906,,,,1085453906,Unfound
,,,,,,,8845349900,,,,1,Unfound
,,,,,,,2600000000000,,,,,Unfound
,,,,,,,1012881147933,,,,,Unfound
,,,,,,,1570000298103,,,,,Unfound
,,,,,,,9313336610,,,,56411,Unfound
,,,,,,,1419424602000,,,,,Unfound
,,,,,,,1413610000000,,,,,Unfound
,,,,,,,3295140607,,,,45639,Unfound
,,,,,,,1419360000000,,,,,Unfound
,,,,,,,3313581810,,,,38250,Unfound
,,,,,,,2000053626410,,,,,Unfound
,,,,,,,2440858706,,,,2440858706,Unfound
,,,,,,,1300002262328,,,,,Unfound
,,,,,,,2315060000000,,,,,Unfound
,,,,,,,1425280000000,,,,,Unfound
,,,,,,,8900283808,,,,8900283808,Unfound
,,,,,,,1419420000000,,,,,Unfound
,,,,,,,2000017247349,,,,,Unfound
,,,,,,,1897197404,,,,1897197404,Unfound
,,,,,,,3031334605,,,,45250,Unfound
,,,,,,,2076246403,,,,2076246403,Unfound
,,,,,,,57878709,,,,57878709,Unfound
,,,,,,,1610004052782,,,,,Unfound
,,,,,,,2330710000000,,,,,Unfound
,,,,,,,1100024635503,,,,,Unfound
,,,,,,,1411520000000,,,,,Unfound
,,,,,,,7490566506,,,,7490566506,Unfound
,,,,,,,1418290000000,,,,,Unfound
,,,,,,,1419130000000,,,,,Unfound
,,,,,,,1610013977832,,,,,Unfound
,,,,,,,8927172701,,,,4104,Unfound
,,,,,,,2363570000000,,,,,Unfound
,,,,,,,1126942201,,,,1126942201,Unfound
,,,,,,,1012370000000,,,,,Unfound
,,,,,,,684326805,,,,13581,Unfound
,,,,,,,4252482301,,,,4252482301,Unfound
,,,,,,,53304010,,,,,Unfound
,,,,,,,2360490000000,,,,,Unfound
,,,,,,,680367900,,,,4288,Unfound
,,,,,,,2000011785838,,,,,Unfound
,,,,,,,1410680000000,,,,,Unfound
,,,,,,,1012666197297,,,,,Unfound
,,,,,,,1100010576869,,,,,Unfound
,,,,,,,2336250000000,,,,,Unfound
,,,,,,,2361170000000,,,,,Unfound
,,,,,,,7431424106,,,,24898,Unfound
,,,,,,,4154647209,,,,24659,Unfound
,,,,,,,1411960000000,,,,,Unfound
,,,,,,,8891595600,,,,70199,Unfound
,,,,,,,1415720000000,,,,,Unfound
,,,,,,,9333227404,,,,9333227404,Unfound
,,,,,,,68868010,,,,24219,Unfound
,,,,,,,2200024110443,,,,,Unfound
,,,,,,,510048508,,,,510048508,Unfound
,,,,,,,2345110000000,,,,,Unfound
,,,,,,,1700051819626,,,,,Unfound
,,,,,,,2361270000000,,,,,Unfound
,,,,,,,1422210000000,,,,,Unfound
,,,,,,,9308003209,,,,101345,Unfound
,,,,,,,2143825909,,,,,Unfound
,,,,,,,15784609,,,,15784609,Unfound
,,,,,,,1411030000000,,,,,Unfound
,,,,,,,75582510,,,,43186,Unfound
,,,,,,,1473712108,,,,1473712108,Unfound
,,,,,,,1419382751000,,,,,Unfound
,,,,,,,1429210000000,,,,,Unfound
,,,,,,,1507880000000,,,,,Unfound
,,,,,,,51478707,,,,1,Unfound
,,,,,,,1902530303,,,,1902530303,Unfound
,,,,,,,2336520000000,,,,,Unfound
,,,,,,,1410364741002,,,,,Unfound
,,,,,,,1413200000000,,,,,Unfound
,,,,,,,1300004609970,,,,,Unfound
,,,,,,,1580000209058,,,,,Unfound
,,,,,,,1413414931001,,,,,Unfound
,,,,,,,1610005913977,,,,,Unfound
,,,,,,,1714380000000,,,,,Unfound
,,,,,,,1417440000000,,,,,Unfound
,,,,,,,1412200000000,,,,,Unfound
,,,,,,,1610019026872,,,,,Unfound
,,,,,,,1412210000000,,,,,Unfound
,,,,,,,9217993806,,,,,Unfound
,,,,,,,1654278709,,,,3971,Unfound
,,,,,,,1411360000000,,,,,Unfound
,,,,,,,8817694404,,,,32387,Unfound
,,,,,,,1417440130002,,,,,Unfound
,,,,,,,2335260000000,,,,,Unfound
,,,,,,,1712480000000,,,,,Unfound
,,,,,,,2365930000000,,,,,Unfound
,,,,,,,2200042667825,,,,,Unfound
,,,,,,,1610005457990,,,,,Unfound
,,,,,,,1100018429530,,,,,Unfound
,,,,,,,2365710000000,,,,,Unfound
,,,,,,,2000004679230,,,,,Unfound
,,,,,,,1416690000000,,,,,Unfound
,,,,,,,55146500,,,,107643,Unfound
,,,,,,,2000012743040,,,,,Unfound
,,,,,,,3200000000000,,,,,Unfound
,,,,,,,1418640000000,,,,,Unfound
,,,,,,,1427920000000,,,,,Unfound
,,,,,,,1418480000000,,,,,Unfound
,,,,,,,8824180801,,,,,Unfound
,,,,,,,1050000831653,,,,,Unfound
,,,,,,,2336540000000,,,,,Unfound
,,,,,,,2199990314863,,,,,Unfound
,,,,,,,2199990314872,,,,,Unfound
,,,,,,,2332150000000,,,,,Unfound
,,,,,,,14323904,,,,50221,Unfound
,,,,,,,1410360000000,,,,,Unfound
,,,,,,,2572294508,,,,1,Unfound
,,,,,,,1460000947032,,,,,Unfound
,,,,,,,2366550000000,,,,,Unfound
,,,,,,,51412306,,,,51412306,Unfound
,,,,,,,1411340000000,,,,,Unfound
,,,,,,,2728299701,,,,,Unfound
,,,,,,,1610003681406,,,,,Unfound
,,,,,,,2000005802462,,,,,Unfound
,,,,,,,72319805,,,,17776,Unfound
,,,,,,,2332940000000,,,,,Unfound
,,,,,,,8818258703,,,,21359,Unfound
,,,,,,,1716130000000,,,,,Unfound
,,,,,,,60018101,,,,31949,Unfound
,,,,,,,46912200,,,,103784,Unfound
,,,,,,,3110000000000,,,,,Unfound
,,,,,,,1717270000000,,,,,Unfound
,,,,,,,1423520000000,,,,,Unfound
,,,,,,,1610000091272,,,,,Unfound
,,,,,,,53167105,,,,,Unfound
,,,,,,,1800060791510,,,,,Unfound
,,,,,,,1300035387217,,,,,Unfound
,,,,,,,1200020328679,,,,,Unfound
,,,,,,,2100040398702,,,,,Unfound
,,,,,,,1712330000000,,,,,Unfound
,,,,,,,1100010979509,,,,,Unfound
,,,,,,,8815680405,,,,64370,Unfound
,,,,,,,1417210000000,,,,,Unfound
,,,,,,,2000004923723,,,,,Unfound
,,,,,,,1200050389247,,,,,Unfound
,,,,,,,2199999676290,,,,,Unfound
,,,,,,,2334350000000,,,,,Unfound
,,,,,,,1050000311804,,,,,Unfound
,,,,,,,2315750000000,,,,,Unfound
,,,,,,,2000007788312,,,,,Unfound
,,,,,,,9187364103,,,,9187364103,Unfound
,,,,,,,1095452607,,,,19921,Unfound
,,,,,,,46125704,,,,46125704,Unfound
,,,,,,,1507960000000,,,,,Unfound
,,,,,,,1413050000000,,,,,Unfound
,,,,,,,1591152256529,,,,,Unfound
,,,,,,,2365620000000,,,,,Unfound
,,,,,,,2468665804,,,,,Unfound
,,,,,,,9105388103,,,,71293,Unfound
,,,,,,,9105879201,,,,9105879201,Unfound
,,,,,,,1610031883284,,,,,Unfound
,,,,,,,9314769703,,,,32824,Unfound
,,,,,,,48420503,,,,73151,Unfound
,,,,,,,67681303,,,,,Unfound
,,,,,,,1486386109,,,,35875,Unfound
,,,,,,,2330120712310,,,,,Unfound
,,,,,,,2200019392074,,,,,Unfound
,,,,,,,1012781708351,,,,,Unfound
,,,,,,,80785101,,,,,Unfound
,,,,,,,1300006622626,,,,,Unfound
,,,,,,,1562439202,,,,9,Unfound
,,,,,,,2199998440078,,,,,Unfound
,,,,,,,1100050075659,,,,,Unfound
,,,,,,,58977009,,,,58977009,Unfound
,,,,,,,614068609,,,,23971,Unfound
,,,,,,,1717439584851,,,,,Unfound
,,,,,,,2227779506,,,,24333,Unfound
,,,,,,,51963007,,,,70072,Unfound
,,,,,,,2000051675318,,,,,Unfound
,,,,,,,2515877309,,,,1,Unfound
,,,,,,,60878309,,,,,Unfound
,,,,,,,1900031154072,,,,,Unfound
,,,,,,,2200020830422,,,,,Unfound
,,,,,,,9213716108,,,,,Unfound
,,,,,,,9308699509,,,,23420,Unfound
,,,,,,,9105714404,,,,4092,Unfound
,,,,,,,1847992508,,,,1847992508,Unfound
,,,,,,,1342810100,,,,1342810100,Unfound
,,,,,,,9097027207,,,,9097027207,Unfound
,,,,,,,2200040494727,,,,,Unfound
,,,,,,,2199992311075,,,,,Unfound
,,,,,,,8816116201,,,,8816116201,Unfound
,,,,,,,1013057912135,,,,,Unfound
,,,,,,,3943224207,,,,3943224207,Unfound
,,,,,,,5080903,,,,5080903,Unfound
,,,,,,,2300000388290,,,,,Unfound
,,,,,,,8916350407,,,,18403,Unfound
,,,,,,,2199999130693,,,,,Unfound
,,,,,,,2545546506,,,,2545546506,Unfound
,,,,,,,3091301705,,,,3091301705,Unfound
,,,,,,,9081599003,,,,132731,Unfound
,,,,,,,3091308405,,,,8471,Unfound
,,,,,,,2700003297011,,,,,Unfound
,,,,,,,1012416734233,,,,,Unfound
,,,,,,,3388943707,,,,,Unfound
,,,,,,,2000009270705,,,,,Unfound
,,,,,,,1848574405,,,,77312,Unfound
,,,,,,,8824851508,,,,42076,Unfound
,,,,,,,3053508,,,,3053508,Unfound
,,,,,,,1470000191686,,,,,Unfound
,,,,,,,1610022403677,,,,,Unfound
,,,,,,,3053407,,,,964,Unfound
,,,,,,,1800024363726,,,,,Unfound
,,,,,,,1591010071643,,,,,Unfound
,,,,,,,9089931710,,,,9055,Unfound
,,,,,,,710492205,,,,1,Unfound
,,,,,,,1300008548596,,,,,Unfound
,,,,,,,1100050163029,,,,,Unfound
,,,,,,,630346210,,,,630346210,Unfound
,,,,,,,1610029089763,,,,,Unfound
,,,,,,,2000025923134,,,,,Unfound
,,,,,,,1100005974864,,,,,Unfound
,,,,,,,8824029909,,,,97725,Unfound
,,,,,,,1100004340411,,,,,Unfound
,,,,,,,1100050163437,,,,,Unfound
,,,,,,,62430701,,,,62430701,Unfound
,,,,,,,1012797231281,,,,,Unfound
,,,,,,,1100050163232,,,,,Unfound
,,,,,,,1300008789897,,,,,Unfound
,,,,,,,1900019004315,,,,,Unfound
,,,,,,,1100050163455,,,,,Unfound
,,,,,,,2000011818173,,,,,Unfound
,,,,,,,1885618105,,,,1885618105,Unfound
,,,,,,,2199994835910,,,,,Unfound
,,,,,,,1610003636342,,,,,Unfound
,,,,,,,3058543707,,,,3058543707,Unfound
,,,,,,,1013008590249,,,,,Unfound
,,,,,,,8907784810,,,,3064,Unfound
,,,,,,,53851410,,,,53851410,Unfound
,,,,,,,3064770401,,,,32045,Unfound
,,,,,,,2187392107,,,,2187392107,Unfound
,,,,,,,2355621313113,,,,,Unfound
,,,,,,,8897396108,,,,,Unfound
,,,,,,,55418709,,,,55418709,Unfound
,,,,,,,52021307,,,,66362,Unfound
,,,,,,,1200051487637,,,,,Unfound
,,,,,,,5025623407,,,,5025623407,Unfound
,,,,,,,1200022224829,,,,,Unfound
,,,,,,,1100020786290,,,,,Unfound
,,,,,,,5025623508,,,,25999,Unfound
,,,,,,,1012903817427,,,,,Unfound
,,,,,,,2312952831716,,,,,Unfound
,,,,,,,671752902,,,,671752902,Unfound
,,,,,,,2778462110,,,,30751,Unfound
,,,,,,,2000050858040,,,,,Unfound
,,,,,,,1100011639242,,,,,Unfound
,,,,,,,1100039664454,,,,,Unfound
,,,,,,,1012726627720,,,,,Unfound
,,,,,,,2363051479910,,,,,Unfound
,,,,,,,1416132990009,,,,,Unfound
,,,,,,,1800061078153,,,,,Unfound
,,,,,,,71669401,,,,86695,Unfound
,,,,,,,8847882008,,,,8847882008,Unfound
,,,,,,,12429001,,,,159313,Unfound
,,,,,,,64401008,,,,64711,Unfound
,,,,,,,1010689800,,,,27935,Unfound
,,,,,,,1900005419014,,,,,Unfound
,,,,,,,1012681871568,,,,,Unfound
,,,,,,,1900036065597,,,,,Unfound
,,,,,,,689994502,,,,16034,Unfound
,,,,,,,6833303,,,,25314,Unfound
,,,,,,,2565629309,,,,10767,Unfound
,,,,,,,2000055016293,,,,,Unfound
,,,,,,,1300010283183,,,,,Unfound
,,,,,,,1012596677953,,,,,Unfound
,,,,,,,1012870626351,,,,,Unfound
,,,,,,,1900091874147,,,,,Unfound
,,,,,,,1012467896127,,,,,Unfound
,,,,,,,57715400,,,,20021,Unfound
,,,,,,,2361324559116,,,,,Unfound
,,,,,,,1591059106968,,,,,Unfound
,,,,,,,1414766930004,,,,,Unfound
,,,,,,,1023487348611,,,,,Unfound
,,,,,,,3404915101,,,,3404915101,Unfound
,,,,,,,2739708400,,,,2739708400,Unfound
,,,,,,,1610022751810,,,,,Unfound
,,,,,,,2200040796166,,,,,Unfound
,,,,,,,1300005458985,,,,,Unfound
,,,,,,,588106501,,,,13891,Unfound
,,,,,,,9322135107,,,,12676,Unfound
,,,,,,,1300012540010,,,,,Unfound
,,,,,,,3408042110,,,,21108,Unfound
,,,,,,,1800032520980,,,,,Unfound
,,,,,,,8921039803,,,,6267,Unfound
,,,,,,,1900029299600,,,,,Unfound
,,,,,,,2205969702,,,,54558,Unfound
,,,,,,,1591045559166,,,,,Unfound
,,,,,,,2544978609,,,,2544978609,Unfound
,,,,,,,1858645307,,,,2607,Unfound
,,,,,,,1421253000006,,,,,Unfound
,,,,,,,2335910016919,,,,,Unfound
,,,,,,,1013062365390,,,,,Unfound
,,,,,,,1100014716183,,,,,Unfound
,,,,,,,74662110,,,,71420,Unfound
,,,,,,,1429415100000,,,,,Unfound
,,,,,,,1610000622045,,,,,Unfound
,,,,,,,1100004770095,,,,,Unfound
,,,,,,,1012614178880,,,,,Unfound
,,,,,,,927297207,,,,40469,Unfound
,,,,,,,2000052109476,,,,,Unfound
,,,,,,,1640000092771,,,,,Unfound
,,,,,,,1200037880178,,,,,Unfound
,,,,,,,2557068400,,,,2557068400,Unfound
,,,,,,,1200033226540,,,,,Unfound
,,,,,,,1580000172258,,,,,Unfound
,,,,,,,49297906,,,,49297906,Unfound
,,,,,,,1412575611004,,,,,Unfound
,,,,,,,3046423602,,,,3046423602,Unfound
,,,,,,,2000020554150,,,,,Unfound
,,,,,,,68471600,,,,2954,Unfound
,,,,,,,9158982004,,,,9158982004,Unfound
,,,,,,,2101678809,,,,2101678809,Unfound
,,,,,,,57591004,,,,57591004,Unfound
,,,,,,,2000008187516,,,,,Unfound
,,,,,,,61737307,,,,61737307,Unfound
,,,,,,,2779870905,,,,6729,Unfound
,,,,,,,53642805,,,,186712,Unfound
,,,,,,,1800030791546,,,,,Unfound
,,,,,,,1100018313622,,,,,Unfound
,,,,,,,1300052331536,,,,,Unfound
,,,,,,,1610009131792,,,,,Unfound
,,,,,,,1050001738858,,,,,Unfound
,,,,,,,8814683204,,,,1,Unfound
,,,,,,,2380001467916,,,,,Unfound
,,,,,,,8854580903,,,,8854580903,Unfound
,,,,,,,8841660307,,,,8841660307,Unfound
,,,,,,,1012569793020,,,,,Unfound
,,,,,,,4202286203,,,,4202286203,Unfound
,,,,,,,1900060669220,,,,,Unfound
,,,,,,,1300001576560,,,,,Unfound
,,,,,,,1012508072980,,,,,Unfound
,,,,,,,1012733515538,,,,,Unfound
,,,,,,,4232689300,,,,4232689300,Unfound
,,,,,,,12767100,,,,12767100,Unfound
,,,,,,,1800054377127,,,,,Unfound
,,,,,,,1200010258085,,,,,Unfound
,,,,,,,50912602,,,,179487,Unfound
,,,,,,,1900037125750,,,,,Unfound
,,,,,,,1300013034292,,,,,Unfound
,,,,,,,2200041376012,,,,,Unfound
,,,,,,,1200033807893,,,,,Unfound
,,,,,,,2573814008,,,,,Unfound
,,,,,,,1821738406,,,,13437,Unfound
,,,,,,,1800023768612,,,,,Unfound
,,,,,,,79842104,,,,79842104,Unfound
,,,,,,,8901832102,,,,8901832102,Unfound
,,,,,,,1012712403372,,,,,Unfound
,,,,,,,1014570856505,,,,,Unfound
,,,,,,,1610005271487,,,,,Unfound
,,,,,,,1900017058718,,,,,Unfound
,,,,,,,1415312831001,,,,,Unfound
,,,,,,,75230310,,,,75230310,Unfound
,,,,,,,1200010009420,,,,,Unfound
,,,,,,,1100039208028,,,,,Unfound
,,,,,,,9366779410,,,,9366779410,Unfound
,,,,,,,2200012569382,,,,,Unfound
,,,,,,,698824309,,,,29629,Unfound
,,,,,,,2000006675440,,,,,Unfound
,,,,,,,1800030743409,,,,,Unfound
,,,,,,,8813684100.0,,,,8813684100.0,Unfound
,,,,,,,2300000644938,,,,,Unfound
,,,,,,,72498203,,,,,Unfound
,,,,,,,1300004171851,,,,,Unfound
,,,,,,,1100008494018,,,,,Unfound
,,,,,,,568266803,,,,568266803,Unfound
,,,,,,,9112160703,,,,5428,Unfound
,,,,,,,1300035396596,,,,,Unfound
,,,,,,,2353293820217,,,,,Unfound
,,,,,,,1620001239184,,,,,Unfound
,,,,,,,9116846500,,,,8085,Unfound
,,,,,,,1012440241388,,,,,Unfound
,,,,,,,9131386400.0,,,,9131386400.0,Unfound
,,,,,,,1012435014635,,,,,Unfound
,,,,,,,1507545419993,,,,,Unfound
,,,,,,,1580001335729,,,,,Unfound
,,,,,,,1012440225970,,,,,Unfound
,,,,,,,1012449419532,,,,,Unfound
,,,,,,,1711624475706,,,,,Unfound
,,,,,,,1012684972880,,,,,Unfound
,,,,,,,4169517205,,,,4169517205,Unfound
,,,,,,,2077292000,,,,2077292000,Unfound
,,,,,,,2000007642464,,,,,Unfound
,,,,,,,9170687905,,,,9170687905,Unfound
,,,,,,,1880035100,,,,1880035100,Unfound
,,,,,,,1200022362193,,,,,Unfound
,,,,,,,83073406,,,,83073406,Unfound
,,,,,,,4246408707,,,,28286,Unfound
,,,,,,,2000053854251,,,,,Unfound
,,,,,,,1098887007,,,,1098887007,Unfound
,,,,,,,69838500,,,,69838500,Unfound
,,,,,,,1100001096412,,,,,Unfound
,,,,,,,7750722805,,,,7750722805,Unfound
,,,,,,,17849902,,,,17849902,Unfound
,,,,,,,12476201,,,,7442,Unfound
,,,,,,,2000016375003,,,,,Unfound
,,,,,,,1200050197157,,,,,Unfound
,,,,,,,9325727406,,,,9325727406,Unfound
,,,,,,,1200024528601,,,,,Unfound
,,,,,,,9159212902,,,,9159212902,Unfound
,,,,,,,8900894602,,,,8900894602,Unfound
,,,,,,,9192174808,,,,9192174808,Unfound
,,,,,,,1900017245679,,,,,Unfound
,,,,,,,3052011104,,,,3052011104,Unfound
,,,,,,,2719014309,,,,2719014309,Unfound
,,,,,,,52366510,,,,52366510,Unfound
,,,,,,,2707377105,,,,2707377105,Unfound
,,,,,,,9120140109,,,,9120140109,Unfound
,,,,,,,8814640309,,,,470848,Unfound
,,,,,,,15500501,,,,15500501,Unfound
,,,,,,,70372608,,,,70372608,Unfound
,,,,,,,8914590103,,,,8914590103,Unfound
,,,,,,,1100018026739,,,,,Unfound
,,,,,,,8879772703,,,,8879772703,Unfound
,,,,,,,1580001456743,,,,,Unfound
,,,,,,,1711604445006,,,,,Unfound
,,,,,,,7431646102,,,,15035,Unfound
,,,,,,,1800021213034,,,,,Unfound
,,,,,,,1900012153828,,,,,Unfound
,,,,,,,1300012011772,,,,,Unfound
,,,,,,,2200017734137,,,,,Unfound
,,,,,,,8816443407,,,,,Unfound
,,,,,,,55556710,,,,55556710,Unfound
,,,,,,,2200022032323,,,,,Unfound
,,,,,,,2100040288131,,,,,Unfound
,,,,,,,715780101,,,,715780101,Unfound
,,,,,,,73537304,,,,73537304,Unfound
,,,,,,,1300003368052,,,,,Unfound
,,,,,,,1012582156213,,,,,Unfound
,,,,,,,2199999261795,,,,,Unfound
,,,,,,,1900038022257,,,,,Unfound
,,,,,,,2146119800,,,,2146119800,Unfound
,,,,,,,1012578873657,,,,,Unfound
,,,,,,,1610014419495,,,,,Unfound
,,,,,,,2000007574831,,,,,Unfound
,,,,,,,1610022702194,,,,,Unfound
,,,,,,,45108800,,,,,Unfound
,,,,,,,2200020692027,,,,,Unfound
,,,,,,,1170001062905,,,,,Unfound
,,,,,,,9210820301,,,,9210820301,Unfound
,,,,,,,2000012452755,,,,,Unfound
,,,,,,,1620000432385,,,,,Unfound
,,,,,,,8817661310,,,,8817661310,Unfound
,,,,,,,2000012452852,,,,,Unfound
,,,,,,,1871876404,,,,1871876404,Unfound
,,,,,,,1591042630160,,,,,Unfound
,,,,,,,2000055801377,,,,,Unfound
,,,,,,,1413302100008,,,,,Unfound
,,,,,,,2000052651363,,,,,Unfound
,,,,,,,75865410,,,,75865410,Unfound
,,,,,,,1023482393266,,,,,Unfound
,,,,,,,2000055801386,,,,,Unfound
,,,,,,,2000051780918,,,,,Unfound
,,,,,,,710384606,,,,19743,Unfound
,,,,,,,2000052651327,,,,,Unfound
,,,,,,,1100022331794,,,,,Unfound
,,,,,,,2000053327130,,,,,Unfound
,,,,,,,3900539900,,,,12765,Unfound
,,,,,,,1170000601218,,,,,Unfound
,,,,,,,9141410904,,,,9141410904,Unfound
,,,,,,,2000007574804,,,,,Unfound
,,,,,,,3061899100,,,,3061899100,Unfound
,,,,,,,4223813408,,,,4223813408,Unfound
,,,,,,,2000007642473,,,,,Unfound
,,,,,,,2000022936238,,,,,Unfound
,,,,,,,2998492909,,,,2998492909,Unfound
,,,,,,,2000012478220,,,,,Unfound
,,,,,,,2445672504,,,,2445672504,Unfound
,,,,,,,4243633104,,,,,Unfound
,,,,,,,63920409,,,,63920409,Unfound
,,,,,,,2000054538206,,,,,Unfound
,,,,,,,3978958005,,,,3978958005,Unfound
,,,,,,,647983900,,,,647983900,Unfound
,,,,,,,2000012558879,,,,,Unfound
,,,,,,,1100015167376,,,,,Unfound
,,,,,,,2000012635089,,,,,Unfound
,,,,,,,2580905810,,,,2580905810,Unfound
,,,,,,,1050001197650,,,,,Unfound
,,,,,,,1591056588680,,,,,Unfound
,,,,,,,2000053326484,,,,,Unfound
,,,,,,,1410428310009,,,,,Unfound
,,,,,,,1100770550542,,,,,Unfound
,,,,,,,3210975304,,,,3210975304,Unfound
,,,,,,,8878461007,,,,8878461007,Unfound
,,,,,,,2199999303832,,,,,Unfound
,,,,,,,3234089109,,,,3234089109,Unfound
,,,,,,,1012384318035,,,,,Unfound
,,,,,,,2199999303823,,,,,Unfound
,,,,,,,1100009547488,,,,,Unfound
,,,,,,,9190556408,,,,9190556408,Unfound
,,,,,,,2199990908469,,,,,Unfound
,,,,,,,1547142506,,,,1547142506,Unfound
,,,,,,,1900060358498,,,,,Unfound
,,,,,,,9158648710,,,,9158648710,Unfound
,,,,,,,2402508507,,,,2402508507,Unfound
,,,,,,,5749803,,,,5749803,Unfound
,,,,,,,1716640632004,,,,,Unfound
,,,,,,,1610004170991,,,,,Unfound
,,,,,,,2417114203,,,,2417114203,Unfound
,,,,,,,9153823710,,,,21898,Unfound
,,,,,,,2199998662915,,,,,Unfound
,,,,,,,2405906007,,,,2405906007,Unfound
,,,,,,,2406471710,,,,2406471710,Unfound
,,,,,,,9209200007,,,,9209200007,Unfound
,,,,,,,2000024550424,,,,,Unfound
,,,,,,,1845632209,,,,1845632209,Unfound
,,,,,,,1591059387199,,,,,Unfound
,,,,,,,2766419901,,,,2766419901,Unfound
,,,,,,,1012669857742,,,,,Unfound
,,,,,,,202913205,,,,202913205,Unfound
,,,,,,,555913800,,,,16192,Unfound
,,,,,,,64900801,,,,64900801,Unfound
,,,,,,,716271309,,,,716271309,Unfound
,,,,,,,2200019509886,,,,,Unfound
,,,,,,,2468412909,,,,2468412909,Unfound
,,,,,,,2000007646645,,,,,Unfound
,,,,,,,9209656107,,,,9209656107,Unfound
,,,,,,,1460001457011,,,,,Unfound
,,,,,,,1419950441001,,,,,Unfound
,,,,,,,1610000754489,,,,,Unfound
,,,,,,,2000021825753,,,,,Unfound
,,,,,,,1415123341005,,,,,Unfound
,,,,,,,2200014893882,,,,,Unfound
,,,,,,,2000051445603,,,,,Unfound
,,,,,,,1412002941007,,,,,Unfound
,,,,,,,2000053279977,,,,,Unfound
,,,,,,,2792369203,,,,,Unfound
,,,,,,,1170001114703,,,,,Unfound
,,,,,,,1300008898620,,,,,Unfound
,,,,,,,1412854651008,,,,,Unfound
,,,,,,,9213017104,,,,118310,Unfound
,,,,,,,2000055165223,,,,,Unfound
,,,,,,,1900029065324,,,,,Unfound
,,,,,,,66485702,,,,40885,Unfound
,,,,,,,18360201,,,,18360201,Unfound
,,,,,,,2142648605,,,,1,Unfound
,,,,,,,2000011785847,,,,,Unfound
,,,,,,,1610030213720,,,,,Unfound
,,,,,,,2000053198087,,,,,Unfound
,,,,,,,2200042694838,,,,,Unfound
,,,,,,,2000002126509,,,,,Unfound
,,,,,,,2000012635511,,,,,Unfound
,,,,,,,50411501,,,,50411501,Unfound
,,,,,,,2000051873786,,,,,Unfound
,,,,,,,1013553004,,,,1013553004,Unfound
,,,,,,,1200060665492,,,,,Unfound
,,,,,,,716850000,,,,716850000,Unfound
,,,,,,,2000054061462,,,,,Unfound
,,,,,,,8916894706,,,,8916894706,Unfound
,,,,,,,1200039245229,,,,,Unfound
,,,,,,,2566746801,,,,2566746801,Unfound
,,,,,,,2487319904,,,,2487319904,Unfound
,,,,,,,1663964301,,,,1663964301,Unfound
,,,,,,,2341444398616,,,,,Unfound
,,,,,,,1100014219493,,,,,Unfound
,,,,,,,67205506,,,,67205506,Unfound
,,,,,,,4001306601,,,,4001306601,Unfound
,,,,,,,2515535707,,,,2515535707,Unfound
,,,,,,,1610019155026,,,,,Unfound
,,,,,,,1054700301,,,,1054700301,Unfound
,,,,,,,68181209,,,,68181209,Unfound
,,,,,,,1413894101006,,,,,Unfound
,,,,,,,1591052336027,,,,,Unfound
,,,,,,,2000020776166,,,,,Unfound
,,,,,,,9208696900,,,,9208696900,Unfound
,,,,,,,1138973509,,,,1138973509,Unfound
,,,,,,,1418528660009,,,,,Unfound
,,,,,,,1023535790750,,,,,Unfound
,,,,,,,74616507,,,,74616507,Unfound
,,,,,,,1717277033601,,,,,Unfound
,,,,,,,1200023165582,,,,,Unfound
,,,,,,,1610023411697,,,,,Unfound
,,,,,,,7609677408,,,,7609677408,Unfound
,,,,,,,3952291908,,,,,Unfound
,,,,,,,2000054748207,,,,,Unfound
,,,,,,,1800016029702,,,,,Unfound
,,,,,,,1100019636736,,,,,Unfound
,,,,,,,18656009,,,,,Unfound
,,,,,,,9113022808,,,,22861,Unfound
,,,,,,,9317650300,,,,720,Unfound
,,,,,,,2200032001865,,,,,Unfound
,,,,,,,1012836530924,,,,,Unfound
,,,,,,,1631799901,,,,8224,Unfound
,,,,,,,1873754703,,,,1873754703,Unfound
,,,,,,,2200041533270,,,,,Unfound
,,,,,,,3289518308,,,,43706,Unfound
,,,,,,,9202790502,,,,9202790502,Unfound
,,,,,,,8813871110,,,,62636,Unfound
,,,,,,,2200041533261,,,,,Unfound
,,,,,,,2000011907753,,,,,Unfound
,,,,,,,1685229001,,,,1685229001,Unfound
,,,,,,,9355786205,,,,9355786205,Unfound
,,,,,,,20956503,,,,20956503,Unfound
,,,,,,,1100010787455,,,,,Unfound
,,,,,,,9210876407,,,,4190,Unfound
,,,,,,,1630000834835,,,,,Unfound
,,,,,,,58251703,,,,68143,Unfound
,,,,,,,1518517207,,,,1518517207,Unfound
,,,,,,,3907391402,,,,15817,Unfound
,,,,,,,1823117709,,,,1823117709,Unfound
,,,,,,,2335001594417,,,,,Unfound
,,,,,,,1100024341679,,,,,Unfound
,,,,,,,1300012009996,,,,,Unfound
,,,,,,,1591051791468,,,,,Unfound
,,,,,,,75816801,,,,75816801,Unfound
,,,,,,,2199998441986,,,,,Unfound
,,,,,,,2000055447640,,,,,Unfound
,,,,,,,2200023056910,,,,,Unfound
,,,,,,,4025518200,,,,4025518200,Unfound
,,,,,,,78854207,,,,78854207,Unfound
,,,,,,,1610013977318,,,,,Unfound
,,,,,,,1300012847264,,,,,Unfound
,,,,,,,3082184704,,,,13016,Unfound
,,,,,,,2000015387071,,,,,Unfound
,,,,,,,1300012770709,,,,,Unfound
,,,,,,,1012483819258,,,,,Unfound
,,,,,,,1012666208568,,,,,Unfound
,,,,,,,9118300308,,,,9118300308,Unfound
,,,,,,,1100012649320,,,,,Unfound
,,,,,,,1012980432499,,,,,Unfound
,,,,,,,70094909,,,,70094909,Unfound
,,,,,,,1297540202,,,,1297540202,Unfound
,,,,,,,3089945100,,,,3089945100,Unfound
,,,,,,,2000052985886,,,,,Unfound
,,,,,,,2000006561051,,,,,Unfound
,,,,,,,16196406,,,,38007,Unfound
,,,,,,,2000052985840,,,,,Unfound
,,,,,,,1200024625077,,,,,Unfound
,,,,,,,9166143900,,,,9166143900,Unfound
,,,,,,,1200024625068,,,,,Unfound
,,,,,,,2000052287578,,,,,Unfound
,,,,,,,1297540303,,,,1297540303,Unfound
,,,,,,,1864459700,,,,1864459700,Unfound
,,,,,,,2000052287499,,,,,Unfound
,,,,,,,2187194507,,,,2187194507,Unfound
,,,,,,,2000052287550,,,,,Unfound
,,,,,,,1900048162174,,,,,Unfound
,,,,,,,2000007787912,,,,,Unfound
,,,,,,,1200039952220,,,,,Unfound
,,,,,,,2115214905,,,,50324,Unfound
,,,,,,,3210755503,,,,9150,Unfound
,,,,,,,1610021625023,,,,,Unfound
,,,,,,,9189456500,,,,12048,Unfound
,,,,,,,2211580502,,,,47742,Unfound
,,,,,,,2405909507,,,,2405909507,Unfound
,,,,,,,2000009366964,,,,,Unfound
,,,,,,,3389963505,,,,26553,Unfound
,,,,,,,3252742607,,,,10651,Unfound
,,,,,,,3059535208,,,,27168,Unfound
,,,,,,,1900042428725,,,,,Unfound
,,,,,,,50244800,,,,55098,Unfound
,,,,,,,1800025064173,,,,,Unfound
,,,,,,,8820335200,,,,8820335200,Unfound
,,,,,,,2200019035003,,,,,Unfound
,,,,,,,2000027363716,,,,,Unfound
,,,,,,,65327409,,,,74607,Unfound
,,,,,,,1610014117657,,,,,Unfound
,,,,,,,1023506550629,,,,,Unfound
,,,,,,,1903864001,,,,20682,Unfound
,,,,,,,9385657908,,,,95686,Unfound
,,,,,,,8814662510,,,,52204,Unfound
,,,,,,,1610005058605,,,,,Unfound
,,,,,,,2340633114410,,,,,Unfound
,,,,,,,8929038505,,,,15747,Unfound
,,,,,,,1863976109,,,,7779,Unfound
,,,,,,,1525725609,,,,37852,Unfound
,,,,,,,55223907,,,,64834,Unfound
,,,,,,,9373751603,,,,9373751603,Unfound
,,,,,,,2000020116140,,,,,Unfound
,,,,,,,2000050619251,,,,,Unfound
,,,,,,,9328156101,,,,10744,Unfound
,,,,,,,1591034070763,,,,,Unfound
,,,,,,,2741561608,,,,1,Unfound
,,,,,,,1160001037665,,,,,Unfound
,,,,,,,3074729702,,,,3074729702,Unfound
,,,,,,,1711843845942,,,,,Unfound
,,,,,,,2000005878860,,,,,Unfound
,,,,,,,2530443801,,,,2530443801,Unfound
,,,,,,,2000057642489,,,,,Unfound
,,,,,,,8819767000,,,,43378,Unfound
,,,,,,,1119329710,,,,1119329710,Unfound
,,,,,,,1800032652551,,,,,Unfound
,,,,,,,1100025484457,,,,,Unfound
,,,,,,,2000051599474,,,,,Unfound
,,,,,,,1473919209,,,,1473919209,Unfound
,,,,,,,1132928305,,,,15804,Unfound
,,,,,,,9162850804,,,,62301,Unfound
,,,,,,,1714941241805,,,,,Unfound
,,,,,,,1880099104,,,,1,Unfound
,,,,,,,1900034311793,,,,,Unfound
,,,,,,,1100001691324,,,,,Unfound
,,,,,,,2203646600,,,,46933,Unfound
,,,,,,,1013004032330,,,,,Unfound
,,,,,,,71269205,,,,71269205,Unfound
,,,,,,,8906787508,,,,8906787508,Unfound
,,,,,,,3206804705,,,,17655,Unfound
,,,,,,,1100039506855,,,,,Unfound
,,,,,,,9158233400,,,,100423,Unfound
,,,,,,,9312755805,,,,13289,Unfound
,,,,,,,1100000787519,,,,,Unfound
,,,,,,,1030082170265,,,,,Unfound
,,,,,,,9158440001,,,,9158440001,Unfound
,,,,,,,2707838710,,,,232393,Unfound
,,,,,,,77881003,,,,50615,Unfound
,,,,,,,532258205,,,,1,Unfound
,,,,,,,1100018780322,,,,,Unfound
,,,,,,,1714079384805,,,,,Unfound
,,,,,,,2200023149867,,,,,Unfound
,,,,,,,4216069906,,,,4216069906,Unfound
,,,,,,,1170000553121,,,,,Unfound
,,,,,,,9213013904,,,,9213013904,Unfound
,,,,,,,8938820407,,,,8938820407,Unfound
,,,,,,,8852657307,,,,4002,Unfound
,,,,,,,1910466305,,,,1,Unfound
,,,,,,,3029221806,,,,3029221806,Unfound
,,,,,,,9312764110,,,,104026,Unfound
,,,,,,,2200010261912,,,,,Unfound
,,,,,,,1414450961003,,,,,Unfound
,,,,,,,2482504705,,,,2482504705,Unfound
,,,,,,,70230004,,,,70230004,Unfound
,,,,,,,9084486903,,,,9084486903,Unfound
,,,,,,,3987882706,,,,3987882706,Unfound
,,,,,,,1012730108081,,,,,Unfound
,,,,,,,1591054891420,,,,,Unfound
,,,,,,,1100019560608,,,,,Unfound
,,,,,,,2200041040461,,,,,Unfound
,,,,,,,714579608,,,,714579608,Unfound
,,,,,,,1012495555460,,,,,Unfound
,,,,,,,52256806,,,,52256806,Unfound
,,,,,,,67993300,,,,14296,Unfound
,,,,,,,1900038282027,,,,,Unfound
,,,,,,,1100013674977,,,,,Unfound
,,,,,,,1591060853943,,,,,Unfound
,,,,,,,9315155100,,,,91865,Unfound
,,,,,,,48078406,,,,48078406,Unfound
,,,,,,,51434103,,,,14381,Unfound
,,,,,,,1200028573973,,,,,Unfound
,,,,,,,1610030558915,,,,,Unfound
,,,,,,,1610013977327,,,,,Unfound
,,,,,,,1900016319284,,,,,Unfound
,,,,,,,1044118110,,,,19168,Unfound
,,,,,,,1610030558906,,,,,Unfound
,,,,,,,1900024360915,,,,,Unfound
,,,,,,,2000019369484,,,,,Unfound
,,,,,,,2199995606086,,,,,Unfound
,,,,,,,2000027549797,,,,,Unfound
,,,,,,,1610014553697,,,,,Unfound
,,,,,,,73932400,,,,73932400,Unfound
,,,,,,,1415424571000,,,,,Unfound
,,,,,,,1591052841260,,,,,Unfound
,,,,,,,1610022343229,,,,,Unfound
,,,,,,,1591033343225,,,,,Unfound
,,,,,,,1419663403000,,,,,Unfound
,,,,,,,89495003,,,,129402,Unfound
,,,,,,,1591019907722,,,,,Unfound
,,,,,,,1346416206,,,,1346416206,Unfound
,,,,,,,1100012142769,,,,,Unfound
,,,,,,,1485752204,,,,1485752204,Unfound
,,,,,,,8878096807,,,,8878096807,Unfound
,,,,,,,1800019678231,,,,,Unfound
,,,,,,,9308572810,,,,9308572810,Unfound
,,,,,,,2540013209,,,,2540013209,Unfound
,,,,,,,1610000673704,,,,,Unfound
,,,,,,,3351892202,,,,14089,Unfound
,,,,,,,1012677980195,,,,,Unfound
,,,,,,,75838205,,,,99864,Unfound
,,,,,,,2360484019313,,,,,Unfound
,,,,,,,2709521702,,,,22754,Unfound
,,,,,,,9172234406,,,,18,Unfound
,,,,,,,1200033080917,,,,,Unfound
,,,,,,,1012925554490,,,,,Unfound
,,,,,,,2200021676601,,,,,Unfound
,,,,,,,2200016023325,,,,,Unfound
,,,,,,,1600000049060,,,,,Unfound
,,,,,,,21663605,,,,21663605,Unfound
,,,,,,,1610030581905,,,,,Unfound
,,,,,,,9093577301,,,,9093577301,Unfound
,,,,,,,1714374552107,,,,,Unfound
,,,,,,,1418271981001,,,,,Unfound
,,,,,,,1579132307,,,,6831,Unfound
,,,,,,,9334445801,,,,261942,Unfound
,,,,,,,2000050124463,,,,,Unfound
,,,,,,,1900022265385,,,,,Unfound
,,,,,,,1100770649748,,,,,Unfound
,,,,,,,2000054796450,,,,,Unfound
,,,,,,,1900091920139,,,,,Unfound
,,,,,,,51951000,,,,51951000,Unfound
,,,,,,,1012672824288,,,,,Unfound
,,,,,,,8817315010,,,,8817315010,Unfound
,,,,,,,8822095205,,,,8822095205,Unfound
,,,,,,,2000054796423,,,,,Unfound
,,,,,,,54830901,,,,54830901,Unfound
,,,,,,,1550837905,,,,1550837905,Unfound
,,,,,,,74618410,,,,,Unfound
,,,,,,,2200023149858,,,,,Unfound
,,,,,,,2199997715326,,,,,Unfound
,,,,,,,2000003391167,,,,,Unfound
,,,,,,,2000053782369,,,,,Unfound
,,,,,,,1061529207,,,,1061529207,Unfound
,,,,,,,1919883704,,,,1919883704,Unfound
,,,,,,,15175606,,,,15175606,Unfound
,,,,,,,1488227110,,,,28540,Unfound
,,,,,,,2335940810111,,,,,Unfound
,,,,,,,4024025306,,,,15872,Unfound
,,,,,,,2000007163560,,,,,Unfound
,,,,,,,4171932407,,,,4171932407,Unfound
,,,,,,,2200013467176,,,,,Unfound
,,,,,,,2097039303,,,,2097039303,Unfound
,,,,,,,1714905971205,,,,,Unfound
,,,,,,,4231735702,,,,4231735702,Unfound
,,,,,,,2453355600,,,,63014,Unfound
,,,,,,,1300009038133,,,,,Unfound
,,,,,,,1900048132426,,,,,Unfound
,,,,,,,2000018017644,,,,,Unfound
,,,,,,,2532916907,,,,34043,Unfound
,,,,,,,1100001706956,,,,,Unfound
,,,,,,,2200023384855,,,,,Unfound
,,,,,,,2366541316111,,,,,Unfound
,,,,,,,9158202501,,,,25182,Unfound
,,,,,,,1610004171898,,,,,Unfound
,,,,,,,2198285106,,,,2198285106,Unfound
,,,,,,,85528409,,,,,Unfound
,,,,,,,4201258103,,,,,Unfound
,,,,,,,1722028822513,,,,,Unfound
,,,,,,,2199995219034,,,,,Unfound
,,,,,,,1100040301490,,,,,Unfound
,,,,,,,1712028822517,,,,,Unfound
,,,,,,,1900041002474,,,,,Unfound
,,,,,,,1100051201907,,,,,Unfound
,,,,,,,1900041002483,,,,,Unfound
,,,,,,,2700002648287,,,,,Unfound
,,,,,,,1411395981002,,,,,Unfound
,,,,,,,1610005729431,,,,,Unfound
,,,,,,,2967928908,,,,2967928908,Unfound
,,,,,,,1900018382232,,,,,Unfound
,,,,,,,1610013009695,,,,,Unfound
,,,,,,,54372201,,,,54372201,Unfound
,,,,,,,1610030773093,,,,,Unfound
,,,,,,,1023125808,,,,1023125808,Unfound
,,,,,,,635493204,,,,635493204,Unfound
,,,,,,,1900037379181,,,,,Unfound
,,,,,,,3093793707,,,,3093793707,Unfound
,,,,,,,1012390291593,,,,,Unfound
,,,,,,,1200041509586,,,,,Unfound
,,,,,,,55058200,,,,35586,Unfound
,,,,,,,1610005251347,,,,,Unfound
,,,,,,,1300012011763,,,,,Unfound
,,,,,,,1724145051106,,,,,Unfound
,,,,,,,1100024323730,,,,,Unfound
,,,,,,,2380000380450,,,,,Unfound
,,,,,,,9321191606,,,,9321191606,Unfound
,,,,,,,1591057573160,,,,,Unfound
,,,,,,,1464238902,,,,,Unfound
,,,,,,,9091396904,,,,9091396904,Unfound
,,,,,,,2000005187141,,,,,Unfound
,,,,,,,2199998620739,,,,,Unfound
,,,,,,,1023545740783,,,,,Unfound
,,,,,,,4260309810,,,,4260309810,Unfound
,,,,,,,2000007457547,,,,,Unfound
,,,,,,,2756173204,,,,2756173204,Unfound
,,,,,,,54440001,,,,,Unfound
,,,,,,,1413492611002,,,,,Unfound
,,,,,,,1012747115668,,,,,Unfound
,,,,,,,1100011212184,,,,,Unfound
,,,,,,,57870502,,,,,Unfound
,,,,,,,3293154507,,,,3293154507,Unfound
,,,,,,,3367938910,,,,3367938910,Unfound
,,,,,,,2069879003,,,,2069879003,Unfound
,,,,,,,8816459804,,,,8816459804,Unfound
,,,,,,,19289406,,,,19289406,Unfound
,,,,,,,9170979503,,,,9170979503,Unfound
,,,,,,,54471102,,,,54471102,Unfound
,,,,,,,1610018078480,,,,,Unfound
,,,,,,,3360549010,,,,3360549010,Unfound
,,,,,,,9102158800,,,,9102158800,Unfound
,,,,,,,1033289609,,,,1033289609,Unfound
,,,,,,,9104214906,,,,9104214906,Unfound
,,,,,,,1610005098894,,,,,Unfound
,,,,,,,9336252407,,,,9336252407,Unfound
,,,,,,,3995820006,,,,3995820006,Unfound
,,,,,,,1300053872943,,,,,Unfound
,,,,,,,1800023610740,,,,,Unfound
,,,,,,,87472901,,,,87472901,Unfound
,,,,,,,2353333118410,,,,,Unfound
,,,,,,,611290404,,,,611290404,Unfound
,,,,,,,2380002340403,,,,,Unfound
,,,,,,,1414590130009,,,,,Unfound
,,,,,,,8861677000,,,,,Unfound
,,,,,,,2000005187179,,,,,Unfound
,,,,,,,2227834903,,,,,Unfound
,,,,,,,2000005187188,,,,,Unfound
,,,,,,,590086004,,,,590086004,Unfound
,,,,,,,2000005187160,,,,,Unfound
,,,,,,,8856479408,,,,8856479408,Unfound
,,,,,,,2000005187150,,,,,Unfound
,,,,,,,9306082805,,,,9306082805,Unfound
,,,,,,,1023511532650,,,,,Unfound
,,,,,,,56715406,,,,56715406,Unfound
,,,,,,,1105750006,,,,1105750006,Unfound
,,,,,,,16751004,,,,16751004,Unfound
,,,,,,,1610009408932,,,,,Unfound
,,,,,,,1012585543426,,,,,Unfound
,,,,,,,2200022279477,,,,,Unfound
,,,,,,,66714803,,,,66714803,Unfound
,,,,,,,1620001039289,,,,,Unfound
,,,,,,,1012876816574,,,,,Unfound
,,,,,,,19444403,,,,19444403,Unfound
,,,,,,,1100018302658,,,,,Unfound
,,,,,,,59443403,,,,59443403,Unfound
,,,,,,,1200051680936,,,,,Unfound
,,,,,,,1717357125254,,,,,Unfound
,,,,,,,1453132807,,,,1453132807,Unfound
,,,,,,,1717357124757,,,,,Unfound
,,,,,,,2084389006,,,,18812,Unfound
,,,,,,,1727357125250,,,,,Unfound
,,,,,,,2200014431817,,,,,Unfound
,,,,,,,2182212109,,,,2182212109,Unfound
,,,,,,,1610030651118,,,,,Unfound
,,,,,,,3092494703,,,,3092494703,Unfound
,,,,,,,9326548400,,,,9326548400,Unfound
,,,,,,,1591043448574,,,,,Unfound
,,,,,,,82303302,,,,82303302,Unfound
,,,,,,,2200010231183,,,,,Unfound
,,,,,,,2212570010,,,,2212570010,Unfound
,,,,,,,1591060705590,,,,,Unfound
,,,,,,,1023482393726,,,,,Unfound
,,,,,,,1591060237632,,,,,Unfound
,,,,,,,1591053226900,,,,,Unfound
,,,,,,,1413138020004,,,,,Unfound
,,,,,,,53312907,,,,53312907,Unfound
,,,,,,,1591053221381,,,,,Unfound
,,,,,,,1100001314507,,,,,Unfound
,,,,,,,2199989676196,,,,,Unfound
,,,,,,,1591053226859,,,,,Unfound
,,,,,,,1411014622002,,,,,Unfound
,,,,,,,1591058062316,,,,,Unfound
,,,,,,,1412014622004,,,,,Unfound
,,,,,,,1507999929008,,,,,Unfound
,,,,,,,1200021637637,,,,,Unfound
,,,,,,,2199996215397,,,,,Unfound
,,,,,,,1300011634410,,,,,Unfound
,,,,,,,9151074303,,,,9151074303,Unfound
,,,,,,,2226665104,,,,2226665104,Unfound
,,,,,,,1620000933901,,,,,Unfound
,,,,,,,3080235303,,,,3080235303,Unfound
,,,,,,,2567794503,,,,2567794503,Unfound
,,,,,,,1012456861640,,,,,Unfound
,,,,,,,2959679210,,,,2959679210,Unfound
,,,,,,,9340609,,,,9340609,Unfound
,,,,,,,9089414308,,,,9089414308,Unfound
,,,,,,,3032379902,,,,3032379902,Unfound
,,,,,,,3303409601,,,,3303409601,Unfound
,,,,,,,2200014333428,,,,,Unfound
,,,,,,,1160001016568,,,,,Unfound
,,,,,,,57800806,,,,57800806,Unfound
,,,,,,,3324403202,,,,3324403202,Unfound
,,,,,,,1800060628512,,,,,Unfound
,,,,,,,8817573504,,,,8817573504,Unfound
,,,,,,,2000013439913,,,,,Unfound
,,,,,,,5078638208,,,,5078638208,Unfound
,,,,,,,9210562406,,,,9210562406,Unfound
,,,,,,,3334031410,,,,3334031410,Unfound
,,,,,,,5083994604,,,,5083994604,Unfound
,,,,,,,3969931601,,,,3969931601,Unfound
,,,,,,,3358468505,,,,3358468505,Unfound
,,,,,,,1579148704,,,,1579148704,Unfound
,,,,,,,2000001782510,,,,,Unfound
,,,,,,,1900070208656,,,,,Unfound
,,,,,,,2000002050658,,,,,Unfound
,,,,,,,1800031816235,,,,,Unfound
,,,,,,,46987007,,,,46987007,Unfound
,,,,,,,1570000247109,,,,,Unfound
,,,,,,,5067329509,,,,,Unfound
,,,,,,,2199997786888,,,,,Unfound
,,,,,,,2335010500911,,,,,Unfound
,,,,,,,2000002863453,,,,,Unfound
,,,,,,,8814571103,,,,8814571103,Unfound
,,,,,,,1055184707,,,,4246,Unfound
,,,,,,,1523982810,,,,19219,Unfound
,,,,,,,1012672065283,,,,,Unfound
,,,,,,,15971507,,,,15971507,Unfound
,,,,,,,9157256710,,,,9157256710,Unfound
,,,,,,,1100014702038,,,,,Unfound
,,,,,,,4674310,,,,4674310,Unfound
,,,,,,,1300034413577,,,,,Unfound
,,,,,,,1610023496307,,,,,Unfound
,,,,,,,2996810202,,,,2996810202,Unfound
,,,,,,,9156847302,,,,9156847302,Unfound
,,,,,,,546305910,,,,546305910,Unfound
,,,,,,,1800019984173,,,,,Unfound
,,,,,,,1610022551436,,,,,Unfound
,,,,,,,1099097106,,,,1099097106,Unfound
,,,,,,,1300001439669,,,,,Unfound
,,,,,,,1100001110546,,,,,Unfound
,,,,,,,2324466501015,,,,,Unfound
,,,,,,,2200022832139,,,,,Unfound
,,,,,,,6819500,,,,6819500,Unfound
,,,,,,,1591033534083,,,,,Unfound
,,,,,,,2500000702171,,,,,Unfound
,,,,,,,68438209,,,,68438209,Unfound
,,,,,,,1100021430820,,,,,Unfound
,,,,,,,4037988209,,,,4037988209,Unfound
,,,,,,,1012708531329,,,,,Unfound
,,,,,,,1610027483472,,,,,Unfound
,,,,,,,2200021044745,,,,,Unfound
,,,,,,,52354110,,,,52354110,Unfound
,,,,,,,1591035380939,,,,,Unfound
,,,,,,,2380000998320,,,,,Unfound
,,,,,,,2200040539519,,,,,Unfound
,,,,,,,2155868708,,,,2155868708,Unfound
,,,,,,,1818713700,,,,1818713700,Unfound
,,,,,,,1100009636580,,,,,Unfound
,,,,,,,1885746305,,,,1885746305,Unfound
,,,,,,,1727277033608,,,,,Unfound
,,,,,,,1023487347690,,,,,Unfound
,,,,,,,2163594401,,,,2163594401,Unfound
,,,,,,,1170000400959,,,,,Unfound
,,,,,,,2200019420049,,,,,Unfound
,,,,,,,2389200,,,,2389200,Unfound
,,,,,,,2200023384846,,,,,Unfound
,,,,,,,1610031884989,,,,,Unfound
,,,,,,,1900011234991,,,,,Unfound
,,,,,,,45798605,,,,45798605,Unfound
,,,,,,,71337005,,,,71337005,Unfound
,,,,,,,5031674107,,,,5031674107,Unfound
,,,,,,,66453004,,,,66453004,Unfound
,,,,,,,3203088510,,,,3203088510,Unfound
,,,,,,,1200040028390,,,,,Unfound
,,,,,,,7609677509,,,,7609677509,Unfound
,,,,,,,1012986017589,,,,,Unfound
,,,,,,,2000005923032,,,,,Unfound
,,,,,,,21447408,,,,21447408,Unfound
,,,,,,,66385709,,,,66385709,Unfound
,,,,,,,1800035154461,,,,,Unfound
,,,,,,,2345464300410,,,,,Unfound
,,,,,,,2000027573257,,,,,Unfound
,,,,,,,2000027357225,,,,,Unfound
,,,,,,,13811800,,,,13811800,Unfound
,,,,,,,1800024678953,,,,,Unfound
,,,,,,,1800032680007,,,,,Unfound
,,,,,,,4008352700,,,,4008352700,Unfound
,,,,,,,2565707101,,,,2565707101,Unfound
,,,,,,,2200040636221,,,,,Unfound
,,,,,,,9384105706,,,,9384105706,Unfound
,,,,,,,3919343800.0,,,,3919343800.0,Unfound
,,,,,,,2323298255012,,,,,Unfound
,,,,,,,1800025064926,,,,,Unfound
,,,,,,,9103724307,,,,9103724307,Unfound
,,,,,,,2336563809016,,,,,Unfound
,,,,,,,3392175809,,,,,Unfound
,,,,,,,9325643703,,,,9325643703,Unfound
,,,,,,,2220948400,,,,2220948400,Unfound
,,,,,,,1800054605878,,,,,Unfound
,,,,,,,20020400,,,,20020400,Unfound
,,,,,,,2200014548366,,,,,Unfound
,,,,,,,1013037590719,,,,,Unfound
,,,,,,,8902855007,,,,8902855007,Unfound
,,,,,,,1100012626555,,,,,Unfound
,,,,,,,8932462803,,,,8932462803,Unfound
,,,,,,,8889142103,,,,,Unfound
,,,,,,,17557810,,,,17557810,Unfound
,,,,,,,1900016309728,,,,,Unfound
,,,,,,,1122687101,,,,1122687101,Unfound
,,,,,,,2000055584090,,,,,Unfound
,,,,,,,2200024171065,,,,,Unfound
,,,,,,,1610011660173,,,,,Unfound
,,,,,,,1012438136656,,,,,Unfound
,,,,,,,1800020654889,,,,,Unfound
,,,,,,,1842087700.0,,,,1842087700.0,Unfound
,,,,,,,1610009870963,,,,,Unfound
,,,,,,,9333282210,,,,9333282210,Unfound
,,,,,,,1100020142374,,,,,Unfound
,,,,,,,9309713403,,,,,Unfound
,,,,,,,1012920355575,,,,,Unfound
,,,,,,,1591040013866,,,,,Unfound
,,,,,,,1620000795231,,,,,Unfound
,,,,,,,80560301,,,,80560301,Unfound
,,,,,,,1300010054960,,,,,Unfound
,,,,,,,2199995151802,,,,,Unfound
,,,,,,,21808706,,,,21808706,Unfound
,,,,,,,2200021725384,,,,,Unfound
,,,,,,,1800031007736,,,,,Unfound
,,,,,,,1800020426596,,,,,Unfound
,,,,,,,2454982408,,,,2454982408,Unfound
,,,,,,,1100012626546,,,,,Unfound
,,,,,,,2000026440477,,,,,Unfound
,,,,,,,1900041275990,,,,,Unfound
,,,,,,,2199996867686,,,,,Unfound
,,,,,,,54423102,,,,,Unfound
,,,,,,,1050000299662,,,,,Unfound
,,,,,,,1014570847760,,,,,Unfound
,,,,,,,1001214504,,,,1001214504,Unfound
,,,,,,,1300010270529,,,,,Unfound
,,,,,,,9157743609,,,,44330,Unfound
,,,,,,,9348459805,,,,9348459805,Unfound
,,,,,,,1610019413814,,,,,Unfound
,,,,,,,9357838803,,,,9357838803,Unfound
,,,,,,,2199993025168,,,,,Unfound
,,,,,,,4150966508,,,,4150966508,Unfound
,,,,,,,4150966407,,,,4150966407,Unfound
,,,,,,,1507948309993,,,,,Unfound
,,,,,,,8922112904,,,,,Unfound
,,,,,,,3093979609,,,,3093979609,Unfound
,,,,,,,4204704407,,,,4204704407,Unfound
,,,,,,,1200036186235,,,,,Unfound
,,,,,,,4204707503,,,,4996,Unfound
,,,,,,,2000006124834,,,,,Unfound
,,,,,,,53749408,,,,53749408,Unfound
,,,,,,,9310198800,,,,9310198800,Unfound
,,,,,,,1200020450165,,,,,Unfound
,,,,,,,9321740209,,,,9321740209,Unfound
,,,,,,,8832607504,,,,8832607504,Unfound
,,,,,,,8863223509,,,,8863223509,Unfound
,,,,,,,1900017255890,,,,,Unfound
,,,,,,,2100041016942,,,,,Unfound
,,,,,,,3918126708,,,,3918126708,Unfound
,,,,,,,2480043202,,,,2480043202,Unfound
,,,,,,,1610018489609,,,,,Unfound
,,,,,,,3023804205,,,,3023804205,Unfound
,,,,,,,1013053901627,,,,,Unfound
,,,,,,,50381900,,,,50381900,Unfound
,,,,,,,3238095405,,,,3238095405,Unfound
,,,,,,,1160000972407,,,,,Unfound
,,,,,,,1610000970057,,,,,Unfound
,,,,,,,1417046502004,,,,,Unfound
,,,,,,,1900018264032,,,,,Unfound
,,,,,,,56760602,,,,56760602,Unfound
,,,,,,,1100018527799,,,,,Unfound
,,,,,,,1012583033665,,,,,Unfound
,,,,,,,1100020727230,,,,,Unfound
,,,,,,,697517508,,,,697517508,Unfound
,,,,,,,9299945708,,,,9299945708,Unfound
,,,,,,,1900026199266,,,,,Unfound
,,,,,,,1591058059100,,,,,Unfound
,,,,,,,8864784802,,,,,Unfound
,,,,,,,1100024730343,,,,,Unfound
,,,,,,,697517609,,,,697517609,Unfound
,,,,,,,49499907,,,,246877,Unfound
,,,,,,,1410008961005,,,,,Unfound
,,,,,,,14670600,,,,14670600,Unfound
,,,,,,,2200021810180,,,,,Unfound
,,,,,,,9152837301,,,,9152837301,Unfound
,,,,,,,70121201,,,,70121201,Unfound
,,,,,,,1100021308800,,,,,Unfound
,,,,,,,9124761106,,,,9124761106,Unfound
,,,,,,,2100041060695,,,,,Unfound
,,,,,,,1415212951009,,,,,Unfound
,,,,,,,2100041060686,,,,,Unfound
,,,,,,,9124761005,,,,1,Unfound
,,,,,,,1412082611001,,,,,Unfound
,,,,,,,2199999997156,,,,,Unfound
,,,,,,,1100018451624,,,,,Unfound
,,,,,,,2100041060677,,,,,Unfound
,,,,,,,8890702704,,,,8890702704,Unfound
,,,,,,,73009907,,,,73009907,Unfound
,,,,,,,2374832150511,,,,,Unfound
,,,,,,,1800035287630,,,,,Unfound
,,,,,,,2321355980714,,,,,Unfound
,,,,,,,2200022223873,,,,,Unfound
,,,,,,,1809932610,,,,1809932610,Unfound
,,,,,,,66135304,,,,66135304,Unfound
,,,,,,,1484408801,,,,1484408801,Unfound
,,,,,,,2763735110,,,,2763735110,Unfound
,,,,,,,2703943204,,,,2703943204,Unfound
,,,,,,,2533031007,,,,30596,Unfound
,,,,,,,2763735009,,,,16444,Unfound
,,,,,,,1412463481004,,,,,Unfound
,,,,,,,2200021798504,,,,,Unfound
,,,,,,,9307978003,,,,9307978003,Unfound
,,,,,,,1591055862420,,,,,Unfound
,,,,,,,1012682849980,,,,,Unfound
,,,,,,,2200023305064,,,,,Unfound
,,,,,,,9103400404,,,,9103400404,Unfound
,,,,,,,1200023855418,,,,,Unfound
,,,,,,,1591056625287,,,,,Unfound
,,,,,,,1300007923540,,,,,Unfound
,,,,,,,1630000277158,,,,,Unfound
,,,,,,,1200023855427,,,,,Unfound
,,,,,,,1200023855436,,,,,Unfound
,,,,,,,1200038009741,,,,,Unfound
,,,,,,,1900038260200,,,,,Unfound
,,,,,,,2200011697543,,,,,Unfound
,,,,,,,2200011697552,,,,,Unfound
,,,,,,,2200022737423,,,,,Unfound
,,,,,,,1012496460056,,,,,Unfound
,,,,,,,1856025401,,,,1856025401,Unfound
,,,,,,,1591055869444,,,,,Unfound
,,,,,,,1624973305,,,,1624973305,Unfound
,,,,,,,8816376205,,,,8816376205,Unfound
,,,,,,,1300000930356,,,,,Unfound
,,,,,,,2200014431808,,,,,Unfound
,,,,,,,1340845906,,,,1340845906,Unfound
,,,,,,,1200060970241,,,,,Unfound
,,,,,,,1610001276199,,,,,Unfound
,,,,,,,8929324405,,,,8929324405,Unfound
,,,,,,,8856249110,,,,,Unfound
,,,,,,,2964345004,,,,2964345004,Unfound
,,,,,,,1580001687629,,,,,Unfound
,,,,,,,57641206,,,,,Unfound
,,,,,,,1570000277752,,,,,Unfound
,,,,,,,1900038426178,,,,,Unfound
,,,,,,,2200040738712,,,,,Unfound
,,,,,,,1012353089559,,,,,Unfound
,,,,,,,1160000629722,,,,,Unfound
,,,,,,,2453193409,,,,2453193409,Unfound
,,,,,,,1012702281079,,,,,Unfound
,,,,,,,1416004200005,,,,,Unfound
,,,,,,,9116649307,,,,9116649307,Unfound
,,,,,,,1012657217636,,,,,Unfound
,,,,,,,1012690830521,,,,,Unfound
,,,,,,,5065460205,,,,5065460205,Unfound
,,,,,,,9122739002,,,,9122739002,Unfound
,,,,,,,8890220809,,,,8890220809,Unfound
,,,,,,,1831352906,,,,1831352906,Unfound
,,,,,,,1800023655306,,,,,Unfound
,,,,,,,2200023126897,,,,,Unfound
,,,,,,,1414414931003,,,,,Unfound
,,,,,,,2200023126994,,,,,Unfound
,,,,,,,2000057779820,,,,,Unfound
,,,,,,,2341440235411,,,,,Unfound
,,,,,,,1900048041498,,,,,Unfound
,,,,,,,2000020197725,,,,,Unfound
,,,,,,,1610014319889,,,,,Unfound
,,,,,,,2200040100302,,,,,Unfound
,,,,,,,2000020197716,,,,,Unfound
,,,,,,,1713631722135,,,,,Unfound
,,,,,,,1610020117368,,,,,Unfound
,,,,,,,8918845400,,,,8918845400,Unfound
,,,,,,,2200023054044,,,,,Unfound
,,,,,,,2200023230357,,,,,Unfound
,,,,,,,1100770346358,,,,,Unfound
,,,,,,,9168314002,,,,9168314002,Unfound
,,,,,,,8886043007,,,,8886043007,Unfound
,,,,,,,8938266104,,,,8938266104,Unfound
,,,,,,,203279403,,,,203279403,Unfound
,,,,,,,9215899501,,,,9215899501,Unfound
,,,,,,,1422669100009,,,,,Unfound
,,,,,,,1125074307,,,,,Unfound
,,,,,,,1200021592701,,,,,Unfound
,,,,,,,8813941801,,,,8813941801,Unfound
,,,,,,,2769046106,,,,,Unfound
,,,,,,,4011845705,,,,4011845705,Unfound
,,,,,,,87377806,,,,398234,Unfound
,,,,,,,1610011489133,,,,,Unfound
,,,,,,,61157109,,,,61157109,Unfound
,,,,,,,22150210,,,,,Unfound
,,,,,,,1610021286484,,,,,Unfound
,,,,,,,1415843251000,,,,,Unfound
,,,,,,,1023545869167,,,,,Unfound
,,,,,,,49645600,,,,49645600,Unfound
,,,,,,,1300008603875,,,,,Unfound
,,,,,,,2096733000.0,,,,2096733000.0,Unfound
,,,,,,,5035022106,,,,5035022106,Unfound
,,,,,,,1800033409581,,,,,Unfound
,,,,,,,8902689903,,,,8902689903,Unfound
,,,,,,,1100012339652,,,,,Unfound
,,,,,,,2200041533252,,,,,Unfound
,,,,,,,1200021845231,,,,,Unfound
,,,,,,,2324314505717,,,,,Unfound
,,,,,,,1012458664613,,,,,Unfound
,,,,,,,1100018660019,,,,,Unfound
,,,,,,,9092856906,,,,9092856906,Unfound
,,,,,,,1800035247708,,,,,Unfound
,,,,,,,4203474804,,,,4203474804,Unfound
,,,,,,,2000022211489,,,,,Unfound
,,,,,,,1100018660064,,,,,Unfound
,,,,,,,20020804,,,,20020804,Unfound
,,,,,,,1100018660046,,,,,Unfound
,,,,,,,1100018660082,,,,,Unfound
,,,,,,,51793906,,,,51793906,Unfound
,,,,,,,1100018660000,,,,,Unfound
,,,,,,,1900032293478,,,,,Unfound
,,,,,,,1013042460960,,,,,Unfound
,,,,,,,1100018660028,,,,,Unfound
,,,,,,,652000207,,,,652000207,Unfound
,,,,,,,1100018659991,,,,,Unfound
,,,,,,,1717307165302,,,,,Unfound
,,,,,,,45037410,,,,,Unfound
,,,,,,,1700051041063,,,,,Unfound
,,,,,,,8850711007,,,,8850711007,Unfound
,,,,,,,1900017182717,,,,,Unfound
,,,,,,,2365784709218,,,,,Unfound
,,,,,,,1900060937575,,,,,Unfound
,,,,,,,2189307706,,,,2189307706,Unfound
,,,,,,,62178706,,,,,Unfound
,,,,,,,1414023660000,,,,,Unfound
,,,,,,,1853792306,,,,1853792306,Unfound
,,,,,,,202686501,,,,202686501,Unfound
,,,,,,,55349009,,,,55349009,Unfound
,,,,,,,2210640803,,,,2210640803,Unfound
,,,,,,,8815694405,,,,8815694405,Unfound
,,,,,,,1012542389212,,,,,Unfound
,,,,,,,1300008603893,,,,,Unfound
,,,,,,,201660803,,,,201660803,Unfound
,,,,,,,4188340210,,,,4188340210,Unfound
,,,,,,,1800033441664,,,,,Unfound
,,,,,,,2000054260382,,,,,Unfound
,,,,,,,1591025651150,,,,,Unfound
,,,,,,,8832298102,,,,8832298102,Unfound
,,,,,,,68028504,,,,68028504,Unfound
,,,,,,,1170000508147,,,,,Unfound
,,,,,,,2000057582699,,,,,Unfound
,,,,,,,4208489203,,,,4208489203,Unfound
,,,,,,,64030706,,,,64030706,Unfound
,,,,,,,1411330802006,,,,,Unfound
,,,,,,,1012724740805,,,,,Unfound
,,,,,,,63628907,,,,63628907,Unfound
,,,,,,,1591044762036,,,,,Unfound
,,,,,,,1030062074019,,,,,Unfound
,,,,,,,1100013675039,,,,,Unfound
,,,,,,,1413047090002,,,,,Unfound
,,,,,,,18699510,,,,18699510,Unfound
,,,,,,,1610013479703,,,,,Unfound
,,,,,,,1800014961126,,,,,Unfound
,,,,,,,1716147504409,,,,,Unfound
,,,,,,,2199995449360,,,,,Unfound
,,,,,,,70723701,,,,70723701,Unfound
,,,,,,,1411361602006,,,,,Unfound
,,,,,,,1800031788270,,,,,Unfound
,,,,,,,9112259004,,,,9112259004,Unfound
,,,,,,,3400088610,,,,35550,Unfound
,,,,,,,1023545652426,,,,,Unfound
,,,,,,,2000010632990,,,,,Unfound
,,,,,,,1610028118615,,,,,Unfound
,,,,,,,1714830251907,,,,,Unfound
,,,,,,,1417061200008,,,,,Unfound
,,,,,,,1476943805,,,,1476943805,Unfound
,,,,,,,2781875903,,,,2781875903,Unfound
,,,,,,,1273377106,,,,1273377106,Unfound
,,,,,,,8823711408,,,,8823711408,Unfound
,,,,,,,1100024727030,,,,,Unfound
,,,,,,,1012917419856,,,,,Unfound
,,,,,,,1800035146345,,,,,Unfound
,,,,,,,1800035114672,,,,,Unfound
,,,,,,,1900020000435,,,,,Unfound
,,,,,,,59186600,,,,59186600,Unfound
,,,,,,,2344743644513,,,,,Unfound
,,,,,,,1100022601664,,,,,Unfound
,,,,,,,2314503861512,,,,,Unfound
,,,,,,,44541304,,,,44541304,Unfound
,,,,,,,1200050529393,,,,,Unfound
,,,,,,,2199999262089,,,,,Unfound
,,,,,,,2200015766990,,,,,Unfound
,,,,,,,1800030639178,,,,,Unfound
,,,,,,,1900005320236,,,,,Unfound
,,,,,,,51290206,,,,51290206,Unfound
,,,,,,,1562509803,,,,1562509803,Unfound
,,,,,,,529653106,,,,529653106,Unfound
,,,,,,,1900042129604,,,,,Unfound
,,,,,,,52720603,,,,52720603,Unfound
,,,,,,,1591045526453,,,,,Unfound
,,,,,,,2350992857316,,,,,Unfound
,,,,,,,1012619182534,,,,,Unfound
,,,,,,,2366550242014,,,,,Unfound
,,,,,,,48753104,,,,48753104,Unfound
,,,,,,,2365618769516,,,,,Unfound
,,,,,,,3022778910,,,,3022778910,Unfound
,,,,,,,1200040121160,,,,,Unfound
,,,,,,,81520507,,,,81520507,Unfound
,,,,,,,3079412507,,,,3079412507,Unfound
,,,,,,,2200015763999,,,,,Unfound
,,,,,,,1100024407586,,,,,Unfound
,,,,,,,2200014106245,,,,,Unfound
,,,,,,,52014400,,,,,Unfound
,,,,,,,1100014939750,,,,,Unfound
,,,,,,,1012867749284,,,,,Unfound
,,,,,,,2360484243114,,,,,Unfound
,,,,,,,46455602,,,,46455602,Unfound
,,,,,,,1012612238377,,,,,Unfound
,,,,,,,200683900,,,,200683900,Unfound
,,,,,,,1012950665894,,,,,Unfound
,,,,,,,1100010229169,,,,,Unfound
,,,,,,,2200019253088,,,,,Unfound
,,,,,,,1451682709,,,,1451682709,Unfound
,,,,,,,2200023344746,,,,,Unfound
,,,,,,,2200022279440,,,,,Unfound
,,,,,,,7783308,,,,7783308,Unfound
,,,,,,,2983156704,,,,2983156704,Unfound
,,,,,,,1012872475320,,,,,Unfound
,,,,,,,1100010033739,,,,,Unfound
,,,,,,,2100041203982,,,,,Unfound
,,,,,,,1100021834485,,,,,Unfound
,,,,,,,1012705437368,,,,,Unfound
,,,,,,,1012377079248,,,,,Unfound
,,,,,,,2362852030017,,,,,Unfound
,,,,,,,60381805,,,,,Unfound
,,,,,,,56660407,,,,56660407,Unfound
,,,,,,,3909759500,,,,3909759500,Unfound
,,,,,,,3271366500.0,,,,3271366500.0,Unfound
,,,,,,,16992610,,,,16992610,Unfound
,,,,,,,1012703133450,,,,,Unfound
,,,,,,,1507955619986,,,,,Unfound
,,,,,,,1012673307741,,,,,Unfound
,,,,,,,1715056815000,,,,,Unfound
,,,,,,,2000012289780,,,,,Unfound
,,,,,,,1470000736381,,,,,Unfound
,,,,,,,1610001352868,,,,,Unfound
,,,,,,,1419375041002,,,,,Unfound
,,,,,,,1900032358201,,,,,Unfound
,,,,,,,9183198810,,,,23908,Unfound
,,,,,,,1012835160356,,,,,Unfound
,,,,,,,1300009409866,,,,,Unfound
,,,,,,,1591042088162,,,,,Unfound
,,,,,,,3079456000,,,,3079456000,Unfound
,,,,,,,1800019600519,,,,,Unfound
,,,,,,,48465301,,,,48465301,Unfound
,,,,,,,1295831506,,,,,Unfound
,,,,,,,1200038557375,,,,,Unfound
,,,,,,,4031681702,,,,,Unfound
,,,,,,,535735105,,,,535735105,Unfound
,,,,,,,1610005470148,,,,,Unfound
,,,,,,,1300010054979,,,,,Unfound
,,,,,,,9207437107,,,,9207437107,Unfound
,,,,,,,1200024561742,,,,,Unfound
,,,,,,,1200021535216,,,,,Unfound
,,,,,,,2000019455130,,,,,Unfound
,,,,,,,8815339104,,,,8815339104,Unfound
,,,,,,,1013060491127,,,,,Unfound
,,,,,,,1010977300,,,,1010977300,Unfound
,,,,,,,2000053661033,,,,,Unfound
,,,,,,,3350721001,,,,,Unfound
,,,,,,,9305306302,,,,9305306302,Unfound
,,,,,,,21257504,,,,21257504,Unfound
,,,,,,,9210096100,,,,9210096100,Unfound
,,,,,,,1506881908,,,,1506881908,Unfound
,,,,,,,646171103,,,,646171103,Unfound
,,,,,,,1200034859420,,,,,Unfound
,,,,,,,1100000452970,,,,,Unfound
,,,,,,,1900070537442,,,,,Unfound
,,,,,,,1012348625480,,,,,Unfound
,,,,,,,9220012208,,,,9220012208,Unfound
,,,,,,,2782966810,,,,2782966810,Unfound
,,,,,,,3101873804,,,,3101873804,Unfound
,,,,,,,1900016240378,,,,,Unfound
,,,,,,,2353521013018,,,,,Unfound
,,,,,,,2200019012256,,,,,Unfound
,,,,,,,2313495306013,,,,,Unfound
,,,,,,,3383196008,,,,3383196008,Unfound
,,,,,,,1900038077831,,,,,Unfound
,,,,,,,2130314907,,,,2130314907,Unfound
,,,,,,,1800016356209,,,,,Unfound
,,,,,,,1012996076173,,,,,Unfound
,,,,,,,1012836034350,,,,,Unfound
,,,,,,,1200025417437,,,,,Unfound
,,,,,,,1852242108,,,,1852242108,Unfound
,,,,,,,2200020303630,,,,,Unfound
,,,,,,,2360660609929,,,,,Unfound
,,,,,,,1800029569585,,,,,Unfound
,,,,,,,1910732008,,,,1910732008,Unfound
,,,,,,,8827532406,,,,8827532406,Unfound
,,,,,,,1900042283403,,,,,Unfound
,,,,,,,1717080774356,,,,,Unfound
,,,,,,,2484934303,,,,2484934303,Unfound
,,,,,,,1023483814434,,,,,Unfound
,,,,,,,1800016356193,,,,,Unfound
,,,,,,,2000017657928,,,,,Unfound
,,,,,,,67434701,,,,67434701,Unfound
,,,,,,,1610028571312,,,,,Unfound
,,,,,,,1525216902,,,,1525216902,Unfound
,,,,,,,1170001076908,,,,,Unfound
,,,,,,,1620001395681,,,,,Unfound
,,,,,,,2212393407,,,,2212393407,Unfound
,,,,,,,9220027008,,,,,Unfound
,,,,,,,1012379368664,,,,,Unfound
,,,,,,,2000017238033,,,,,Unfound
,,,,,,,5090491400,,,,5090491400,Unfound
,,,,,,,1012433473174,,,,,Unfound
,,,,,,,1800022580740,,,,,Unfound
,,,,,,,3087136101,,,,3087136101,Unfound
,,,,,,,2200023050476,,,,,Unfound
,,,,,,,1030012490385,,,,,Unfound
,,,,,,,1620001517817,,,,,Unfound
,,,,,,,1100018429540,,,,,Unfound
,,,,,,,9220398706,,,,9220398706,Unfound
,,,,,,,1900027271834,,,,,Unfound
,,,,,,,69573501,,,,69573501,Unfound
,,,,,,,1100010192642,,,,,Unfound
,,,,,,,1610013381487,,,,,Unfound
,,,,,,,8832939305,,,,8832939305,Unfound
,,,,,,,1630000105040,,,,,Unfound
,,,,,,,2200042017019,,,,,Unfound
,,,,,,,1012431680093,,,,,Unfound
,,,,,,,1200042428209,,,,,Unfound
,,,,,,,55258500,,,,55258500,Unfound
,,,,,,,1582633300,,,,1582633300,Unfound
,,,,,,,202752005,,,,202752005,Unfound
,,,,,,,2701123604,,,,2701123604,Unfound
,,,,,,,4194385701,,,,4194385701,Unfound
,,,,,,,1410418630007,,,,,Unfound
,,,,,,,1300011232960,,,,,Unfound
,,,,,,,1900034250591,,,,,Unfound
,,,,,,,1410474341000,,,,,Unfound
,,,,,,,1100008961194,,,,,Unfound
,,,,,,,1100024712594,,,,,Unfound
,,,,,,,72436506,,,,72436506,Unfound
,,,,,,,1610001581560,,,,,Unfound
,,,,,,,1630000202107,,,,,Unfound
,,,,,,,22124602,,,,22124602,Unfound
,,,,,,,1630000202082,,,,,Unfound
,,,,,,,9379734903,,,,9379734903,Unfound
,,,,,,,1100021342795,,,,,Unfound
,,,,,,,1469541805,,,,1469541805,Unfound
,,,,,,,2534384203,,,,2534384203,Unfound
,,,,,,,53103404,,,,53103404,Unfound
,,,,,,,1800014439893,,,,,Unfound
,,,,,,,9318969204,,,,9318969204,Unfound
,,,,,,,1012526747379,,,,,Unfound
,,,,,,,1012647636752,,,,,Unfound
,,,,,,,3254692606,,,,3254692606,Unfound
,,,,,,,1900024221273,,,,,Unfound
,,,,,,,1012523269085,,,,,Unfound
,,,,,,,9213471901,,,,9213471901,Unfound
,,,,,,,8918845400.0,,,,8918845400.0,Unfound
,,,,,,,1030025270562,,,,,Unfound
,,,,,,,1610030979594,,,,,Unfound
,,,,,,,1591025712538,,,,,Unfound
,,,,,,,2000054146210,,,,,Unfound
,,,,,,,1012666195680,,,,,Unfound
,,,,,,,1610030612838,,,,,Unfound
,,,,,,,2375252630715,,,,,Unfound
,,,,,,,9306368700,,,,9306368700,Unfound
,,,,,,,1076452600,,,,1076452600,Unfound
,,,,,,,2214395006,,,,2214395006,Unfound
,,,,,,,73356210,,,,73356210,Unfound
,,,,,,,1712041261455,,,,,Unfound
,,,,,,,1012472980047,,,,,Unfound
,,,,,,,1100002461220,,,,,Unfound
,,,,,,,1013071530430,,,,,Unfound
,,,,,,,8860934303,,,,8860934303,Unfound
,,,,,,,1415693941001,,,,,Unfound
,,,,,,,17538301,,,,17538301,Unfound
,,,,,,,3291829605,,,,3291829605,Unfound
,,,,,,,4248627707,,,,4248627707,Unfound
,,,,,,,63058802,,,,63058802,Unfound
,,,,,,,1417408001003,,,,,Unfound
,,,,,,,59599502,,,,59599502,Unfound
,,,,,,,2000003611755,,,,,Unfound
,,,,,,,1546886505,,,,1546886505,Unfound
,,,,,,,3031788207,,,,3031788207,Unfound
,,,,,,,8814014003,,,,8814014003,Unfound
,,,,,,,2200014333437,,,,,Unfound
,,,,,,,9108414609,,,,9108414609,Unfound
,,,,,,,8882275906,,,,8882275906,Unfound
,,,,,,,3096597509,,,,3096597509,Unfound
,,,,,,,1300010832489,,,,,Unfound
,,,,,,,2000056275060,,,,,Unfound
,,,,,,,1800035230670,,,,,Unfound
,,,,,,,1714037155606,,,,,Unfound
,,,,,,,1012768570526,,,,,Unfound
,,,,,,,67575607,,,,67575607,Unfound
,,,,,,,1417506120006,,,,,Unfound
,,,,,,,1610001280177,,,,,Unfound
,,,,,,,76979206,,,,76979206,Unfound
,,,,,,,1413062722007,,,,,Unfound
,,,,,,,2200012582755,,,,,Unfound
,,,,,,,1100022784861,,,,,Unfound
,,,,,,,64898706,,,,64898706,Unfound
,,,,,,,3962023900,,,,3962023900,Unfound
,,,,,,,77356208,,,,77356208,Unfound
,,,,,,,2200030077871,,,,,Unfound
,,,,,,,8828593106,,,,,Unfound
,,,,,,,1591050888460,,,,,Unfound
,,,,,,,1100050897184,,,,,Unfound
,,,,,,,3355811903,,,,3355811903,Unfound
,,,,,,,1630000270686,,,,,Unfound
,,,,,,,9084942802,,,,9084942802,Unfound
,,,,,,,1800036602606,,,,,Unfound
,,,,,,,1012665403793,,,,,Unfound
,,,,,,,63993605,,,,,Unfound
,,,,,,,9334298107,,,,9334298107,Unfound
,,,,,,,66491001,,,,66491001,Unfound
,,,,,,,1200030463278,,,,,Unfound
,,,,,,,1012665211286,,,,,Unfound
,,,,,,,1900026000040,,,,,Unfound
,,,,,,,1900032028174,,,,,Unfound
,,,,,,,1027841305,,,,1027841305,Unfound
,,,,,,,2380000629443,,,,,Unfound
,,,,,,,9340954202,,,,9340954202,Unfound
,,,,,,,8822407501,,,,8822407501,Unfound
,,,,,,,1200031124786,,,,,Unfound
,,,,,,,1610019208574,,,,,Unfound
,,,,,,,8909720008,,,,13232,Unfound
,,,,,,,2365711669519,,,,,Unfound
,,,,,,,1416023060005,,,,,Unfound
,,,,,,,2200021810152,,,,,Unfound
,,,,,,,17942510,,,,,Unfound
,,,,,,,20008500,,,,20008500,Unfound
,,,,,,,1610028560551,,,,,Unfound
,,,,,,,1800035126491,,,,,Unfound
,,,,,,,1300010832470,,,,,Unfound
,,,,,,,8848787502,,,,8848787502,Unfound
,,,,,,,1418353703003,,,,,Unfound
,,,,,,,75663510,,,,75663510,Unfound
,,,,,,,1300010336880,,,,,Unfound
,,,,,,,2323013021513,,,,,Unfound
,,,,,,,1419713791004,,,,,Unfound
,,,,,,,8827110503,,,,8827110503,Unfound
,,,,,,,2000051477758,,,,,Unfound
,,,,,,,1100015058287,,,,,Unfound
,,,,,,,1429209000000,,,,,Unfound
,,,,,,,1650996708,,,,1650996708,Unfound
,,,,,,,3102801604,,,,3102801604,Unfound
,,,,,,,2000007835585,,,,,Unfound
,,,,,,,2200022279430,,,,,Unfound
,,,,,,,1100013281738,,,,,Unfound
,,,,,,,1012772015000,,,,,Unfound
,,,,,,,1100013352060,,,,,Unfound
,,,,,,,1800014961117,,,,,Unfound
,,,,,,,51450202,,,,51450202,Unfound
,,,,,,,9180848505,,,,9180848505,Unfound
,,,,,,,2000011644348,,,,,Unfound
,,,,,,,1900020008684,,,,,Unfound
,,,,,,,1300009723647,,,,,Unfound
,,,,,,,9158303406,,,,9158303406,Unfound
,,,,,,,1300012138200,,,,,Unfound
,,,,,,,1300000103459,,,,,Unfound
,,,,,,,1900004374365,,,,,Unfound
,,,,,,,2000000333678,,,,,Unfound
,,,,,,,9123491300.0,,,,9123491300.0,Unfound
,,,,,,,1475061900.0,,,,1475061900.0,Unfound
,,,,,,,1300006554890,,,,,Unfound
,,,,,,,1030084501774,,,,,Unfound
,,,,,,,2380002336504,,,,,Unfound
,,,,,,,9123629404,,,,9123629404,Unfound
,,,,,,,2000002359029,,,,,Unfound
,,,,,,,1160001150608,,,,,Unfound
,,,,,,,1851830008,,,,1851830008,Unfound
,,,,,,,8920757009,,,,,Unfound
,,,,,,,18826805,,,,18826805,Unfound
,,,,,,,2345473708411,,,,,Unfound
,,,,,,,1610022944620,,,,,Unfound
,,,,,,,60719210,,,,,Unfound
,,,,,,,1518874804,,,,1518874804,Unfound
,,,,,,,1800060686338,,,,,Unfound
,,,,,,,8817655506,,,,8817655506,Unfound
,,,,,,,2740692809,,,,2740692809,Unfound
,,,,,,,2000051983043,,,,,Unfound
,,,,,,,1601558400,,,,1601558400,Unfound
,,,,,,,1200031929758,,,,,Unfound
,,,,,,,1012666200053,,,,,Unfound
,,,,,,,1200031929776,,,,,Unfound
,,,,,,,1416693141002,,,,,Unfound
,,,,,,,1716432800203,,,,,Unfound
,,,,,,,3241355510,,,,3241355510,Unfound
,,,,,,,9095205700.0,,,,9095205700.0,Unfound
,,,,,,,2199996474711,,,,,Unfound
,,,,,,,67954200,,,,67954200,Unfound
,,,,,,,2000004778989,,,,,Unfound
,,,,,,,1012940000000,,,,,Unfound
,,,,,,,1610000000390,,,,,Unfound
,,,,,,,9307505610,,,,9307505610,Unfound
,,,,,,,1356139403,,,,1356139403,Unfound
,,,,,,,7581618303,,,,7581618303,Unfound
,,,,,,,1610010000000,,,,,Unfound
,,,,,,,9115387309,,,,9115387309,Unfound
,,,,,,,1300013029975,,,,,Unfound
,,,,,,,1413805181007,,,,,Unfound
,,,,,,,67472900,,,,,Unfound
,,,,,,,1414878481001,,,,,Unfound
,,,,,,,1012532264385,,,,,Unfound
,,,,,,,1200028603467,,,,,Unfound
,,,,,,,1413878481000,,,,,Unfound
,,,,,,,1410030000000,,,,,Unfound
,,,,,,,1900034208580,,,,,Unfound
,,,,,,,67884205,,,,67884205,Unfound
,,,,,,,3943224903,,,,3943224903,Unfound
,,,,,,,2000012155650,,,,,Unfound
,,,,,,,1413153203001,,,,,Unfound
,,,,,,,1300000000000,,,,,Unfound
,,,,,,,55401007,,,,55401007,Unfound
,,,,,,,1418374361005,,,,,Unfound
,,,,,,,80038108,,,,80038108,Unfound
,,,,,,,2100041255094,,,,,Unfound
,,,,,,,4183172302,,,,4183172302,Unfound
,,,,,,,8877648007,,,,8877648007,Unfound
,,,,,,,1415956691003,,,,,Unfound
,,,,,,,1100011692520,,,,,Unfound
,,,,,,,1012996961909,,,,,Unfound
,,,,,,,1414259930002,,,,,Unfound
,,,,,,,1414190000000,,,,,Unfound
,,,,,,,56731505,,,,56731505,Unfound
,,,,,,,1100022125539,,,,,Unfound
,,,,,,,2717141104,,,,2717141104,Unfound
,,,,,,,1012666202812,,,,,Unfound
,,,,,,,1904078310,,,,,Unfound
,,,,,,,60467209,,,,60467209,Unfound
,,,,,,,1417368602003,,,,,Unfound
,,,,,,,1200060000000,,,,,Unfound
,,,,,,,2199999912091,,,,,Unfound
,,,,,,,1610021031464,,,,,Unfound
,,,,,,,1900090332394,,,,,Unfound
,,,,,,,1460001868668,,,,,Unfound
,,,,,,,1521123010,,,,1521123010,Unfound
,,,,,,,2199993489501,,,,,Unfound
,,,,,,,1093947108,,,,1093947108,Unfound
,,,,,,,47976602,,,,47976602,Unfound
,,,,,,,8863590604,,,,8863590604,Unfound
,,,,,,,1012410000000,,,,,Unfound
,,,,,,,61897700,,,,61897700,Unfound
,,,,,,,1721808244455,,,,,Unfound
,,,,,,,1100001810522,,,,,Unfound
,,,,,,,1012613507740,,,,,Unfound
,,,,,,,2325364176010,,,,,Unfound
,,,,,,,1413447881000,,,,,Unfound
,,,,,,,551983610,,,,551983610,Unfound
,,,,,,,1414200000000,,,,,Unfound
,,,,,,,1253293200,,,,1253293200,Unfound
,,,,,,,1800031177057,,,,,Unfound
,,,,,,,1200034059145,,,,,Unfound
,,,,,,,1417339171004,,,,,Unfound
,,,,,,,3310251201,,,,3310251201,Unfound
,,,,,,,2324037301010,,,,,Unfound
,,,,,,,1800023156326,,,,,Unfound
,,,,,,,1012710000000,,,,,Unfound
,,,,,,,2504404501,,,,2504404501,Unfound
,,,,,,,77630202,,,,77630202,Unfound
,,,,,,,2000027165302,,,,,Unfound
,,,,,,,22150906,,,,22150906,Unfound
,,,,,,,1900044113990,,,,,Unfound
,,,,,,,82454110,,,,82454110,Unfound
,,,,,,,1100008746078,,,,,Unfound
,,,,,,,3321341202,,,,3321341202,Unfound
,,,,,,,61760201,,,,61760201,Unfound
,,,,,,,9115538809,,,,9115538809,Unfound
,,,,,,,8831435406,,,,8831435406,Unfound
,,,,,,,1900012051258,,,,,Unfound
,,,,,,,1900001001198,,,,,Unfound
,,,,,,,8644905,,,,8644905,Unfound
,,,,,,,1012551890058,,,,,Unfound
,,,,,,,1100008438101,,,,,Unfound
,,,,,,,2000004960479,,,,,Unfound
,,,,,,,48098906,,,,48098906,Unfound
,,,,,,,1200026160425,,,,,Unfound
,,,,,,,3976946201,,,,3976946201,Unfound
,,,,,,,56624504,,,,56624504,Unfound
,,,,,,,1013080000000,,,,,Unfound
,,,,,,,2100442909,,,,2100442909,Unfound
,,,,,,,1200039284496,,,,,Unfound
,,,,,,,69296400,,,,69296400,Unfound
,,,,,,,1300010000000,,,,,Unfound
,,,,,,,1012726986752,,,,,Unfound
,,,,,,,1714145051457,,,,,Unfound
,,,,,,,1900070000000,,,,,Unfound
,,,,,,,4203471203,,,,4203471203,Unfound
,,,,,,,67805003,,,,,Unfound
,,,,,,,1100023872190,,,,,Unfound
,,,,,,,2350992858115,,,,,Unfound
,,,,,,,1610023946682,,,,,Unfound
,,,,,,,1591055976243,,,,,Unfound
,,,,,,,60698408,,,,60698408,Unfound
,,,,,,,2000010000000,,,,,Unfound
,,,,,,,2000052202218,,,,,Unfound
,,,,,,,1800030249000,,,,,Unfound
,,,,,,,1012821556318,,,,,Unfound
,,,,,,,1050002078519,,,,,Unfound
,,,,,,,1507882229991,,,,,Unfound
,,,,,,,9157930709,,,,9157930709,Unfound
,,,,,,,1200039266405,,,,,Unfound
,,,,,,,1012666196140,,,,,Unfound
,,,,,,,1200039266414,,,,,Unfound
,,,,,,,1863976401,,,,1863976401,Unfound
,,,,,,,1100021454680,,,,,Unfound
,,,,,,,2000020177551,,,,,Unfound
,,,,,,,1300030000000,,,,,Unfound
,,,,,,,1640000193489,,,,,Unfound
,,,,,,,9391820306,,,,9391820306,Unfound
,,,,,,,2100040837516,,,,,Unfound
,,,,,,,2352731518111,,,,,Unfound
,,,,,,,1012983784285,,,,,Unfound
,,,,,,,1030084500628,,,,,Unfound
,,,,,,,8863175603,,,,8863175603,Unfound
,,,,,,,1610011389581,,,,,Unfound
,,,,,,,1610013548525,,,,,Unfound
,,,,,,,14237305,,,,14237305,Unfound
,,,,,,,1300000153840,,,,,Unfound
,,,,,,,1800028936032,,,,,Unfound
,,,,,,,1023545679491,,,,,Unfound
,,,,,,,4032913500,,,,4032913500,Unfound
,,,,,,,75729200,,,,75729200,Unfound
,,,,,,,9157117303,,,,9157117303,Unfound
,,,,,,,2000000290572,,,,,Unfound
,,,,,,,1800014905238,,,,,Unfound
,,,,,,,1415052861009,,,,,Unfound
,,,,,,,2000016751391,,,,,Unfound
,,,,,,,2199998880100,,,,,Unfound
,,,,,,,2000020000000,,,,,Unfound
,,,,,,,81604805,,,,81604805,Unfound
,,,,,,,2000055054100,,,,,Unfound
,,,,,,,1800029418672,,,,,Unfound
,,,,,,,83077100,,,,83077100,Unfound
,,,,,,,1012414963235,,,,,Unfound
,,,,,,,83077302,,,,83077302,Unfound
,,,,,,,1300053538410,,,,,Unfound
,,,,,,,67748601,,,,67748601,Unfound
,,,,,,,1030066171922,,,,,Unfound
,,,,,,,9087835502,,,,9087835502,Unfound
,,,,,,,2200019510029,,,,,Unfound
,,,,,,,68678409,,,,68678409,Unfound
,,,,,,,1712875321750,,,,,Unfound
,,,,,,,1300053937801,,,,,Unfound
,,,,,,,3906634610,,,,3906634610,Unfound
,,,,,,,2991721604,,,,2991721604,Unfound
,,,,,,,1012650000000,,,,,Unfound
,,,,,,,9195331600.0,,,,9195331600.0,Unfound
,,,,,,,8877035602,,,,8877035602,Unfound
,,,,,,,1610031119220,,,,,Unfound
,,,,,,,1200037041318,,,,,Unfound
,,,,,,,1900011340955,,,,,Unfound
,,,,,,,1610014728889,,,,,Unfound
,,,,,,,524862000,,,,524862000,Unfound
,,,,,,,1100050000000,,,,,Unfound
,,,,,,,1012567369289,,,,,Unfound
,,,,,,,75965605,,,,75965605,Unfound
,,,,,,,1591033965031,,,,,Unfound
,,,,,,,9350231201,,,,9350231201,Unfound
,,,,,,,1012666201206,,,,,Unfound
,,,,,,,66300304,,,,66300304,Unfound
,,,,,,,7644998203,,,,7644998203,Unfound
,,,,,,,1012570000000,,,,,Unfound
,,,,,,,1300011735378,,,,,Unfound
,,,,,,,1712381245272,,,,,Unfound
,,,,,,,2000006224974,,,,,Unfound
,,,,,,,1100005968008,,,,,Unfound
,,,,,,,1460001094054,,,,,Unfound
,,,,,,,2000052548540,,,,,Unfound
,,,,,,,1023493167847,,,,,Unfound
,,,,,,,1460001094063,,,,,Unfound
,,,,,,,1412141631003,,,,,Unfound
,,,,,,,1012444036849,,,,,Unfound
,,,,,,,1900045046962,,,,,Unfound
,,,,,,,2200023534582,,,,,Unfound
,,,,,,,1200052284555,,,,,Unfound
,,,,,,,1714330000000,,,,,Unfound
,,,,,,,1100000411751,,,,,Unfound
,,,,,,,2200030079568,,,,,Unfound
,,,,,,,1200035797730,,,,,Unfound
,,,,,,,2200043212282,,,,,Unfound
,,,,,,,8933565504,,,,8933565504,Unfound
,,,,,,,1712404125614,,,,,Unfound
,,,,,,,1300060906533,,,,,Unfound
,,,,,,,1610030000000,,,,,Unfound
,,,,,,,1620000721391,,,,,Unfound
,,,,,,,1012872021765,,,,,Unfound
,,,,,,,2000007713896,,,,,Unfound
,,,,,,,1023491808082,,,,,Unfound
,,,,,,,1610005235363,,,,,Unfound
,,,,,,,1100001764201,,,,,Unfound
,,,,,,,1800023307465,,,,,Unfound
,,,,,,,1012666196832,,,,,Unfound
,,,,,,,2000027790343,,,,,Unfound
,,,,,,,1419680000000,,,,,Unfound
,,,,,,,1200029934438,,,,,Unfound
,,,,,,,2345591304614,,,,,Unfound
,,,,,,,2977124806,,,,2977124806,Unfound
,,,,,,,2200041136968,,,,,Unfound
,,,,,,,1200010023275,,,,,Unfound
,,,,,,,1800025064164,,,,,Unfound
,,,,,,,9206637806,,,,9206637806,Unfound
,,,,,,,1200051934910,,,,,Unfound
,,,,,,,2000011753367,,,,,Unfound
,,,,,,,1591021478883,,,,,Unfound
,,,,,,,1610023704643,,,,,Unfound
,,,,,,,7452388606,,,,7452388606,Unfound
,,,,,,,2380001932525,,,,,Unfound
,,,,,,,8926972706,,,,8926972706,Unfound
,,,,,,,2000015855071,,,,,Unfound
,,,,,,,1100000000000,,,,,Unfound
,,,,,,,2428974310,,,,2428974310,Unfound
,,,,,,,73752802,,,,73752802,Unfound
,,,,,,,4240400200.0,,,,4240400200.0,Unfound
,,,,,,,1100024917201,,,,,Unfound
,,,,,,,1800052679734,,,,,Unfound
,,,,,,,46488101,,,,,Unfound
,,,,,,,9097026901,,,,9097026901,Unfound
,,,,,,,46487604,,,,,Unfound
,,,,,,,1200030000000,,,,,Unfound
,,,,,,,1900034000339,,,,,Unfound
,,,,,,,1417411300000,,,,,Unfound
,,,,,,,9297279103,,,,9297279103,Unfound
,,,,,,,66803802,,,,2711,Unfound
,,,,,,,2200012165898,,,,,Unfound
,,,,,,,1900026129621,,,,,Unfound
,,,,,,,1610004085510,,,,,Unfound
,,,,,,,1800035159479,,,,,Unfound
,,,,,,,73288107,,,,73288107,Unfound
,,,,,,,2412731000.0,,,,2412731000.0,Unfound
,,,,,,,1012769837360,,,,,Unfound
,,,,,,,1200051616639,,,,,Unfound
,,,,,,,1580001298875,,,,,Unfound
,,,,,,,9171214900.0,,,,9171214900.0,Unfound
,,,,,,,1600000018763,,,,,Unfound
,,,,,,,552097309,,,,552097309,Unfound
,,,,,,,58262405,,,,58262405,Unfound
,,,,,,,1591057284108,,,,,Unfound
,,,,,,,2000027534693,,,,,Unfound
,,,,,,,2200023697064,,,,,Unfound
,,,,,,,1012666201660,,,,,Unfound
,,,,,,,1555904302,,,,1555904302,Unfound
,,,,,,,1800029869158,,,,,Unfound
,,,,,,,2199989994938,,,,,Unfound
,,,,,,,1012587156644,,,,,Unfound
,,,,,,,2000054490282,,,,,Unfound
,,,,,,,2200013696807,,,,,Unfound
,,,,,,,2000057134218,,,,,Unfound
,,,,,,,1640000950324,,,,,Unfound
,,,,,,,1100007203648,,,,,Unfound
,,,,,,,2200040649443,,,,,Unfound
,,,,,,,69859104,,,,69859104,Unfound
,,,,,,,1422963000003,,,,,Unfound
,,,,,,,58438809,,,,58438809,Unfound
,,,,,,,5571103,,,,5571103,Unfound
,,,,,,,1715293760607,,,,,Unfound
,,,,,,,2000027331858,,,,,Unfound
,,,,,,,2737297406,,,,,Unfound
,,,,,,,1717269956201,,,,,Unfound
,,,,,,,49734004,,,,,Unfound
,,,,,,,1800051816763,,,,,Unfound
,,,,,,,60186807,,,,60186807,Unfound
,,,,,,,12323209,,,,12323209,Unfound
,,,,,,,1160001395470,,,,,Unfound
,,,,,,,8440595109,,,,8440595109,Unfound
,,,,,,,76537510,,,,76537510,Unfound
,,,,,,,58824006,,,,58824006,Unfound
,,,,,,,1900090167349,,,,,Unfound
,,,,,,,3916807307,,,,3916807307,Unfound
,,,,,,,17675401,,,,17675401,Unfound
,,,,,,,2739792101,,,,2739792101,Unfound
,,,,,,,1100009199737,,,,,Unfound
,,,,,,,1300012193568,,,,,Unfound
,,,,,,,687211410,,,,687211410,Unfound
,,,,,,,1800040000000,,,,,Unfound
,,,,,,,1053909906,,,,1053909906,Unfound
,,,,,,,1610000117131,,,,,Unfound
,,,,,,,9171214900,,,,9171214900,Unfound
,,,,,,,1591032565860,,,,,Unfound
,,,,,,,1200025805083,,,,,Unfound
,,,,,,,1012780000000,,,,,Unfound
,,,,,,,1900043227933,,,,,Unfound
,,,,,,,1200025805074,,,,,Unfound
,,,,,,,9220041204,,,,45916,Unfound
,,,,,,,1013000000000,,,,,Unfound
,,,,,,,1050001001116,,,,,Unfound
,,,,,,,1100003350951,,,,,Unfound
,,,,,,,2726411703,,,,2726411703,Unfound
,,,,,,,1570000321551,,,,,Unfound
,,,,,,,1900032104694,,,,,Unfound
,,,,,,,1800027540609,,,,,Unfound
,,,,,,,1012480000000,,,,,Unfound
,,,,,,,1030016772069,,,,,Unfound
,,,,,,,1100021414846,,,,,Unfound
,,,,,,,2200030078801,,,,,Unfound
,,,,,,,1300035414749,,,,,Unfound
,,,,,,,1470001449815,,,,,Unfound
,,,,,,,2200019544756,,,,,Unfound
,,,,,,,1900015286957,,,,,Unfound
,,,,,,,1470001449806,,,,,Unfound
,,,,,,,1460000942248,,,,,Unfound
,,,,,,,1470001449790,,,,,Unfound
,,,,,,,1460001987816,,,,,Unfound
,,,,,,,71390907,,,,71390907,Unfound
,,,,,,,2200014333446,,,,,Unfound
,,,,,,,2000006304023,,,,,Unfound
,,,,,,,1500492103,,,,1500492103,Unfound
,,,,,,,2341070574410,,,,,Unfound
,,,,,,,8815949906,,,,8815949906,Unfound
,,,,,,,2341070578619,,,,,Unfound
,,,,,,,3293771902,,,,3293771902,Unfound
,,,,,,,2200020352762,,,,,Unfound
,,,,,,,1610006016020,,,,,Unfound
,,,,,,,1900013390726,,,,,Unfound
,,,,,,,8814667700,,,,8814667700,Unfound
,,,,,,,1300008603884,,,,,Unfound
,,,,,,,1416280000000,,,,,Unfound
,,,,,,,2000010264905,,,,,Unfound
,,,,,,,2000027479838,,,,,Unfound
,,,,,,,1610001542950,,,,,Unfound
,,,,,,,1900061376521,,,,,Unfound
,,,,,,,20047106,,,,20047106,Unfound
,,,,,,,1300035383899,,,,,Unfound
,,,,,,,9152921301,,,,1174298,Unfound
,,,,,,,55263302,,,,55263302,Unfound
,,,,,,,1610005774197,,,,,Unfound
,,,,,,,8850484202,,,,8850484202,Unfound
,,,,,,,693263202,,,,693263202,Unfound
,,,,,,,1100050190690,,,,,Unfound
,,,,,,,8815863301,,,,8815863301,Unfound
,,,,,,,9345170406,,,,9345170406,Unfound
,,,,,,,1012566736092,,,,,Unfound
,,,,,,,2200042119290,,,,,Unfound
,,,,,,,2000015989253,,,,,Unfound
,,,,,,,3272867404,,,,3272867404,Unfound
,,,,,,,14817110,,,,14817110,Unfound
,,,,,,,3412876910,,,,3412876910,Unfound
,,,,,,,2200021932533,,,,,Unfound
,,,,,,,1100010000000,,,,,Unfound
,,,,,,,1800022307232,,,,,Unfound
,,,,,,,1200024096256,,,,,Unfound
,,,,,,,9087117101,,,,9087117101,Unfound
,,,,,,,9321452305,,,,9321452305,Unfound
,,,,,,,2000025493352,,,,,Unfound
,,,,,,,2000025493361,,,,,Unfound
,,,,,,,8868279708,,,,8868279708,Unfound
,,,,,,,1800022053709,,,,,Unfound
,,,,,,,1100051040008,,,,,Unfound
,,,,,,,3386827100,,,,3386827100,Unfound
,,,,,,,1800031586605,,,,,Unfound
,,,,,,,9156632909,,,,9156632909,Unfound
,,,,,,,1800028478670,,,,,Unfound
,,,,,,,1100020078072,,,,,Unfound
,,,,,,,2000055736461,,,,,Unfound
,,,,,,,1012666200745,,,,,Unfound
,,,,,,,1412070000000,,,,,Unfound
,,,,,,,3381470800,,,,3381470800,Unfound
,,,,,,,8921151505,,,,8921151505,Unfound
,,,,,,,2761078909,,,,2761078909,Unfound
,,,,,,,1413100000000,,,,,Unfound
,,,,,,,1636926009,,,,1636926009,Unfound
,,,,,,,2200041543083,,,,,Unfound
,,,,,,,59926109,,,,59926109,Unfound
,,,,,,,1610030959923,,,,,Unfound
,,,,,,,2310856221510,,,,,Unfound
,,,,,,,1413643721002,,,,,Unfound
,,,,,,,1610014048997,,,,,Unfound
,,,,,,,1300007800750,,,,,Unfound
,,,,,,,1414643721004,,,,,Unfound
,,,,,,,49723908,,,,49723908,Unfound
,,,,,,,1470000053540,,,,,Unfound
,,,,,,,1800021469642,,,,,Unfound
,,,,,,,1800025109504,,,,,Unfound
,,,,,,,5061953500.0,,,,5061953500.0,Unfound
,,,,,,,1200039878204,,,,,Unfound
,,,,,,,8855628809,,,,8855628809,Unfound
,,,,,,,3046923701,,,,31633,Unfound
,,,,,,,1418099321005,,,,,Unfound
,,,,,,,1900039028019,,,,,Unfound
,,,,,,,66275803,,,,66275803,Unfound
,,,,,,,1900036028150,,,,,Unfound
,,,,,,,1900002200996,,,,,Unfound
,,,,,,,1610030565639,,,,,Unfound
,,,,,,,2000002612688,,,,,Unfound
,,,,,,,2149668602,,,,2149668602,Unfound
,,,,,,,2000002612697,,,,,Unfound
,,,,,,,1012770615911,,,,,Unfound
,,,,,,,2336030776014,,,,,Unfound
,,,,,,,2200043428179,,,,,Unfound
,,,,,,,2000002612679,,,,,Unfound
,,,,,,,4726000,,,,4726000,Unfound
,,,,,,,8819250209,,,,8819250209,Unfound
,,,,,,,1800030368310,,,,,Unfound
,,,,,,,1200021816142,,,,,Unfound
,,,,,,,1800015646741,,,,,Unfound
,,,,,,,1300006825461,,,,,Unfound
,,,,,,,1300011400580,,,,,Unfound
,,,,,,,1012811461388,,,,,Unfound
,,,,,,,2200041290066,,,,,Unfound
,,,,,,,8829606206,,,,8829606206,Unfound
,,,,,,,1100000395904,,,,,Unfound
,,,,,,,4180393101,,,,4180393101,Unfound
,,,,,,,1610031906106,,,,,Unfound
,,,,,,,2200016420091,,,,,Unfound
,,,,,,,2000025269640,,,,,Unfound
,,,,,,,2336505225310,,,,,Unfound
,,,,,,,60719906,,,,60719906,Unfound
,,,,,,,1547061203,,,,1547061203,Unfound
,,,,,,,1800060369741,,,,,Unfound
,,,,,,,5055060104,,,,5055060104,Unfound
,,,,,,,1012702994764,,,,,Unfound
,,,,,,,1800014977890,,,,,Unfound
,,,,,,,1800060476833,,,,,Unfound
,,,,,,,1900022135844,,,,,Unfound
,,,,,,,1100001711440,,,,,Unfound
,,,,,,,1591018732957,,,,,Unfound
,,,,,,,2000027436392,,,,,Unfound
,,,,,,,3213649901,,,,3213649901,Unfound
,,,,,,,3396666905,,,,3396666905,Unfound
,,,,,,,1610005284389,,,,,Unfound
,,,,,,,1900021198978,,,,,Unfound
,,,,,,,1610005284398,,,,,Unfound
,,,,,,,1200026238417,,,,,Unfound
,,,,,,,1012557508495,,,,,Unfound
,,,,,,,1800025125659,,,,,Unfound
,,,,,,,1012666204883,,,,,Unfound
,,,,,,,8903771702,,,,8903771702,Unfound
,,,,,,,2498583203,,,,2498583203,Unfound
,,,,,,,1673660500.0,,,,1673660500.0,Unfound
,,,,,,,2736541004,,,,,Unfound
,,,,,,,1800025318316,,,,,Unfound
,,,,,,,1410179371002,,,,,Unfound
,,,,,,,2200018472668,,,,,Unfound
,,,,,,,1800060723237,,,,,Unfound
,,,,,,,1610031735683,,,,,Unfound
,,,,,,,1591051909350,,,,,Unfound
,,,,,,,1591014919626,,,,,Unfound
,,,,,,,1591014919635,,,,,Unfound
,,,,,,,3956857908,,,,3956857908,Unfound
,,,,,,,1012851783370,,,,,Unfound
,,,,,,,3296148505,,,,,Unfound
,,,,,,,3083565407,,,,3083565407,Unfound
,,,,,,,9215909601,,,,9215909601,Unfound
,,,,,,,77711606,,,,77711606,Unfound
,,,,,,,1170000719648,,,,,Unfound
,,,,,,,1900020385359,,,,,Unfound
,,,,,,,3081573306,,,,3081573306,Unfound
,,,,,,,1470001456219,,,,,Unfound
,,,,,,,1012775218210,,,,,Unfound
,,,,,,,2200030101433,,,,,Unfound
,,,,,,,68817902,,,,68817902,Unfound
,,,,,,,4205023904,,,,4205023904,Unfound
,,,,,,,590085900,,,,590085900,Unfound
,,,,,,,1012657548838,,,,,Unfound
,,,,,,,1610028664446,,,,,Unfound
,,,,,,,1300005545272,,,,,Unfound
,,,,,,,8823668209,,,,8823668209,Unfound
,,,,,,,63479501,,,,63479501,Unfound
,,,,,,,1493102104,,,,1493102104,Unfound
,,,,,,,1100019780796,,,,,Unfound
,,,,,,,67681606,,,,67681606,Unfound
,,,,,,,1476211707,,,,1476211707,Unfound
,,,,,,,2200024065302,,,,,Unfound
,,,,,,,1200033435770,,,,,Unfound
,,,,,,,52271802,,,,52271802,Unfound
,,,,,,,2981504208,,,,2981504208,Unfound
,,,,,,,1717467474305,,,,,Unfound
,,,,,,,2000027394741,,,,,Unfound
,,,,,,,57184900,,,,57184900,Unfound
,,,,,,,2200042220929,,,,,Unfound
,,,,,,,1100024661610,,,,,Unfound
,,,,,,,61072808,,,,,Unfound
,,,,,,,75316208,,,,75316208,Unfound
,,,,,,,3370864900,,,,3370864900,Unfound
,,,,,,,8884052907,,,,8884052907,Unfound
,,,,,,,2336252830714,,,,,Unfound
,,,,,,,1714323655204,,,,,Unfound
,,,,,,,2336252828715,,,,,Unfound
,,,,,,,2200024059433,,,,,Unfound
,,,,,,,2336252822810,,,,,Unfound
,,,,,,,9163712404,,,,9163712404,Unfound
,,,,,,,1470000051279,,,,,Unfound
,,,,,,,2094170207,,,,2094170207,Unfound
,,,,,,,1200022675484,,,,,Unfound
,,,,,,,1300035376679,,,,,Unfound
,,,,,,,8815093008,,,,8815093008,Unfound
,,,,,,,4154964401,,,,4154964401,Unfound
,,,,,,,1100008867678,,,,,Unfound
,,,,,,,48872404,,,,48872404,Unfound
,,,,,,,8859547010,,,,8859547010,Unfound
,,,,,,,1200060103280,,,,,Unfound
,,,,,,,1591047443310,,,,,Unfound
,,,,,,,1100010794285,,,,,Unfound
,,,,,,,57519400,,,,57519400,Unfound
,,,,,,,2340481953413,,,,,Unfound
,,,,,,,1417370000000,,,,,Unfound
,,,,,,,2000023150385,,,,,Unfound
,,,,,,,671755605,,,,671755605,Unfound
,,,,,,,1419806703009,,,,,Unfound
,,,,,,,8823652104,,,,8823652104,Unfound
,,,,,,,4260204302,,,,4260204302,Unfound
,,,,,,,2200021035519,,,,,Unfound
,,,,,,,1100012280097,,,,,Unfound
,,,,,,,1120397104,,,,1120397104,Unfound
,,,,,,,1100770332355,,,,,Unfound
,,,,,,,2416556410,,,,2416556410,Unfound
,,,,,,,1100020000000,,,,,Unfound
,,,,,,,65552001,,,,65552001,Unfound
,,,,,,,67347504,,,,,Unfound
,,,,,,,2000056151072,,,,,Unfound
,,,,,,,1610010389767,,,,,Unfound
,,,,,,,4024386305,,,,11590,Unfound
,,,,,,,5010577608,,,,5010577608,Unfound
,,,,,,,1012421865996,,,,,Unfound
,,,,,,,9116682810,,,,9116682810,Unfound
,,,,,,,8886703001,,,,8886703001,Unfound
,,,,,,,513400309,,,,513400309,Unfound
,,,,,,,2200015047706,,,,,Unfound
,,,,,,,1591025862508,,,,,Unfound
,,,,,,,18383202,,,,18383202,Unfound
,,,,,,,1012418442672,,,,,Unfound
,,,,,,,70193002,,,,70193002,Unfound
,,,,,,,1100025528797,,,,,Unfound
,,,,,,,47433900,,,,47433900,Unfound
,,,,,,,2200012288758,,,,,Unfound
,,,,,,,1600000056271,,,,,Unfound
,,,,,,,1900027417495,,,,,Unfound
,,,,,,,1300050654470,,,,,Unfound
,,,,,,,1100000359232,,,,,Unfound
,,,,,,,1100005532405,,,,,Unfound
,,,,,,,17540703,,,,,Unfound
,,,,,,,1200030195225,,,,,Unfound
,,,,,,,1100000834434,,,,,Unfound
,,,,,,,1200038619775,,,,,Unfound
,,,,,,,58318709,,,,58318709,Unfound
,,,,,,,1300011568097,,,,,Unfound
,,,,,,,58577307,,,,58577307,Unfound
,,,,,,,3936583907,,,,3936583907,Unfound
,,,,,,,1100002156940,,,,,Unfound
,,,,,,,1885561203,,,,1885561203,Unfound
,,,,,,,1610029829180,,,,,Unfound
,,,,,,,1800053238733,,,,,Unfound
,,,,,,,1100039227980,,,,,Unfound
,,,,,,,1300004975208,,,,,Unfound
,,,,,,,69221009,,,,69221009,Unfound
,,,,,,,1012821772057,,,,,Unfound
,,,,,,,2728725602,,,,44738,Unfound
,,,,,,,1800034531593,,,,,Unfound
,,,,,,,1506856808,,,,1506856808,Unfound
,,,,,,,8873296700,,,,8873296700,Unfound
,,,,,,,83596405,,,,83596405,Unfound
,,,,,,,2330767091510,,,,,Unfound
,,,,,,,2350122062914,,,,,Unfound
,,,,,,,1714100000000,,,,,Unfound
,,,,,,,1300000800328,,,,,Unfound
,,,,,,,1170001530384,,,,,Unfound
,,,,,,,2200030950352,,,,,Unfound
,,,,,,,2728363100.0,,,,2728363100.0,Unfound
,,,,,,,1200032730798,,,,,Unfound
,,,,,,,1100020364575,,,,,Unfound
,,,,,,,2200014908698,,,,,Unfound
,,,,,,,9088155608,,,,9088155608,Unfound
,,,,,,,8898873907,,,,8898873907,Unfound
,,,,,,,1727148256008,,,,,Unfound
,,,,,,,1591059735080,,,,,Unfound
,,,,,,,2360229279919,,,,,Unfound
,,,,,,,2200040586360,,,,,Unfound
,,,,,,,9157250608,,,,9157250608,Unfound
,,,,,,,1800052393215,,,,,Unfound
,,,,,,,1900050000000,,,,,Unfound
,,,,,,,1717148256001,,,,,Unfound
,,,,,,,1200027466668,,,,,Unfound
,,,,,,,1012800174821,,,,,Unfound
,,,,,,,15650408,,,,15650408,Unfound
,,,,,,,1300061051558,,,,,Unfound
,,,,,,,1012661986228,,,,,Unfound
,,,,,,,1824993000,,,,1824993000,Unfound
,,,,,,,8814070103,,,,8814070103,Unfound
,,,,,,,1610021698528,,,,,Unfound
,,,,,,,1470001392920,,,,,Unfound
,,,,,,,548251407,,,,22126,Unfound
,,,,,,,1100020479675,,,,,Unfound
,,,,,,,8821613600.0,,,,8821613600.0,Unfound
,,,,,,,56681909,,,,56681909,Unfound
,,,,,,,2200017473874,,,,,Unfound
,,,,,,,61584207,,,,61584207,Unfound
,,,,,,,2336543282013,,,,,Unfound
,,,,,,,1012400000000,,,,,Unfound
,,,,,,,55732704,,,,55732704,Unfound
,,,,,,,1591042923881,,,,,Unfound
,,,,,,,1106397807,,,,1106397807,Unfound
,,,,,,,1714326411234,,,,,Unfound
,,,,,,,1800052683410,,,,,Unfound
,,,,,,,1800060516404,,,,,Unfound
,,,,,,,2205721205,,,,2205721205,Unfound
,,,,,,,587416500,,,,587416500,Unfound
,,,,,,,2000056746577,,,,,Unfound
,,,,,,,2000056771625,,,,,Unfound
,,,,,,,1800014961108,,,,,Unfound
,,,,,,,1800060365710,,,,,Unfound
,,,,,,,1030070000000,,,,,Unfound
,,,,,,,2200014321041,,,,,Unfound
,,,,,,,2372861260513,,,,,Unfound
,,,,,,,1200027542900,,,,,Unfound
,,,,,,,1800060755061,,,,,Unfound
,,,,,,,1200040000000,,,,,Unfound
,,,,,,,2540022603,,,,2540022603,Unfound
,,,,,,,2000027322384,,,,,Unfound
,,,,,,,2351993475010,,,,,Unfound
,,,,,,,2750838200,,,,2750838200,Unfound
,,,,,,,2000052583554,,,,,Unfound
,,,,,,,1900002234197,,,,,Unfound
,,,,,,,2000017276970,,,,,Unfound
,,,,,,,58138909,,,,58138909,Unfound
,,,,,,,1800032723733,,,,,Unfound
,,,,,,,1411848712000,,,,,Unfound
,,,,,,,1030080000000,,,,,Unfound
,,,,,,,1800023449898,,,,,Unfound
,,,,,,,3285153105,,,,3285153105,Unfound
,,,,,,,2248139509,,,,2248139509,Unfound
,,,,,,,2356560890017,,,,,Unfound
,,,,,,,2000007795300,,,,,Unfound
,,,,,,,2000007795310,,,,,Unfound
,,,,,,,1800060551808,,,,,Unfound
,,,,,,,69451610,,,,69451610,Unfound
,,,,,,,1800060472059,,,,,Unfound
,,,,,,,1800052683252,,,,,Unfound
,,,,,,,62727702,,,,,Unfound
,,,,,,,2000007795356,,,,,Unfound
,,,,,,,1012362598445,,,,,Unfound
,,,,,,,1411872151007,,,,,Unfound
,,,,,,,2000007795374,,,,,Unfound
,,,,,,,1800052683350,,,,,Unfound
,,,,,,,1300003104998,,,,,Unfound
,,,,,,,2371483856313,,,,,Unfound
,,,,,,,48852802,,,,48852802,Unfound
,,,,,,,1200060262770,,,,,Unfound
,,,,,,,1620000000000,,,,,Unfound
,,,,,,,1100007314530,,,,,Unfound
,,,,,,,9327353300,,,,9327353300,Unfound
,,,,,,,78794406,,,,78794406,Unfound
,,,,,,,1800052956522,,,,,Unfound
,,,,,,,1591049186585,,,,,Unfound
,,,,,,,1012671068920,,,,,Unfound
,,,,,,,1100020530230,,,,,Unfound
,,,,,,,3077283209,,,,3077283209,Unfound
,,,,,,,1300007461368,,,,,Unfound
,,,,,,,62006800.0,,,,62006800.0,Unfound
,,,,,,,74410801,,,,28110,Unfound
,,,,,,,3999121000,,,,83078,Unfound
,,,,,,,9125144008,,,,9125144008,Unfound
,,,,,,,5573107,,,,5573107,Unfound
,,,,,,,52702410,,,,52702410,Unfound
,,,,,,,1591034920671,,,,,Unfound
,,,,,,,1900002049776,,,,,Unfound
,,,,,,,1900005054635,,,,,Unfound
,,,,,,,8872486105,,,,8872486105,Unfound
,,,,,,,8936973400.0,,,,8936973400.0,Unfound
,,,,,,,9349152110,,,,9349152110,Unfound
,,,,,,,2000027491630,,,,,Unfound
,,,,,,,2200015767390,,,,,Unfound
,,,,,,,1100024575253,,,,,Unfound
,,,,,,,2200021736429,,,,,Unfound
,,,,,,,1800029881698,,,,,Unfound
,,,,,,,2200041109741,,,,,Unfound
,,,,,,,1160000086235,,,,,Unfound
,,,,,,,1800025113802,,,,,Unfound
,,,,,,,2000050122536,,,,,Unfound
,,,,,,,1092401103,,,,1092401103,Unfound
,,,,,,,2000026764964,,,,,Unfound
,,,,,,,2000053788811,,,,,Unfound
,,,,,,,2000026764955,,,,,Unfound
,,,,,,,2000004810417,,,,,Unfound
,,,,,,,1610012213745,,,,,Unfound
,,,,,,,58451700,,,,58451700,Unfound
,,,,,,,9358492203,,,,9358492203,Unfound
,,,,,,,57018905,,,,57018905,Unfound
,,,,,,,58451509,,,,58451509,Unfound
,,,,,,,1170001154548,,,,,Unfound
,,,,,,,2221698700,,,,2221698700,Unfound
,,,,,,,1200051366756,,,,,Unfound
,,,,,,,8882369702,,,,8882369702,Unfound
,,,,,,,1100010153323,,,,,Unfound
,,,,,,,1200032908076,,,,,Unfound
,,,,,,,8879783506,,,,8879783506,Unfound
,,,,,,,2708427110,,,,2708427110,Unfound
,,,,,,,3980817008,,,,3980817008,Unfound
,,,,,,,1012881146780,,,,,Unfound
,,,,,,,8902613701,,,,,Unfound
,,,,,,,1012526198366,,,,,Unfound
,,,,,,,1412673861001,,,,,Unfound
,,,,,,,2380002007123,,,,,Unfound
,,,,,,,1640000667523,,,,,Unfound
,,,,,,,1100003069020,,,,,Unfound
,,,,,,,2536559110,,,,2536559110,Unfound
,,,,,,,1300009043408,,,,,Unfound
,,,,,,,1900042333152,,,,,Unfound
,,,,,,,69829510,,,,69829510,Unfound
,,,,,,,2200022072390,,,,,Unfound
,,,,,,,2151746303,,,,2151746303,Unfound
,,,,,,,69829802,,,,69829802,Unfound
,,,,,,,1012392041893,,,,,Unfound
,,,,,,,1900021177505,,,,,Unfound
,,,,,,,1012666206950,,,,,Unfound
,,,,,,,1100025474894,,,,,Unfound
,,,,,,,9088056000,,,,9088056000,Unfound
,,,,,,,2380001005231,,,,,Unfound
,,,,,,,2333351964816,,,,,Unfound
,,,,,,,16798401,,,,16798401,Unfound
,,,,,,,9196598006,,,,9196598006,Unfound
,,,,,,,1800051898260,,,,,Unfound
,,,,,,,8923771602,,,,8923771602,Unfound
,,,,,,,8816732706,,,,,Unfound
,,,,,,,8910246606,,,,8910246606,Unfound
,,,,,,,1200024567735,,,,,Unfound
,,,,,,,1012635395467,,,,,Unfound
,,,,,,,74603700,,,,74603700,Unfound
,,,,,,,2237450004,,,,2237450004,Unfound
,,,,,,,1012635395003,,,,,Unfound
,,,,,,,1200024567726,,,,,Unfound
,,,,,,,1100012730130,,,,,Unfound
,,,,,,,1417420190007,,,,,Unfound
,,,,,,,1100020551880,,,,,Unfound
,,,,,,,2344441409011,,,,,Unfound
,,,,,,,2342762512418,,,,,Unfound
,,,,,,,2000014128620,,,,,Unfound
,,,,,,,1100021688585,,,,,Unfound
,,,,,,,54961209,,,,54961209,Unfound
,,,,,,,1630000528629,,,,,Unfound
,,,,,,,1200028820623,,,,,Unfound
,,,,,,,1630000528610,,,,,Unfound
,,,,,,,1200021883956,,,,,Unfound
,,,,,,,8814255003,,,,8814255003,Unfound
,,,,,,,1200032879131,,,,,Unfound
,,,,,,,1900017156150,,,,,Unfound
,,,,,,,1100025161502,,,,,Unfound
,,,,,,,1300034442578,,,,,Unfound
,,,,,,,59388601,,,,59388601,Unfound
,,,,,,,1100000761910,,,,,Unfound
,,,,,,,1800019468300,,,,,Unfound
,,,,,,,1800030669438,,,,,Unfound
,,,,,,,1610022342572,,,,,Unfound
,,,,,,,2353322248218,,,,,Unfound
,,,,,,,1410075961003,,,,,Unfound
,,,,,,,2362090347110,,,,,Unfound
,,,,,,,9094350109,,,,9094350109,Unfound
,,,,,,,1023521668757,,,,,Unfound
,,,,,,,2000017922297,,,,,Unfound
,,,,,,,63009508,,,,63009508,Unfound
,,,,,,,1591059191030,,,,,Unfound
,,,,,,,1300060039044,,,,,Unfound
,,,,,,,8828304308,,,,8828304308,Unfound
,,,,,,,1300008090596,,,,,Unfound
,,,,,,,1300008090569,,,,,Unfound
,,,,,,,2200022286925,,,,,Unfound
,,,,,,,2200013704538,,,,,Unfound
,,,,,,,1417251412000,,,,,Unfound
,,,,,,,2200013704547,,,,,Unfound
,,,,,,,1610029609400,,,,,Unfound
,,,,,,,8926623400,,,,8926623400,Unfound
,,,,,,,1100018849365,,,,,Unfound
,,,,,,,2340313104518,,,,,Unfound
,,,,,,,3372426201,,,,9760,Unfound
,,,,,,,1100000834443,,,,,Unfound
,,,,,,,59011104,,,,59011104,Unfound
,,,,,,,2781672204,,,,2781672204,Unfound
,,,,,,,59949705,,,,59949705,Unfound
,,,,,,,2333700774913,,,,,Unfound
,,,,,,,1012425938149,,,,,Unfound
,,,,,,,2975087805,,,,,Unfound
,,,,,,,1200031745739,,,,,Unfound
,,,,,,,1200035466575,,,,,Unfound
,,,,,,,61727910,,,,61727910,Unfound
,,,,,,,3353648302,,,,3353648302,Unfound
,,,,,,,1413030000000,,,,,Unfound
,,,,,,,2000000670828,,,,,Unfound
,,,,,,,2173695301,,,,2173695301,Unfound
,,,,,,,50065104,,,,,Unfound
,,,,,,,3253074709,,,,3253074709,Unfound
,,,,,,,1300012109992,,,,,Unfound
,,,,,,,1100013746897,,,,,Unfound
,,,,,,,1411510911003,,,,,Unfound
,,,,,,,1900032143026,,,,,Unfound
,,,,,,,3384611908,,,,3384611908,Unfound
,,,,,,,2200030101080,,,,,Unfound
,,,,,,,2208951810,,,,2208951810,Unfound
,,,,,,,64940701,,,,64940701,Unfound
,,,,,,,48264100,,,,48264100,Unfound
,,,,,,,1012677930742,,,,,Unfound
,,,,,,,1900010000000,,,,,Unfound
,,,,,,,8935917205,,,,8935917205,Unfound
,,,,,,,1102049303,,,,1102049303,Unfound
,,,,,,,1610009884371,,,,,Unfound
,,,,,,,1013064629979,,,,,Unfound
,,,,,,,528561500,,,,29930,Unfound
,,,,,,,8817045501,,,,8817045501,Unfound
,,,,,,,8825170500.0,,,,8825170500.0,Unfound
,,,,,,,55395903,,,,55395903,Unfound
,,,,,,,2000051696489,,,,,Unfound
,,,,,,,1300008190626,,,,,Unfound
,,,,,,,9339665807,,,,9339665807,Unfound
,,,,,,,2000052967558,,,,,Unfound
,,,,,,,8884152305,,,,8884152305,Unfound
,,,,,,,585628404,,,,585628404,Unfound
,,,,,,,1713930000000,,,,,Unfound
,,,,,,,1100020920600,,,,,Unfound
,,,,,,,2118371600,,,,2118371600,Unfound
,,,,,,,572139401.0,,,,572139401.0,Unfound
,,,,,,,8881985405,,,,8881985405,Unfound
,,,,,,,1684303801,,,,1684303801,Unfound
,,,,,,,2200015194224,,,,,Unfound
,,,,,,,2200030000708,,,,,Unfound
,,,,,,,2342323434512,,,,,Unfound
,,,,,,,1900090450479,,,,,Unfound
,,,,,,,1712789930400,,,,,Unfound
,,,,,,,1100003809272,,,,,Unfound
,,,,,,,1800020879282,,,,,Unfound
,,,,,,,2000005690712,,,,,Unfound
,,,,,,,48469107,,,,48469107,Unfound
,,,,,,,1300012011727,,,,,Unfound
,,,,,,,2363560339915,,,,,Unfound
,,,,,,,1100008684500,,,,,Unfound
,,,,,,,1416601502001,,,,,Unfound
,,,,,,,9327934309,,,,9327934309,Unfound
,,,,,,,1100018075080,,,,,Unfound
,,,,,,,2200021401348,,,,,Unfound
,,,,,,,1200022401355,,,,,Unfound
,,,,,,,1100051221657,,,,,Unfound
,,,,,,,9156250603,,,,20838,Unfound
,,,,,,,2350124903918,,,,,Unfound
,,,,,,,1012764728142,,,,,Unfound
,,,,,,,1601558400.0,,,,1601558400.0,Unfound
,,,,,,,7437936602,,,,7437936602,Unfound
,,,,,,,1200025417419,,,,,Unfound
,,,,,,,1012985624510,,,,,Unfound
,,,,,,,8882589301,,,,8882589301,Unfound
,,,,,,,1012350544149,,,,,Unfound
,,,,,,,1200026817257,,,,,Unfound
,,,,,,,1100008033696,,,,,Unfound
,,,,,,,2300000800250,,,,,Unfound
,,,,,,,1012847734910,,,,,Unfound
,,,,,,,1919796900,,,,1919796900,Unfound
,,,,,,,1100770374675,,,,,Unfound
,,,,,,,8866978006,,,,8866978006,Unfound
,,,,,,,2200013658699,,,,,Unfound
,,,,,,,1100039372456,,,,,Unfound
,,,,,,,1412786141006,,,,,Unfound
,,,,,,,9162843201,,,,9162843201,Unfound
,,,,,,,2380001863615,,,,,Unfound
,,,,,,,2200041571470,,,,,Unfound
,,,,,,,1523435208,,,,1523435208,Unfound
,,,,,,,1300053175522,,,,,Unfound
,,,,,,,9326834210,,,,9326834210,Unfound
,,,,,,,203431405,,,,203431405,Unfound
,,,,,,,4032913500.0,,,,4032913500.0,Unfound
,,,,,,,2380000926948,,,,,Unfound
,,,,,,,1300053175513,,,,,Unfound
,,,,,,,1200035816287,,,,,Unfound
,,,,,,,1300053175531,,,,,Unfound
,,,,,,,1630000528600,,,,,Unfound
,,,,,,,1012903195500,,,,,Unfound
,,,,,,,1300060000000,,,,,Unfound
,,,,,,,57761609,,,,57761609,Unfound
,,,,,,,2200042931224,,,,,Unfound
,,,,,,,3022778607,,,,3022778607,Unfound
,,,,,,,1418665871005,,,,,Unfound
,,,,,,,1610018692260,,,,,Unfound
,,,,,,,63616709,,,,63616709,Unfound
,,,,,,,1012788995901,,,,,Unfound
,,,,,,,1800024477887,,,,,Unfound
,,,,,,,2536542104,,,,2536542104,Unfound
,,,,,,,1321880407,,,,1321880407,Unfound
,,,,,,,64983506,,,,64983506,Unfound
,,,,,,,2000001528031,,,,,Unfound
,,,,,,,2000013170454,,,,,Unfound
,,,,,,,1610030872750,,,,,Unfound
,,,,,,,66360210,,,,66360210,Unfound
,,,,,,,9141677204,,,,9141677204,Unfound
,,,,,,,1419626831006,,,,,Unfound
,,,,,,,2380002773404,,,,,Unfound
,,,,,,,1012362601665,,,,,Unfound
,,,,,,,62172009,,,,62172009,Unfound
,,,,,,,1900070537433,,,,,Unfound
,,,,,,,1610012134934,,,,,Unfound
,,,,,,,3225041203,,,,3225041203,Unfound
,,,,,,,8861752100.0,,,,8861752100.0,Unfound
,,,,,,,3967801409,,,,3967801409,Unfound
,,,,,,,1562368306,,,,1562368306,Unfound
,,,,,,,2200016351641,,,,,Unfound
,,,,,,,1418416570006,,,,,Unfound
,,,,,,,1610021091603,,,,,Unfound
,,,,,,,1200032739160,,,,,Unfound
,,,,,,,1413763391004,,,,,Unfound
,,,,,,,1100018562190,,,,,Unfound
,,,,,,,1900092161766,,,,,Unfound
,,,,,,,1012920239888,,,,,Unfound
,,,,,,,2000055669390,,,,,Unfound
,,,,,,,10357901,,,,10357901,Unfound
,,,,,,,4245387103,,,,4245387103,Unfound
,,,,,,,1900036297458,,,,,Unfound
,,,,,,,2454629504,,,,2454629504,Unfound
,,,,,,,10358005,,,,10358005,Unfound
,,,,,,,64986007,,,,64986007,Unfound
,,,,,,,1900042298428,,,,,Unfound
,,,,,,,1800030000000,,,,,Unfound
,,,,,,,1900061180223,,,,,Unfound
,,,,,,,1900005296976,,,,,Unfound
,,,,,,,8908684901,,,,,Unfound
,,,,,,,2000019897571,,,,,Unfound
,,,,,,,598715308,,,,598715308,Unfound
,,,,,,,2548059207,,,,2548059207,Unfound
,,,,,,,3956569701,,,,3956569701,Unfound
,,,,,,,9338378002,,,,9338378002,Unfound
,,,,,,,608399108,,,,608399108,Unfound
,,,,,,,4222315701,,,,4222315701,Unfound
,,,,,,,2200011539759,,,,,Unfound
,,,,,,,2200021246833,,,,,Unfound
,,,,,,,2741027408,,,,2741027408,Unfound
,,,,,,,1457804806,,,,1457804806,Unfound
,,,,,,,1012728171250,,,,,Unfound
,,,,,,,3372227700,,,,,Unfound
,,,,,,,2360594979410,,,,,Unfound
,,,,,,,1800024025883,,,,,Unfound
,,,,,,,4230059604,,,,4230059604,Unfound
,,,,,,,1012564608821,,,,,Unfound
,,,,,,,3996119200.0,,,,3996119200.0,Unfound
,,,,,,,1200020815139,,,,,Unfound
,,,,,,,2364490759818,,,,,Unfound
,,,,,,,1100021370560,,,,,Unfound
,,,,,,,1710215350403,,,,,Unfound
,,,,,,,4025176310,,,,4025176310,Unfound
,,,,,,,73375910,,,,73375910,Unfound
,,,,,,,1419540000000,,,,,Unfound
,,,,,,,1012714755353,,,,,Unfound
,,,,,,,1900005128330,,,,,Unfound
,,,,,,,2200032008425,,,,,Unfound
,,,,,,,2373920647116,,,,,Unfound
,,,,,,,1308084709,,,,1308084709,Unfound
,,,,,,,2507698302,,,,2507698302,Unfound
,,,,,,,1610030611142,,,,,Unfound
,,,,,,,2000019758326,,,,,Unfound
,,,,,,,1419544650003,,,,,Unfound
,,,,,,,1200034386398,,,,,Unfound
,,,,,,,8890036008,,,,8890036008,Unfound
,,,,,,,1591060805995,,,,,Unfound
,,,,,,,1591060699893,,,,,Unfound
,,,,,,,4247131010,,,,4247131010,Unfound
,,,,,,,1800029074937,,,,,Unfound
,,,,,,,1012718574960,,,,,Unfound
,,,,,,,1300011733760,,,,,Unfound
,,,,,,,1800017254438,,,,,Unfound
,,,,,,,1411815161004,,,,,Unfound
,,,,,,,2200022286916,,,,,Unfound
,,,,,,,2312491267812,,,,,Unfound
,,,,,,,2200021796809,,,,,Unfound
,,,,,,,1160001005014,,,,,Unfound
,,,,,,,1818713700.0,,,,1818713700.0,Unfound
,,,,,,,1800015952169,,,,,Unfound
,,,,,,,1100003932756,,,,,Unfound
,,,,,,,1300002240360,,,,,Unfound
,,,,,,,1470001423941,,,,,Unfound
,,,,,,,1160001005399,,,,,Unfound
,,,,,,,59495007,,,,39435,Unfound
,,,,,,,1023545815418,,,,,Unfound
,,,,,,,1610003316230,,,,,Unfound
,,,,,,,1800060000000,,,,,Unfound
,,,,,,,2199999526958,,,,,Unfound
,,,,,,,8868916802,,,,8868916802,Unfound
,,,,,,,1300051523670,,,,,Unfound
,,,,,,,2000014294160,,,,,Unfound
,,,,,,,8866015607,,,,8866015607,Unfound
,,,,,,,2000018824590,,,,,Unfound
,,,,,,,1200022099264,,,,,Unfound
,,,,,,,77497204,,,,77497204,Unfound
,,,,,,,1200035722753,,,,,Unfound
,,,,,,,1415971880004,,,,,Unfound
,,,,,,,1900037058002,,,,,Unfound
,,,,,,,1318627503,,,,1318627503,Unfound
,,,,,,,8820353707,,,,8820353707,Unfound
,,,,,,,53280101,,,,53280101,Unfound
,,,,,,,2354171948014,,,,,Unfound
,,,,,,,8816139303,,,,,Unfound
,,,,,,,1300011756795,,,,,Unfound
,,,,,,,9316686204,,,,9316686204,Unfound
,,,,,,,1580001780675,,,,,Unfound
,,,,,,,2200040663067,,,,,Unfound
,,,,,,,4232689300.0,,,,4232689300.0,Unfound
,,,,,,,1012666207411,,,,,Unfound
,,,,,,,2000027337725,,,,,Unfound
,,,,,,,1800032068508,,,,,Unfound
,,,,,,,1800022349915,,,,,Unfound
,,,,,,,1900006126013,,,,,Unfound
,,,,,,,61339306,,,,61339306,Unfound
,,,,,,,1100000096564,,,,,Unfound
,,,,,,,1300034442569,,,,,Unfound
,,,,,,,2200043015235,,,,,Unfound
,,,,,,,1012838328144,,,,,Unfound
,,,,,,,1900092190907,,,,,Unfound
,,,,,,,1900033242855,,,,,Unfound
,,,,,,,3407364509,,,,3407364509,Unfound
,,,,,,,9312340506,,,,9312340506,Unfound
,,,,,,,1485751000,,,,1485751000,Unfound
,,,,,,,1200029302429,,,,,Unfound
,,,,,,,1485751303,,,,1485751303,Unfound
,,,,,,,8817616608,,,,8817616608,Unfound
,,,,,,,1485752103,,,,1485752103,Unfound
,,,,,,,1293701202,,,,1293701202,Unfound
,,,,,,,2530443700,,,,2530443700,Unfound
,,,,,,,1418490000000,,,,,Unfound
,,,,,,,1012437763596,,,,,Unfound
,,,,,,,1067786000.0,,,,1067786000.0,Unfound
,,,,,,,1012970892097,,,,,Unfound
,,,,,,,1300012316130,,,,,Unfound
,,,,,,,2200030005501,,,,,Unfound
,,,,,,,1300007514889,,,,,Unfound
,,,,,,,54618409,,,,76408,Unfound
,,,,,,,1012532296581,,,,,Unfound
,,,,,,,1610022603369,,,,,Unfound
,,,,,,,1100018273217,,,,,Unfound
,,,,,,,1100020911368,,,,,Unfound
,,,,,,,1900020185435,,,,,Unfound
,,,,,,,3216259802,,,,,Unfound
,,,,,,,1266407603,,,,15444,Unfound
,,,,,,,2000027257098,,,,,Unfound
,,,,,,,1727375645109,,,,,Unfound
,,,,,,,2380000051859,,,,,Unfound
,,,,,,,621182407,,,,621182407,Unfound
,,,,,,,2053293901,,,,13495,Unfound
,,,,,,,1100005452362,,,,,Unfound
,,,,,,,1418440000000,,,,,Unfound
,,,,,,,56349800,,,,,Unfound
,,,,,,,8824309006,,,,16871,Unfound
,,,,,,,1845950807,,,,51901,Unfound
,,,,,,,1416192981008,,,,,Unfound
,,,,,,,8825303605,,,,8825303605,Unfound
,,,,,,,66268301,,,,66268301,Unfound
,,,,,,,1610030193296,,,,,Unfound
,,,,,,,1800015867949,,,,,Unfound
,,,,,,,1887351000,,,,15049,Unfound
,,,,,,,1610005137188,,,,,Unfound
,,,,,,,59686609,,,,59686609,Unfound
,,,,,,,1410255721004,,,,,Unfound
,,,,,,,689335506,,,,689335506,Unfound
,,,,,,,1800060349141,,,,,Unfound
,,,,,,,1900028234930,,,,,Unfound
,,,,,,,3228161105,,,,109337,Unfound
,,,,,,,1900005233559,,,,,Unfound
,,,,,,,9151696203,,,,32688,Unfound
,,,,,,,1601966707,,,,41903,Unfound
,,,,,,,2363114715214,,,,,Unfound
,,,,,,,4014502510,,,,8131,Unfound
,,,,,,,1012734117674,,,,,Unfound
,,,,,,,1100000016806,,,,,Unfound
,,,,,,,1616975010,,,,1616975010,Unfound
,,,,,,,53658607,,,,53658607,Unfound
,,,,,,,3007054409,,,,37585,Unfound
,,,,,,,1610012860939,,,,,Unfound
,,,,,,,1910060804,,,,1910060804,Unfound
,,,,,,,1910639602,,,,21826,Unfound
,,,,,,,52208806,,,,33873,Unfound
,,,,,,,1100005437355,,,,,Unfound
,,,,,,,1414195541009,,,,,Unfound
,,,,,,,1610005250343,,,,,Unfound
,,,,,,,1012704789452,,,,,Unfound
,,,,,,,1300060276261,,,,,Unfound
,,,,,,,73465900,,,,109964,Unfound
,,,,,,,3249367805,,,,36882,Unfound
,,,,,,,2000015232448,,,,,Unfound
,,,,,,,55127103,,,,78538,Unfound
,,,,,,,1900045236559,,,,,Unfound
,,,,,,,55076202,,,,,Unfound
,,,,,,,62482900,,,,56874,Unfound
,,,,,,,58124101,,,,15093,Unfound
,,,,,,,2200023096693,,,,,Unfound
,,,,,,,1900022260670,,,,,Unfound
,,,,,,,1200050725499,,,,,Unfound
,,,,,,,2186701201,,,,13253,Unfound
,,,,,,,1300012060041,,,,,Unfound
,,,,,,,1012640000000,,,,,Unfound
,,,,,,,1416467920004,,,,,Unfound
,,,,,,,2550575505,,,,44924,Unfound
,,,,,,,1800030062188,,,,,Unfound
,,,,,,,9346233005,,,,58136,Unfound
,,,,,,,51059204,,,,51059204,Unfound
,,,,,,,2300000545554,,,,,Unfound
,,,,,,,1200061557877,,,,,Unfound
,,,,,,,1415575021000,,,,,Unfound
,,,,,,,2519028901,,,,2519028901,Unfound
,,,,,,,1100015982427,,,,,Unfound
,,,,,,,1633144704,,,,1633144704,Unfound
,,,,,,,1100003004965,,,,,Unfound
,,,,,,,2342323389418,,,,,Unfound
,,,,,,,1160000000000,,,,,Unfound
,,,,,,,2248409501,,,,24608,Unfound
,,,,,,,2000003280442,,,,,Unfound
,,,,,,,1419999640008,,,,,Unfound
,,,,,,,1100021953856,,,,,Unfound
,,,,,,,2507648702,,,,14147,Unfound
,,,,,,,2200017503855,,,,,Unfound
,,,,,,,2332152512713,,,,,Unfound
,,,,,,,1712061344901,,,,,Unfound
,,,,,,,1900091673879,,,,,Unfound
,,,,,,,1080933300.0,,,,1080933300.0,Unfound
,,,,,,,2000055198511,,,,,Unfound
,,,,,,,2000055198502,,,,,Unfound
,,,,,,,48538010,,,,,Unfound
,,,,,,,1417145871001,,,,,Unfound
,,,,,,,2200012272474,,,,,Unfound
,,,,,,,1415241620002,,,,,Unfound
,,,,,,,1411801030009,,,,,Unfound
,,,,,,,2210164808,,,,45590,Unfound
,,,,,,,507487104,,,,21746,Unfound
,,,,,,,1200025976815,,,,,Unfound
,,,,,,,9117191605,,,,19615,Unfound
,,,,,,,2200031979219,,,,,Unfound
,,,,,,,2000019483866,,,,,Unfound
,,,,,,,1610014583948,,,,,Unfound
,,,,,,,1416771701007,,,,,Unfound
,,,,,,,57363204,,,,19951,Unfound
,,,,,,,1200031309949,,,,,Unfound
,,,,,,,1066451906,,,,41909,Unfound
,,,,,,,1711805253957,,,,,Unfound
,,,,,,,1200031309967,,,,,Unfound
,,,,,,,2199999767423,,,,,Unfound
,,,,,,,1610031810700,,,,,Unfound
,,,,,,,1900021427210,,,,,Unfound
,,,,,,,4177032906,,,,4177032906,Unfound
,,,,,,,1100009204397,,,,,Unfound
,,,,,,,1012468841420,,,,,Unfound
,,,,,,,2000016788754,,,,,Unfound
,,,,,,,2000001626731,,,,,Unfound
,,,,,,,2200020047197,,,,,Unfound
,,,,,,,8918204900.0,,,,8918204900.0,Unfound
,,,,,,,2000003657713,,,,,Unfound
,,,,,,,3917388902,,,,3917388902,Unfound
,,,,,,,1200031309958,,,,,Unfound
,,,,,,,8935808705,,,,8935808705,Unfound
,,,,,,,1200022618894,,,,,Unfound
,,,,,,,68181602,,,,68181602,Unfound
,,,,,,,1591021232877,,,,,Unfound
,,,,,,,1713658180789,,,,,Unfound
,,,,,,,1410777790001,,,,,Unfound
,,,,,,,1417934801000,,,,,Unfound
,,,,,,,1013030999144,,,,,Unfound
,,,,,,,1610029654607,,,,,Unfound
,,,,,,,1100010855422,,,,,Unfound
,,,,,,,2498122402,,,,8424,Unfound
,,,,,,,1716702835006,,,,,Unfound
,,,,,,,1591010000000,,,,,Unfound
,,,,,,,74692501,,,,2433,Unfound
,,,,,,,2000007385413,,,,,Unfound
,,,,,,,1418954841009,,,,,Unfound
,,,,,,,2200023534271,,,,,Unfound
,,,,,,,3324053504,,,,28470,Unfound
,,,,,,,3401411708,,,,21219,Unfound
,,,,,,,1900030201509,,,,,Unfound
,,,,,,,1900018264334,,,,,Unfound
,,,,,,,1100014761177,,,,,Unfound
,,,,,,,1012912976940,,,,,Unfound
,,,,,,,1300053390462,,,,,Unfound
,,,,,,,3208391200,,,,22145,Unfound
,,,,,,,45135803,,,,119778,Unfound
,,,,,,,1012574099776,,,,,Unfound
,,,,,,,1300008782580,,,,,Unfound
,,,,,,,1050002367232,,,,,Unfound
,,,,,,,2201347905,,,,17975,Unfound
,,,,,,,1300008782571,,,,,Unfound
,,,,,,,2201109103,,,,13773,Unfound
,,,,,,,1100019739264,,,,,Unfound
,,,,,,,2185413000.0,,,,2185413000.0,Unfound
,,,,,,,1200039405414,,,,,Unfound
,,,,,,,2000006062319,,,,,Unfound
,,,,,,,8815480408,,,,146062,Unfound
,,,,,,,1418449022005,,,,,Unfound
,,,,,,,2069172005,,,,22464,Unfound
,,,,,,,2363611666713,,,,,Unfound
,,,,,,,68482908,,,,172587,Unfound
,,,,,,,1100012603878,,,,,Unfound
,,,,,,,1012616327082,,,,,Unfound
,,,,,,,8928384609,,,,26721,Unfound
,,,,,,,2365051219319,,,,,Unfound
,,,,,,,1012721178560,,,,,Unfound
,,,,,,,1100021371332,,,,,Unfound
,,,,,,,67734500,,,,194812,Unfound
,,,,,,,2334301122713,,,,,Unfound
,,,,,,,1610023435800,,,,,Unfound
,,,,,,,2534869407,,,,37866,Unfound
,,,,,,,1900020306533,,,,,Unfound
,,,,,,,1470000408171,,,,,Unfound
,,,,,,,690130706,,,,21151,Unfound
,,,,,,,1716702832005,,,,,Unfound
,,,,,,,1800028713273,,,,,Unfound
,,,,,,,1700060005424,,,,,Unfound
,,,,,,,1100019673472,,,,,Unfound
,,,,,,,2000025335717,,,,,Unfound
,,,,,,,2380000473529,,,,,Unfound
,,,,,,,2226387607,,,,20855,Unfound
,,,,,,,2720441502,,,,19679,Unfound
,,,,,,,3233869209,,,,1914,Unfound
,,,,,,,1200033795652,,,,,Unfound
,,,,,,,62041701.0,,,,62041701.0,Unfound
,,,,,,,2345165320616,,,,,Unfound
,,,,,,,1900041137701,,,,,Unfound
,,,,,,,55727408,,,,17766,Unfound
,,,,,,,1048610404,,,,30075,Unfound
,,,,,,,9172342308,,,,16268,Unfound
,,,,,,,1319341703,,,,12453,Unfound
,,,,,,,7678960205,,,,4448,Unfound
,,,,,,,73918608,,,,73918608,Unfound
,,,,,,,3977994105,,,,1,Unfound
,,,,,,,9091376101,,,,30128,Unfound
,,,,,,,1012425246535,,,,,Unfound
,,,,,,,1610021447594,,,,,Unfound
,,,,,,,3923738204,,,,9119,Unfound
,,,,,,,3367976604,,,,7978,Unfound
,,,,,,,8822610700.0,,,,8822610700.0,Unfound
,,,,,,,1418157250004,,,,,Unfound
,,,,,,,1079230406,,,,1079230406,Unfound
,,,,,,,2000050352700,,,,,Unfound
,,,,,,,1100000934760,,,,,Unfound
,,,,,,,1496869405,,,,71143,Unfound
,,,,,,,9324173810,,,,12,Unfound
,,,,,,,8868615406,,,,8868615406,Unfound
,,,,,,,1300003892118,,,,,Unfound
,,,,,,,3387792202,,,,40014,Unfound
,,,,,,,54371109,,,,49790,Unfound
,,,,,,,1200039296394,,,,,Unfound
,,,,,,,3970496300.0,,,,3970496300.0,Unfound
,,,,,,,1100000934788,,,,,Unfound
,,,,,,,1900070144230,,,,,Unfound
,,,,,,,16447405,,,,59277,Unfound
,,,,,,,1591043611187,,,,,Unfound
,,,,,,,62129210,,,,81128,Unfound
,,,,,,,2000001626740,,,,,Unfound
,,,,,,,2212393800,,,,4547,Unfound
,,,,,,,2200020822148,,,,,Unfound
,,,,,,,1100039353426,,,,,Unfound
,,,,,,,1910790101,,,,31097,Unfound
,,,,,,,1417264680002,,,,,Unfound
,,,,,,,2000014728958,,,,,Unfound
,,,,,,,5078751103,,,,1,Unfound
,,,,,,,2315753241215,,,,,Unfound
,,,,,,,1296508010,,,,,Unfound
,,,,,,,3064794000.0,,,,3064794000.0,Unfound
,,,,,,,2000022277657,,,,,Unfound
,,,,,,,1100013882590,,,,,Unfound
,,,,,,,1610023386669,,,,,Unfound
,,,,,,,8885382103,,,,2545,Unfound
,,,,,,,1413212980006,,,,,Unfound
,,,,,,,1200050000000,,,,,Unfound
,,,,,,,1411412980003,,,,,Unfound
,,,,,,,1832739004,,,,46293,Unfound
,,,,,,,2000052681172,,,,,Unfound
,,,,,,,1100005464242,,,,,Unfound
,,,,,,,1415117390009,,,,,Unfound
,,,,,,,18456405,,,,67941,Unfound
,,,,,,,1421818100000,,,,,Unfound
,,,,,,,1012952261177,,,,,Unfound
,,,,,,,1100005437373,,,,,Unfound
,,,,,,,1717375645005,,,,,Unfound
,,,,,,,2200021517283,,,,,Unfound
,,,,,,,1717375645102,,,,,Unfound
,,,,,,,1200020760793,,,,,Unfound
,,,,,,,2000051445621,,,,,Unfound
,,,,,,,1900001114741,,,,,Unfound
,,,,,,,2000027422887,,,,,Unfound
,,,,,,,2370611410816,,,,,Unfound
,,,,,,,1160001301630,,,,,Unfound
,,,,,,,1100005450027,,,,,Unfound
,,,,,,,2200014722811,,,,,Unfound
,,,,,,,49884910,,,,49884910,Unfound
,,,,,,,54145010,,,,27,Unfound
,,,,,,,1800060223909,,,,,Unfound
,,,,,,,58292504,,,,17943,Unfound
,,,,,,,2300000835323,,,,,Unfound
,,,,,,,58292403,,,,24619,Unfound
,,,,,,,1170000432862,,,,,Unfound
,,,,,,,1100013702668,,,,,Unfound
,,,,,,,1409309,,,,825771,Unfound
,,,,,,,9374841901,,,,,Unfound
,,,,,,,1100013702677,,,,,Unfound
,,,,,,,2000022617849,,,,,Unfound
,,,,,,,1012569790260,,,,,Unfound
,,,,,,,2200042956734,,,,,Unfound
,,,,,,,1900037067879,,,,,Unfound
,,,,,,,4006947003,,,,3006,Unfound
,,,,,,,1518420506,,,,29455,Unfound
,,,,,,,68674210.0,,,,68674210.0,Unfound
,,,,,,,1418410000000,,,,,Unfound
,,,,,,,545839101,,,,23637,Unfound
,,,,,,,1100013160271,,,,,Unfound
,,,,,,,1800015173051,,,,,Unfound
,,,,,,,1100005445782,,,,,Unfound
,,,,,,,1012793351643,,,,,Unfound
,,,,,,,1100013216710,,,,,Unfound
,,,,,,,1900026265421,,,,,Unfound
,,,,,,,1013035736225,,,,,Unfound
,,,,,,,1558311301,,,,54137,Unfound
,,,,,,,1591121478889,,,,,Unfound
,,,,,,,64144003,,,,325,Unfound
,,,,,,,1610013601843,,,,,Unfound
,,,,,,,2469496206,,,,24093,Unfound
,,,,,,,1300012846330,,,,,Unfound
,,,,,,,1846447803,,,,65560,Unfound
,,,,,,,4225095010,,,,,Unfound
,,,,,,,2200014143637,,,,,Unfound
,,,,,,,2200014143655,,,,,Unfound
,,,,,,,1012836743670,,,,,Unfound
,,,,,,,1610010687156,,,,,Unfound
,,,,,,,1100003618901,,,,,Unfound
,,,,,,,1610001183906,,,,,Unfound
,,,,,,,9343042308,,,,44,Unfound
,,,,,,,1591022318132,,,,,Unfound
,,,,,,,1410920000000,,,,,Unfound
,,,,,,,1100005459410,,,,,Unfound
,,,,,,,1643183002,,,,,Unfound
,,,,,,,3380327004,,,,4462,Unfound
,,,,,,,1200010014243,,,,,Unfound
,,,,,,,2434896504,,,,32761,Unfound
,,,,,,,3901960407,,,,4077,Unfound
,,,,,,,1900031078086,,,,,Unfound
,,,,,,,1580000908699,,,,,Unfound
,,,,,,,2434884609,,,,50685,Unfound
,,,,,,,1100005454564,,,,,Unfound
,,,,,,,684944405,,,,37367,Unfound
,,,,,,,1200010016783,,,,,Unfound
,,,,,,,1429211000000,,,,,Unfound
,,,,,,,1100005452549,,,,,Unfound
,,,,,,,1300009820838,,,,,Unfound
,,,,,,,52161705,,,,37740,Unfound
,,,,,,,1012770000000,,,,,Unfound
,,,,,,,1100025330507,,,,,Unfound
,,,,,,,602823401,,,,14870,Unfound
,,,,,,,1000283305,,,,146,Unfound
,,,,,,,1700051173354,,,,,Unfound
,,,,,,,9323939108,,,,,Unfound
,,,,,,,1057753203,,,,6446,Unfound
,,,,,,,2332807042810,,,,,Unfound
,,,,,,,1416623710001,,,,,Unfound
,,,,,,,1200051834988,,,,,Unfound
,,,,,,,2370140001119,,,,,Unfound
,,,,,,,2000011908214,,,,,Unfound
,,,,,,,1716702835103,,,,,Unfound
,,,,,,,1413836840008,,,,,Unfound
,,,,,,,1012930000000,,,,,Unfound
,,,,,,,73283400,,,,93374,Unfound
,,,,,,,1012649155676,,,,,Unfound
,,,,,,,1610000609540,,,,,Unfound
,,,,,,,1413122612009,,,,,Unfound
,,,,,,,1283436102,,,,,Unfound
,,,,,,,1300011103396,,,,,Unfound
,,,,,,,1200022280131,,,,,Unfound
,,,,,,,1030056308606,,,,,Unfound
,,,,,,,1200022280122,,,,,Unfound
,,,,,,,1900020000000,,,,,Unfound
,,,,,,,1200022280140,,,,,Unfound
,,,,,,,1900025271498,,,,,Unfound
,,,,,,,1012779146386,,,,,Unfound
,,,,,,,2390000062573,,,,,Unfound
,,,,,,,1716046380206,,,,,Unfound
,,,,,,,571438406,,,,5142,Unfound
,,,,,,,1415705921007,,,,,Unfound
,,,,,,,71324501,,,,105581,Unfound
,,,,,,,2199994292831,,,,,Unfound
,,,,,,,1411567902001,,,,,Unfound
,,,,,,,1012758042965,,,,,Unfound
,,,,,,,2200018081807,,,,,Unfound
,,,,,,,1012859005603,,,,,Unfound
,,,,,,,1612076707,,,,21910,Unfound
,,,,,,,1411467902006,,,,,Unfound
,,,,,,,1012530552721,,,,,Unfound
,,,,,,,74281300,,,,99617,Unfound
,,,,,,,1012753890316,,,,,Unfound
,,,,,,,1410334513000,,,,,Unfound
,,,,,,,1610002687709,,,,,Unfound
,,,,,,,9154262409,,,,12655,Unfound
,,,,,,,1100007295365,,,,,Unfound
,,,,,,,1012904802973,,,,,Unfound
,,,,,,,1507820000000,,,,,Unfound
,,,,,,,3357134807,,,,,Unfound
,,,,,,,1411129620002,,,,,Unfound
,,,,,,,1800017883696,,,,,Unfound
,,,,,,,2390000113740,,,,,Unfound
,,,,,,,60763606,,,,114165,Unfound
,,,,,,,5076484803,,,,27401,Unfound
,,,,,,,3357134908,,,,,Unfound
,,,,,,,2199989673497,,,,,Unfound
,,,,,,,2363785689117,,,,,Unfound
,,,,,,,1800027919560,,,,,Unfound
,,,,,,,8913324907,,,,52974,Unfound
,,,,,,,1800027919550,,,,,Unfound
,,,,,,,1700052075480,,,,,Unfound
,,,,,,,8898271205,,,,8898271205,Unfound
,,,,,,,1900035243187,,,,,Unfound
,,,,,,,2200021323559,,,,,Unfound
,,,,,,,8822734000.0,,,,8822734000.0,Unfound
,,,,,,,1475580700,,,,4861,Unfound
,,,,,,,1108037001,,,,11912,Unfound
,,,,,,,1714256093619,,,,,Unfound
,,,,,,,8856948900.0,,,,8856948900.0,Unfound
,,,,,,,1012372122280,,,,,Unfound
,,,,,,,2000020547190,,,,,Unfound
,,,,,,,1711873706600,,,,,Unfound
,,,,,,,58580307,,,,58580307,Unfound
,,,,,,,2200012737383,,,,,Unfound
,,,,,,,1916834507,,,,1916834507,Unfound
,,,,,,,1715421395203,,,,,Unfound
,,,,,,,2000025876264,,,,,Unfound
,,,,,,,2380002425768,,,,,Unfound
,,,,,,,1596413301,,,,1596413301,Unfound
,,,,,,,1800015936404,,,,,Unfound
,,,,,,,1596760008,,,,5225,Unfound
,,,,,,,2248253002,,,,,Unfound
,,,,,,,1610023864240,,,,,Unfound
,,,,,,,9130624710,,,,26133,Unfound
,,,,,,,3020868306,,,,19378,Unfound
,,,,,,,9156858902,,,,9156858902,Unfound
,,,,,,,1591054397420,,,,,Unfound
,,,,,,,1300013497270,,,,,Unfound
,,,,,,,2200021233027,,,,,Unfound
,,,,,,,8912151504,,,,1171,Unfound
,,,,,,,1200027266600,,,,,Unfound
,,,,,,,2199995585453,,,,,Unfound
,,,,,,,1200027266610,,,,,Unfound
,,,,,,,4175595110,,,,4175595110,Unfound
,,,,,,,1591053734141,,,,,Unfound
,,,,,,,5006644902,,,,5006644902,Unfound
,,,,,,,1412786721008,,,,,Unfound
,,,,,,,1200036868027,,,,,Unfound
,,,,,,,8816764809,,,,70755,Unfound
,,,,,,,1100009712920,,,,,Unfound
,,,,,,,2200021042775,,,,,Unfound
,,,,,,,8827845809,,,,8827845809,Unfound
,,,,,,,1200061452288,,,,,Unfound
,,,,,,,1300013820245,,,,,Unfound
,,,,,,,77600305,,,,77600305,Unfound
,,,,,,,1555227701,,,,264511,Unfound
,,,,,,,1300013148325,,,,,Unfound
,,,,,,,5011130604,,,,,Unfound
,,,,,,,1610004347550,,,,,Unfound
,,,,,,,2099791209,,,,29173,Unfound
,,,,,,,1100021432297,,,,,Unfound
,,,,,,,2099791310,,,,13,Unfound
,,,,,,,1200039797957,,,,,Unfound
,,,,,,,1900030000000,,,,,Unfound
,,,,,,,1050000555168,,,,,Unfound
,,,,,,,2200032187869,,,,,Unfound
,,,,,,,2200014351880,,,,,Unfound
,,,,,,,8833553703,,,,8833553703,Unfound
,,,,,,,2200040522506,,,,,Unfound
,,,,,,,8903993204,,,,133948,Unfound
,,,,,,,1100021515758,,,,,Unfound
,,,,,,,2200042070449,,,,,Unfound
,,,,,,,1800030460371,,,,,Unfound
,,,,,,,2000013084371,,,,,Unfound
,,,,,,,1610004349370,,,,,Unfound
,,,,,,,2200021231891,,,,,Unfound
,,,,,,,1100000606693,,,,,Unfound
,,,,,,,1044783808,,,,5177,Unfound
,,,,,,,1012390000000,,,,,Unfound
,,,,,,,550104808,,,,550104808,Unfound
,,,,,,,2200041759537,,,,,Unfound
,,,,,,,2000019694513,,,,,Unfound
,,,,,,,1012700000000,,,,,Unfound
,,,,,,,1012859751720,,,,,Unfound
,,,,,,,3092478009,,,,11993,Unfound
,,,,,,,1591145526459,,,,,Unfound
,,,,,,,2372826123219,,,,,Unfound
,,,,,,,1012790865803,,,,,Unfound
,,,,,,,1100021371174,,,,,Unfound
,,,,,,,2203722500.0,,,,2203722500.0,Unfound
,,,,,,,9304286407,,,,12307,Unfound
,,,,,,,1200039797975,,,,,Unfound
,,,,,,,1100009043542,,,,,Unfound
,,,,,,,1610004602051,,,,,Unfound
,,,,,,,8824854200.0,,,,8824854200.0,Unfound
,,,,,,,2000019756719,,,,,Unfound
,,,,,,,2200014351890,,,,,Unfound
,,,,,,,2958458009,,,,1,Unfound
,,,,,,,1100015845075,,,,,Unfound
,,,,,,,1418380000000,,,,,Unfound
,,,,,,,1100023872205,,,,,Unfound
,,,,,,,1012957477110,,,,,Unfound
,,,,,,,8813302003,,,,6018,Unfound
,,,,,,,9107322801,,,,58670,Unfound
,,,,,,,2964366607,,,,53429,Unfound
,,,,,,,2315761381716,,,,,Unfound
,,,,,,,1610001993143,,,,,Unfound
,,,,,,,695763603,,,,695763603,Unfound
,,,,,,,2000013940655,,,,,Unfound
,,,,,,,9141154800.0,,,,9141154800.0,Unfound
,,,,,,,8862616400,,,,8862616400,Unfound
,,,,,,,2000024250230,,,,,Unfound
,,,,,,,2200014221940,,,,,Unfound
,,,,,,,8862616108,,,,12676,Unfound
,,,,,,,1300012787330,,,,,Unfound
,,,,,,,8862615510,,,,25014,Unfound
,,,,,,,67828307,,,,45623,Unfound
,,,,,,,2212342805,,,,1,Unfound
,,,,,,,8862616703,,,,12573,Unfound
,,,,,,,1900037276626,,,,,Unfound
,,,,,,,2713959607,,,,12655,Unfound
,,,,,,,2316054901815,,,,,Unfound
,,,,,,,1282905802,,,,1282905802,Unfound
,,,,,,,1640000408818,,,,,Unfound
,,,,,,,3260007202,,,,11146,Unfound
,,,,,,,1100016006633,,,,,Unfound
,,,,,,,1640000408809,,,,,Unfound
,,,,,,,68204307,,,,1,Unfound
,,,,,,,2980260605,,,,2980260605,Unfound
,,,,,,,2000026858832,,,,,Unfound
,,,,,,,2221066303,,,,2799,Unfound
,,,,,,,2000019694522,,,,,Unfound
,,,,,,,2000024320640,,,,,Unfound
,,,,,,,1100020920594,,,,,Unfound
,,,,,,,1012487925907,,,,,Unfound
,,,,,,,1507620000000,,,,,Unfound
,,,,,,,8928348504,,,,8928348504,Unfound
,,,,,,,2487918006,,,,28830,Unfound
,,,,,,,1012486999466,,,,,Unfound
,,,,,,,1800030693732,,,,,Unfound
,,,,,,,16200808,,,,1,Unfound
,,,,,,,17771206,,,,1,Unfound
,,,,,,,2221014104,,,,1,Unfound
,,,,,,,1610004111338,,,,,Unfound
,,,,,,,1900041312597,,,,,Unfound
,,,,,,,1340846010,,,,5048,Unfound
,,,,,,,632115302,,,,39431,Unfound
,,,,,,,2199995632388,,,,,Unfound
,,,,,,,3392175708,,,,,Unfound
,,,,,,,2719778701,,,,23128,Unfound
,,,,,,,8852422605,,,,3799,Unfound
,,,,,,,2000009002330,,,,,Unfound
,,,,,,,2200013482100,,,,,Unfound
,,,,,,,1591051703425,,,,,Unfound
,,,,,,,9394679605,,,,107125,Unfound
,,,,,,,1100050224053,,,,,Unfound
,,,,,,,3411100910,,,,3411100910,Unfound
,,,,,,,1100002658727,,,,,Unfound
,,,,,,,1610028439679,,,,,Unfound
,,,,,,,1012839824987,,,,,Unfound
,,,,,,,1800029656954,,,,,Unfound
,,,,,,,79494702,,,,90038,Unfound
,,,,,,,17778209,,,,17778209,Unfound
,,,,,,,1713630000000,,,,,Unfound
,,,,,,,2519760802,,,,2519760802,Unfound
,,,,,,,3037600507,,,,3037600507,Unfound
,,,,,,,2161888509,,,,30059,Unfound
,,,,,,,2332522725715,,,,,Unfound
,,,,,,,1610004110005,,,,,Unfound
,,,,,,,2200030014116,,,,,Unfound
,,,,,,,1415449022000,,,,,Unfound
,,,,,,,1900020421779,,,,,Unfound
,,,,,,,8938532301,,,,10810,Unfound
,,,,,,,51656200,,,,3133,Unfound
,,,,,,,9081183207,,,,9081183207,Unfound
,,,,,,,2000021825577,,,,,Unfound
,,,,,,,1411346691006,,,,,Unfound
,,,,,,,2436977503,,,,9236,Unfound
,,,,,,,2200013607550,,,,,Unfound
,,,,,,,2200042177618,,,,,Unfound
,,,,,,,1418992701007,,,,,Unfound
,,,,,,,54680010,,,,52121,Unfound
,,,,,,,9314740207,,,,4063,Unfound
,,,,,,,1610020000000,,,,,Unfound
,,,,,,,4203079102,,,,37134,Unfound
,,,,,,,587977204,,,,6397,Unfound
,,,,,,,1610030186396,,,,,Unfound
,,,,,,,1900034191750,,,,,Unfound
,,,,,,,1412372670006,,,,,Unfound
,,,,,,,9306191810,,,,30680,Unfound
,,,,,,,2364480301319,,,,,Unfound
,,,,,,,1414487712001,,,,,Unfound
,,,,,,,2000054961600,,,,,Unfound
,,,,,,,1900007014476,,,,,Unfound
,,,,,,,1200010190560,,,,,Unfound
,,,,,,,2199993690857,,,,,Unfound
,,,,,,,1713550000000,,,,,Unfound
,,,,,,,2331592005918,,,,,Unfound
,,,,,,,2000013358111,,,,,Unfound
,,,,,,,1200010198212,,,,,Unfound
,,,,,,,1160001002459,,,,,Unfound
,,,,,,,1722054224200,,,,,Unfound
,,,,,,,2532381400.0,,,,2532381400.0,Unfound
,,,,,,,1100021773840,,,,,Unfound
,,,,,,,2200030023820,,,,,Unfound
,,,,,,,71438707,,,,49851,Unfound
,,,,,,,1610002767364,,,,,Unfound
,,,,,,,2000012441498,,,,,Unfound
,,,,,,,1012948322650,,,,,Unfound
,,,,,,,1900043015173,,,,,Unfound
,,,,,,,2000020049896,,,,,Unfound
,,,,,,,2320282490615,,,,,Unfound
,,,,,,,9169140000,,,,,Unfound
,,,,,,,1610019544465,,,,,Unfound
,,,,,,,1100024796098,,,,,Unfound
,,,,,,,2000015461822,,,,,Unfound
,,,,,,,1418435360009,,,,,Unfound
,,,,,,,2324983670510,,,,,Unfound
,,,,,,,9089427306,,,,8551,Unfound
,,,,,,,1840846405,,,,37304,Unfound
,,,,,,,55085304,,,,55085304,Unfound
,,,,,,,61450208,,,,1,Unfound
,,,,,,,1100014753060,,,,,Unfound
,,,,,,,1592001146300,,,,,Unfound
,,,,,,,1453631601,,,,11240,Unfound
,,,,,,,1610029924276,,,,,Unfound
,,,,,,,1200035132512,,,,,Unfound
,,,,,,,586354802,,,,55648,Unfound
,,,,,,,1591045518709,,,,,Unfound
,,,,,,,2199994676738,,,,,Unfound
,,,,,,,9095417109,,,,7015,Unfound
,,,,,,,1592001146295,,,,,Unfound
,,,,,,,2200041371520,,,,,Unfound
,,,,,,,8882947301,,,,8882947301,Unfound
,,,,,,,1482824401,,,,15421,Unfound
,,,,,,,2200012211611,,,,,Unfound
,,,,,,,1411071771007,,,,,Unfound
,,,,,,,1429070000000,,,,,Unfound
,,,,,,,1012842964719,,,,,Unfound
,,,,,,,1200062507593,,,,,Unfound
,,,,,,,1100014651400,,,,,Unfound
,,,,,,,1412249102003,,,,,Unfound
,,,,,,,1800022580731,,,,,Unfound
,,,,,,,1610030657945,,,,,Unfound
,,,,,,,9167507008,,,,9167507008,Unfound
,,,,,,,1416967091005,,,,,Unfound
,,,,,,,2000024577444,,,,,Unfound
,,,,,,,2000009407733,,,,,Unfound
,,,,,,,65971504,,,,,Unfound
,,,,,,,1300000964675,,,,,Unfound
,,,,,,,2200012366937,,,,,Unfound
,,,,,,,2336310917723,,,,,Unfound
,,,,,,,2200012367035,,,,,Unfound
,,,,,,,1200033682693,,,,,Unfound
,,,,,,,2200041675310,,,,,Unfound
,,,,,,,1700051427862,,,,,Unfound
,,,,,,,1620001578670,,,,,Unfound
,,,,,,,1800035272519,,,,,Unfound
,,,,,,,1339715001,,,,3431,Unfound
,,,,,,,1900013177030,,,,,Unfound
,,,,,,,2721553305,,,,14053,Unfound
,,,,,,,2333061072722,,,,,Unfound
,,,,,,,9168774407,,,,14380,Unfound
,,,,,,,2196439905,,,,6762,Unfound
,,,,,,,2000004506068,,,,,Unfound
,,,,,,,2000052728050,,,,,Unfound
,,,,,,,1900022064101,,,,,Unfound
,,,,,,,1900021015308,,,,,Unfound
,,,,,,,1717293465405,,,,,Unfound
,,,,,,,1012747115890,,,,,Unfound
,,,,,,,2770728407,,,,1510,Unfound
,,,,,,,9348235401,,,,18726,Unfound
