Site Building Name,Site Street No,Site Street 1,Site Street 2,Site Town,Site Postcode,MPAN Topline,Meter Number,Usage,Proposed Start Date,Energization Status,Annualised AQ
Leigh County Court,22,Walmesley Road,,Leigh,WN7 1YE,03801014,1610009040211,5437,20/6/2026,E,
Shenleybury House,,Black Lion Hill,,Radlett,WD7 9DE,203978609,203978609,41609,2/11/2025,,
The Cottage Inn,26,Broad Lane,,Reading,RG7 6QJ,,2000011413462,12231,7/6/2027,1,
First Floor; Drivertime,18,Bark Street East,,Bolton,BL1 2BQ,,1610029984530,2017,9/5/2026,1,
Ground Floor,14,Albert Road,,Bournemouth,BH1 1BZ,03801H01,2000021018597,1927,2/11/2025,E,
The Jolly Brewer,27,Broadgate,,LINCOLN,LN2 5AQ,,1100002347540,46585,1/9/2029,1,
,18,The Lea,,STOKE-ON-TRENT,ST4 8DY,04807N13,1419758420008,17731,2/8/2026,E,
Unit 9,Rear of 77,Nuxley Road,,Belvedere,DA17 5JU,65653310,65653310,11,2/11/2025,,
,448,Lichfield Road,,Sutton Coldfield,B74 4EP,,1417259231007,15967,2/11/2025,1,
,148,High Street,,BERKHAMSTED,HP4 3AT,03801202,1012960393055,6857,10/5/2026,E,
,,Stockton Road,,SUNDERLAND,SR2 0LS,15490603,15490603,301006,1/4/2031,,
,33-35,Sawmills Road,,DISS,IP22 4GG,,1050000336863,1984,10/5/2026,1,
,31,BUCKINGHAM STREET,,AYLESBURY,HP20 2LA,,1012458500162,44492,2/11/2025,E,
Landlords Supply 1,70,Commercial Street,,Scarborough,YO12 5EW,,1580000765444,621,2/11/2025,1,
,41,St Johns Hill,,Shrewsbury,SY1 1JQ,,1416471200005,6240,10/5/2027,E,
,230,Smithycroft Road,,Glasgow,G33 2QZ,03826D03,1800026192985,11169,2/11/2025,E,
,208,Watford Road,,Rickmansworth,WD3 3DD,04807203,1012424558830,14594,10/5/2027,E,
"Unit 1, Penny Corner",,Farthing Road,,IPSWICH,IP1 5AP,,1012890653378,,19/8/2028,1,
Burtons Farm,,Barling Road,,Southend -On -Sea,SS3 0LZ,,1012608273635,4247,24/4/2026,1,
THE CORNER HOUSE,67,JERVISTON STREET,,MOTHERWELL,ML1 4JJ,,1800018589333,12594,24/3/2027,1,
"UNIT 9,",,DARTS BUSINESS PARK,,CLYST ST GEORGE,EX3 0QH,,2200043382978,,,1,
,,Chester Hall Lane,,BASILDON,SS14 3BG,9088112702,9088112702,309879,6/5/2028,,
Wishaw Golf Club,,Bulls Lane,,Sutton Coldfield,B76 9QW,,1460001879039,,29/5/2026,1,
K9,,"Upper Level, White Rose Shopping Centre",,LEEDS,LS11 8LU,,2380000901508,22834,1/3/2026,1,
CC VILLAGE HALL,,RAVINE ROAD,,POOLE,BH13 7HT,3902644806,3902644806,27791,21/2/2028,,
29/30,,Roman Way,,Birmingham,B46 1HQ,05034N33,1429454100009,13841,2/11/2025,E,
,37,"Forbes Buildings, Linthorpe Road",,MIDDLESBROUGH,TS1 4AW,0380102A,1591050479780,4912,13/5/2027,E,
267A,,Acklam Road,,Middlesbrough,TS5 7BP,0090002D,1591056592598,,13/5/2026,E,
,,,,Brierley Hill,DY5 1QA,,1470000169351,,,1,
Unit 7,,Venture Court,,WISBECH,PE13 2XQ,03801202,1023496723878,3384,13/5/2027,E,
,9,Cardigan Fields Road,,LEEDS,LS4 2DG,0084505A,2380002221877,,1/3/2026,E,
,26,Market Square,,Cambridgeshire,PE19 2AF,,1012442840612,7090,13/5/2027,1,
Leveness Solicitors,235-239,Ashley House,,London,N22 8HF,,1013087488988,,1/3/2028,1,
,26,Market Square,,Huntingdon,PE19 2AF,,1012442840844,12743,13/5/2027,E,
,9,Southview,,Derby,DE23 6FP,5069831908,5069831908,8239,26/9/2027,,
Synergy Property Group,,Butts Lane,,Royston,SG8 7SL,00845073,1050001086537,,1/3/2028,E,
Indus Restaurant,688,Attercliffe Road,,Sheffield,S9 3RP,0380102A,2334551287919,25625,6/9/2027,E,
Unit 12,,"Central City Industrial Estate, Red Lane",,COVENTRY,CV6 5EQ,04830N13,1100023724428,14693,1/3/2027,E,
,37,Woodfield Road,,Blackpool,FY1 6AX,1547672210,1547672210,24488,7/8/2026,,
,451-459,Stratford Road,,Birmingham,B11 4LD,03801N14,1415876711003,51444,14/5/2027,E,
,,U 43 Second Drove Ind Est,,Peterborough,PE1 5XA,04874201,1012881056852,900,14/5/2026,E,
,,Tuthill,,Lydney,GL15 5PA,03801N14,1416689912000,31828,31/3/2028,E,
,4,The Parade,,London,OX5 1EE,03801H02,2000008318125,4110,17/5/2027,E,
Unit 1,,Nunn Close,,Sutton-in-Ashfield,NG17 2HW,,1100003950870,12563,15/5/2026,1,
Unit 2,,Nunn Close,,Sutton-in-Ashfield,NG17 2HW,,1100003950880,,15/5/2026,1,
,,Westfield Lane,,Doncaster,DN5 7HS,0380102D,2332219360726,48917,5/2/2026,E,
Land/Lords Heating(Only),37,Eaton Place,,London,SW1X 8BX,,1200026500193,,,1,
Empire House,19,Church Street,,Preston,PR1 3BA,9187327007,9187327007,119401,6/2/2028,,
Talbot Hotel,,Bridge Foot,,Derbyshire,DE56 2UA,,1100008868741,50542,2/3/2027,E,
,19,Hillside Road,,Bury St. Edmunds,IP32 7EA,03801201,1030016613590,2548,2/3/2026,E,
OCTOGAN TRAINING PLY LIMITED,13,Southside Street,,Devon,PL1 2JN,,2200010298648,,2/11/2025,1,
,329,Penn Road,,WOLVERHAMPTON,WV4 5QF,03801N14,1428639000001,,23/6/2028,E,
Unit 12,,Newton Court,,Wolverhampton,WV9 5HB,00900N13,1410797213000,,28/1/2026,E,
,25,Queen Street,,NEWCASTLE UPON TYNE,NE1 3UG,0480702B,1591057945159,,16/5/2026,E,
Unit 6,,Chalex Industrial Estate,,Brighton,BN42 4NH,,1900090347897,1767,2/3/2027,1,
,82,High Street,,Stoke On Trent,ST8 6AS,04811N12,1416791830009,3613,2/3/2027,E,
,,The Works,,Much Wenlock,TF13 6DQ,00900N13,1419422103000,,2/3/2026,E,
Unit 21,,Weybourne Road,,Sheringham,NR26 8AF,,1012733577863,6439,16/5/2027,1,
,96,High Street,,Dudley,DY1 1QP,03801007,1419078201009,9171,1/4/2026,E,
Unit 7-8,,Brinell Way,,Great Yarmouth,NR31 0LU,03801201,1012671806766,360,17/12/2026,E,
Unit 8,,Greenway,,Caerphilly,CF83 8DW,00845300,2100041190543,,13/8/2026,E,
,121,High Road,,Benfleet,SS7 5LN,,1012596532593,,18/6/2027,E,
,2,Baxter Gate,,Loughborough,LE11 1TG,03801013,1100013176866,575,29/10/2026,E,
,41,High Street,,Baldock,SG7 5NP,03801203,1012811828465,14801,3/3/2026,E,
,,Car Sales Site,,Diss,IP22 4GG,03801202,1050000035772,7224,17/5/2026,E,
TOWN & COUNTRY,Unit 2,Bardon Hill,,COALVILLE,LE67 1TE,00845060,1100039674745,,4/3/2026,E,
,138-140,Sussex Gardens,,London,W2 1UB,62230805,62230805,214456,1/12/2027,,
44,,ST. MATTHEWS STREET,,IPSWICH,IP1 3EP,04812202,1012894025171,3623,4/3/2026,E,
,42,HIGH STREET,,OAKHAM,LE15 6AL,,1100001740920,,20/5/2026,1,
Unit 44,,Station Road,,Birmingham,B46 1JT,03801N12,1416253741000,11389,15/10/2026,E,
,42,High Street,,OAKHAM,LE15 6AL,,1100001740939,197,20/5/2026,1,
,,Hamburg Way,,KING'S LYNN,PE30 2ND,9122144408,9122144408,0,26/10/2028,,
,42,Kenilworth Drive,,Leicester,LE2 5LG,00845L02,1100039366968,,9/4/2026,E,
,,16-18 Midland Street,,Manchester,M12 6LB,8813296910,8813296910,16909,4/2/2027,,
GRILL IN THE PARK,15,Canal Street,,Renfrewshire,PA1 2HD,00900D03,1800035235020,,2/11/2025,E,
,795,Great Cambridge Rd,,Enfield,EN1 3PN,,1013040824511,9615,18/7/2026,1,
,15,Ashcroft Road,,Liverpool,L33 7TW,00845G01,1300035371458,,1/4/2026,E,
,143,Main Road,,JOHNSTONE,PA5 9ES,03801D02,1800028353786,7586,1/1/2027,E,
Unit 5-6,,Heron Avenue,,Wickford,SS11 8DL,00845071,1014569393700,,17/4/2028,E,
,86,TOOTING HIGH STREET,,LONDON,SW17 0RN,03801202,1200039894303,51176,15/12/2025,E,
,27,Bond Street,,London,W5 5AS,03801H02,2000000184721,17443,20/1/2027,E,
,3,Grange Road,,Wirral,CH48 4DY,04009D02,1300007462877,21159,7/5/2026,E,
White Hart,,Thaxted Road,,SAFFRON WALDEN,CB10 2UZ,04139202,1012788425967,47,1/4/2026,E,
,,,,Lincoln,LN6 3JZ,03801013,1100002419682,,2/11/2025,E,
,264 B,ROUNDHAY ROAD,,LEEDS,LS8 5RL,03800999,2380002551676,,2/11/2025,D,
,Unit 2,EAGLE INDUSTRIAL ESTATE,,Leeds,LS9 7QL,0084505B,2346531190112,,3/6/2027,E,
Unit 2,,Torre Road,,LEEDS,LS9 7QL,,2300000870071,,2/11/2025,1,
,,598-602 Hitchin Road,,Luton,LU2 7UG,00800201,1014569055609,,2/11/2025,D,
,614,Hitchin Road,,Luton,LU2 7UG,03807201,1012381943055,2,2/11/2025,E,
,70,Handsworth Wood Road,,Birmingham,B20 2DT,49926204,49926204,229670,12/2/2028,,
,18,Newtown,,Barnoldswick,BB18 5UQ,0487402D,2315852841510,32325,20/7/2026,E,
,,618A Hitchin Road,,Luton,LU2 7UG,03800202,1012381944208,,2/11/2025,D,
Unit 9,,Gibbons Industrial Park,,Kingswinford,DY6 8XG,2024002,2024002,327518,1/10/2027,,
,24,Chaul End Lane,,Luton,LU4 8EZ,03801202,1050002193531,5181,14/7/2027,E,
Shop 1,2,Leagrave Road,,Luton,LU4 8HZ,03801201,1023545696070,7580,31/5/2027,E,
,265,"Red Head Salon, Chillingham Road",,Newcastle Upon Tyne,NE6 5LL,0084502A,1591014403795,,22/2/2026,E,
,60,Church Street,,Bilston,WV14 0AX,03801N12,1412995570000,9539,14/12/2025,E,
,UNIT 17,Foundry Lane,,Newcastle Upon Tyne,NE6 1LH,0380102B,1591050579341,6424,2/11/2025,E,
,65,Llanrumney Avenue,,Cardiff,CF3 4DN,03801N12,2100040885867,5254,7/12/2025,E,
,554,Hagley Road West,,Oldbury,B68 0BS,00900N13,1421467000008,,8/7/2027,E,
READ CRICKET & BOWLING CLUB,,Whalley Road,,Burnley,BB12 7PN,03801204,1610014187079,20871,1/9/2026,E,
,Unit 18,Foundry Lane,,NEWCASTLE UPON TYNE,NE6 1LH,0380102B,1591055325524,5233,2/11/2025,E,
,,51A Wimpson Lane,,Southampton,SO16 4QF,,2000022697677,12396,21/12/2027,1,
,16,Leagrave Road,,Luton,LU4 8HZ,,1012372516732,,2/11/2025,1,
,56,Leagrave Road,,LUTON,LU4 8HZ,04807203,1012372528231,,2/11/2025,E,
,,15a New Road,,Linslade,LU7 2LS,04807203,1012387490192,,2/11/2025,D,
,,Cherrycourt Way,,Leighton Buzzard,LU7 4UH,00900203,1014571075925,,2/11/2025,E,
Whitesides Buthchers,5,Market Street,,Colne,BB8 0LJ,03801024,1610014489242,17768,23/1/2026,E,
UNIT 7/8,,RELIANCE ENTERPRISE PARK,,MANCHESTER,M40 3AL,04811024,1610018253414,10074,2/7/2026,E,
19-21,,West House,,Surrey,GU27 2AB,03800H07,2000016788620,,2/11/2025,D,
,,"Woodworking Shed,Hazel Bank",,Burton-on-Trent,DE13 8PJ,00845127,1421734000000,,7/5/2026,E,
,,15a Wigwam Lane,,Nottingham,NG15 7TA,,1100005196139,14056,23/7/2026,1,
Unit B4 Imex Enterprise Park,,Wigwam Road,,Nottingham,NG15 7TA,04830N12,1100005188731,4192,2/11/2025,E,
POOL HOUSE,,,,RADLETT,WD7 9AE,9133342210,9133342210,212226,22/6/2027,,
Imex Enterprise Park,,"Unit G1,",,Nottingham,NG15 7SZ,03801013,1100051039990,7380,22/10/2027,E,
The Shop,75,Annesley Road,,Nottingham,NG15 7DR,03800013,1100006300252,,2/11/2025,D,
,81,Annesley Road,,Nottingham,NG15 7DR,,1100006300322,2923,2/11/2025,1,
,6,Redcross Way,,London,SE1 9HR,03801202,1200025369396,35504,14/10/2026,E,
,16,Church Lane,,Nottingham,NG16 5AB,03801013,1100007938510,,2/11/2025,D,
Suite 2C Langford House,40,Friar Lane,,Nottingham,NG1 6DZ,,1100007343726,,2/11/2025,1,
,168,Plashet Road,,London,E13 0QT,03801202,1200033948734,28236,2/11/2025,D,
,5A,Thurlow Street,,Bedford,MK40 1LR,03136202,1012346308234,13653,2/11/2025,E,
,8,Lansdowne Road,,Bedford,MK40 2BU,03801202,1012351990150,4219,2/11/2025,D,
,73,Harpur Street,,Bedford,MK40 2SR,03800202,1012345822930,,2/11/2025,D,
1B,,Caxton Road,,Bedfordshire,MK41 0EH,00900204,1023527367699,,9/7/2026,E,
,53,Brunel Road,,Bedford,MK41 9TJ,03801201,1012358779062,16724,2/11/2025,D,
,55,Brunel Road,,Bedford,MK41 9TJ,03801201,1012358779294,291,8/1/2026,E,
,3,Low Street,,Sutton-In-Ashfield,NG17 1DH,04830N14,1100003892615,50288,2/11/2025,E,
Unit 9,,Prospect Court,,Sutton-In-Ashfield,NG17 2HW,04811037,1100004141705,452,2/11/2025,E,
Moore's Bakery Ltd,6,Jubilee Road,,Doncaster,DN1 2UF,0084505A,2336592525516,,19/3/2026,E,
Waste Disposal,,Sidings Road,,Nottingham,NG17 7JZ,03801N12,1100004232725,2966,18/4/2027,E,
Lower Hall,,Meifod,,Powys,SY22 6HR,00845G01,1300012622684,,13/2/2026,E,
,14,Bridge Street,,Mansfield,NG18 1AN,03800013,1100004313204,,2/11/2025,D,
Manor House,,Arksey Lane,,Doncaster,DN5 7TR,,2334967460914,52835,15/6/2026,1,
Park Club Institute,,Gurth Avenue,,Doncaster,DN3 2LP,0380102D,2331557331912,34779,30/4/2028,E,
Stewarts Jewellers,18,Regent Street,,Mansfield,NG18 1SS,04800037,1100004467298,,2/11/2025,D,
FRANK SMITH HOME ELECTRICAL CENTRE,4,Regent Street,,Mansfield,NG18 1SS,,1100004467163,12793,2/11/2025,1,
263 Iffley Road,263,Iffley Road,,Oxford,OX4 1SJ,,2000007934045,,,1,
East Midlands Electricity,,Ratcliffe Gate,,Mansfield,NG18 2PJ,03800013,1100003908897,,2/11/2025,D,
,8,Palace Gates Road,,London,N22 7BN,,1013073593539,4902,5/2/2028,E,
,1,Suffolk Street,,Stockton-on-Tees,TS18 4BA,0480702B,1591050038859,5526,27/9/2026,E,
,63,Ashley Road,,DORSET,BH14 9BT,03801H02,2000021404776,7920,5/2/2028,E,
Dolly-Annas,489,Bellhouse Road,,Sheffield,S5 0EP,0380102A,2332420814518,2002,19/2/2026,E,
,,Hall Drive,,Middlesbrough,TS5 7EZ,0481102B,1591021052392,22429,28/8/2027,E,
"BASE & SHOP, 98A, NORTH END ROAD",98A,North End Road,,LONDON,W14 9EX,03007201,1200030599581,,8/2/2028,E,
Landlords Supply Communal Area,187-189,Edgware Road,,London,NW9 6LP,03801201,1023536842080,759,8/2/2027,E,
,73,High Street,,Haverhill,CB9 8AN,,1012950807803,8292,13/6/2027,1,
,84,Regent Street,,Bristol,BS15 8HU,03801N12,2200017789075,22308,21/10/2026,E,
16,,Gardner Street,,Glasgow,G11 5NG,04025D02,1800032753808,9695,9/2/2026,E,
,11,Atherton Way,,Brigg,DN20 8AR,0380102D,2376551160219,31227,16/6/2026,E,
,214,Aigburth Road,,LIVERPOOL,L17 9PE,03801D01,1300002989360,2502,10/2/2028,E,
,111,Town Street,,MALTON,YO17 7HD,0090002D,1591012276497,,15/5/2028,E,
,,Plot 1,,Wisbech,PE13 4SD,03801202,1030048469743,6149,11/2/2028,E,
"LOG CABINS, KIOSK",,SOUTH FORK FARM,,WISBECH,PE13 4SD,00845072,1050002264945,,11/2/2028,E,
Unit A2,35,Brunel Road,,Bedfordshire,MK41 9TJ,03801203,1012358777455,15960,12/2/2026,E,
Old Post Office,1,Compton Road,,London,SW19 7QD,00845071,1200029044484,,12/2/2026,E,
,22,The Village,,London,SE7 8UD,65385300,65385300,40353,2/11/2025,,
,8,New Mills Road,,HIGH PEAK,SK22 1BT,,1600000044940,,16/3/2026,1,
5,,South Street,,East Sussex,BN25 1HP,,1900015315483,28980,2/11/2025,E,
Newsagents,25,Wellsfield,,Telford,TF7 5LY,04811N14,1413353700003,60963,15/2/2027,E,
,192,Robin Hood Lane,,Birmingham,B28 0LG,,1417488651000,10784,20/2/2027,1,
West Yorkshire,BRADFORD,United Kingdom,,Bradford,BD1 3BN,0481102B,2316110441916,7352,20/2/2028,E,
Gallaghers,37,York Road,,Northampton,NN1 5QH,04811N12,1100019768317,2602,20/2/2027,E,
,191,Edgware Road,,London,NW9 6LP,,1012843409070,43413,2/11/2025,1,
127,,MAIN STREET,,LOUGHBOROUGH,LE12 6PF,03801N12,1100007110969,10048,21/2/2028,E,
Unit 10A,,Crofty Industrial Estate,,SWANSEA,SA4 3RS,03801200,2100041636789,912,21/2/2028,E,
,143,Main Street,,BRADFORD,BD15 0AQ,,2311052345910,2563,21/2/2028,1,
,362,Portswood Road,,Southampton,SO17 3SB,03801H01,2000023214630,2951,22/2/2028,E,
,SITE A,SITE A WILTSHIRE ROAD,,Hull,HU4 6PA,0084505B,2360515120019,,22/2/2027,E,
,,27A Honiton Way,,Warrington,WA5 2EY,04044D02,1300005796535,7179,23/2/2028,E,
Unit 3,,Northway Lane,,Tewkesbury,GL20 8JG,03800007,1460001494272,,2/11/2025,D,
Glamping Site Brook Farm,,Littleworth Lane,,Oakham,LE15 9JZ,,1170001528552,,23/2/2027,1,
,,Unit 5 Green Lane,,Tewkesbury,GL20 8HD,00845L04,1414823181001,,24/7/2026,E,
,27,Queensway,,Stevenage,SG1 1DA,03136202,1012825174218,5622,23/2/2028,E,
J A House,,Manby Road By Pass,,Immingham,DN40 2DW,,2371047185010,,2/11/2025,1,
Witham Park House,,"Witham Park, Waterside South",,LINCOLN,LN5 7JN,,1100770472559,72370,2/11/2025,1,
,209,High Road,,LONDON,E18 2PA,04811203,1200040934407,10997,24/2/2027,E,
,46,Coombe Lane,,London,SW20 0LA,03801201,1200028366315,19373,24/2/2028,E,
,58,Belsize Lane,,LONDON,NW3 5AR,3287091400,3287091400,61030,15/8/2027,,
,,Moor Road,,Leeds,LS10 2JJ,,2346551890014,,20/4/2027,1,
,242,High Street,,CROYDON,CR0 1NF,,1900027111174,,,1,
The Surgery,265,Beverley Road,,Hull,HU5 2ST,53338701,53338701,114769,1/12/2027,,
,5,Albert Street,,BLYTH,NE24 1LZ,9111584100,9111584100,94974,11/2/2028,,
Elite Academy Of Performing A,4,Sandford Street,,Lichfield,WS13 6QA,03800007,1410335303000,,2/11/2025,D,
,6,Ash Hill Road,,Torquay,TQ1 3HZ,72240208,72240208,0,1/4/2017,,
,1,School St,,Wolverhampton,WV1 4LF,03800007,1411336303003,,2/11/2025,D,
,,14-15 Beauchamp Place,,London,SW3 1NQ,00845072,1200010251920,,19/9/2027,E,
,,5-6 Beach Terrace Road,,Hunstanton,PE36 5BQ,3059316510,3059316510,128876,1/11/2027,,
CARSEVIEW ROAD,,,,FORFAR,DD8 3BT,00845P82,1716740950550,,1/1/2028,E,
RETAIL UNIT 3,3,HARDMAN SQUARE,,MANCHESTER,M3 3EB,,1640000459440,305775,27/11/2027,1,
,7,Belgrave Square,,London,SW1X 8PH,49411103,49411103,232059,1/1/2027,,
,274,Malden Road,,NEW MALDEN,KT3 6AR,47259910,47259910,180456,10/8/2027,,
GROUND FLOOR,5/6,The Crescent,,Plymouth,PL1 3AB,03801110,2200010235675,15392,2/11/2025,D,
Unit 7,,Parkhead,,Co.Durham,DH9 7YB,0084505B,1591060642717,,1/1/2031,E,
CORNWALLIS NURSING HOME,,TREWIDDEN ROAD,,ST. IVES,TR26 2BX,8145303,8145303,358663,1/1/2028,,
,77,Regent Street,,Cambridge,CB2 1AW,04139201,1012801497554,25572,14/11/2026,E,
North View,12-13,Oxford Park,,Ilfracombe,EX34 9JS,11917200,11917200,,1/4/2029,,
The Villa,,Park Avenue,,TELFORD,TF7 5AE,59155207,59155207,321810,21/2/2026,,
,190,High Street,,ST. ALBANS,AL2 1JQ,69665001,69665001,93439,11/6/2028,,
UNDERWATER WORLD,,ROCK-A-NORE ROAD,,HASTINGS,TN34 3DW,9190753803,9190753803,67168,1/10/2026,,
,116,HIGH STREET,,London,E17 7JY,8927250504,8927250504,156176,2/11/2025,,
Portlethen Golf Club,,Badentoy Road,,Aberdeen,AB12 4YA,03094R69,1714376515204,82643,1/9/2026,E,
Kebab House,83,Milkstone Road,,Rochdale,OL11 1NT,75188910,75188910,262588,5/4/2027,,
,10,Gentlemens Field,,Ware,SG12 0EF,8820194904,8820194904,1,1/2/2026,,
Unit 7 & 8,,Ben Turner Industrial Estate,,CHICHESTER,PO19 7ET,03801H09,2000018784130,24953,1/1/2027,E,
,,Sawyers Hall Lane,,Brentwood,CM15 9BX,75695209,75695209,6076,21/7/2028,,
Drumfin Ltd,,Inchture Hotel,,Perth,PH14 9RN,00845S14,1717163083838,,1/2/2027,E,
,10,Royal Crescent,,WESTON-SUPER-MARE,BS23 2AX,8817499608,8817499608,116821,1/12/2026,,
UNIT L Trinity Trading Estate,,Tribune Drive,,SITTINGBOURNE,ME10 2PG,9151252009,9151252009,25016,18/3/2028,,
,5,St Saviours Road,,East Sussex,TN38 0AS,666721102,666721102,35816,2/11/2025,,
,63,Golders Green Road,,London,NW11 8EL,61529704,61529704,23148,6/4/2027,,
,293-295,High Street North,,LONDON,E12 6SL,9297326905,9297326905,4793,2/11/2025,,
,39,Market Square,,CREWKERNE,TA18 7LP,9357402,9357402,142544,1/10/2028,,
,7,Forbes Court,,Burnley,BB11 5UB,03800631,1610013935178,,2/11/2025,D,
,86-92,Stewarts Road,,LONDON,SW8 4UG,00845072,1200061675205,,18/5/2028,E,
First Floor Unit 4,,Minerva Business Park,,Peterborough,PE2 6FT,03800202,1012860573056,,2/11/2025,D,
,57,Winston Road,,Barry,CF62 9ST,04811N12,2100040376693,12172,30/4/2028,E,
,109,Prescot Road,,Liverpool 7,L7 0LA,04800D02,1300001968866,,2/11/2025,D,
,21,Prescot Road,,Liverpool,L7 0LA,03801D01,1300001968680,10256,2/11/2025,D,
,.,"Talbot Square, 8",,,W2 1TS,12793101,12793101,166909,1/10/2026,,
,9,Margaret Street,,West Midlands,B3 3BS,9461408,9461408,92781,31/3/2028,,
"5, Royal Parade",,Tilford Road,,Hindhead,GU26 6TD,,2000016271243,13057,9/7/2026,1,
Greenwich House,80,Union Street,,OLDHAM,OL1 1DJ,53741201,53741201,176104,30/3/2028,,
,Unit 1,Lysander Mews,,London,N19 3QP,03801201,1200042391890,3203,2/11/2025,E,
,16,CHELL STREET,,STOKE-ON-TRENT,ST1 6BA,03801007,1413462710003,47874,2/11/2025,D,
Unit B,,Avenue Two,,WITNEY,OX28 4YB,4004428103,4004428103,23562,3/7/2026,,
,14,Chell Street,,Stoke-on-Trent,ST1 6BA,,1470001435886,4689,2/11/2025,1,
,,Low Moor Farm,,Ripon,HG4 5AR,0380102C,1591018272930,7171,23/2/2026,E,
,159,Hatfield Road,,ST. ALBANS,AL1 4LB,,1012480750133,,2/11/2025,1,
,40,Cromer Road,,Sheringham,NR26 8RR,03801204,1012733721153,41431,9/3/2027,E,
,71,High Street,,St Albans,AL3 7LW,03800203,1012472487389,,2/11/2025,D,
4 A,,Beaconsfield Road,,Hatfield,AL10 8BE,03801204,1012466963474,49738,5/3/2027,E,
FLAT 1,5-7,Stonebank,,Welwyn Garden City,AL8 6NQ,03801202,1012462668911,,2/11/2025,D,
,2,New Road,,Welwyn Garden City,AL8 7TX,03800201,1012461919578,,2/11/2025,D,
Office,71A,Poulton Street,,Preston,PR4 2AJ,,1610013395648,,2/11/2025,1,
UNIT 8,,Benson Road Ind Est,,Birmingham,B18 5TS,,1412257631001,1,2/11/2025,1,
Unit 9,9,Benson Industrial Estate,,Birmingham,B18 5TS,03800007,1413257631003,,2/11/2025,D,
ELECTRO DIESEL NORTH EAST LTD,,PORTRACK GRANGE ROAD,,STOCKTON-ON-TEES,TS18 2PH,76054501,76054501,37871,28/1/2028,,
PANDA EXPRESS,247,Wash Lane,,BIRMINGHAM,B25 8PT,03801N13,1460001936110,14894,2/11/2025,E,
,4,South Road,,PETERHEAD,AB42 2XX,57266206,57266206,,,,
,251,"Wash Lane, Yardley",,"Birmingham, West Midlands",B25 8PT,03873007,1415523441003,1557,2/11/2025,D,
First Floor Offices,10,Church Street,,Alcester,B49 5AJ,,1412697102000,,2/11/2025,1,
,66,Regent Street,,Cambridge,CB2 1DP,,1012801492723,,2/11/2025,1,
C C 0029,70,Regent Street,,Cambridge,CB2 1DP,,1012801494562,,2/11/2025,1,
,94,Regent Street,,Cambridge,CB2 1DP,03800203,1012801504919,,2/11/2025,D,
,94,Regent Street,,Cambridge,CB2 1DP,,1012801504227,,2/11/2025,1,
First Floor,94,Regent Street,,Cambridge,CB2 1DP,04800203,1012801505141,,2/11/2025,D,
,,100-102 Regent Street,,Cambridge,CB2 1DP,,1012801507900,51176,2/11/2025,1,
,30,Sackville Street,,London,W1S 3DY,62149306,62149306,1,2/11/2025,,
,,Common Road,,ELY,CB6 2HZ,,1012773414095,,,1,
,,220-224 Heysham Road,,Morecambe,LA3 1NL,04811024,1610023548355,57845,17/3/2026,E,
,25,High Street,,Haverhill,CB9 8AD,04812203,1012950788718,7606,2/11/2025,D,
First Floor Offices,25,High Street,,Haverhill,CB9 8AD,04811201,1012950789172,2130,2/11/2025,E,
,20,Churchill Way,,Cardiff,CF10 2DY,,2199994159049,1265,15/8/2026,E,
,20,Churchill Way,,Cardiff,CF10 2DY,03801200,2199994159030,237,2/11/2025,E,
,26-28,Churchill Way,,CARDIFF,CF10 2DY,03801N13,2199994158880,,5/7/2027,E,
Unit 28,,"White Bridge Farm Industrial Estate, Crays Hill,",,Billericay,CM11 2UL,03801201,1012567348127,659,17/6/2026,E,
,171,Camberwell New Road,,London,SE5 0TJ,,1200029267689,31140,19/3/2027,E,
Unit 23C,,Whitesbridge FRM Industrial Estate,,BILLERICAY,CM11 2UL,03801201,1012567347202,230,24/10/2026,E,
Churchgate Manor Hotel,,Churchgate Street,,HARLOW,CM17 0JT,04808203,1014569131047,,2/11/2025,D,
,4,Grove Road,,Bournemouth,BH1 3AX,46826409,46826409,334783,30/3/2027,,
,137,Histon Road,,Cambridge,CB4 3JD,00800204,1014571815607,,2/11/2025,D,
,,Berrow Road,,Burnham On Sea,TA8 2EZ,,2200013773267,,31/3/2028,1,
Loppingdales,,Gaunts End,,Bishop's Stortford,CM22 6DR,,1012757409313,,2/11/2025,1,
,49,Elizabeth Road,,Bishop's Stortford,CM23 3RL,04807203,1012754316279,18019,2/11/2025,D,
,156,Unit 1 Club Cafe,,CAMBRIDGE,CB2 8PB,00845072,1030020698160,,26/4/2028,E,
,,Sergeants Way,,BEDFORD,MK41 0EH,8831873408,8831873408,367630,1/10/2026,,
,4,Crittal Drive,,Braintree,CM7 2RT,03800202,1012491550245,,2/11/2025,D,
Devon Mill,,Chapel Road,,Oldham,OL8 4QH,15597408,15597408,272641,2/2/2028,,
,34,Boss Hall Road,,Ipswich,IP1 5BN,03801203,1023545787754,14841,6/10/2027,E,
,42,Church Street,,Runcorn,WA7 1LR,03801D03,1300005601068,9655,6/10/2026,E,
,17,ASHGATE ROAD,,CHESTERFIELD,S40 4AA,77029810,77029810,336667,1/10/2026,,
Widnes Golf Club,,Highfield Road,,Widnes,WA8 7DT,04043D04,1300005240318,91635,6/10/2027,E,
,7,Queen Street,,West Malling,ME19 4DA,04004202,1900070163395,4429,11/2/2027,E,
,319,Reepham Road,,Norwich,NR6 5AD,03136202,1012688629426,23801,29/10/2026,E,
The Oddfellows Arms,,Front Street East,,County Durham,DH6 2BL,0380102C,1591049612761,23480,4/3/2028,E,
,,"Arrow Engineering,Unit 6",,West Bromwich,B70 9BY,03801007,1417857460001,13134,2/11/2025,E,
Unit 401,,Pointon Way,,DROITWICH,WR9 0LW,9133326504,9133326504,72728,13/6/2027,,
KINGS HEAD INN,,Lynch Road,,STROUD,GL6 8LT,03031N13,1413952071001,32502,8/10/2027,E,
Emmbrook Inn,,Cottage Ph,,Wokingham,RG41 1HG,03801H02,2000052672424,17345,11/12/2027,E,
Bradbury House,,Windsor End,,Beaconsfield,HP9 2JW,20786100,20786100,392981,2/9/2026,,
UNIT 3,,FOUNTAIN DRIVE,,HERTFORD,SG13 7UB,03801203,1050001813637,9492,8/10/2028,E,
,,3-5 Brockwell Road,,Birmingham,B44 9PF,03800007,1413958521008,,2/11/2025,D,
,,20b Langton Road,,Bournemouth,BH7 6HS,03801H01,2000020540130,2101,8/10/2026,E,
Wardley No 2 Colliery,,Wardley Colliery,,Gateshead,NE10 8YE,0380002A,1591026099359,,2/11/2025,D,
,153,St. Marys Lane,,Upminster,RM14 3BL,03136203,1012578003339,18723,24/8/2026,E,
,,Wall Furlong Farm,,Bridgnorth,WV16 6PX,04811010,1418045902000,934,4/3/2027,E,
,Unit 2,First Avenue,,Pudsey,LS28 6QN,0380102C,2313618575317,23118,20/2/2026,E,
Dawkins Business Centre,,Dawkins Road,,Poole,BH15 4JY,03801H07,2000022060925,3635,9/10/2026,E,
,17,Victoria Road,,MABLETHORPE,LN12 2AF,04811037,1100000610964,4551,10/10/2026,E,
,,CROFT ROAD,,Crowborough,TN6 1DL,679945505,679945505,7061,10/1/2027,,
E Batty Contractors Limited,101,West Dock Street,,Hull,HU3 4HH,9109481708,9109481708,104285,11/12/2026,,
"UNIT;7,",,"CWMDU INDUSTRIAL ESTATE, CARMARTHEN ROAD,",,Swansea,SA5 8JF,03801200,2199998020810,759,9/4/2026,E,
,4,Rowallen Parade,,Dagenham,RM8 1XU,03801203,1200039855020,4127,2/11/2025,E,
Unit 2,,Patricia Way,,Broadstairs,CT10 2LF,00845071,1900061074872,,1/4/2027,E,
,117,Welland Vale Road,,CORBY,NN17 2AW,21914604,21914604,6007,28/2/2026,,
Anglia House,,Shuttleworth Road,,BEDFORD,MK41 0EP,,1012358080090,,11/10/2026,1,
222-224,,College Road,,Rochdale,OL12 6AF,03801014,1610012458190,12858,11/10/2026,E,
Bowhouse Hotel Grangemouth,,Bowhouse Road,,Grangemouth,FK3 0HD,70991906,70991906,1,2/11/2025,,
,144,Buckingham Road,,Milton Keynes,MK3 5JB,10274201,10274201,188273,26/3/2028,,
Sheffield Cold Store,,Roman Ridge Road,,Sheffield,S9 1FF,0084505A,2336525402115,,24/12/2027,E,
TERRY RUDD MOTORCYCLES LIMITED,,"BARRINGTON, FEN ROAD",,Spalding,PE12 8QD,,1100000522030,33613,2/11/2025,1,
Branch Lib,126,High Street,,Southend-On-Sea,SS3 0ET,03801201,1012608573095,2106,12/10/2026,E,
Crewe Arms,,Wharf Terrace,,Crewe,CW3 9LP,03801N14,1416799130001,70172,29/9/2028,E,
,1,Knightswick Road,,CANVEY ISLAND,SS8 9PA,04812202,1012595131431,7552,12/10/2027,E,
,,ST. MARYS WALK,,HARROGATE,HG2 0LS,52716006,52716006,222651,1/4/2026,,
,43,Ivatt Way,,PETERBOROUGH,PE3 7PN,,1012873854860,33479,12/10/2026,1,
RJS CARBODY REPAIRS,,Oxford Road,,Llandrindod Wells,LD1 6AH,9178015301,9178015301,1,14/2/2027,,
,41,Ivatt Way,,PETERBOROUGH,PE3 7PN,,1012873854638,12872,12/10/2026,1,
Caer Lloi,,Betws Gwerfil Goch,,Corwen,LL21 9PG,03801D02,1300010153917,7299,4/3/2026,E,
C And S Plasting Limited,,Bryntirion,,Nelson,CF46 6PG,03801N13,2199994765342,18838,26/3/2026,E,
,102,The Esplanade,,Weymouth,DT4 7EB,00845H86,2000050277373,,20/3/2026,E,
EXPORT,,RAYMOND CRANE HIRE,,NOTTINGHAMSHIRE,NG19 9BG,03801N12,1170000570492,9574,26/12/2028,E,
,46,Aston Road,,WATERLOOVILLE,PO7 7XJ,3964223806,3964223806,18224,26/11/2027,,
Workshop,,,,Shropshire,SY10 8NN,00845787,1300060639405,,1/10/2029,E,
SPS POLISHING CO LIMITED,,OWEN ROAD,,WOLVERHAMPTON,WV3 0AL,15107701,15107701,89941,1/11/2026,,
,,Calder Road,,Edinburgh,EH11 4AH,4045200,4045200,0,1/1/2029,,
New Build Annexe At Brynfa,,Holyhead Road,,Bangor,LL57 2DP,00900D04,1300060233904,,23/7/2027,E,
Melton & District Indoor Bowls Club,,Bowling Green,,Melton Mowbray,LE13 0LR,00845971,1170000034641,,1/5/2030,E,
,37,Victoria Street,,Liverpool,L1 6BQ,06011D04,1300035387893,6201,2/11/2025,E,
,50,Avenue Road,,Birmingham,B6 4DY,00900127,1460002006420,,2/11/2025,E,
,31,Market Street,,FERRYHILL,DL17 8JH,0380102B,1591014466944,7417,5/3/2028,E,
,,Chequers Road,,Gloucester,GL4 6PN,47938010,47938010,99589,1/10/2027,,
,15,Fore Street,,Chard,TA20 1PH,8234100,8234100,62621,28/4/2026,,
Trusham Road,,,,EXETER,EX2 8RL,8814790306,8814790306,1,2/11/2025,,
,,Unit 4,,HOUNSLOW,TW3 3UD,03801H01,2000002799931,6444,5/3/2026,E,
Unit 6,,Isis Court,,Abingdon,OX14 1DZ,03801H07,2000052604080,9126,5/3/2027,E,
Loch Ness Holiday Park,,Invermoriston,,INVERNESS,IV63 7YE,03800P06,1712396844000,,2/11/2025,D,
,112,Green Lane Road,,Leicester,LE5 3TJ,04811N14,1100012940647,93587,1/2/2027,E,
,,Unit 27,,LEICESTER,LE9 6TU,04811N12,1100018026561,3672,27/8/2026,E,
,41,Stakehill Industrial Estate,,Manchester,M24 2FL,04811004,1610002524553,13660,7/3/2026,E,
,,Sparks Unit,,Southampton,SO40 9FX,00845H87,2000051429150,,1/5/2029,E,
,23,"Towerfield Road,",,Essex,SS3 9QE,12332401,12332401,6581,18/9/2026,,
St Lukes Church,,Pavilion Way,,Macclesfield,SK10 3LU,8910890106,8910890106,206378,1/10/2026,,
,155,,,"BIRMINGHAM,",B33 8BA,,1470000996230,7670,8/3/2027,1,
Kennet House,,Kennet Way,,Trowbridge,BA14 8RN,00845H86,2000027340203,,1/10/2026,E,
,29-35,Surrey Street,,NORWICH,NR1 3NX,9155163603,9155163603,170804,1/5/2026,,
"Unit B3, Unit B3-B4",,"Troon Way Business Centre, Humberstone Lane",,LEICESTER,LE4 9HA,8817397510,8817397510,258914,1/1/2031,,
,92,Fore Street,,EXETER,EX1 2RS,16217107,16217107,147857,1/11/2027,,
Cemetery Lodge,,Cemetery Approach Road,,Barry,CF62 8BP,03801N12,2199992429886,7064,7/8/2028,E,
,100,Withington Road,,Manchester,M16 8FA,03801004,1610000175090,13490,16/5/2026,E,
CROSS KEYS BUSINESS PARK,,Tipton Road,,OLDBURY,B69 3HY,8813024708,8813024708,404705,9/2/2027,,
Fishmarket,,Rock-A-Nore Road,,Hastings,TN34 3DW,04811203,1900018001119,,2/8/2028,E,
,241,Somercotes Hill,,Alfreton,DE55 4HX,04828N14,1100008343461,10935,2/11/2025,E,
,3,Old Street,,Stowmarket,IP14 3NT,04139202,1012973210958,47805,19/9/2027,E,
,UNIT 16,Exchange Road,,LINCOLN,LN6 3JZ,03801013,1100002419813,760,2/11/2025,E,
,.,"HALLGATE, HALLGARTH RESIDENTIAL HOME",,,HU16 4DD,72012105,72012105,45128,24/5/2027,,
,104,Windmill Road,,Brentford,TW8 9NA,04108H49,2000000265112,115182,7/2/2027,E,
Kingswood Golf,,Sandy Ln,,Tadworth,KT20 6NE,48775103,48775103,210605,1/4/2030,,
,,Hands Lane,,Rochdale,OL11 5JY,7570033903,7570033903,128022,10/3/2026,,
,1272,Carpet Warehouse,,BIRMINGHAM,B30 2XU,,1470000330161,5546,1/9/2026,E,
null,,ST. PAULS ROAD,,ST. LEONARDS-ON-SEA,TN37 6RS,66815809,66815809,138154,2/9/2027,,
,74,Wilbury Way,,HITCHIN,SG4 0TP,8813772400,8813772400,146113,1/5/2027,,
,,Block 2 Nightingale Vale,,LONDON,SE18 4HJ,65371109,65371109,145513,1/1/2031,,
,,Lothian Street,,Hawick,TD9 9HB,06802D01,1800035292064,6751,1/11/2026,E,
"THIRD FLOOR OFFICE, Charles House 5-11",,Regent Street,,London,SW1Y 4LR,,1200039680813,3274,17/3/2026,1,
,42,High Street,,Stamford,PE9 2LP,04031N12,1100001992879,25568,6/6/2028,E,
,75,East Road,,London,N1 6AH,04807202,1200032342050,3383,10/3/2026,E,
Basement (Workshop No.3),77,East Road,,London,N1 6AH,,1200032342032,1219,10/3/2026,1,
Conservative Club,1,Halton Street,,DUDLEY,DY2 0PJ,,1419280690005,,8/10/2026,E,
Unit 8-9,,Lyon Close,,BEDFORD,MK42 7SB,8920200610,8920200610,101224,7/5/2028,,
,69,Northgate Street,,GLOUCESTER,GL1 2AG,03801007,1410536812009,,2/11/2025,E,
,88,Valley Road,,Cradley Heath,B64 7LR,03801007,1416524890009,3333,2/11/2025,E,
Scally's,,Spencroft Road,,Newcastle,ST5 9JB,03801N12,1416796520006,5624,10/3/2027,E,
,3,Thorneycroft Lane,,WOLVERHAMPTON,WV10 0NF,03801N12,1417577180007,1000,2/11/2025,E,
EYRES MONSELL PRIMARY SCHOOL,,Simmins Crescent,,LEICESTER,LE2 9AH,03030N14,1100013835048,164893,9/4/2026,E,
,17,Marine Parade,,GREAT YARMOUTH,NR30 2ES,00845072,1014570490342,,11/3/2026,E,
L.R. Motors Limited,,Landsdown Road,,Stroud,GL5 1BU,03801N13,1416758961000,23350,30/4/2028,E,
,20-23,Marine Parade,,GREAT YARMOUTH,NR30 2ES,00845071,1014569417627,,11/3/2026,E,
,20,Marine Parade,,GREAT YARMOUTH,NR30 2ES,00845071,1014569542513,,11/3/2026,E,
,Non-PAF De,Alkerton,,STONEHOUSE,GL10 3AA,03031N14,1419977222007,28726,8/11/2025,E,
Hay House Nursing Home,,Broadclyst,,Exeter,EX5 3JL,00845N14,2200030512617,,1/4/2028,E,
,,Whig Street,,Forfar,DD8 2NN,00900P82,1716698991518,,14/12/2025,E,
,,Unit 4,,STOURBRIDGE,DY9 8HX,00845L02,1428379000004,,1/8/2026,E,
M V Plastics Ltd,,Clifton Road,,Blackpool,FY4 4QF,12611910,12611910,745416,1/5/2027,,
Country View Caravan Park,29,Sand Road,,Weston Super Mare,BS22 9UJ,04800210,2200013239264,,2/11/2025,D,
Unit 6,,Stonebroom Industrial Estate,,Alfreton,DE55 6LQ,8920818508,8920818508,1006717,28/7/2028,,
,10,John Street,,West Bromwich,B70 9RX,04811N13,1413044260008,15955,13/3/2026,E,
,,Pegasus Mews,,Biggleswade,SG18 8QA,03801202,1023542044911,31101,17/1/2026,E,
Hounsdown Business Park,,Bulls Copse Road,,Southampton,SO40 9LR,8925016407,8925016407,616940,2/5/2026,,
Unit D,5,Parade,,Exmouth,EX8 1RS,03801110,2200040241059,1564,2/11/2025,E,
Ground And Basement,,Victory House,,London,W1B 4EZ,00008072,1200037465680,,7/3/2026,E,
,12,1st & 2nd Floor,,NOTTINGHAM,NG1 5BG,04811N12,1100005164712,,14/3/2027,E,
69b,,High Street,,Witney,OX28 6JA,03801H01,2000008985096,2248,2/11/2025,E,
Courtyard House,,The Square,,Lightwater,GU18 5SS,00845H86,2000050554348,,28/1/2028,E,
,55,Friern Barnet Road,,London,N11 3EG,03800203,1013023064600,,2/11/2025,D,
Unit M2,,Cherry Court Way,,Buzzard,LU7 4UH,03801202,1012381369890,18793,2/11/2025,E,
Newport Auctions Limited,.,Usk Way,,NEWPORT,NP20 2BX,00845L02,2199991327543,,1/2/2028,E,
"UNIT P,Mitek House",,"Grazebrook Industrial Park,Peartree Lane",,DUDLEY,DY2 0XW,2463004105,2463004105,262021,1/10/2027,,
,4-6,Trelawney Road,,Newquay,TR7 2DW,04800251,2200031840298,,2/11/2025,D,
,,Cound,,Shrewsbury,SY5 6AF,05800021,1428521000001,,2/11/2025,D,
,12,Great Union Street,,Hull,HU9 1AL,0380102A,2365229535316,1466,2/11/2025,E,
,146,Bridgeman Street,,Walsall,WS2 9PG,03800007,1410673060003,,2/11/2025,D,
The Plough Inn,,Keyworth Road,,Nottingham,NG12 5QQ,04800037,1100007380904,,2/11/2025,D,
First Floor Premises,72,Hallam Fields Road,,Ilkeston,DE7 4AZ,03801013,1100011532204,235,2/11/2025,E,
Longcliffe Farm,,Keyworth Road,,Nottingham,NG12 5QQ,03800013,1100007380870,,2/11/2025,D,
,,Hallam Fields Rd,,Ilkeston,DE7 4AZ,04800037,1100050257625,,2/11/2025,D,
UNIT 3B;CARL WOODHOUSE,,Hallam Fields Road,,Ilkeston,DE7 4AZ,03801013,1100011531878,,2/11/2025,D,
1st Floor,56,King Street,,Leicester,LE1 6RL,03801013,1100012571454,2326,1/11/2028,E,
148,,HANSON LANE,,HALIFAX,HX1 5PQ,0084505A,2326532948012,,1/7/2027,E,
,139,Ayres Road,,Manchester,M16 9WR,03801631,1610027248740,3344,2/11/2025,E,
HOLBEACH PARISH COUNCIL,11,"COUBRO CHAMBERS, WEST END",,SPALDING,PE12 7LW,04811N12,1100000514439,2604,2/11/2025,E,
,35,Dundas Street,,Middlesbrough,TS1 1HR,0084502B,1591054152427,,22/2/2026,E,
Main Centre,,Bembridge Park,,Halifax,HX1 5JY,1865150607,1865150607,42064,1/7/2026,,
"1st Floor, Thurland Chambers",4,Thurland Street,,Nottingham,NG1 3DR,03801013,1100005255459,191,2/11/2025,D,
,2,Winton Street,,Saltcoats,KA21 5BN,03801D01,1800051762285,1815,2/11/2025,D,
Unit 6,,Greenhough Road,,Lichfield,WS13 7AU,04811010,1412660840001,978,2/11/2025,E,
,11,Market Street,,Newton-Le-Willow,WA12 9BQ,03873004,1610009461192,5121,2/11/2025,E,
,41,Bone Lane,,NEWBURY,RG14 5SH,8824328706,8824328706,44419,7/8/2027,,
WAREHOUSE,312,MESSINGHAM ROAD,,SCUNTHORPE,DN17 2QY,03800999,2380002597954,,2/11/2025,D,
"312, MESSINGHAM ROAD",,SCUNTHORPE,,SOUTH HUMBERSIDE,DN17 2QY,03800999,2390000140576,,2/11/2025,D,
,,Tong Road,,Leeds,LS12 4QG,0480004A,2340532940423,,2/11/2025,D,
,29,29 Market Street,,Newton-Le-Willows,WA12 9BQ,,1610009461262,6723,2/11/2025,D,
,74,Narborough Road,,LEICESTER,LE3 0BS,03801N14,1100014215772,,2/11/2025,E,
Unit 2,,Postley Road,,Bedford,MK42 7BU,48633801,48633801,275225,1/4/2026,,
Golden Lion,42,Beeston Road,,Leeds,LS11 8RP,0380102D,2346552500810,7386,18/11/2025,E,
Unit 5,,Commondale Way,,Bradford,BD4 6SF,0380102D,2300000300728,22163,22/2/2027,E,
150-152,,Manningham Lane,,West Yorkshire,BD8 7DT,0084505B,2316513485519,,9/11/2025,E,
,41,Lion House,,Leeds,LS1 2ED,0380102C,2340270871417,8650,12/3/2026,E,
,37,Market Hall,,Doncaster,DN1 1NG,0380102C,2333568753913,19291,2/11/2025,D,
,86-88,Narborough Road,,LEICESTER,LE3 0BS,03800013,1130000061533,,2/11/2025,D,
,,Austin Sport & Social Club Ltd,,Birmingham,B31 2TB,13114003,13114003,365618,11/7/2026,,
Landlords,23,High Street,,Nottingham,NG10 1HY,03801013,1170001546481,688,2/11/2025,E,
,60,Stockport Road,,Manchester,M12 6AL,03801131,1610000439853,8601,2/11/2025,D,
,8,Davis Way,,Fareham,PO14 1JF,04076140,2000013703048,,2/11/2025,D,
Flat 2,36,CENTRAL AVENUE,,NOTTINGHAM,NG7 7AF,01801001,1100005648401,16774,2/11/2025,E,
,,"Unit 1, Shogan House",,Fareham,PO14 1JF,03801H06,2000013703093,3449,2/11/2025,E,
,6,Cooke Close,,Lowestoft,NR33 7NW,04807201,1012701815551,4209,5/2/2028,E,
,12,The Pavement,,London,SW4 0HY,03801202,1200037125020,,2/11/2025,D,
,42,Ivatt Way,,Peterborough,PE3 7PN,04807203,1050000754618,56,2/11/2025,E,
Mr SV Vennit,,Workshop,,Sutton St James,PE12 0JA,03801N12,1100050060411,13235,1/11/2026,E,
,Non-PAF De,"Davy Court, Castle Mound Way",,RUGBY,CV23 0UZ,,1100770406078,,2/11/2025,E,
,,Botley Road,,EASTLEIGH,SO50 7DQ,76982105,76982105,134820,30/11/2028,,
,22,Rathbone Street,,London,W1T 1LG,03801203,1200033027408,20690,1/11/2026,E,
The Hagg Bar,46,Graham Street,,Johnstone,PA5 8QY,00900D03,1800035279737,,1/11/2026,E,
Units 1a,,Roseheyworth Road,,Gwent,NP13 1SX,00845300,2100040377837,,2/11/2027,E,
Hamstone House,,South Ridge,,Weybridge,KT13 0NF,64558502,64558502,438269,27/10/2026,,
,24,The Weir,,HESSLE,HU13 0RU,17928303,17928303,234378,5/10/2028,,
Ground Floor,30,Clarendon Road,,WATFORD,WD17 1JJ,03801202,1012414248622,1328,2/11/2025,E,
7 Jardine House,,Harrovian Business Village,,Harrow,HA1 3EX,03801203,1012854358910,14819,2/11/2026,E,
,Non-PAF De,Nunn Close,,SUTTON-IN-ASHFIELD,NG17 2HW,00900N14,1100039362801,,2/11/2025,E,
,,Kings Weston Lane,,BRISTOL,BS11 0UR,81077909,81077909,220298,6/6/2026,,
,,708-712 Great Horton Road,,Bradford,BD7 4EY,0380202B,2311317202610,34388,10/6/2027,E,
Unit 5,,Mill Court,,Crawley,RH10 1TT,01801001,1900060923280,,1/6/2018,D,
,712,Great Horton Road,,Bradford,BD7 4EY,0380102A,2311316535312,149,10/6/2027,E,
Chiswick Station House,,Burlington Lane,,London,W4 3HB,03801H08,2000000376236,8204,31/3/2026,E,
,41,High Street,,London,NW10 4NE,03801204,1200050508808,58501,2/11/2025,E,
"Unit C 3,",,,,Nottingham,NG4 2JY,03802N14,1100770965465,28469,2/11/2025,E,
HOTEL WROXHAM,,Riverside Centre,,NORWICH,NR12 8AJ,00845204,1014569547576,,3/11/2026,E,
Unit 10,,Priory Court,,Cirencester,GL7 5JB,03801H02,2000051267180,7657,5/10/2026,E,
,,Bernard Road,,Wrexham,LL13 8EL,04044D01,1300011117886,1618,14/8/2026,E,
Peterman Associates Ltd,8,The Promanade,,EDGWARE,HA8 7JZ,03801202,1013011740552,7964,5/11/2027,E,
Unit 23,,West Gate,,,SG1 1QR,03801201,1050001459219,3362,5/11/2027,E,
Unit 4,,Clarke Way,,West Glamorgan,SA1 7ER,03801200,2199997705179,2224,14/1/2026,E,
,92,Northwood Road,,London,E5 8RL,3244470907,3244470907,0,24/10/2025,,
Suffolk County Counc,,27B High Street,,Suffolk,CB9 8AD,03801202,1012950790327,6850,26/2/2028,E,
The Philharmonic,76-77,ST MARY STREET,,CARDIFF,CF10 1FA,00845300,2199989679718,,6/11/2025,E,
,89,Old Christchurch Road,,Bournemouth,BH1 1EP,03801H07,2000021019829,13114,28/1/2026,E,
,41,The Street,,Chelmsford,CM3 6JP,3006798408,3006798408,15842,29/3/2028,,
Charvo Ltd,,Keighley Road,,Skipton,BD23 2QR,0084505A,2316530471011,,29/3/2026,E,
"SOLAR PRESS LIMITED, UNIT 1F",,Ravenstor Road,,MATLOCK,DE4 4FY,00900247,1100009235456,1059,3/2/2026,E,
Unit 11,,Eastlands Industrial,,Leiston,IP16 4LL,04800203,1012712963657,,2/11/2025,D,
,,5A Rumbridge Street,,Southampton,SO40 9DQ,04811H17,2000024857330,3359,16/7/2026,E,
,,Coachworks Camps Ind Estate,,Kirknewton,EH27 8DF,03801D01,1800030934639,2,7/11/2025,E,
Unit V2,,Blaby Industrial Park,,Leicester,LE8 4GZ,04811N14,1100013039690,101287,7/11/2026,E,
Park Lane,1,Torwood Street,,Torquay,TQ1 1ED,14596805,14596805,40323,12/8/2027,,
,,"Suite 56,Beacon Buildings",,Walsall,WS9 8AA,04811010,1411562850004,64,12/6/2026,E,
,250,Kings Road,,LONDON,SW3 5UE,3313642804,3313642804,164245,1/1/2031,,
,22,Alexandra Road,,LYTHAM ST. ANNES,FY8 1YE,55892906,55892906,22745,1/6/2027,,
,,Bridge Centre Trust,,Stoke-On-Trent,ST2 8DD,16427803,16427803,338472,1/9/2026,,
BAMBER AND BROUGHTON,,ST. PETER STREET,,BLACKBURN,BB2 2HA,8813154104,8813154104,130901,3/6/2026,,
Unit C2,,Greenside Way,,MANCHESTER,M24 1SW,8814328004,8814328004,165627,4/1/2026,,
Unit 1,,Unit 1 Eastbury Road,,London,E6 6LP,03801204,1200039296180,12416,27/3/2026,E,
Holiday Park Limited,,Mawgan Porth,,Newquay,TR8 4BD,8881450208,8881450208,387449,1/12/2025,,
Unit 3,,Manor House Avenue,,Southampton,SO15 0LF,03800H02,2000022597616,,2/11/2025,D,
The Red Lion,,Hogsthorpe Rd,,Alford,LN13 9SD,04031N12,1100000640417,63762,1/4/2026,E,
Parish Church,,,,Llandinam,SY17 5BY,04043D03,1300012813390,2930,2/4/2028,E,
Shooters American Diner,2B,NENE PARADE,,MARCH,PE15 8TD,03136202,1012865969779,103,6/5/2026,E,
Unit A Mill Place 2,90,Bristol Road,,Gloucester,GL1 5SQ,79429904,79429904,1,2/11/2025,,
Shop,86,Watnall Road,,Nottingham,NG15 7JW,04033N14,1100006259357,12620,15/9/2026,E,
,2,Station Road,,Boston,PE20 1EE,8813180307,8813180307,30519,2/8/2026,,
Broadstone,,Gateside,,Beith,KA15 1HQ,03801D04,1800017709561,95205,3/4/2026,E,
Blue Bell Inn,,Main Road,,Horncastle,LN9 6LQ,04811N14,1100001050107,,1/2/2029,E,
,20,Severs Street,,Liverpool,L6 5HJ,03801D01,1300001881806,,4/3/2027,E,
2-4,,Queslett Road,,Birmingham,B43 6PL,00900N14,1416053070005,,27/3/2028,E,
,616,Lordship Lane,,London,N22 5JH,03801202,1013074536300,32120,10/7/2026,E,
,105,Corporation Road,,Cardiff,CF11 7AQ,03220N14,2199993064450,21244,5/12/2027,E,
,18,Portugal Place,,Cambridge,CB5 8AF,03801204,1012801020538,33214,20/3/2028,E,
,,6-8 Broad Street,,Alresford,SO24 9AQ,50974501,50974501,109458,16/9/2028,,
,832,MANCHESTER ROAD,,Rochdale,OL11 3AW,53627001,53627001,,17/9/2026,,
,,Bryningfern Lane,,Preston,PR4 2BQ,52382901,52382901,24773,28/11/2025,,
,5,High Street,,Leek,ST13 5DZ,03801007,1413391930008,72,2/11/2025,E,
Field House,,High Street,,Leek,ST13 5DZ,04800040,1417291930000,,2/11/2025,D,
Brutons of Nailsworth,,Cossack Square,,STROUD,GL6 0DB,8817397802,8817397802,22751,26/3/2027,,
,76,Rhosmaen Street,,Llandeilo,SA19 6EN,,2199998913810,265,2/11/2025,E,
Bell Inn,,21-23 Bell Street,,Princes Risborough,HP27 0DE,4009953103,4009953103,27697,2/11/2025,,
Unit A,133,Rhosmaen Street,,Llandeilo,SA19 6EN,,2199998913304,,2/11/2025,E,
,139,Rhosmaen Street,,Llandeilo,SA19 6EN,03800200,2199998913252,,2/11/2025,D,
Studio 3,,,,Redditch,B98 0NR,03811007,1414133302001,1179,2/11/2025,E,
,,SOUTH CLOSE,,Cannock,WS11 1EH,2492158808,2492158808,14229,24/2/2026,,
Round Tower Spares,,Arbury Road,,Nuneaton,CV10 7NQ,04800037,1100022503293,,2/11/2025,D,
UNIT 22,,Winyates Centre,,Redditch,B98 0NR,,1415433302000,,2/11/2025,D,
,70,High Street,,STOKE-ON-TRENT,ST8 6AS,03801007,1418691830007,,24/3/2026,E,
,37,Brunswick Road,,Gloucester,GL1 1JQ,03800007,1419977912003,,2/11/2025,D,
Masons Arms Inn,2,North Road,,Taunton,TA4 4SN,03801N14,2200021672174,,2/2/2027,E,
,35,Sheen Lane,,London,SW14 8AB,03801203,1200042295930,8829,22/8/2026,E,
New Golf Clubhouse,,Riversde Drive,,Peterhead,AB42 1LT,03801R54,1715001090255,68579,25/1/2027,E,
Unit 8,,Centre Park,,York,YO26 7QF,0380102A,2340981384011,418,2/11/2025,E,
Unit 1-2,,Moorfield Road Estate,,LEEDS,LS19 7BN,71863902,71863902,88059,29/8/2027,,
Laxmi Impex Limited,123,Barkby Road,,LEICESTER,LE4 9LG,00900N12,1100039202276,,17/1/2028,E,
Gee & Bee Stores,3,The Parade,,Bingley,BD16 1RP,0380102A,2310251821219,,2/11/2025,E,
,5,The Parade,,Bingley,BD16 1RP,0380102B,2310251801018,8648,23/1/2026,E,
Techno Engineering Ltd,,Waterloo Industrial Estate,,Pembroke Dock,SA72 4RR,03801200,2199999665944,2683,28/2/2027,E,
,,Leighswood Road,,WALSALL,WS9 8AB,03801007,1413562850008,108,2/11/2025,E,
The Ship P H,152,Maldon Road,,Colchester,CO5 0PQ,03136203,1012626871898,102205,27/7/2027,E,
7 Davy Court,,"Castle Mound Way, Central Park",,Rugby,CV23 0UZ,03811N13,1100770405989,12656,17/1/2026,E,
Unit 26 Ind Est,,Bloomfield Park,,Tipton West Mids,DY4 9AH,04811010,1418342170003,1042,2/11/2025,E,
,104,Bromham Road,,Bedford,MK40 2QH,04800204,1012346460268,,2/11/2025,D,
,1,West Street,,Lincolnshire,PE10 9NB,03800013,1100001269981,,2/11/2025,D,
The Royal Oak,62,Glenthorne Road,,London,W6 0LR,03005204,1200038190605,68093,21/7/2026,E,
0038267084,14,Trinity Road,,Weymouth,DT4 8TW,68185700,68185700,185455,26/5/2026,,
,12,Otley Road,,Shipley,BD17 7HB,0380102B,2311590247312,2252,2/11/2025,D,
,,1a Regent Street,,Cheltenham,GL50 1JZ,06800021,1420048100007,,2/11/2025,D,
,235-239,High Road,,LONDON,N22 8HF,69510308,69510308,177327,1/4/2028,,
,,1a Regent Arcade,,Cheltenham,GL50 1JZ,03800007,1415661071005,,2/11/2025,D,
Unit K,10,Regent Street,,Cheltenham,GL50 1JZ,03800007,1419171071002,,2/11/2025,D,
,,Regent Arcade Shopping Cr,,Cheltenham,GL50 1JZ,05800021,1420009100009,,2/11/2025,D,
Unit K,14,Regent Arcade,,Cheltenham,GL50 1JZ,03800007,1413271071007,,2/11/2025,D,
Unit 19,,Newton Mearns Shopping Centre,,Glasgow,G77 6EY,03801D02,1800028830559,6280,22/8/2026,E,
Satellite House,,Bessemer Way,,Great Yarmouth,NR31 0LX,00845072,1014570805440,,11/1/2026,E,
Reedsholme,,Burnley Road,,Rossendale,BB4 8EW,03801631,1610022340947,360,2/11/2025,E,
,31,Abbey Road,,Smethwick,B67 5RA,03800007,1410312960000,,2/11/2025,D,
,,Alkmaar Way,,Norwich,NR6 6BF,03801202,1030006428737,12790,13/3/2028,E,
,37,Abbey Rd,,Smethwick,B67 5RA,,1415212960003,,2/11/2025,D,
,119-121,Rochdale Road,,Bury,BL9 7BA,03801131,1610028882536,66512,2/11/2025,E,
BURY TRADE FURNITURE,119-121,Rochdale Road,,Bury,BL9 7BA,,1610028882545,,2/11/2025,E,
,,The White House,,Radstock,BA3 4UU,,2200041919801,4595,2/11/2025,E,
,27,Hooe Road,,PLYMOUTH,PL9 9QS,00900N13,2200030074825,,2/11/2025,E,
,,Quadrant House;10,,High Wycombe,HP11 2DG,03801H06,2000013083651,,2/11/2025,E,
TONYS MEATS LIMITED,,TIR LLWYD INDUSTRIAL ESTATE,,CONWY,LL18 5JA,00845D04,1300053272573,,2/11/2025,E,
UNIT 4,,BOND STREET,,WEST BROMWICH,B70 7DQ,2499896510,2499896510,1071079,13/4/2027,,
H F C Bank Plc,39,High Street,,PAISLEY,PA1 2AF,03802D01,1800027927019,,2/11/2025,E,
55 Old Brompton Road,55,Old Brompton Road,,London,SW7 3JS,04807203,1200028678950,30467,2/11/2025,E,
,1,,,Bradford,BD4 6HN,1804943410,1804943410,29389,20/6/2026,,
,46,High Street,,DONCASTER,DN10 4PB,04812N14,1100003580188,13302,2/11/2025,E,
,1,ECCLES INDUSTRIAL ESTATE,,BACKWORTH,NE27 0BN,0090005A,1591047635145,,19/11/2025,E,
,140,Holbrook Lane,,COVENTRY,CV6 4BN,03802N12,1100023492553,15179,2/11/2025,E,
,38,Knowl Road,,Huddersfield,HD7 4AN,53151303,53151303,100784,7/9/2027,,
Boat House,4262,High Street,,Deeside,CH5 4DD,04524233,1300034488350,,29/5/2026,E,
,1598,Coventry Road,,Birmingham,B26 1AL,03801007,1410191341005,58,2/11/2025,D,
Unit 12A,,"St Floor, Middle Mill",,Derby,DE22 1DZ,03801N12,1100009754186,1086,5/5/2026,E,
,9,Luke Street,,LONDON,EC2A 4PX,63049307,63049307,24038,25/5/2026,,
Shop,334,Wolseley Road,,Plymouth,PL2 2EA,03801N13,2200010287292,48027,2/11/2025,E,
The Barnett Centre,,Commuity Room,,Basildon,SS14 2DG,00845204,1012559404618,,2/11/2025,E,
,13E,Pitsford Street,,Birmingham,B18 6YJ,03801007,1411576831002,25,2/11/2025,E,
,94,Wilderspool Causeway,,Warrington,WA4 6PU,03801D02,1300005108717,9673,12/8/2026,E,
,94,First Floor,,Warrington,WA4 6PU,03801D02,1300005108708,4147,12/8/2026,E,
,101,Trinity Street,,Huddersfield,HD1 4DN,,2325015931514,17774,1/2/2027,E,
Ground Floor,53,Paddington Street,,London,W1U 4HT,03800202,1200033627656,,2/11/2025,D,
The Board Inn,,Shields Row,,Stanley,DH9 0LE,0380102C,1591059491768,22276,11/9/2026,E,
21A,,CHURCH STREET,,WALTON-ON-THAMES,KT12 2QP,64259200,64259200,78705,20/9/2027,,
,62,High Street,,EXETER,EX3 0DY,04060N14,2200018356562,86520,6/9/2028,E,
,30,New Street,,Honiton,EX14 1EX,03801110,2200019037394,798,2/11/2025,E,
,,Claydons Lane,,Rayleigh,SS6 7UP,16870405,16870405,143777,30/7/2027,,
,17,The Precinct,,GOSPORT,PO12 1HA,,2000014170056,21542,6/8/2027,E,
,80,Beardmore Way,,CLYDEBANK,G81 4HT,12983510,12983510,191004,1/1/2027,,
Shere Khan,6A,The Oasis,,Sheffield,S9 1EP,0380102D,2380001173292,47705,28/2/2026,E,
,27,Rubislaw Den North,,Aberdeen,AB15 4AL,00845P81,1714831552111,,2/11/2025,D,
,1c,Eshton Road,,SKIPTON,BD23 3SE,0380102B,2310174833011,7206,1/4/2028,E,
HAES SYSTEMS LTD-COLUMBIA HOUS,UNIT 1,PACKET BOAT LANE,,UXBRIDGE,UB8 2JP,03801H09,2000001559410,46308,28/2/2026,E,
,29,Witham Road,,Woodhall Spa,LN10 6RW,04811N13,1100003057888,15687,21/8/2027,E,
Edward House,,Dowlais Road,,Cardiff,CF24 5TW,2752364202,2752364202,229715,12/9/2026,,
,47,Main Street,,Selby,YO8 6LX,0481102B,2364391844112,13085,1/9/2027,E,
,126,High Street,,Smethwick,B66 3AP,03801007,1415795660002,2393,28/2/2027,E,
The Woodmans Arms,,Hammerpot,,Littlehampton,BN16 4EU,04829204,1900031400703,,2/12/2025,E,
Above Travel Agent,126,High Street,,Smethwick,B66 3AP,03800007,1418178203000,,2/11/2025,D,
Unit 6 Lincoln Road,,Pocklington Industrial Estate,,York,YO42 2NR,0380102B,2365591563011,,2/11/2025,E,
128-130 Accomodation Block,130,High Street,,Smethwick,B66 3AP,03801007,1414795660000,13066,28/2/2027,E,
Unit 23,,Moor Centre,,BRIERLEY HILL,DY5 3AH,8814021000,8814021000,31626,18/4/2027,,
Guru Nanak Gurdwara,,130 High Street Main Supply,,Smethwick,B66 3AP,00845365,1460002277415,,28/2/2027,E,
Scales Farm,,Berrier,,Penrith,CA11 0XE,03801204,1610032022529,9918,8/11/2026,E,
,39,Blacklow Brow,,Liverpool,L36 5XE,00900D04,1300035386570,,2/11/2025,E,
,,"High Street , St. Mary Cray",,Orpington,BR5 3NJ,00900203,1900010264860,,2/11/2025,E,
,.,"Middlemarch Business Park, Siskin Drive",,,CV3 4FJ,2413116501,2413116501,140148,8/12/2025,,
Water Pump,,Penrheol Fields,,CARMARTHEN,SA33 5NX,03801200,2199999015244,18,2/11/2025,E,
,9,Station Road,,London,N3 2SB,3395432908,3395432908,13099,16/1/2027,,
,,Bron Eryri Hotel,,Gwynedd,LL34 6AF,04044D02,1300009039243,34285,30/11/2027,E,
,51,Mott Street,,,B19 3HE,03801N13,1416495531000,22605,15/7/2026,E,
Blaenwaun Garage,,Blaenwaun,,Whitland,SA34 0JA,03801200,2199999084994,11940,15/1/2026,E,
Unit 10a,,Lymington Bottom Road,,Alton,GU34 5PZ,03801H03,2000055060878,24353,16/9/2027,E,
,42-44,High Street,,Stone,ST15 8AU,03801N14,1418728120005,3813,2/11/2025,E,
,42-44,High Street,,Stone,ST15 8AU,04536040,1410828120006,336,2/11/2025,E,
Office Above,42 - 44,High Street,,Staffordshire,ST15 8AU,03565007,1419728120007,15495,2/11/2025,E,
,3,Bell Villas,,Newcastle upon Tyne,NE20 9BD,0084502D,1591016241780,,2/5/2026,E,
,,Riverside,,Dartford,DA4 0AE,03801202,1900034128001,32956,7/4/2026,E,
,14,South Parade,,HALIFAX,HX1 2LY,0380102D,2320188093017,21463,2/10/2026,E,
,111,Main Street,,Keighley,BD22 8DP,0481102A,2312655191016,1538,2/11/2025,E,
Unit 10,,Bridge Road,,CAMBERLEY,GU15 2QR,4034400009,4034400009,18421,23/1/2027,,
,126,LEA VILLAGE,,BIRMINGHAM,B33 9SL,03801007,1414146151006,3690,20/11/2025,E,
Manns Fireplaces,,96-98 Scotland Road,,Nelson,BB9 7XJ,03801631,1610014332579,186,2/11/2025,D,
Folly Hall Mills,,ST THOMAS ROAD,,HUDDERSFIELD,HD1 3LT,0380102B,2380001455186,5678,3/9/2027,E,
St Thomas Church,,Clydach Road,,Tonypandy,CF40 2BD,03220200,2199994616491,2571,21/3/2028,E,
Hills Butchers,2,Duke Street,,Telford,TF1 1BJ,04811N12,1417139000006,1167,2/11/2025,E,
1 Meadow Court,,High Street,,Witney,OX28 6ER,04044H17,2000008986114,11766,2/11/2025,E,
West View Hotel,20,Revidge Road,,Blackburn,BB2 6JB,04005661,1610021721284,363,2/11/2025,E,
,,Halfpenny Lane,,KNARESBOROUGH,HG5 0SL,0380102A,1591049045253,905,2/11/2025,E,
,,10a Station Road,,March,PE15 8LB,3094902006,3094902006,132104,26/1/2027,,
Monarch House,,Royal Parade,,EASTBOURNE,BN22 7LU,05802204,1900024000926,28036,2/11/2025,E,
,32,Park Square West,,LEEDS,LS1 2PF,53102301,53102301,6099,9/8/2026,,
Unit 17,,Centre Park,,York,YO26 7QF,0380102D,2340981367415,51082,9/11/2025,E,
,10A,HIGH STREET,,Lincolnshire,PE25 3NW,03801N12,1100000732750,6586,2/11/2025,E,
46a,,Rastrick Common,,Brighouse,HD6 3DR,0380102B,2324661591112,9734,24/10/2027,E,
,132,POPPLETON ROAD,,YORK,YO26 4UP,52696307,52696307,50163,21/3/2027,,
Parish Centre Christ Church,,Christ Church,,Harrogate,HG1 4SP,0350002B,1591124721616,24094,8/4/2027,E,
RWD Shop Centre,2,Market Place,,RIingwood,BH24 1AW,03801H07,2000026766873,22804,2/11/2025,D,
Euro Caterers,45,Railway Street,,Manchester,M18 8FB,03801024,1610001084860,34451,13/6/2028,E,
THE GRANGE NURSING H,72,Upper Northam Road,,SOUTHAMPTON,SO30 4EB,00801H86,2000054424536,,1/2/2028,E,
BARNTON CRICKET CLUB,,TOWNFIELD LANE,,NORTHWICH,CW8 4QL,03801D04,1300008363360,75172,14/10/2026,E,
,23,Downend Road,,Bristol,BS15 1RT,03800N12,2200017742591,,2/11/2025,D,
,1a,Downend Road,,Bristol,BS15 1RT,03801110,2200017742467,6307,2/11/2025,E,
First Netherton Scouts,Non-PAF De,Birch Terrace,,DUDLEY,DY2 0LJ,04811N12,1411774590008,2359,2/11/2025,E,
,,Wharton Buildings,,Witney,OX29 0RF,03801H07,2000052453916,1071,1/9/2026,E,
,5,MIDDLE PARK WAY,,HAVANT,PO9 4AB,9181515606,9181515606,5640,2/7/2028,,
,336,Witton Road,,BIRMINGHAM,B6 6PD,2565245807,2565245807,0,27/4/2025,,
Nidderdale Lodge Park,,YORK ROAD,,KNARESBOROUGH,HG5 0TX,0380102A,1591041677734,1761,2/11/2025,E,
Sewarage Works,,East End Farm,,RADSTOCK,BA3 4LX,03801110,2200041328393,,26/7/2027,E,
,329,Kirkstall Road,,Leeds,LS4 2HD,5009706408,5009706408,4943,23/6/2028,,
,166,Keighley Road,,Bingley,BD16 2DZ,0380102B,2311256421414,6142,2/11/2025,E,
,,Store 2,,St. Neots,PE19 2AF,04800203,1012442847050,,2/11/2025,D,
Starbeck Working Men's Club,4,Forest Avenue,,Harrogate,HG2 7JJ,0084502D,1591010923470,,25/11/2026,E,
1st Floor A,,No 2 Waterloo Street,,Birmingham,B2 5TP,03801N12,1460002061732,5575,2/11/2025,E,
Lndlds Sply,,Watermoor Road,,Cirencester,GL7 1LF,04811H16,2000011623490,59,17/1/2027,E,
Eastern Road Camp,,Leysdown Road,,Sheerness,ME12 4RE,03802204,1900039248365,128757,31/5/2027,E,
,62,Hinckley Road,,LEICESTER,LE3 0RD,04830037,1100014478171,20093,2/11/2025,E,
Conservative Working Mens Club,15,Queen Street,,Louth,LN11 9AU,0380202C,2371112630519,25323,3/1/2026,E,
,,Boston Road,,Skegness,PE24 4HH,04811N13,1100000051058,14829,26/1/2028,E,
,,64-66 Hinckley Road,,Leicester,LE3 0RD,03800013,1100014478223,,2/11/2025,D,
,Unit 7,Caldey Road,,Manchester,M23 9LF,00845801,1600000073550,,1/10/2026,E,
AYLESHAM INDUSTRIAL ESTATE,H20 BUILDI,Brighouse Road,,Bradford,BD12 0NG,0084505A,2316510877014,,2/11/2025,E,
,,Horns Corner,,Battle,TN33 9LN,04811204,1900014334449,46184,25/1/2028,E,
,30a,High Street,,BATTLE,TN33 0EA,04157203,1900040333328,11141,2/11/2025,E,
Unit 15A,,Cibyn Ind Est,,Caernarfon,LL55 2BD,03800D01,1300011815554,,2/11/2025,D,
,175,Uxbridge Road,,LONDON,W7 3TH,3358475401,3358475401,1,2/11/2025,,
Unit A 10,,Cibyn Industrial Estate,,Caernarfon,LL55 2BD,03801D01,1300011815475,,2/11/2025,E,
,Unit 8,Bartec 4,,Yeovil,BA20 2SU,04044H18,2000025947678,22945,2/11/2025,E,
,,Lord Street,,BIRKENHEAD,L41 1HT,00845G01,1300035415413,,12/4/2026,E,
,4,Claverton Road,,MANCHESTER,M23 9FT,75894002,75894002,99617,1/9/2027,,
,12,Palace Gates Road,,London,N22 7BN,04130203,1013073596060,29962,2/11/2025,E,
,,Berry Hill,,Maidenhead,SL6 0DA,21916002,21916002,531620,22/12/2027,,
,313,Castleford Road,,Normanton,WF6 2HL,04800999,2355730438019,,2/11/2025,D,
,1,Mill Street,,Warrington,WA3 3QJ,04800661,1610009387219,,2/11/2025,D,
,69-75,Church Road,,Northolt,UB5 5AJ,03800H02,2000051387388,,2/11/2025,D,
,248,High Street,,Birmingham,B23 6SN,03801007,1418775721000,11559,2/11/2025,D,
,108,Highfields Road,,Bilston,WV14 0LD,00845127,1426519000008,,30/1/2027,E,
Cartef Care Home,288,New Road,,Pothcawl,CF36 5PL,201480509,201480509,300695,25/4/2026,,
,1,Manor House,,Dorset,BH18 8AS,03801H08,2000054390221,11457,27/11/2026,E,
Ha'of Durran,,Steading,,Thurso,KW14 8TE,03801R54,1712510545002,25102,3/4/2027,E,
,133,Central Street,,LONDON,EC1V 8AP,03800201,1200040049363,,2/11/2025,D,
113-121,,Oxford Street,,Hull,HU2 0QP,0380102B,2363702639310,9054,10/9/2027,E,
,158,The Broadway,,Southend On Sea,SS1 3ES,03800201,1012528895803,,2/11/2025,D,
,87,Holloway Road,,LONDON,N7 8LT,03801204,1200034370811,17784,29/6/2026,E,
,,"Unit 3, Opal Way Business Centre",,STONE,ST15 0SS,03801N12,1418726903009,6785,19/3/2026,E,
HEN AND CHICKENS PUBLIC HOUSE,41,Luton High Street,,Chatham,ME5 7LP,04829201,1900009157291,1374,2/11/2025,D,
,160F,Chemical Road,,Westbury,BA13 4JN,03801H06,2000006426273,279,2/11/2025,E,
,278,Station Road,,Harrow,HA1 2EA,03136204,1012853209377,13198,1/12/2026,E,
Fish & Chip Shop,8a,Bangor Road,,WREXHAM,LL13 0HB,04043D01,1300012997261,10147,2/11/2025,D,
,12,High Street,,ROYSTON,SG8 6PP,03136202,1012782030121,42051,21/2/2028,E,
,10,Cliff Wood Ltd,,Hull,HU1 1SB,0080002D,2366510322015,,2/11/2025,D,
,281,Caledonian Road,,London,N1 1EF,03801204,1200021473794,8420,2/11/2025,D,
,,"Unit 4,Laurence Works",,Sheffield,S36 6HF,0084505B,2326511252019,,2/11/2025,E,
London House,,Oldham Road,,Manchester,M24 1AZ,07800751,1600000034700,,2/11/2025,D,
,314,Ilford Lane,,Ilford,IG1 2LR,03801202,1200041811566,4974,11/6/2027,E,
,Unit 90,Designer Outlet Village,,Bridgend,CF32 9SU,00900N14,2199989337560,,13/2/2028,E,
R/O,666,Holloway Road,,London,N19 3NU,03801202,1200032219064,2211,2/11/2025,E,
Garage,,Cornbrook Road,,Manchester,M15 4WB,04811024,1610006064479,37080,25/11/2027,E,
Truck & Trailer (Hull) Ltd,,West Dock Avenue,,Hull,HU3 4JP,0482902C,2360511007913,27791,30/11/2026,E,
,,2a Carr Lane,,Hull,HU10 6JW,0380102A,2361807567112,1168,2/11/2025,E,
,121,Blackburn Road,,Accrington,BB5 0AA,04811004,1610022362602,138,9/11/2025,E,
Unit 1,,"Longmoor Garage, Shirlheath",,Leominster,HR6 9RQ,03801007,1417161602006,,2/11/2025,E,
,43,Strickland Street,,Hull,HU3 4AD,0084505B,2366512002216,,8/4/2026,E,
Metco Europe Limited,,,,Sheffield,S4 7LA,0380102A,2390000022604,1845,2/11/2025,E,
Unit 10,,Insch Business Park,,Insch,AB52 6TA,00845P82,1700052652296,,30/4/2027,E,
,587,Spring Bank West,,HULL,HU3 6LD,0380102A,2361607056010,303,1/11/2026,E,
1st Floor,5,Central Park,,Lutterworth,LE17 4PN,03801013,1100024318689,5737,31/1/2027,E,
Hull Cartridge Company Ltd,,Bontoft Avenue,,Hull,HU5 4HZ,0084505B,2362701033910,,1/10/2027,E,
,118,Garratt Lane,,London,SW17 0PY,03801204,1200039592566,20132,20/5/2026,E,
Mission Hall,,High Street,,Gloucester,GL1 4SP,03801007,1414214022000,1549,27/2/2026,E,
Carter,27,Bothferry Road,,Hull,HU3 6UA,0380102B,2361201259912,3827,18/10/2026,E,
,2,Redcliff Road,,North Ferriby,HU14 3RS,0380102C,2380001356314,17487,17/10/2026,E,
The Bungalow,,New Road,,Hengoed,CF82 7XJ,03801N13,2199989870736,14308,2/11/2025,E,
Unit 3,,Cameron House,,Gateshead,NE11 9XW,9209514109,9209514109,52811,1/4/2026,,
,15,Welford Road,,Alcester,B50 4NP,02807004,1429959100000,105901,6/11/2025,E,
Mount Noddy,,Blackmill Lane,,Chichester,PO18 0LL,04800H19,2000019195000,,2/11/2025,D,
Bar Lane Garage,,Boroughbridge Road,,Knaresborough,HG5 0LZ,0380002D,1591057787750,,1/4/2026,D,
,466,Dudley Road,,Wolverhampton,WV2 3AF,03801007,1416734770004,2239,26/2/2027,E,
,36,Barnsley Road,,PONTEFRACT,WF9 4PU,66968105,66968105,106274,1/4/2028,,
,6/6A,MARKET SQUARE,,BIGGLESWADE BEDFORD,SG18 8AS,8818765810,8818765810,158774,12/3/2026,,
,,Cardington Gate,,Bedford,MK42 0LF,00845071,1030078269690,,2/11/2025,E,
,,,,SAUNDERSFOOT,SA69 9DG,2742144002,2742144002,65081,5/4/2027,,
Hove Western Road Co,,22 Western Road,,Hove,BN3 1AA,04157203,1900033371694,13782,15/8/2027,E,
Menkind,3,Queen's Arcade,,Swansea,SA1 3QW,03801N13,2199998324423,,2/11/2025,E,
Unit 6 Forbes Court,,Billington Road,,Burnley,BB11 5UB,00900831,1640000070030,,2/5/2026,E,
,,SPARROW PIT,,BUXTON,SK17 8ES,04800661,1610012067570,,2/11/2025,D,
,39,Watling Road,,Norwich,NR7 9TL,03807203,1012694528698,24341,8/2/2026,E,
,,THE NEW TOWER HOTEL,,NEATH,SA10 6JL,00845L03,2199998807119,,6/8/2027,E,
,,St. Davids Arcade,,SWANSEA,SA1 3QW,03801N13,2199998324520,12237,1/7/2027,E,
Royal Vincent Hotel,22-30,Hull Road,,Blackpool,FY1 4QB,03801131,1610004110370,1937,2/11/2025,E,
,,GILESPORTS PLC,,Swansea,SA1 3QW,03800200,2199998324450,,2/11/2025,D,
Seven Stars Public House LLP,,Foots Cray High Street,,Sidcup,DA14 5HJ,03004203,1200036799818,51487,2/12/2026,E,
,6,Fieldhead Street,,Bradford,BD7 1LW,0380102B,2311013317010,6968,22/1/2026,E,
8 Fieldhead Street,,Fieldhead Business Centre,,Bradford,BD7 1LW,0380102B,2311013311018,6037,22/1/2026,E,
,,22-30 Hull Road,,Blackpool,FY1 4QB,03801131,1610004110399,2806,2/11/2025,E,
1-3,,Mossley Road,,Oldham,OL4 4HH,03801014,1610002793666,9914,1/6/2028,E,
Unit 4E,,Snaygill Industrial Estate,,Skipton,BD23 2QR,0380102B,2314751514217,2032,2/11/2025,E,
Manor Farm House,82,Church Road,,Lowestoft,NR33 7SJ,04139204,1012700347230,96841,18/5/2027,E,
,35,Passey Place,,London,SE9 5DA,00845072,1200050245944,,3/12/2025,E,
Kiosk 16,,Peel Street,,Accrington,BB5 1EA,03801631,1620001080756,2242,2/11/2025,E,
,17,Dean Street,,Blackpool,FY4 1AU,03801631,1610004050961,10455,11/6/2027,E,
,41,North Audley Street,,LONDON,W1K 6ZP,03801204,1200030000626,77549,25/9/2026,E,
,,Broadway,,NEWCASTLE UPON TYNE,NE20 9PN,73885709,73885709,1,23/10/2026,,
The Assembly,,Spencer Street,,Leamington Spa,CV31 3NF,00845L04,1160001013423,,2/11/2025,E,
,379,Katherine Road,,London,E7 8LT,03801202,1200038102399,,23/4/2028,E,
SILVERSCREENS,1,Wesley Yard,,Newquay,TR7 1LB,,2200022108293,4261,23/4/2026,1,
,4,Spencer Street,,Leamington Spa,CV31 3NF,04800037,1100024228166,,2/11/2025,D,
,239,Mile End Road,,LONDON,E1 4AA,3236537210,3236537210,274095,2/2/2027,,
,Unit 3,Park 2000,,Newton Aycliffe,DL5 6AR,8935843303,8935843303,177155,20/7/2027,,
,,Spencer Street,,Leamington Spa,CV31 3NF,04800037,1100024502501,,2/11/2025,D,
,67,Darwin Street,,Birmingham,B12 0TP,07034N13,1428852100007,48276,2/11/2025,E,
,1324,High Road,,London,N20 9HJ,03801204,1013018036344,10466,1/2/2026,E,
,6,Knightstone Rd,,Weston-super-mare,BS23 2AN,,2200013383696,,2/11/2025,D,
,100,Lorne Road,,Leicester,LE2 1YG,03801013,1100013697246,2446,29/1/2026,E,
Unit 7,,Leaton Industrial Estate,,Shrewsbury,SY4 3AP,03801007,1419399203008,512,12/6/2026,E,
Holmethorpe Industrial Estate,60,Holmethorpe Avenue,,REDHILL,RH1 2NL,,1900070437793,18728,2/5/2026,E,
Unit 3C,,Temple Road,,Leicester,LE5 4JE,04032037,1100012333181,,2/11/2025,D,
29-31,,29-31 Monument Street,,London,EC2R 8BT,00845071,1200050547295,,21/10/2026,E,
,1,Maling Street,,Newcastle Upon Tyne,NE6 1LP,0090002D,1591053717926,,2/10/2026,E,
,409,Unit B1,,NORTHAMPTON,NN5 6PB,,1170000756747,36879,3/12/2027,1,
,4,Izons Lane Industrial Estate,,West Bromwich,B70 9BY,,1421457000000,,18/4/2026,E,
University House,,53-55,,LONDON,N1 6AH,03801201,1200030109388,1066,13/6/2026,E,
,98,Stanley Street,,Blackburn,BB1 3BW,00800801,1630000274004,,2/11/2025,D,
Unit C2 409,,Harlestone Road,,Northampton,NN5 6PB,03801N14,1100019053273,141766,3/12/2027,E,
Dunstone Hotel,,Lower Warberry Road,,TORQUAY,TQ1 1QS,67743007,67743007,22964,1/12/2025,,
Ground Floor,55,East Road,,London,N1 6AH,03801201,1200030109449,472,13/6/2026,E,
Greenhole Park,,Greenhole Place,,Aberdeen,AB23 8EU,,1714323121036,,28/2/2027,1,
,98,Stanley Street,,Blackburn,BB1 3BW,03801131,1610021856405,,2/11/2025,D,
Manor Arms,,Middle Street,,Crewkerne,TA18 7SG,08026N14,2200030056116,15398,4/12/2025,E,
Ground Floor,55,East Road,,London,N1 6AH,,1200030109430,502,13/6/2026,1,
Unit 28 Sapcote Bus park,,James Road,,Birmingham,B11 2BA,2558492003,2558492003,5621,2/11/2025,,
7 Old Square,25,Digbeth Square,,Walsall,WS1 1PY,03800007,1414417950009,,2/11/2025,D,
Ground Floor,55,East Road,,London,N1 6AH,03801201,1200030109458,291,13/6/2026,E,
1st Floor Studio,,Cuckoo Lane,,Witney,OX29 6PS,,2000009074130,,1/10/2027,1,
,,Preston Road,,BRIGHTON,BN1 6HN,649070000,649070000,30295,9/11/2027,,
,8,Fir Vale Road,,Bournemouth,BH1 2JG,03801H07,2000021022316,27860,2/11/2025,E,
123-125,,Bridgnorth Road,,Stirbridge,DY8 3NX,04811N13,1419644680003,9414,13/6/2027,E,
,5,Uxbridge Road,,LONDON,W12 8LJ,,1200032981786,17204,2/11/2025,E,
SINGH STOP,13,The Parade,,Telford,TF2 8EB,04811N13,1417557110005,16078,11/1/2026,E,
,197,Carmarthen Road,,Swansea,SA1 1HE,,2199998327248,6506,13/6/2026,E,
,5,Davis Way,,Fareham,PO14 1JF,03801H03,2000013703118,22850,6/12/2026,E,
Unit 1B,,Monks Road Industrial Estate,,Alfreton,DE55 7RL,00900N13,1100039630320,,24/4/2026,E,
,46,Church Street,,LONDON,NW8 8EP,03801202,1200021306791,3965,2/11/2025,E,
,,Howe Moss Terrace,,Aberdeen,AB21 0GR,,1714330061213,,19/5/2026,E,
,,Camps Industrial Estate,,KIRKNEWTON,EH27 8DF,03801D03,1800020219513,12068,8/7/2027,E,
,47,Holly Road,,SUFFOLK,IP5 1HX,04124202,1012906712898,4428,10/11/2025,E,
,501,Kingsbury Road,,London,NW9 9EG,03801203,1012840215751,47328,28/8/2027,E,
,31,St Stephens Road,,Norwich,NR1 3SP,,1012685110192,66159,3/6/2026,E,
Unit 2,,Park Road,,Faringdon,SN7 7BP,03801H09,2000011897538,790,2/11/2025,E,
HALDEN HOUSE,59,WALTER ROAD,,SWANSEA,SA1 5PZ,04807201,2199998273595,,12/1/2026,E,
,43a,High Street,,IPSWICH,IP7 5AB,,1012987099500,4363,25/7/2026,1,
,,Station Lane,,INGATESTONE,CM4 0BL,13533708,13533708,253266,1/1/2026,,
"Wise Buys, The Mobile Group",228,Colne Road,,Burnley,BB10 1DY,,1610014114780,1598,3/12/2025,E,
,,Woodlands Crematorium,,Paisley,PA1 2NP,03801D04,1800028038219,117659,1/10/2027,E,
Broadwalk 1 Cyps Office,,1 Broadwalk,,Bristol,BS1 6EE,00800203,2200030012670,,2/11/2025,D,
,49,High Street,,SHERINGHAM,NR26 8DS,,1012733464246,345,8/12/2025,1,
,1,Steward Street,,Birmingham,B18 7AE,,1421396100000,,2/11/2025,E,
,30,NORTH MOSSLEY HILL ROAD,,LIVERPOOL,L18 8BP,8821653208,8821653208,53,2/11/2025,,
Flat 3,,Hagley Road,,Birmingham,B17 8DJ,2568830800,2568830800,1,13/4/2026,,
Bristol Knowle,,12 Broadwalk Shopping Centre,,Bristol,BS4 2QU,03801110,2200015312828,,2/11/2025,E,
Strathnaver Museum Shed,,"Clachan,",,Thurso,KW14 7SS,03801P07,1700060028209,5632,15/6/2027,E,
24 Hammond Buisness Centre,,Hammond Close,,Nuneaton,CV11 6RY,,1100040502362,347,2/11/2025,E,
Unit 24,,Braod Walk,,BRISTOL,BS4 2QU,03800110,2200015315615,,2/11/2025,D,
Hill End Campsite,,Llangennith,,Swansea,SA3 1JD,,2100040797476,35776,1/10/2026,1,
Shop 6,175,Station Road,,Ferndown,BH22 0HX,04044H17,2000021785222,9385,15/6/2026,E,
,13,Castle Street,,Builth Wells,LD2 3BN,00845300,2199989652070,,8/12/2026,E,
,,Westgate,,Walsall,WS9 8BS,00845127,1429810500003,,28/1/2027,E,
Syke Farm,,Walwyns Castle,,Haverfordwest,SA62 3DZ,04807N13,2199999463313,20820,24/12/2027,E,
Unit 21 Houghton Street,,Houghton Street,,West Bromwich,B70 6BW,03800007,1417333860001,,2/11/2025,D,
,21,FAWCETT STREET,,SUNDERLAND,SR1 1RH,0380102A,1591058921112,33161,9/4/2026,E,
Mount Mellory Hotel,3,Hull Road,,Lancashire,FY1 4QB,03801014,1610004110273,19608,2/11/2025,E,
Unit 23,,Houghton Street,,West Bromwich,B70 6BW,03801N13,1410433860004,25,2/11/2025,E,
Brixton Plc,,Westbrook Trading Estate,,Manchester,M17 1AY,00845801,1600000070889,,9/12/2025,E,
Unit 21,,Westbrook Trading Estate,,Manchester,M17 1AY,00845801,1600000070898,,9/12/2025,E,
Anchorhouseresidentialcarehome,11,Avenue Road,,Doncaster,DN2 4AH,21176706,21176706,173801,18/3/2028,,
,,"STALLS 4 & 5, MARKET HALL, KIRKGATE",,Shipley,BD18 3QU,0380102A,2315410194018,,2/11/2025,E,
,,"Unit A,The Link Centre",,Weston-super-Mare,BS24 9AY,03801N12,2200012890685,6765,10/12/2026,E,
,,99 Barkby Road,,Leicester,LE4 6LG,,1170000233349,,2/12/2025,E,
,.,"Kidderminster, Oldington Trading Estate",,,DY11 7QP,59219903,59219903,32771,28/2/2027,,
,29,Colwyn Avenue,,COLWYN BAY,LL28 4RB,03801D02,1300009090978,2970,16/6/2026,E,
,,Ridgeway,,MIDDLESBROUGH,TS8 0TQ,1356303906,1356303906,171015,6/4/2028,,
STABLES,213,Titchfield Road,,Stubbington,PO14 3EW,03801H08,2000027799587,15422,10/12/2026,E,
Leadfield Care,32,Springfield Drive,,ABINGDON,OX14 1JF,50377707,50377707,130353,25/11/2027,,
Seldons Leisureworld,,Whitburn Road,,Sunderland,SR6 8AA,0084505A,1591040553639,,17/6/2026,E,
Unit 2,,Dudley Road,,Kingswinford,DY6 8XF,49901906,49901906,630043,2/11/2025,,
Stalls,39,Market Hall,,SHIPLEY,BD18 3QU,0380102B,2315410214213,4087,2/11/2025,E,
Shop,74,East Barnet Road,,Barnet,EN4 8RQ,03801202,1012994114739,13379,17/6/2027,E,
The Club House,,Hall Street,,Blackwood,NP12 1NY,03801N13,2199990066199,33868,11/12/2027,E,
H Fine & Son Ltd,,Manor Farm Road,,Wembley,HA0 1XB,51361506,51361506,5457,24/4/2026,,
"UNIT 25,BLOCK 7",,OLD MILL LANE IND ESTATE,,MANSFIELD,NG19 9BG,04811037,1100004561344,3286,2/11/2025,E,
A S Poultney & Son,,New House Farm,,Wells,BA5 1PF,04574251,2200012267571,46,2/11/2025,E,
A S Poultney & Son,,New House Farm,,Wells,BA5 1PF,,2200012267580,702,2/11/2025,1,
,64,Putney Bridge Road,,London,SW18 1HR,64590700,64590700,67108,19/10/2027,,
,17A,EAST END ROAD,,LONDON,N3 3QE,03801203,1050000116544,32804,18/6/2026,E,
Unit 1B,,Gaerwen Industrial Estate,,Gaerwen,LL60 6HR,03801D01,1300054415115,8230,18/6/2027,E,
,,PENIARTH,,LLANFYLLIN,SY22 5LS,04009D02,1300012569463,5759,2/11/2025,E,
,12-14,osborne road,,blackpool,fy4 1hj,03801631,1610004048396,,11/9/2026,E,
,65-67,West Bars,,CHESTERFIELD,S40 1BA,57816709,57816709,130132,10/9/2028,,
Duckworth Mill,,Oak Street,,Colne,BB8 0RH,53920201,53920201,228689,1/10/2028,,
21,,PURDEYS WAY,,ROCHFORD,SS4 1ND,,1012608233614,4198,24/5/2026,E,
Unit 61 Centenary Buisness Prk,,Hammonds Close,,Nuneaton,CV11 6RY,00900247,1160001106593,,6/6/2026,E,
,11,KING GEORGE CLOSE,,ROMFORD,RM7 7PN,8823245809,8823245809,82530,1/4/2026,,
Unit 2,,Briar Close Business Park,,Evesham,WR11 4JT,03801007,1426549100006,1370,2/11/2025,E,
Unit 21,,Briar Close,,Worcestershire,WR11 4JT,04800010,1413781081000,,2/11/2025,D,
Unit 51,,Crofty Industrial Estate,,Swansea,SA4 3RS,03801200,2199997488334,2174,19/6/2027,E,
First Floor,19b,East Street,,BROMLEY,BR1 1QE,03801202,1200021803570,,7/5/2028,E,
Stevenage Co,,Units 22 And 23,,Stevenage,SG1 1QR,03800202,1012825214233,,2/11/2025,D,
Lower Ground,58,Walter Road,,Swansea,SA1 5PZ,04811201,2199998273600,586,2/11/2025,E,
,12,West Street,,WARE,SG12 9EE,04800007,1012768057852,,2/11/2025,D,
,4,Raynor Road,,Wolverhampton,WV10 9QY,,1410217180004,17674,1/8/2026,E,
,,Highfield Farm Access,,Sandy,SG19 2AF,00900204,1030073500870,,2/11/2025,E,
Dynasty,139,High Road,,LONDON,E18 2PA,04809204,1200040934179,35108,27/5/2026,E,
29a,,Hermitage Road,,Hitchin,SG5 1BY,03801201,1012821642330,1638,2/11/2025,E,
UNIT C,,DOMINION WAY,,WORTHING,BN14 8NW,00845071,1900038001309,,2/8/2026,E,
Landlord,10-16,Bidwell Close,,Letchworth Garden CIty,SG6 1QR,04811201,1012813878680,,2/11/2025,E,
Rotherwas Industrial Estate,,,,Hereford,HR2 6JZ,06800021,1424350200007,,2/11/2025,D,
,28,High Street,,Royston,SG8 9AG,03801201,1012769836906,10742,17/2/2026,E,
,321-323,Bearwood Road,,SMETHWICK,B66 4DP,03801007,1411287360003,1632,6/9/2027,E,
Recallshow Limited,,Bowles Well Gardens,,Folkestone,CT19 6PQ,00845073,1900029427574,,10/8/2027,E,
Pumping Station,,Granites Chase,,Billericay,CM11 2UL,,1050001413552,8071,1/8/2026,1,
Slough Trading Estate - Zone E,,Bldg 906 Yeovil Road,,Slough,SL1 4JG,03801H02,2000054303168,8566,2/11/2025,E,
,Non-PAF De,Commerce Street,,BRECHIN,DD9 7BD,00845P81,1716890033503,,1/8/2026,E,
Unit U1,,Rudford Ind Est,,West Sussex,BN18 0BF,04044H23,2000018560846,12629,31/12/2026,E,
"Unit 7, Ember Centre",,Lyon Road,,WALTON-ON-THAMES,KT12 3PU,03801202,1900038424808,134388,1/8/2028,E,
,249,Mare Street,,London,E8 3NS,03800202,1200023879827,,2/11/2025,D,
Un 7B,,The Heston Centre,,Hounslow,TW5 9NJ,,2000003184050,,19/2/2015,D,
,349,Lincoln Road,,PETERBOROUGH,PE1 2PF,04807202,1012882838206,96293,1/8/2026,E,
,"4A,",Murieston Road,,Edinburgh,EH11 2JH,04001D02,1800031558166,5769,2/11/2025,E,
,,Cherrycourt Way,,Leighton Buzzard,LU7 4UH,03801202,1012381368511,,30/5/2015,E,
,,Snow Hill,,Wolverhampton,WV2 4AD,03800007,1411378080000,,1/6/2015,D,
Woodfield Farm,,Longsight Road,,Blackburn,BB2 7JA,03801004,1650000164990,15768,1/8/2026,E,
"Unit 1-2, Block 1",,"Amber Business Centre, Greenhill Lane",,Alfreton,DE55 4BR,04811N12,1100008086137,11923,23/6/2015,E,
,,819-821 High Road,,LONDON,N17 8ER,8818187807,8818187807,22,2/11/2025,,
FAIRFIELD SOCIAL CLUB,272,Townhill Road,,Swansea,SA1 6PE,03220N14,2199998066638,47392,2/11/2025,E,
,Non-PAF De,Wrekin Road,,TELFORD,TF1 1QZ,04811N12,1410049000005,14166,8/8/2028,E,
The Manor Arm,13,Mitcham Lane,,London,SW16 6LQ,03006204,1200028863352,,3/10/2015,E,
Unit 9 West Mayne,,Bramston Way,,Basildon,SS15 6TP,03801202,1030066351097,,11/8/2015,E,
SYNSEAL EXTRUSIONS,,COMMON ROAD,,HUTHWAITE,NG17 6AD,00845H04,1100039605389,,1/4/2016,E,
,2,Coast Road,,East Sussex,BN24 6ED,03800202,1900009294680,,15/7/2016,D,
Burgage Borehole,,The Village,,SHREWSBURY,SY4 1LA,00845G01,1300013784961,,24/10/2027,E,
3-5,,Thane Villas,,London,N7 7PH,06800204,1200010092710,,4/11/2016,D,
,,The Village,,Shrewsbury,SY4 1LA,03801D02,1300012942918,3667,1/8/2027,E,
,1,NORTHGATE ROAD,,MIDDLESBROUGH,TS5 5NW,0480702B,1591015107142,,1/12/2016,E,
,309,REEPHAM ROAD,,NORWICH,NR6 5AD,04166201,1012688628733,275,12/4/2017,D,
St Hildas School (Harpenden) Limited,28,Douglas Road,,HARPENDEN,AL5 2ES,,1012472930598,,,1,
National Hotel,,High Street,,Dingwall,IV15 9HA,00845P81,1710092342017,180674,4/5/2017,E,
,362,LONDON ROAD,,LEICESTER LEICESTERSHIRE,LE2 2PU,815405,815405,401434,31/5/2027,,
180-181,,Leabrook Road,,Tipton,DY4 0DY,00845N14,1417741460003,,17/6/2026,E,
,Unit 6,School Road,,IPSWICH,IP6 0SA,,1015682301830,,,1,
"Station Taxi's, Unit 9p",,Riverside Road,,Sunderland,SR5 3JG,0084505A,1591045902420,61070,28/8/2017,E,
Unit 1,73,Morris Road,,Leicester,LE2 6BR,04811N12,1100013756079,5013,2/8/2027,E,
,,Maybury Hill,,WOKING,GU22 8AB,00900072,1900016055238,,1/11/2017,E,
,103,Bunting Road,,Northampton,NN2 6EE,03801N12,1100019225117,6880,2/8/2026,E,
,88,Southgate,,Eckington,S21 4FT,04811N12,1100008609200,,1/4/2018,E,
,88,Southgate,,Eckington,S21 4FT,,1100008609326,,1/4/2018,1,
,11,Woolton Street,,Liverpool,L25 5NH,03801D02,1300003587155,63601,16/8/2027,E,
Motor Spares,199,Richardshaw Lane,,Pudsey,LS28 6AA,0380102A,2313620141614,1216,2/11/2025,E,
Cannontek Ltd,Unit R,Penfold Works,,Watford,WD24 4YY,03801202,1012420031285,,20/4/2018,E,
,,41 MARKET PLACE,,Richmond,DL10 4QL,0380102B,1591059764684,,1/10/2019,E,
Hoo Village Institute,25,Main Road,,Rochester,ME3 9AA,04829204,1900031000099,81583,8/8/2028,E,
,59,Barking Road,,London,E6 1PY,,1200041506210,9635,27/4/2026,E,
,6,Ock Street,,Oxon,OX14 5AW,15775507,15775507,172262,1/8/2028,,
INNOVATION HOUSE,39-41,NUFFIELD WAY,,,OX14 1RL,00070H89,2000057689469,,1/8/2026,E,
,34,High Street,,OAKHAM,LE15 6AL,04812037,1100001740770,28321,3/8/2028,E,
Phase 6,,Cheapside,,Birmingham,B12 0PU,03800007,1460001355996,,2/11/2025,D,
,Unit 8,Manor Way,,Borehamwood,WD6 1GW,03801202,1030021709478,,2/10/2023,E,
Unit 1,,Hallam Fields Road,,ILKESTON,DE7 4AZ,04807N12,1160000931145,,9/5/2026,E,
,5,"Bankside, The Watermark",,GATESHEAD,NE11 9SY,0380102B,1580000496452,10149,2/10/2023,E,
UNIT 401,,POINTON WAY,,DROITWICH,WR9 0LW,00801E2K,2600002783256,,2/11/2025,D,
,168,Green Lane,,Birmingham,B36 0BU,00845N14,1425274100005,,19/7/2028,E,
Red Lion Cottages,4,Red Lion Square,,AMBLESIDE,LA22 9SS,8912941601,8912941601,154903,1/10/2028,,
Shop,27,Villette Road,,SUNDERLAND,SR2 8RH,02B,1591032574935,10515,1/11/2023,1,
Shop Ground Floo,5,Station Road,,New Milton,BH25 6HN,03801H02,2000020040430,3705,3/8/2027,E,
Off Quay Building,6,Foundry Lane,,Newcastle Upon Tyne,NE6 1LH,0480702A,1591052963998,561,20/2/2026,E,
Lennox Lea Hotel,,Charlton Drive,,Sale,M33 2BJ,00900424,1600000072158,,3/8/2026,E,
Canklow Road,,,,South Yorkshire,S60 2JF,0084505A,2336551315418,,6/4/2027,E,
UNIT 25 THE OFF QUAY BUILDING,,FOUNDRY LANE,,NEWCASTLE UPON TYNE,NE6 1LH,0380102B,1591050396274,6592,2/11/2025,E,
,101,High Street,,Yarm,TS15 9BB,0480802B,1591022676588,5452,4/8/2026,E,
,101,High Street,,Brackley,NN13 7BW,03801N14,1100015874100,84008,5/8/2027,E,
Hamiltons Restaurant,11,Queen Street,,Carmarthen,SA31 1JR,00900N14,2199989655586,,25/12/2026,E,
,33,Newport Road,,MILTON KEYNES,MK15 0AA,69056907,69056907,253446,17/9/2026,,
,137,High Road,,Benfleet,SS7 5LN,03801202,1012596536506,,4/8/2028,E,
,5-7,Fenham Road,,Newcastle upon Tyne,NE4 5AE,,1591048185730,,2/11/2025,1,
,11,Fenham Road,,Newcastle Upon Tyne,NE4 5AE,0380102A,1591046880725,3011,11/4/2028,E,
,2,Main Street,,LEVEN,KY8 6BT,15364710,15364710,384051,9/5/2026,,
Unit 3,,Old Co-Op Buildings,,Newcastle Upon Tyne,NE5 5HL,0380102A,1591032026780,21058,13/11/2027,E,
,44,Victoria Street,,Aberdeen,AB10 1XA,03801R53,1714821091501,30300,15/2/2026,E,
Falcon Hotel,,,,Bude,EX23 8SD,00845570,2200030080191,,1/10/2028,E,
,357,Aylsham Road,,Norwich,NR3 2RX,04812203,1012681276780,21650,21/5/2026,E,
Guildford Arms,1,West Register Street,,Edinburgh,EH2 2AA,00845D04,1800035300868,,6/8/2027,E,
,251,Woodcock Lane North,,Birmingham,B27 6SE,59832807,59832807,84713,14/4/2028,,
Unit 2 Tarlings Yard,,Bishops Cleeve,,Cheltenham,GL52 8RN,,1419698661000,3181,20/1/2026,1,
"Unit 14, Ilford Site",,Ilford Trading Estate,,Basildon,SS14 3DR,03801202,1012557483654,9480,22/10/2027,E,
,41,Orchard Park,,Camarthen,SA33 4TL,03801N12,2199999091820,2992,17/4/2026,E,
,12,John Street,,BRADFORD,BD1 3JS,0380102A,2316106771810,8383,18/8/2026,E,
Brixton Seventh-Day Adventist,,Santley Street,,London,SW4 7QG,03801202,1200036336895,,2/11/2025,D,
,1,VICTORIA EMBANKMENT,,NOTTINGHAM,NG2 2JY,03801N13,1100005301690,23789,2/3/2028,E,
Brixton Seventh-Day Adventist,,Santley Street,,LONDON,SW4 7QG,03800202,1200036336910,,2/11/2025,D,
,242,"A, Portland Road",,Hove,BN3 5QT,04811202,1900030380998,9714,22/10/2027,E,
,2,Market Street,,Highbridge,TA9 3BW,04574251,2200021851869,,2/11/2025,D,
,53-55,"Ground Floor,University House",,London,N1 6AH,,1200030109411,9902,29/4/2026,E,
Flat 3,2,Woodside Park Road,,London,N12 8RP,03801201,1050001311080,2741,24/10/2027,E,
,30,High Street,,Blackburn,BB1 4LA,03801631,1610021983060,613,21/1/2028,E,
,7,Market Street,,Highbridge,TA9 3BW,03800110,2200021852019,,2/11/2025,D,
,2,Woodside Park Road,,London,N12 8RP,,1013010433927,666,24/10/2027,E,
,30,High Street,,Blackburn,BB1 4LA,04807661,1610021983070,,21/1/2028,E,
,49-51,East Road,,London,N1 6AH,03801201,1200030109397,1180,29/4/2026,E,
,,Pottery Road,,Newton Abbot,TQ13 9JJ,03801N13,2200020367981,20007,28/3/2027,E,
4-6,,WOODSIDE PARK ROAD,,LONDON,N12 8RP,03801203,1013010434381,10555,1/11/2027,E,
Zwick Testing Machines Ltd,,Southern Avenue,,LEOMINSTER,HR6 0QH,5073809206,5073809206,2703,2/5/2026,,
First Floor,16,Woodside Park Road,,London,N12 8RP,03801201,1013010441050,12462,24/10/2027,E,
Class 7 MOT Bay,,Pottery Road,,Newton Abbot,TQ13 9JJ,03801N12,2200041855014,4048,28/3/2027,E,
,16,Corve Street,,Ludlow,SY8 1DA,03873N12,1416046502002,2246,21/1/2027,E,
,95,High Green,,Cannock,WS11 1BH,2492132307,2492132307,0,25/5/2028,,
The Hollybush Hotel,,Station Lane,,Saltburn-By-The-Sea,TS12 2LR,0080002A,1591058618788,,2/11/2025,D,
Kinminty Farm,,,,Turriff,AB53 5PG,03801R53,1715274884559,28372,21/1/2026,E,
,209,London Road,,Reading,RG1 3NU,03801H03,2000009882504,19922,24/10/2026,E,
,11,Ellerbeck Court,,MIDDLESBROUGH,TS9 5PT,0380102B,1580000771049,3919,2/11/2025,E,
Rmc House,,The Square,,Lightwater,GU18 5SS,00845H86,2000003529808,,24/10/2027,E,
D S Auto,20,William Street,,Leicester,LE1 1RW,03801N12,1100051070980,4055,22/1/2026,E,
Sturden Lodge,,Pye Corner,,Bristol,BS16 1SQ,03801N12,2200040925497,7705,18/4/2026,E,
Shillakers Farm,,North Drove Bank,,Spalding,PE11 3JU,04811N13,1100000824542,14986,18/4/2027,E,
Faith Hair Salon,29,Kitts Green Road,,Birmingham,B33 9NY,03801007,1411452151000,1253,23/1/2027,E,
,33-35,High Street,,LONDON,NW10 4NE,04809203,1200037674890,13404,3/1/2026,E,
,12A,Westmorland Road,,Newcastle upon Tyne,NE1 4EG,0380102B,1580001790015,26675,25/10/2026,E,
,14,Palace Gates Road,,LONDON,N22 7BN,04138203,1013073598138,1173,24/1/2028,E,
,50,Poplar Road,,Birmingham,B14 7AG,03801007,1410100311004,888,25/1/2028,E,
Bus Station Cafe,,Albion Street,,Castleford,WF10 1EG,03800999,2355530743211,,2/11/2025,D,
Unit 55,,Lunsford Road,,Leicester,LE5 0HW,03801N12,1130000015165,12003,25/1/2028,E,
,154,Myrtle House,,Accrington,BB5 0AE,03801014,1610022414330,6877,24/4/2028,E,
Shepwell Green Social Club,,BILSTON LANE,,WILLENHALL,WV13 2QF,,1414602203003,15495,2/11/2025,1,
,78,Narborough Road,,Leicester,LE3 0BS,,1100014215833,,25/10/2024,1,
,1,Gloucester Avenue,,TILBURY,RM18 8RB,8906744804,8906744804,58143,1/6/2027,,
Golden Palace,52,North Street,,Bourne,PE10 9AB,04828N12,1100001258136,22152,19/4/2026,E,
,44,Bilston Lane,,Willenhall,WV13 2QF,,1460000670023,,2/11/2025,D,
Franks The Flooring Store,,Benfield Road,,Newcastle Upon Tyne,NE6 6XA,0090002D,1591014113400,,26/10/2026,E,
,30,Blacklands Way,,ABINGDON,OX14 1SX,03801H09,2000009379156,67908,20/4/2026,E,
,,,,NEWMARKET,CB8 0EL,,1012791602722,,,1,
30095C St Mary & St John's Church,,Snow Hill,,"Wolverhampton, West Midlands,",WV2 4AD,03801007,1419278080009,,2/11/2025,D,
Castle Point Gas Heating Ltd.,21-25,Hart Road,,Benfleet,SS7 3PB,04100202,1012599948095,11999,27/1/2028,E,
,3,Kelvin Close,,Warrington,WA3 7PB,00845801,1600000082810,,2/11/2025,E,
,32,Blacklands Way,,ABINGDON,OX14 1SX,03801H09,2000009379174,40251,20/4/2026,E,
Off Harvey House,,Hassell Street,,Newcastle Under Lyme,ST5 1AR,03801N13,1412131230007,519,13/7/2027,E,
,11,Market Place,,Somerset,BA4 5AZ,03801110,2200012073698,2819,6/2/2027,E,
,Unit 5,Lion Barn Ind. Estate,,Needham Market,IP6 8NZ,04807202,1012975820079,3067,20/4/2026,E,
Bryn Garth Farm,,Bryn Garth,,Ynys Mon,LL71 7BN,04009D03,1300011887025,12377,28/1/2028,E,
,790,Mandarin Court,,WARRINGTON,WA1 1GG,03801D03,1300054168456,32275,24/1/2026,E,
,25,Wrafton Road,,Braunton,EX33 2BT,04060N14,2200014295162,11,2/11/2025,E,
Vernon House ; 18,,Friar Lane,,Nottingham,NG1 6DQ,03801013,1100005972087,11302,20/4/2026,E,
,,U E1 Mill Lane,,Hailsham,BN27 4HD,00900201,1900036304868,,1/12/2030,E,
,93,Church Street,,Burnley,BB11 2RS,03801004,1610013976750,2625,28/1/2027,E,
,,Shorts Gardens,,London,WC2H 9AU,00845071,1200010036140,,2/11/2025,E,
103,,High Road,,Benfleet,SS7 5LN,03801201,1012596527539,14,22/10/2026,E,
Garlogie Inn,,Skene,,Westhill,AB32 6RX,03094R69,1714447053008,119828,2/3/2028,E,
Cassiobury House,11-19,Station Road,,Watford,WD17 1AP,03800202,1012414146735,,2/11/2025,D,
Penybryn,,Felinganol,,Cardigan,SA43 3NN,04101201,2199999212593,3462,27/10/2026,E,
The Focsle Inn,,Seaside,,Ilfracombe,EX34 0DJ,00900N14,2200030078485,,26/6/2027,E,
Brookleaze Trading Estate,,Stockwood Vale,,Bristol,BS31 2AL,03801110,2200015152623,5356,1/5/2026,E,
Summerhill Community Centre,,,,Dumfries,DG2 9EF,03801D02,1800015819012,11778,30/1/2028,E,
Unit 31,,Westbrook Trading Estate,,Manchester,M17 1AY,04800591,1610027200108,,2/11/2025,D,
,3,Parsons Hill,,Birmingham,B30 3PN,03801N14,1414285801003,21125,30/1/2026,E,
Unit 5,,unit 5 Brindley Road,,Coventry,CV7 9EP,03800013,1100023647386,,2/11/2025,D,
Smallbridge Clinic,21,Stevenson Square,,Rochdale,OL12 9SA,03801014,1610012380942,12319,27/10/2026,E,
"LANDLORD, 1270 TO 1272",,PERSHORE ROAD,,"BIRMINGHAM,",B30 2XU,,1470001426924,551,2/11/2025,E,
Harlesden Methodist Church,25,High Street,,LONDON,NW10 4NE,03801201,1200037674701,208,2/11/2025,E,
,18,Nuffield Way,,ABINGDON,OX14 1RL,00845H88,2000027355325,,2/1/2027,E,
Hazelhurst,,Broomhills Chase,,Billericay,CM12 9TE,,1012563920437,25144,8/4/2028,E,
,497,Bellhouse Road,,Sheffield,S5 0EP,0380102D,2332420830218,74328,14/7/2028,E,
,,"Bowman Trading Estate, Westmoreland Road",,LONDON,NW9 9RL,04807202,1012841943745,8740,29/10/2026,E,
,,Ellenbrook Lane,,Hatfield,AL10 9RW,69756610,69756610,119738,5/6/2026,,
,352,Portswood Road,,Southampton,SO17 3SB,03801H02,2000023214588,7499,22/11/2025,E,
,,Putney Close,,BRANDON,IP27 0PA,,1012944178285,34401,22/4/2026,E,
Doctor's Surgery,65,Desborough Avenue,,High Wycombe,HP11 2SD,03801H09,2000013101840,,2/11/2025,E,
24 Leisure Park,,Western Road,,Hove,BN3 1AF,03800202,1900004193462,,2/11/2025,D,
First Floor,,"Block 2, Adj Martin House",,Lincoln,LN6 3JZ,04812037,1100002308833,1857,2/11/2025,E,
,,28-29 Western Road,,Hove,BN3 1AF,03800202,1900025373543,,2/11/2025,D,
"1, TOMKAT YARD",,CREW LANE,,Southwell,NG25 0TZ,03801N12,1170001410744,1379,2/11/2025,E,
,5,WENDOVER ROAD,,NORWICH,NR13 6LH,00845084,1050002448732,,1/2/2026,E,
Unit 2A,,The Chalex Industrial,,Brighton,BN42 4NH,03801202,1900090299435,5351,2/11/2025,E,
2nd Floor,28,Western Road,,Hove,BN3 1AF,03800202,1900026373340,,2/11/2025,D,
Helenstone Farm,,.,,Arbroath,DD11 3SA,00845P83,1716709303018,,1/2/2028,E,
3rd Floor,,28-29 Western Road,,Hove,BN3 1AF,03800202,1900013373846,,2/11/2025,D,
,21,Station Street,,MEXBOROUGH,S64 8AU,9202797808,9202797808,164506,18/7/2027,,
Hazel Philips,,Raws Camps Industrial Estate,,Kirknewton,EH27 8DF,03801D01,1800020219452,19969,1/2/2026,E,
Bradbourne Riding Centre,,Bradbourne Vale Road,,Sevenoaks,TN13 3DH,04811203,1900044267556,15479,31/10/2026,E,
,24,Oak Street,,KINGSWINFORD,DY6 9LS,00900633,1417179101005,,21/4/2027,E,
,88,Stafford Street,,Willenhall,WV13 1RT,04021N12,1414056750002,5550,2/11/2025,E,
,,Camps Industrial Estate,,Kirknewton,EH27 8DF,,1800030934620,163005,1/2/2027,E,
The Yard,,Bird In Eye Hill,,Uckfield,TN22 5HA,03801202,1900009272091,3035,2/11/2025,E,
"ONTIC ENGINEERING &, METEOR BUSINESS P",,CHELTENHAM ROAD EAST,,CHURCHDOWN,GL2 9QL,00845E21,2500001064059,,1/11/2027,E,
Unit,,Rhosddu Ind Estate,,Wrexham,LL11 4YL,03801D02,1300051295597,28513,22/4/2026,E,
,,237-239 High Street,,Bromley,BR1 1NZ,03801201,1200037701221,,1/2/2025,E,
,10,Turnham Green Terrace,,London,W4 1QP,03801H02,2000000464005,7204,18/2/2027,E,
,37,Sheen Lane,,Mortlake,SW14 8AB,03801202,1200028164919,2582,1/11/2027,E,
,,215-223 Audley Range,,Blackburn,BB1 1TH,03801004,1610022062862,8136,3/2/2028,E,
REAR OF,143,North Street,,Romford,RM1 1ED,03800203,1012512162387,,2/11/2025,D,
,405,Tong Street,,Bradford,BD4 6LY,0380102B,2312103607215,8645,17/7/2027,E,
Oak House,,Dewsbury Road,,Stoke-On-Trent,ST4 2TE,19447005,19447005,77462,1/2/2026,,
The Beulah Apartments,,Meadfoot Road,,Torquay,TQ1 2JP,04800210,2200019775135,,2/11/2025,D,
,Unit 9,Oak Industrial Park,,Great Dunmow,CM6 1XN,00845072,1023477325440,,1/12/2026,E,
,,Maesbury,,Oswestry,SY10 8HB,03801D04,1300012925035,31020,22/4/2026,E,
NEW INN HOTEL,15,CHURCH ROAD,,PENTRE,CF41 7ED,04807201,2199994676729,20393,6/8/2026,E,
34a,,Southgate,,Sleafood,NG34 7RY,,1100001854307,9537,1/11/2026,1,
Dowran,,St. Just,,Cornwall,TR19 7RS,03800110,2200023060571,,2/11/2025,D,
,28,Queen Street,,Newton Abbot,TQ12 2EF,03800110,2200019887085,,2/11/2025,D,
Unit 7-8,,Farthing Road,,IPSWICH,IP1 5AP,03801202,1023545840594,7970,3/2/2028,E,
,10,The Plains,,Totnes,TQ9 5DW,04800251,2200020274867,,2/11/2025,D,
,,Red Lion Garage,,Thursley,GU8 6NJ,03801H01,2000016583503,,23/5/2026,E,
"Unit B3, Enterprise Park",,Wigwam Lane,,Nottingham,NG15 7TA,04812N12,1100005188722,,3/2/2028,E,
,197,High Street,,Canvey Island,SS8 7RN,03136203,1012594172561,28025,1/11/2026,E,
,,,,Perranporth,TR6 0AE,04800251,2200023550681,,2/11/2025,D,
Unit 6,,Farthing Road,,IPSWICH,IP1 5AP,03801202,1012890649460,3759,3/2/2028,E,
,,Old Mill Lane Industrial Estate,,Mansfield Woodhouse,NG19 9BG,04811037,1100003931238,4401,3/2/2028,E,
Export,,4 Sloway Lane,,Highbridge,TA9 3RJ,00845581,2200042361727,,2/11/2025,E,
38/42,,Spital Hill,,Sheffield,S4 7LG,0380102C,2334310331717,17189,30/9/2026,E,
Henheys house,,29a Market Street,,Somt,TA18 7JU,04800210,2200014749993,,2/11/2025,D,
,9,Albany Road,,WEYMOUTH,DT4 9TH,00845H89,2000027474510,,16/11/2025,E,
RESTONS SOLICITORS,780,MANDARIN COURT,,WARRINGTON,WA1 1GG,03801D03,1300054168447,25466,1/11/2026,E,
,,1 Little Stonegate,,YORK,YO1 8AX,8903372710,8903372710,13970,15/8/2026,,
C,,Waterloo Industrial Estate,,Pembroke Dock,SA72 4RR,00900N14,2199989649884,,1/3/2026,E,
,1,Comberton Road,,Kidderminster,DY10 1UA,03801007,1419313791002,927,17/12/2025,E,
,,54 Oldfield Road,,Salford,M5 4LZ,03800631,1610018901730,,2/11/2025,D,
,Unit 32,Rumer Hill Business Estate,,Cannock,WS11 3EX,03800007,1414001340008,,2/11/2025,D,
,39,Brunswick Road,,Gloucester,GL1 1JS,03801N12,1414087912002,13315,1/4/2026,E,
Unit 4,,Haldens Parkway,,Kettering,NN14 4QS,00845058,1100050432321,,1/4/2027,E,
Albrighton Police Post,,31-33 Station Road,,Shropshire,WV7 3QH,03801007,1415669870000,,2/11/2025,E,
Grand Union Office Park,,Packet Boat Lane,,Uxbridge,UB8 2GH,08800H73,2000027285769,,2/11/2025,D,
Unit 4&6 Grand Union Office Pa,,Packet,,Uxbridge,UB8 2GH,00800H87,2000027285796,,2/11/2025,D,
Tomo Industrial Estate,,Packet Boat Lane,,Uxbridge,UB8 2JP,03801H08,2000001558922,8887,5/1/2027,E,
,,Church Street,,Manchester,M30 0EW,00900424,1600000068764,,29/12/2026,E,
,108,Cromwell Road,,London,SW7 4ES,03800902,1200028677956,,2/11/2025,D,
,72,Pitshanger Lane,,Ealing,W5 1QX,03801H01,2000000960119,15474,21/3/2027,E,
,,Church Street,,Burnley,BB11 2DL,03801631,1620001506763,2162,2/11/2025,E,
,90,Pitshanger Lane,,London,W5 1QX,03801H03,2000000959949,23227,12/1/2026,E,
Lady Hawkins' School,,Main School,,Kington,HR5 3AR,00900127,1426772200009,,1/4/2026,E,
Basement (Workshop No.1),77,East Road,,London,N1 6AH,04807202,1200032342014,3170,23/7/2026,E,
Cannon Commercials Ltd,,Fairfax Road,,Newton Abbot,TQ12 6UD,03802N13,2200020038875,39722,2/4/2026,E,
Basement (Workshop No. 2),77,East Road,,London,N1 6AH,04807201,1200032342023,1449,7/12/2026,E,
,3,Peter Street,,ALTRINCHAM,WA14 2DZ,03801204,1610027488044,27291,18/4/2027,E,
,122,Maidstone Road,,ROCHESTER,ME1 3DT,04811202,1900010151980,5332,2/4/2027,E,
Automatic Public Convenience,,O/Side 241 Information Centre,,London,E3 5RR,03800202,1200030820916,,2/11/2025,D,
,,65-69 East Road,,London,N1 6AH,03801202,1200030109485,14086,2/11/2025,D,
,259,Well Street,,London,E9 6RG,03800202,1200041848050,,2/11/2025,D,
,400,Roding Lane South,,Woodford Green,IG8 8EY,04800201,1200034967269,,2/11/2025,D,
,400,Roding Lane South,,Woodford Green,IG8 8EY,,1200034967240,60,2/11/2025,D,
,5,Rowallen Parade,,Dagenham,RM8 1XU,03800202,1200039855058,,2/11/2025,D,
,5,Rowallen Parade,,Dagenham,RM8 1XU,04061200,1200039855067,,2/11/2025,D,
,2,Southgate,,Sheffield,S21 4FT,04811N12,1100008608554,15363,2/4/2027,E,
,,Unit 8,,BASILDON,SS14 3DR,00900201,1012557482270,,26/2/2027,E,
,329,Oldham Road,,Manchester,M24 2DN,03801631,1610002458779,4,24/10/2027,E,
,,65-69 East Rd,,London,N1 6AH,03800202,1200051601084,,2/11/2025,D,
,7,Benedict Road,,Sunderland,SR6 0NX,0380102A,1591051375559,2765,4/4/2026,E,
Units 9 & 10,,Liddell Road,,London,NW6 2EW,03800202,1200028539100,,2/11/2025,D,
Unit 5,,Abbey Wood Business Park,,Bristol,BS34 7JU,03802N14,2200031660983,37382,3/4/2026,E,
Units 9-10,,Liddell Road,,London,NW6 2EW,03800202,1200028539110,,2/11/2025,D,
Units 9 & 10,,Liddell Road,,London,NW6 2EW,03800202,1200028539095,,2/11/2025,D,
PARKWOOD CHRISTIAN FELLOWSHIP,,PARKWOOD GREEN,,GILLINGHAM,ME8 9PN,03801202,1900001152231,8070,3/4/2026,E,
Coundon Social Club,,Shorncliffe Road,,Coventry,CV6 1GP,00845058,1100039356199,,2/4/2027,E,
,9,The Fold,,Birmingham,B38 9BL,00900N14,1424871100003,,3/4/2026,E,
15-16,,,,London,NW6 2EW,03800202,1200028539192,,2/11/2025,D,
Unit 15,,Rydons Industrial Estate,,Newton Abbot,TQ12 3SJ,03801N12,2200020043528,5309,16/4/2026,E,
15 - 16,,Liddell Road,,London,NW6 2EW,03800202,1200028539208,,2/11/2025,D,
15-16,,Liddel Road,,London,NW6 2EW,03800202,1200028539183,,2/11/2025,D,
Workshop,24,Liddell Road,,London,NW6 2EW,03800202,1200028539360,,2/11/2025,D,
,28,Liddell Road,,London,NW6 2EW,03800202,1200028539402,,2/11/2025,D,
4 Cloisters Business Centre,,Battersea Park Road,,London,SW8 4BG,,1200025298150,,2/11/2025,D,
,4,Block A,,LONDON,SW8 4BG,04808202,1200025298169,,2/11/2025,E,
Unicorn Industrial Estate,,Davenport Street,,Stoke on Trent,ST6 4RB,,1417201910008,,2/11/2025,1,
Harris & Moss,13,Scotland Road,,Nelson,BB9 7UT,03801004,1610014344644,6575,19/12/2027,E,
,63,Market Place Burnham Market,,King's Lynn,PE31 8HD,04807201,1012646694902,306,2/11/2025,E,
Unicorn Industrial Estate,,Davenport Street,,Stoke On Trent,ST6 4HS,08800021,1424051000009,,2/11/2025,D,
,7,King Street,,NEWCASTLE,ST5 1EH,03801007,1417837920006,147,2/11/2025,D,
,,The Mount,,Newquay,TR7 1AT,03500110,2200022285071,3351,21/8/2026,E,
,1,Radford Avenue,,Kidderminster,DY10 2ES,04811N12,1415476691000,3260,5/4/2026,E,
Unit 98,,Kelleythorpe Industrial Estate,,Driffield,YO25 9DJ,0380102A,2365575490212,1553,10/4/2026,E,
,59,Tower Bridge Road,,London,SE1 4TL,03801202,1200037412632,5615,30/7/2027,E,
,106,Warren Farm Road,,BIRMINGHAM,B44 0QN,03801007,1418467921001,1104,2/11/2025,E,
,31-33,Oxford Street,,BRIDGEND,CF32 8DD,03801N12,2199989657245,4499,5/8/2028,E,
"Garden Services & Tree Surgery, Royle Fa",,Caldwell Road,,BURTON-ON-TRENT,DE15 9TU,00845L02,1100011742232,,5/4/2027,E,
23A TOP FLAT,,Oxford Street,,Bridgend,CF32 8DD,03801200,2199996293730,62,2/11/2025,E,
,38,St Helens Road,,Swansea,SA1 4AY,03801200,2199998301685,,2/11/2025,D,
,22,Walter Road,,SWANSEA,SA1 5NN,03801200,2199998274400,37510,2/11/2025,D,
,94,Horsenden Lane North,,GREENFORD,UB6 7QH,04044H18,2000001026060,1426,6/4/2027,E,
15a,,High Street,,Kidderminster,DY14 8DG,04811010,1410084012005,17361,7/10/2026,E,
,44,Bridge Street,,Mexborough,S64 8AP,0482802C,2335870266112,15770,6/1/2027,E,
Unit 6,Metaltech,Fowler Road,,DUNDEE,DD5 3RU,00845P81,1700050960105,,2/11/2025,E,
ASHFIELD HOUSE,,JOICEY ROAD,,GATESHEAD,NE9 5AT,8914248507,8914248507,88236,18/11/2027,,
The Maisonette,3,Mount Folly Square,,BODMIN,PL31 2DG,4200166306,4200166306,37914,20/1/2026,,
Block A Waleswood Road,,Units 4-6,,Sheffield,S31 8PY,0084505B,2336560550012,,2/11/2025,E,
,44,Bramery Business Park,,Cheltenham,GL51 8HE,03800007,1415648171003,,2/11/2025,D,
Siverwood Workmen & Officials Club,,Silverwood Miners Welfare,,Rotherham,S65 3ES,0090002D,2336557456017,,1/4/2026,E,
,13,St. Mildreds Road,,Westgate-On-Sea,CT8 8RE,8818183305,8818183305,133702,20/8/2028,,
The Lady Charlotte,,North Street,,Merthyr Tydfil,CF48 3EH,03220N14,2199995665212,27728,5/2/2027,E,
,,Mill Lane,,Edinburgh,EH6 6TJ,1105821800,1105821800,204952,25/6/2028,,
,30,Pier Street,,ABERYSTWYTH,SY23 2LN,2701442609,2701442609,49139,2/8/2026,,
Cambridge House,,Cambridge Road,,Harlow,CM20 2EQ,69444602,69444602,22546,1/6/2026,,
,268,Harrow Road,,London,W2 5ES,03801204,1200022673900,58939,3/11/2026,E,
,,Crab Hill Lane,,Redhill,RH1 5PG,04157202,1900025345680,12460,20/2/2026,E,
,,Unit 1,,London,E15 4HF,00900204,1200060210530,,1/3/2028,E,
,1,"FIRST AVENUE, PARKLANDS MOBILE HOMES",,Scunthorpe,DN17 1SX,0084505B,2376552682010,,11/10/2026,E,
Supa Tan,,"22E, Wansbeck Road South",,Newcastle Upon Tyne,NE3 3HQ,,1507876599994,23185,13/9/2028,1,
,104,Banbury Road,,Oxford,OX2 6JU,9191071007,9191071007,182102,13/2/2028,,
The Dairy,,Burgess Street,,Leominster,HR6 8DE,03801N13,1414402602004,31918,23/3/2027,E,
,44,Oswald Road,,Scunthorpe,DN15 7PQ,0090002D,2376552226118,,28/2/2027,E,
Unit 5,,Lanrick Road,,LONDON,E14 0JP,3235054207,3235054207,188729,25/4/2027,,
,14,Newport Square,,Launceston,PL15 8EL,00900N14,2200030122381,,16/4/2028,E,
Eclipse Custom Campers Ltd,9,Oxford Road,,Yeovil,BA21 5HR,00900Q02,2000026163865,,11/4/2026,E,
"NITELITES LTD, UNIT S4",,SECOND AVENUE,,NORTH SHIELDS,NE29 7SY,9090056201,9090056201,93997,1/10/2027,,
Amco F M Ltd,9 15,Hitchin Street,,BALDOCK,SG7 6AL,03801201,1012811781541,402,2/11/2025,E,
Willington Road Oscroft,,Willington Road,,Chester,CH3 8NL,04043D04,1300013439792,124652,24/7/2026,E,
,,Shutt Green,,Stafford,ST19 9LX,03873N12,1416493380003,,1/1/2028,E,
"Unit F, Vector",31,Waleswood Way,,SHEFFIELD,S26 5NU,9119367503,9119367503,31168,1/11/2027,,
,2,Harmony Road,,St. Austell,PL26 8ES,03801N12,2200022478467,4700,30/10/2026,E,
,,Eastfield Side,,Sutton-in-Ashfield,NG17 4JR,03801N14,1100039632123,50983,4/9/2027,E,
,65,Church Street,,Gainsborough,DN21 2JX,58658105,58658105,38758,8/9/2027,,
"UNIT A,Haddon Court",,Glaisdale Parkway,,NOTTINGHAM,NG8 4GP,2068213302,2068213302,0,1/1/2031,,
,5a,Cross Street,,WHITEHAVEN,CA28 7BX,1293540900,1293540900,29541,21/7/2026,,
Moorside Hall,,Wyresdale Road,,LANCASTER,LA1 3DY,55598704,55598704,218074,24/9/2026,,
,221,Dunstable Road,,LUTON,LU4 8BN,69795205,69795205,172083,13/6/2027,,
,8,The Terrace,,Penzance,TR18 2TZ,00900N13,2200023122182,,14/6/2026,E,
,58,Burners Lane,,Milton Keynes,MK11 3HD,00845058,1100039503214,,4/11/2025,E,
The Eaton Oak,,Crosshall Road,,St Neots,PE19 1AH,74835710,74835710,282205,1/10/2026,,
St Josephs Social Club,71,High Pavement,,Sutton-In-Ashfield,NG17 1BU,04032N12,1100004903490,19413,2/7/2026,E,
Shop,46,Market Jew Street,,PENZANCE,TR18 2HY,00845N14,2200023122953,,2/11/2025,D,
(Coffee Club),30,Bank Street,,Kilmarnock,KA1 1HA,10669707,10669707,19702,7/6/2027,,
Heathbank,,Archway Road,,Liverpool,L36 9XB,00900D04,1300035388318,,3/9/2028,E,
The Queen Adelaide,,High Street,,BRISTOL,BS40 7RA,00900N14,2200030040621,,15/12/2026,E,
Newquip,,Conygarth Way,,Northallerton,DL7 9EE,0084505B,1580000933161,,23/5/2027,E,
,8,Victoria Street,,St Albans,AL1 3JB,69705301,69705301,176477,11/11/2026,,
The Boat Yard,,Treeve Lane,,Hayle,TR27 5BN,03801N12,2200023149040,10568,13/6/2027,E,
5th Floor,25,St Geroge Street,,,W1S 1FS,8866654900,8866654900,122335,20/2/2028,,
Wong Kei Restaurant,41-43,Wardour Street,,LONDON,W1D 6PY,00845072,1200033548534,,16/3/2026,E,
,85,DOWN ROAD,,Bristol,BS36 1BZ,4185578105,4185578105,0,3/6/2014,,
,23,Crown Passage,,LONDON,SW1Y 6PP,3384997306,3384997306,36006,7/11/2025,,
,2,Alexandra Street,,HALIFAX,HX1 1BS,,2320281770714,3463,16/6/2026,1,
,19,Scott Street,,HULL,HU2 8AR,8926481103,8926481103,6651,25/3/2026,,
,239,Cherlton High Street,,Folkestone,CT19 4JF,695584805,695584805,113154,18/7/2027,,
K C Motors Ltd,,Pill Road,,Dyfed,SA73 2NS,03801200,2199999579825,71,2/11/2025,E,
Unit D1-D2,,Halesfield 9,,TELFORD,TF7 4QW,8851809310,8851809310,1,2/11/2025,,
,17,Potts Street,,Newcastle upon Tyne,NE6 1ED,0084502B,1591056615206,,2/11/2025,E,
Weybourne Industrial Estate,,Weybourne Road Industrial Estate,,Sheringham,NR26 8AF,03800202,1012733590057,,2/11/2025,D,
,,Gwaith Trin Carffosiaeth Bro Elidir,,Caernarfon,LL55 3EL,03801D02,1300013217021,317,2/11/2025,E,
,8,Benwell Shopping Centre,,Newcastle Upon Tyne,NE4 8BE,,1591057576462,10515,2/11/2025,D,
Landlords Supply,,Bidwell Close,,Letchworth,SG6 1QR,03801201,1012813885819,142,23/4/2026,E,
,33,Linnell Way,,Kettering,NN16 8PS,04800037,1100021678258,,2/11/2025,D,
,5,"Moss Ind Est, St Helen's Road",,Leigh,WN7 3PT,50155509,50155509,31254,1/11/2026,,
,61,Keighley Avenue,,SUNDERLAND,SR5 4BS,0380102B,1591040002400,,2/11/2025,D,
(holts J C B Ltd),21,Hennock Road East,,Exeter,EX2 8RU,19548707,19548707,46106,16/11/2028,,
Office Pixmore Avenue,,1-20 Bidwell Court,,Letchworth,SG6 1QR,04807201,1012813878459,1304,11/3/2028,E,
,,,,Carmarthen,SA32 7EY,03801200,2199998879530,,2/11/2025,E,
,,21A Olive Street,,Sunderland,SR1 3PE,0380102B,1591043226718,1537,2/11/2025,D,
,,232-234 Wednesbury Road,,Walsall,WS2 9QN,04811N14,1416539250000,28779,23/4/2026,E,
The Maltings,16,Mill Street,,Rutland,LE15 6EA,,1100001163840,6819,23/4/2026,E,
,Unit 54,Haydon Industrial Estate,,Radstock,BA3 3RD,03801110,2200011983406,553,20/1/2026,E,
The Red Lion Inn,2,Red Lion Street,,Melton Mowbray,LE14 4HS,2185524200,2185524200,1,23/2/2026,,
Lulu's Coffee House,20,Top Floor,,,SR1 3JE,0480702C,1591040033409,1934,2/11/2025,D,
The Workshop,,159c Hylton Road,,Sunderland,SR4 7YF,0380002B,1591059145814,,2/11/2025,D,
Black Lion Inn,,Cwmffrwd,,Carmarthen,SA31 2NB,03220N12,2199998865218,2579,22/4/2028,E,
,,28b Holmeside,,Sunderland,SR1 3JE,0480702C,1591052868509,6021,2/11/2025,D,
,21,Blenheim Terrace,,Leeds,LS2 9HJ,0084505A,2346543020010,,24/4/2027,E,
,17,Gnoll Park Road,,West Glamorgan,SA11 3BT,,2199998658209,,,1,
,17,The Maltings,,Leicester,LE15 6EA,,1100001163859,6919,23/4/2026,E,
,40,Holmeside,,Sunderland,SR1 3JE,03800998,1591059703264,,2/11/2025,D,
,80,Kings Avenue,,CLACTON-ON-SEA,CO15 5EP,03136203,1012639081672,18447,25/4/2027,E,
,3,Albion Hill,,Oswestry,SY11 1QA,03801D01,1300012669103,1924,2/11/2025,E,
Mason Amusements,44,Holmeside,,Sunderland,SR1 3JE,0090002C,1591126255856,,25/4/2026,E,
7a,,,,Norwich,NR6 6BF,00900204,1030034747942,,24/4/2027,E,
,6,Albion Hill,,Oswestry,SY11 1QA,03801D01,1300012669238,830,2/11/2025,E,
,66,Drayton Park,,London,N5 1ND,04811202,1200021068488,37411,16/4/2026,E,
Hodgsons,,25- 26 Holmside,,Sunderland,SR1 3JE,05800998,1591027720540,,2/11/2025,D,
Mount Auto Repairs,,Mount Garage,,Wigan,WN2 1DA,03801024,1610010186578,64795,24/4/2026,E,
The Nut Tree Inn,,Ebdon Road,,Weston-Super-Mare,BS22 6UN,04818251,2200030037318,,2/11/2025,E,
Alf Smith Butcher,19,Villette Road,,Sunderland,SR2 8RH,03800998,1591037586670,,2/11/2025,D,
1st Floor,7,Vine Place,,Sunderland,SR1 3NE,0380102B,1591059422374,55293,2/11/2025,D,
UNIT 12;A R AUTOS NEWTON INDUSTRIAL ESTA,,Bordesley Green,,BIRMINGHAM,B9 4TS,03801007,1416019551000,,2/11/2025,E,
,15,Hylton Road,,Sunderland,SR4 7AF,0383502A,1591014248367,2050,2/11/2025,E,
,100,HARLEY STREET,,LONDON,W1G 7JA,8814381704,8814381704,99092,19/5/2026,,
Round Oak,,Bishopsgate Road,,Egham,TW20 0YW,00845Q04,2000027315225,,25/4/2027,E,
Unit 5B,,Lion Works,,Newton,SY16 3AG,03800D01,1300050681516,,2/11/2025,D,
16C Lion Works,,Pool Road,,Newtown,SY16 3AG,00845K01,1300052995486,,2/11/2025,D,
,1,Blackheath Grove,,London,SE3 0DD,03801202,1200032062838,18224,16/10/2027,E,
,,The Street,,Swindon,SN5 3LU,,2000012620301,,,1,
,111,The Grove,,London,E15 1EN,3241129310,3241129310,51358,22/1/2026,,
WESTLEIGH BUSINESS PARK,4,BLABY INDUSTRIAL PARK,,LEICESTER,LE8 4GZ,03800013,1100013039715,,2/11/2025,D,
Church Road,,Leckhampton,,Cheltenham,GL53 0QJ,03801N12,1412095171009,14149,2/11/2025,E,
,87,Sea Road,,Sunderland,SR6 9BW,0380102A,1591059192897,5204,8/7/2026,E,
,,26-34 Cameron Walk,,Gateshead,NE11 9YE,0080007B,1592001055656,,2/11/2025,D,
,34,Stowell Street,,NEWCASTLE UPON TYNE,NE1 4XQ,0380102D,1591036601919,93378,25/4/2027,E,
,240,Grane Road,,Rossendale,BB4 4PB,04811661,1610022702947,9545,29/4/2027,E,
10th Floor,,The Strand,,Liverpool 2,L2 0PP,03800D01,1300051536387,,2/11/2025,D,
Annex,511,Holden Road,,LEIGH,WN7 2JJ,03801004,1640000678631,3269,25/4/2026,E,
,250,Barrack Road,,Christchurch,BH23 2BH,03801H02,2000020278808,6588,8/2/2028,E,
,,Offham Petrol Station,,Lewes,BN7 3QD,04812202,1900037310542,13346,25/7/2026,E,
Wellington Buildings,,The Strand,,Liverpool,L2 0PP,03800D01,1300001463379,,2/11/2025,D,
,4,Dillwyn Road,,SWANSEA,SA2 9AE,48533303,48533303,54209,3/5/2026,,
Holditch Site,,,,Newcastle,ST5 9JB,03800007,1417796520008,,2/11/2025,D,
Fifth Floor,,Wellington Buildings,,Liverpool,L2 0PP,03800D01,1300001463341,,2/11/2025,D,
,,10-12 Cecil Road,,Cheshire,WA15 9PA,03801014,1610032108414,15085,10/9/2026,E,
"THE POST OFFICE, 58",,"MARKET PLACE, BURNHAM MARKET",,KING'S LYNN,PE31 8HD,03801202,1050002384530,4363,25/4/2027,E,
GOSH TRAVIS PERKINS,,FREDERICK STREET,,Walsall,WS2 9NJ,03801007,1413473060008,56189,2/11/2025,E,
First Floor,,Wellington Buildings,,Liverpool,L2 0PP,03800D01,1300001463397,,2/11/2025,D,
Cotswold Business Village,,London Road,,Moreton-In-Marsh,GL56 0JQ,04811N12,1460001622856,9354,25/4/2026,E,
,4,Broadfield Barton,,Crawley,RH11 9BA,03801203,1900024370899,26463,4/3/2026,E,
Ground Floor,,Wellington Buildings,,Liverpool,L2 0PP,03800D01,1300001463411,,2/11/2025,D,
246b,,Wednesbury Road,,WALSALL,WS2 9QN,03800007,1418439250008,,2/11/2025,D,
Strand Securities Ltd,,Landlords Supply,,LIVERPOOL,L2 0PP,,1300001463271,,2/11/2025,D,
,43,St. Pauls Street,,Leeds,LS1 2JG,0380102A,2340267988815,878,2/11/2025,E,
East Chevington Social Club,,Hadston Road,,Morpeth,NE65 9SF,0090002D,1591023596222,,25/4/2027,E,
Lower Meadow Recreation Centre,,Lower Meadow,,Harlow,CM18 7RD,03136202,1012745759582,6383,2/11/2025,E,
Unit 4,,Holland Park,,Wednesbury,WS10 8LN,03801N12,1412554550001,18019,2/11/2025,E,
EASTFIELD JOINERY,,MOORLAND WAY,,LINCOLN,LN6 7JW,00845L02,1100039238885,,26/4/2027,E,
Unit 4A,,Holland Park,,Wednesbury,WS10 8LN,03801007,1430000019526,4541,2/11/2025,E,
22-23,,Blenheim Terrace,,Leeds,LS2 9HD,03800999,2342202704419,,2/11/2025,D,
GURTEENS,,CHAUNTRY MILLS,,HAVERHILL,CB9 8AZ,00845072,1014571143089,,10/2/2026,E,
Stove Solutions,6,High Street,,Beccles,NR34 7HB,04139201,1012702134106,5411,29/7/2027,E,
Unit 6,,Holland Park,,Wednesbury,WS10 8LN,03801N13,1415554550007,41921,2/11/2025,E,
,196,Fishponds Road,,Bristol,BS5 6PU,03801N12,2200017331265,15359,10/2/2027,E,
,27,Blenheim Terrace,,Leeds,LS2 9HE,0481102B,2342202679418,70544,17/11/2026,E,
,317,Lincoln Road,,Peterborough,PE1 2PH,04811204,1012882828314,168080,3/5/2026,E,
Delstar Engineering,1,Homefield Road,,Haverhill,CB9 8QP,00845072,1023539520665,,1/5/2028,E,
,53,Newport Road,,Middlesbrough,TS1 1LB,0090002C,1591058897009,,2/11/2025,E,
,1,Ranmore Road,,Dorking,RH4 1HD,03801203,1900032064001,21717,26/4/2027,E,
,198,Fishponds Road,,Bristol,BS5 6PU,03801N12,2200017331274,5648,10/2/2027,E,
Plovers Hill,,Bruern Road,,Chipping Norton,OX7 6HB,,2000008885044,15682,26/4/2026,E,
,39,"FORBES BUILDINGS, LINTHORPE ROAD",,Middlesbrough,TS1 4AW,0380102A,1591057473465,41,7/4/2026,E,
Methodist Church,,Fishponds Road,,Bristol,BS5 6PU,03046110,2200017331283,1448,10/12/2026,E,
,110,Longlands,,HEMEL HEMPSTEAD,HP2 4ET,04138202,1012968461688,8571,2/11/2025,E,
,194,Linthorpe Road,,Middlesbrough,TS1 3RF,04800998,1591054567952,,2/11/2025,D,
Pentecostal Mission Church,,Fishponds Road,,Bristol,BS5 6PU,03046110,2200017331292,690,10/12/2026,E,
The Fountain Hotel,,Fore Street,,Okehampton,EX20 1AP,13115106,13115106,192336,2/11/2025,,
,84,Barkby Road,,LEICESTER,LE4 9LG,04811N14,1100012628827,,2/11/2025,D,
Wigginton Garage,,Chesham Road,,Tring,HP23 6EJ,03801202,1012448930555,2508,2/11/2025,E,
Unit 2d,,Braintree Road,,Ruislip,HA4 0EJ,3333474608,3333474608,19782,19/3/2026,,
25 A,,25a Norfolk Place,,Middlesborough,TS3 7PA,0380102A,1591032105796,2087,2/11/2025,E,
Clearance House,,Beach Road,,Great Yarmouth,NR29 4HS,03136202,1012665392750,7496,27/4/2026,E,
,,2 Melbourne House,,Northamptonshire,NN17 5JG,04811037,1100020364584,1636,2/11/2025,D,
MEEESHELLS (flat above ),448,Marton Road,,Middlesbrough,TS4 3AA,0380102A,1591059396608,3527,2/11/2025,E,
,74,,,Pontypridd,CF37 4SU,11917009,11917009,119647,1/10/2027,,
,1076,Stratford Road,,Birmingham,B28 8AD,03801007,1418564741008,,2/11/2025,D,
T & J T Barton (Bottlers) Ltd,410,Bolton Road,,Wigan,WN4 8UW,,1610010717493,66197,13/12/2027,E,
GREAT MALVERN HOTEL,,Graham Road,,Malvern,WR14 2HN,13042902,13042902,222566,1/5/2027,,
1081 1083 STRATFORD ROAD,1081-1083,Stratford Road,,BIRMINGHAM,B28 8AD,03801N13,1414025551000,1258,7/7/2026,E,
"COMMERCIAL UNION ASSURANCE CO, FLOOR 1",58,Albert Road,,Middlesbrough,TS1 1QD,0380102B,1591047182621,12418,2/11/2025,D,
Scout Hq,,Allendale Road,,Middlesbrough,TS7 9LF,0380102A,1591011699071,2157,2/11/2025,D,
"HERTFORDSHIRE,",254,"HIGH STREET,",,"BERKHAMSTED,",HP4 1AQ,04812202,1012960418124,38910,4/10/2027,E,
Basement,78,Old Christchurch Road,,BOURNEMOUTH,BH1 1LR,03801H01,2000020860561,,2/11/2025,E,
Bite Edge Precision,16,Potters Lane,,Milton Keynes,MK11 3HF,03801013,1100015058152,3008,10/3/2027,E,
,,Barnes Hill,,Birmingham,B29 5UP,04800040,1414724611001,,2/11/2025,D,
,19,Potters Lane,,Milton Keynes,MK11 3HF,,1100015058180,3911,10/6/2026,E,
Parnham House,,,,BEAMINSTER,DT8 3LZ,9093339307,9093339307,129330,23/12/2025,,
Unit 5,,Beech Drive,,Norwich,NR6 6RN,03801201,1012681527480,1417,28/4/2026,E,
,33,Cowbridge Road,,PONTYCLUN,CF72 9EB,03801N12,2199994397455,,2/11/2025,E,
,,Old Horns Crescent,,Birmingham,B43 7HA,00845577,1424426100000,,2/11/2025,E,
Stall 5,,Smethwick Market,,Smethwick,B66 3EN,03800007,1417135260004,,2/11/2025,D,
,17,Farthing Grove,,Milton Keynes,MK6 4JH,04800037,1100015389744,,2/11/2025,D,
Alfriston House,,High Street,,Polegate,BN26 5SY,04811201,1900018301312,4526,28/4/2026,E,
Albion Works,,Brick Kiln Lane,,STOKE-ON-TRENT,ST4 7BP,50535901,50535901,64552,28/10/2028,,
,,Crosshall Road,,St. Neots,PE19 7GE,04811202,1012441148500,1712,28/4/2026,E,
,,Bridge Street,,Pontypridd,CF37 4PE,03801N12,2199995210342,22905,27/4/2027,E,
Mr J Stirrop,0,Stall 32 Smethwick Market,,,B66 3EN,03800007,1416235260008,,2/11/2025,D,
Unit 7,,Aston Road,,Nuneaton,CV11 5EL,03801013,1100022802475,,2/11/2025,D,
SHOP 3-4,,BONVILSTON ROAD,,PONTYPRIDD,CF37 4RD,03801200,2199995205500,22,2/11/2025,E,
,3,High Street,,Leek,ST13 5DZ,03800007,1419291930003,,2/11/2025,D,
Hair Salon,14,High Street,,Bristol,BS31 1DQ,03801N13,2200015139580,12751,2/11/2025,E,
Far Pavilions,,Bypass Road,,Carnforth,LA5 8JA,03801014,1610023132457,45999,31/7/2027,E,
PENWORTHAM WAY,,WHITESTAKE,,Preston,PR4 4LF,03801024,1610021091339,54657,14/6/2027,E,
,19,Anglesea Road,,London,SE18 6EG,560963504,560963504,65686,7/1/2028,,
Sachins Restaurant,,Forth Banks,,Newcastle upon Tyne,NE1 3SG,47122108,47122108,98783,12/8/2026,,
Threeways House,,Gloucester Street,,OXFORD,OX1 2BJ,00845H86,2000027360575,,24/2/2026,E,
VALS HOTEL,2,Harkness Street,,Manchester,M12 6BT,00800831,1600000059690,,2/11/2025,D,
,25,Heddon Street,,London,W1R 7LG,8820781010,8820781010,325610,1/3/2026,,
UPTON LEA PARADE,2,Wexham Road,,SLOUGH,SL2 5JU,5090623301,5090623301,252979,9/1/2027,,
,,LUNESIDE NEW QUEY ROAD,,LANCASTER,LA1 5QP,00845074,1620000530357,,17/10/2027,E,
,1-2,Eastmoor Street,,LONDON,SE7 8LX,03802204,1200032927450,138506,1/4/2026,E,
,,Aesculap Rest Home,,BOLTON,BL6 5JS,62617100,62617100,283759,13/12/2025,,
1st Impressions,33,Broughton Street,,Manchester,M8 8LZ,03801014,1610018637046,15488,4/6/2026,E,
Almonds Farm,105,Whittingham Lane,,Preston,PR3 5DB,03801014,1610014737660,5912,2/7/2026,E,
323 Chartwell North,,Victoria Plaza,,Southend-on-sea,SS2 5SR,04807202,1012534173613,19436,3/7/2028,E,
"ArcoEngineering Ltd,Birchwood Ind.Estate",,Hoe Lane,,Waltham Abbey,EN9 2RJ,03801203,1023535239219,33713,5/8/2027,E,
,131,Roman Road,,LONDON,E2 0QN,03801204,1200033366832,32371,4/8/2027,E,
Batley Rafa,,Cambridge Street,,Batley,WF17 5JH,0382602C,2353473595910,13539,18/6/2026,E,
Chemwaste Ltd,,Ladywood Way,,Dewsbury,WF13 3SG,0380102C,2355572467117,4241,18/8/2028,E,
THE UPLANDS,33,Greenhill,,Bromsgrove,B60 1BL,00900N14,1420142200003,,2/11/2025,E,
,30,Aden Road,,ENFIELD,EN3 7SY,00845072,1014571229337,,6/8/2026,E,
,,"Unit 20, Unit 20",,ALFRETON,DE55 4BR,00845L02,1160001411040,,7/8/2026,E,
,43b,High Street,,IPSWICH,IP7 5AB,04812202,1012987099731,7553,25/7/2026,E,
A Iborra;Green Lane Chippy,509,Holden Road,,Leigh,WN7 2JJ,03801024,1610009285066,29685,7/8/2026,E,
Landlords Supply,73,Milton Street,,Walsall,WS1 4LA,03801007,1412121550005,12,7/8/2026,E,
,507,Holden Road,,Leigh,WN7 2JJ,03801631,1610009285057,29086,7/8/2026,E,
C J Garage,,Plas Gwyn Road,,Llanelli,SA14 7RY,03801N12,2199997200754,8224,4/7/2026,E,
,99,Willoughby Road,,SCUNTHORPE,DN17 2DJ,0380102C,2375850537618,10419,2/11/2025,E,
,291,Warrington Road,,WARRINGTON,WA3 5LF,00845801,1600000080479,,20/8/2027,E,
West Hampstead Womens Centre,26-30,Cotleigh Road,,London,NW6 2NP,03801202,1200021898048,4867,2/11/2025,E,
,,"St Davids House, Mochdre Business Park",,COLWYN BAY,LL28 5HE,03801D04,1300008993878,,30/7/2026,E,
,222,St Vincent St West,,Birmingham,B16 8RP,03801N13,1419731801000,7871,6/1/2028,E,
Unit 2,,Claymore,,Tamworth,B77 5DQ,03801N12,1100022310688,20694,2/11/2025,E,
Omega Health Clinic,653,Attercliffe Road,,Sheffield,S9 3RE,0090002C,2336525565014,,9/8/2027,E,
,12,The Pavement,,London,SW4 0HY,03801203,1200037125048,9784,9/8/2026,E,
Suite 4,27,,,Norfolk,NR2 1JN,03801203,1030078779149,6837,6/7/2026,E,
Suite 5,27,,,Norfolk,NR2 1JN,03801202,1030078779830,27070,6/7/2026,E,
,49,Newport Road,,Middlesbrough,TS1 1LB,0090002B,1591045557540,,10/8/2027,E,
Suite 6,27,St Giles,,Norfolk,NR2 1JN,03801201,1030078778456,3161,6/7/2026,E,
,123,Lovely Lane,,Warrington,WA5 1UB,03801D02,1300004986496,29046,21/8/2026,E,
4 Wharton Buildings,,Downs Road,,WITNEY,OX29 0RF,03801H07,2000052453925,23911,10/8/2026,E,
,40,Whitehill Road,,Coalville,LE67 1EL,04031N14,1100018824705,34841,6/7/2026,E,
,Unit 13,"Beaver Industrial Estate,",,LIPHOOK,GU30 7EU,03801H07,2000017448196,458,26/3/2026,E,
Unit 2a,,Merus Court,,LEICESTER,LE19 1RJ,03801N14,1160000372808,31189,10/8/2027,E,
LLD,23,HOLMESIDE,,SUNDERLAND,SR1 3JE,0380102A,1580001728824,434,20/8/2026,E,
,30,High Baxter Street,,Suffolk,IP33 1ES,04811203,1012933685221,29311,14/8/2028,E,
,1,Brunel Way,,Thetford,IP24 1HP,00900201,1014570426861,,7/7/2026,E,
The Cut,264,Milton Road,,,BS22 8EN,03801110,2200013143609,2045,9/6/2026,E,
,24,Wellington Street,,LUTON,LU1 2QH,03801202,1012365572802,,11/8/2026,E,
,,Unit P,,LEIGHTON BUZZARD,LU7 4UH,,1014570187892,,7/7/2027,E,
Unit 3 Cobden Mews,90,The Broadway,,London,SW19 1RH,03801202,1200025341559,12196,7/7/2026,E,
,489,Shop,,LONDON,N15 6EP,04811204,1013089151651,24521,11/8/2026,E,
,4,Foxholes Road,,Leicester,LE3 1TH,03801N12,1100051149327,615,7/7/2026,E,
,1,Harvest Drive,,Lowestoft,NR33 7NJ,03136201,1012701833036,2380,25/1/2028,E,
Unit 8A,,Charles Industrial Estate,,Stowmarket,IP14 5AH,03801202,1012971509649,1492,2/7/2026,E,
,3,Harvest Drive,,Lowestoft,NR33 7NJ,04808202,1012701832803,6580,25/1/2028,E,
Petals High Class Confectionary,19,New Bank Road,,Blackburn,BB2 6JW,03801014,1610021708177,12388,11/8/2026,E,
Castle Gate News,11,Union Road,,LINCOLN,LN1 3BJ,03801N12,1100002642337,47578,8/7/2027,E,
,43,High Street,,Radstock,BA3 2DL,,2200011913774,1113,2/11/2025,E,
,118,Withington Road,,MANCHESTER,M16 8FA,03801631,1610000175268,,27/8/2027,E,
,7,Jeffcock Road,,Wolverhampton,WV3 7AE,00900633,1416406770008,,13/8/2026,E,
Eagle Lodge,,Stanhope Avenue,,WOODHALL SPA,LN10 6SP,00845L02,1170000190926,,8/7/2026,E,
,,Hopton Industrial Estate,,Devizes,SN10 2EU,04811H16,2000006604120,543,9/1/2027,E,
Ground Floor Shop,25,East Street,,Bromley,BR1 1QE,03801202,1200021803659,6549,12/8/2026,E,
Old House Farm,,Hanbury Road,,Bromsgrove,B60 4BU,00811127,1419931302002,,8/7/2026,E,
"Unit 1, 176a",,Blackburn Road,,Accrington,BB5 0AE,00900831,1600000030102,,17/9/2026,E,
"5, Royal Parade",,Tilford Road,,Hindhead,GU26 6TD,04576140,2000016271234,,9/7/2026,E,
,103,Blackmoor Lane,,Leeds,LS17 9DZ,04800999,2345481323711,,2/11/2025,D,
Office 3 Astley House,8,Banbury Road,,Chipping Norton,OX7 5SR,03801H01,2000052347767,,8/10/2026,E,
Shire Frames,100,Bunting Road,,Northampton,NN2 6EE,03801013,1100019225092,8535,2/11/2025,E,
,,Workshop,,LEICESTER,LE8 4GZ,04811037,1100013039751,13977,9/7/2026,E,
The Lord Nelson,,The Quay,,Poole,BH15 1HJ,04108H49,2000021528471,147101,31/10/2027,E,
,,18d Pony Road,,Oxford,OX4 2SA,03801H06,2000054851190,828,9/7/2027,E,
White Elephant,96,Brownshill Green Road,,Coventry,CV6 2DT,04811N12,1100023310420,3610,9/7/2026,E,
,40,London Road,,Southampton,SO15 2AG,,2000022567365,,14/8/2026,E,
Unit 21,,Maitland Road,,Ipswich,IP6 8NZ,04807201,1023458863114,13649,2/4/2027,E,
Unit 22,,Maitland Road,,Ipswich,IP6 8NZ,04807202,1023458863346,8690,10/7/2027,E,
,1,Bridge Street,,Denbigh,LL16 3LF,03802D01,1300009271392,1106,2/11/2025,E,
,,Llwynpinner fach,,Whitland,SA34 0RA,04811N14,2199999694420,31161,14/8/2026,E,
The Buddha Padipa Temple,14,Calonne Road,,London,SW19 5HJ,03801204,1200034262187,89210,15/8/2028,E,
,18-20,Shellard Hotel,,BLACKPOOL,FY4 1AU,04005014,1610004052588,15899,11/7/2026,E,
,,Kingsdale Business Centre,,CHELMSFORD,CM1 1PE,03801204,1050000033507,39563,11/7/2028,E,
,,Buzzard Works,,LEIGHTON BUZZARD,LU7 4TN,03801204,1012381277894,,11/7/2026,E,
West End,44,St David Street,,BRECHIN,DD9 6EQ,03801P07,1716898663201,18695,18/8/2028,E,
,19,Bankhead Drive,,Edinburgh,EH11 4DW,00900D04,1800035282020,,16/9/2026,E,
,127,Yarmouth Road,,NORWICH,NR7 0QY,03136204,1012677062269,46471,30/6/2026,E,
,24,Green Lane,,Dagenham,RM8 1XU,03801202,1200039855466,,12/7/2026,E,
Halal Fried Chicken,146,Park Lane,,LONDON,N17 0JN,8891569307,8891569307,75083,1/3/2028,,
Unit 72,,Powder Mill Lane,,Dartford,DA1 1HL,74891810,74891810,27907,13/11/2027,,
C/O FUTUREMOST LTD,,Robinson Way,,Portsmouth,PO3 5SA,05800H73,2000014599149,,2/11/2025,D,
,1179,High Road,,ROMFORD,RM6 4AL,03801204,1200042002437,41046,27/2/2026,E,
,,Kepwell Bank Top,,PRUDHOE,NE42 5PW,1264796305,1264796305,42308,1/1/2026,,
Unit,5,Wandle Way,,Mitcham,CR4 4NB,00845073,1200031817659,,2/11/2025,E,
244,,UPPER TOOTING ROAD,,LONDON,SW17 7EX,03801201,1200051050446,12565,1/6/2026,E,
239,,BROMLEY ROAD,,LONDON,SE6 2RA,03801202,1200034029257,2451,22/3/2027,E,
Unit 2 Brentford Lock,,High Street,,Brentford,TW8 8AQ,03801H07,2000051913490,12022,2/11/2025,E,
,145,Hamlet Court Road,,Westcliff-on-Sea,SS0 7EW,8855905708,8855905708,41348,30/5/2028,,
3,,West Granton Road,,Edinburgh,EH5 1HG,00845G02,1800022828011,,9/11/2026,E,
,66,Cheadle Road,,Cheadle,SK8 5DX,00900424,1600000105431,,9/2/2026,E,
,21,High Street,,LLANDOVERY,SA20 0PU,2739868703,2739868703,106234,13/9/2026,,
Baptist Church,,Victoria Road South,,Chelmsford,CM1 1LN,8882101603,8882101603,212426,3/1/2027,,
Heys Farm,,Dean Lane,,Clitheroe,BB7 9JJ,1482542907,1482542907,26412,11/8/2028,,
,,Philips Road,,BLACKBURN,BB1 5SG,8813015202,8813015202,12541,2/11/2025,,
McNeill's Stornoway,,13 Cromwell Street,,Stornoway,HS1 2DA,03094R69,1712786081200,37312,25/3/2028,E,
,116-118,Roman Road,,LONDON,E2 0RN,04874202,1200033366683,3984,21/8/2026,E,
OLD PINE FACTORY,,Heage Road,,Ripley,DE5 3GH,03801N13,1100008275077,12260,1/7/2026,E,
The Departure Lounge Cafe,,Basingstoke Road,,Alton,GU34 4BH,03801H02,2000053845266,,2/12/2028,E,
"Wecock,Community Centre",,Kite Close,,Waterlooville,PO8 9UU,00900H86,2000052538082,,26/5/2028,E,
YEE TUNG RESTAURANT,20,Gerrard Street,,LONDON,W1D 6JQ,49450506,49450506,1008047,1/10/2028,,
Medichem,42,Harrogate Road,,Leeds,LS7 4LA,0380102A,2343447124422,,2/11/2025,E,
Flat a,54,St Benedicts Street,,NORWICH,NR2 4AR,03801201,1012690471267,2978,27/4/2028,E,
,,19-21 Wicker,,Sheffield,S3 8HS,0380102A,2334310159019,5893,25/6/2026,E,
Phils Barbers,58,Harrogate Road,,Leeds,LS7 4LA,03800999,2343447054411,,2/11/2025,D,
,2,Tudor Rise,,Ross-On-Wye,HR9 5QB,04811010,1411852881001,6380,24/8/2026,E,
brambles,22,Cliff Road,,LEIGH-ON-SEA,SS9 1HJ,03807204,1050000995723,72883,27/4/2028,E,
,88,Regent Street,,Bristol,BS15 8HU,03801N12,2200017789057,8352,20/6/2027,E,
UNIT 30,,SAFFRON COURT,,BASILDON,SS15 6SS,04811203,1012562769518,12843,25/8/2028,E,
temp supply,98,Roundhay Road,,Leeds,LS7 1QR,03800999,2380002576740,,2/11/2025,D,
Oak at The mansion house,,48 Kennington Park Road,,London,SE11 4RS,03800202,1200026928900,,2/11/2025,D,
Unit 1 Crossways House,,The Square,,Cheltenham,GL54 1AB,04811010,1410675871008,4260,20/6/2026,E,
,7,Esther Court,,Ashington,NE63 8AP,0380102B,1580000268382,7724,2/11/2025,E,
,,Gazelle Road,,Yeovil,BA20 2PJ,03801H07,2000025948430,6242,6/12/2025,E,
,85,Deardengate,,ROSSENDALE,BB4 5SN,03801131,1610022665347,1945,20/6/2026,E,
Unit 15 D,,Greenway,,Caerphilly,CF83 8DW,03801N12,2199994938537,5013,26/8/2026,E,
Lincolnshire,GRANTHAM,United Kingdom,,,NG33 4RZ,04032N13,1100001480853,31430,30/4/2028,E,
,,Duns Tew Road,,CHIPPING NORTON,OX7 7DG,03801H02,2000008674360,1691,20/6/2026,E,
,7,Cartwright Road,,STEVENAGE,SG1 4QJ,04807204,1012831294056,23147,15/7/2026,E,
,233,The Strand,,London,WC2R 1DA,03800202,1200039745860,,2/11/2025,D,
,34,LITTLE CASTERTON ROAD,,STAMFORD,PE9 1BE,04811N13,1100001971275,66529,27/6/2027,E,
Unit 8,,Cartwright Road,,Stevenage,SG1 4QJ,03801203,1012831294288,7080,15/7/2026,E,
Granby House,,Cliftonville Road,,Northampton,NN1 5BU,8817761808,8817761808,1,1/9/2027,,
231-232,,The Strand,,London,WC2 1DA,03800202,1200050045357,,2/11/2025,D,
26,,STARBECK AVENUE,,,NE2 1RJ,0380102A,1570000327970,3035,21/6/2027,E,
,,BISHOPS NYMPTON,,SOUTH MOLTON,EX36 4PS,03801110,2200014135812,2472,30/4/2026,E,
Hammersmith Fire Station,,190-192 Shepherds Bush Rd,,Hammersmith,W6 7NL,00845072,1200051044104,,2/11/2025,E,
,,The Robins,,BRISTOL,BS3 2PW,00900N14,2200030002245,,15/7/2026,E,
Ground Floor Flat,,167 Hills Road,,Cambridge,CB2 2RJ,04130203,1012803602510,24758,27/8/2026,E,
Ground Floor Front Office main meter,,Redburn House,,Newcastle-upon-Tyne,NE5 1NB,0380102D,1591046926886,17577,1/4/2028,E,
Car Park,,5-12 Pope Street,,London,SE1 4TL,03800202,1200037412057,,2/11/2025,D,
,32,Glenburn Road,,Glasgow,G74 5BA,03801D03,1800029881917,20903,21/6/2026,E,
,112,KENWYN STREET,,TRURO,TR1 3DJ,03801N14,2200023900997,60060,28/8/2026,E,
"UNIT 17,311-321 FORBES BUILDING",,LINTHORPE ROAD,,MIDDLESBROUGH,TS1 4AW,0380102A,1570000288851,946,1/5/2028,E,
HOUDINI'S ESCAPE ROOM,9A,CASTLE WAY,,SOUTHAMPTON,SO14 2BX,03801H04,2000054966078,,2/11/2025,E,
Beaufort House,,Clarke Way,,Swansea,SA1 7ER,03801N14,2199997706145,48458,21/6/2026,E,
,19,Wembley Park Drive,,Wembley,HA9 8HD,03801202,1012836777943,9846,2/11/2025,E,
Staircase Lighting,169,High Street,,Southampton,SO14 2BY,03500H07,2000022457779,15343,12/2/2026,E,
,,Primrose Street,,Tonypandy,CF40 1BQ,03220N12,2199994593383,26980,1/5/2026,E,
,101,St Aldates,,Oxford,OX1 1BT,03105H34,2000008728661,49258,21/6/2027,E,
& Mcgorin,21,Wembley Park Drive,,Wembley,HA9 8HD,03801203,1012836778404,3641,2/11/2025,E,
St.Lukes Church Cntr,,Victoria Road,,Cambridge,CB4 3DZ,04811202,1012800787777,19432,1/5/2028,E,
Staircase Lighting,,169-170,,Southampton,SO14 2BY,04635145,2000022457760,,2/11/2025,D,
Queens Head,26,Churchgate Street,,HARLOW,CM17 0JT,03136204,1012743537325,25176,10/11/2026,E,
Cyderhall Farm,,,,Dornoch,IV25 3RW,,1710230170601,14490,16/1/2027,1,
Ocean Village Resorts Ltd,,,,Southampton,SO14 1AA,03800H07,2000053649978,,2/11/2025,D,
Trinity Methodist Church,,Shortmead Street,,Biggleswade,SG18 0AP,03136202,1012445567724,10639,1/5/2026,E,
FILLING STATION,,Gosford Road,,BECCLES,NR34 9QP,04139204,1012706731570,138736,1/5/2026,E,
,102,Spring Road,,Southampton,SO19 2BN,04800H43,2000023469687,,2/11/2025,D,
Leen Valley Golf Course,,Wigwam Lane,,Nottingham,NG15 7TA,00845N14,1100005207065,,29/8/2026,E,
,343,Ladypool Road,,Birmingham,B12 8LA,59709404,59709404,227973,29/3/2028,,
,104,Spring Road,,Southampton,SO19 2BN,04110H43,2000023469701,23059,2/11/2025,D,
8A,,Daimler Close,,Daventry,NN11 8QJ,2204961905,2204961905,0,1/1/2027,,
Throckmarton Arms,,Coughton Hill,,Alcester,B49 5HX,00845N14,1421012200008,,22/6/2026,E,
Regis Business Centre,,Durban Road,,BOGNOR REGIS,PO22 9QT,00845H88,2000051759181,,1/5/2028,E,
,33,Sea Road,,Sunderland,SR6 9BS,0380102A,1591011916881,855,30/8/2027,E,
Unit 8b,,"Festival Way, Festival Leisure Park",,BASILDON,SS14 3WB,00845072,1050000543989,,25/9/2028,E,
UNIT 10,,RHOSDDU INDUSTRIAL ESTATE,,WREXHAM,LL11 4YL,00845G01,1300000516987,,23/6/2026,E,
,1,Thornhill Park Road,,Southampton,SO18 5TP,03800H02,2000023535851,,2/11/2025,D,
,,Nisa Local,,Newcastle upon Tyne,NE7 7EE,0084502D,1591014794746,,2/11/2025,D,
The Leisure Centre,,148a High Street,,Middlesbrough,TS6 9EN,0480802A,1591055250481,,2/11/2025,E,
Johnson Cleaners UK Ltd,17,Market Street,,NEWTON-LE-WILLOWS,WA12 9BQ,03801004,1610009461226,4710,21/4/2026,E,
,1,Radnor Street,,Preston,PR1 1JN,03801631,1610013037460,95,4/3/2028,E,
Pilgrim Street Fire Station,,Pilgrim Street,,Tyne and Wear,NE1 6SE,0080005B,1599010561837,,2/11/2025,D,
SMALL GROVE,,SEA LANE,,SKEGNESS,PE25 1PG,04812N12,1100000538537,,1/5/2027,E,
,9,Old Milton Road,,New Milton,BH25 6DQ,03801H02,2000020033966,7018,2/11/2025,E,
Henlle Park Golf Course,,Henlle,,Oswestry,SY10 7AX,00845K01,1300054922114,,2/7/2026,E,
The Old Black Horse,,Market Place,,KING'S LYNN,PE31 8HD,,1012646693068,6926,2/11/2025,E,
Faraday,,Sea Lane,,SKEGNESS,PE25 1PG,04811N12,1100025672481,6725,1/5/2027,E,
Sutton Corner Garage En,,Sheep Pen Lane,,Seaford,BN25 4QR,03801201,1900045279250,200,23/6/2026,E,
Second Floor,,7-9 Bigg Market,,Newcastle Upon Tyne,NE1 1UN,0380102A,1591048781219,2523,2/11/2025,E,
The Villager,,Sea Lane,,SKEGNESS,PE25 1PG,04828N14,1100000538402,204392,1/5/2027,E,
Unit C Second Floor,,7-9 Bigg Market,,Newcastle-Upon-Tyne,NE1 1UN,0380102A,1591050359031,651,2/11/2025,E,
,16,Shorncliffe Road,,FOLKESTONE,CT20 2SF,03801203,1900009208486,13709,12/3/2026,E,
,3-5,Blenheim Terrace,,London,NW8 0EH,3393437100,3393437100,15408,2/11/2025,,
The Villager,,Sea Lane,,SKEGNESS,PE25 1PG,04828N14,1100000538528,47955,1/5/2027,E,
Unit A Second Floor,,7-9 Bigg Market,,Newcastle Upon Tyne,NE1 1UN,0380102A,1591057825857,3981,2/11/2025,E,
,,18C Pony Road,,Oxford,OX4 2SA,03801H06,2000054851154,3003,24/6/2027,E,
,14,Addycombe Terrace,,Newcastle-upon-Tyne,NE6 5DP,0380102A,1591014104266,3043,2/11/2025,E,
Jokers Arcade,,Sea Lane,,Skegness,PE25 1NU,04032N14,1100000538519,23406,1/5/2027,E,
,29,Bedford Square,,London,WC1B 3ED,03801203,1200037798211,19632,16/1/2027,E,
,35,Seamoor Road,,Bournemouth,BH4 9AE,03801H03,2000021062132,9115,1/5/2027,E,
,88,High Street,,DUDLEY,DY1 1QP,04811N12,1410968201004,6261,8/10/2027,E,
GROUND & 2ND FLOOR;10,10,OLIVE STREET,,SUNDERLAND,SR1 3PE,0480702B,1591020496696,6669,1/9/2026,E,
Park Works,,Ainley Industrial Estate,,Elland,HX5 9JP,0380102C,2326014376216,15545,6/4/2027,E,
Unit S8,,Greys Quart,,NEWCASTLE UPON TYNE,NE1 7AP,0084505A,1580001467596,,16/1/2026,E,
2,,Cross Street,,Polegate,BN26 6BN,03873201,1900026297479,4030,1/5/2026,E,
Plot 2,,Office Dev,,Durham,DH7 8XL,0084505A,1580000466893,,1/9/2028,E,
,53,Main Street,,Keighley,BD20 8TT,0380102A,2314357471115,,10/6/2026,E,
Buckinghamshire,HIGH WYCOM,United Kingdom,,,HP12 7HJ,03801H09,2000051701553,194642,1/5/2026,E,
,,UPPER GUNGATE,,TAMWIORTH,B79 8AA,00845B2K,2700000312721,,31/8/2028,E,
,34,Greenalls Inns,,Birmingham,B1 1DA,08034N14,1420932100003,,30/10/2026,E,
,53,Main Street,,Keighley,BD20 8TT,0380102A,2314357486510,948,10/6/2028,E,
,,22 Potters Lane,,Milton Keynes,MK11 3HF,03801N12,1100014946232,3083,2/5/2028,E,
,,53A Main Street,,Keighley,BD20 8TT,0380102A,2314357473910,1995,10/6/2028,E,
,,68A High Street,,Kings Heath,B14 7JZ,03800007,1410915903007,,2/11/2025,D,
Unit 1,,Great Western Arcade,,Birmingham,B3 2QD,03801N12,1419713111000,7883,19/1/2027,E,
M K Pumps And Motors Ltd,23,Potters Lane,,Milton Keynes,MK11 3HF,03801N12,1100015058213,11100,2/5/2028,E,
The Huntsman,,Wellington Road,,Telford,TF6 5BH,00845N14,1413496800007,,24/6/2026,E,
Unit 24,,Osprey Court;24,,Bristol,BS14 0BB,03801N12,2200015418037,6957,1/9/2027,E,
,24,Potters Lane,,Milton Keynes,MK11 3HF,03801N13,1100015058222,13737,2/5/2028,E,
Unit 1,,Southside,,Birmingham,B5 4TP,06800021,1460002223330,,2/11/2025,D,
Ms Victoria Holonou T/A Victostar,166,Infirmary Road,,Sheffield,S6 3DH,0380102A,2334300714710,3016,25/6/2026,E,
,20,Cliff Road,,LEIGH-ON-SEA,SS9 1HJ,03137204,1012524448060,63519,4/5/2028,E,
,,The Sweet Shop,,SUDBURY,CO10 9JQ,04807202,1012979813330,5559,1/9/2026,E,
,"562,","BRISTOL ROAD,",,BIRMINGHAM,B29 6BE,03801007,1411571701007,45078,2/11/2025,E,
Unit 8,,Fairfax Road,,NEWTON ABBOT,TQ12 6UD,00900N14,2200030097070,,25/6/2026,E,
BRICKFIELD STUDIOS,30,BRICKFIELD ROAD,,LONDON,E3 3UQ,03801203,1200010161383,36402,1/9/2026,E,
300-302,,Hagley Road,,West Midlands,B17 8DJ,03801N14,1460000918069,75244,2/4/2026,E,
,25,Lampits Hill,,Stanford-Le-Hope,SS17 9AA,04100202,1012554758380,6102,25/6/2027,E,
,,"Unit 2,Cygnus",,Ipswich,IP6 0LW,03801204,1030020639518,43638,1/9/2026,E,
,,22(1) High Oaks,,St Albans,AL3 6DL,03801202,1012476639345,4591,7/5/2027,E,
,280,Hagley Road,,Birmingham,B17 8DJ,03801N13,1417420401006,322,2/11/2025,E,
,197,Gleneagles Road,,SUNDERLAND,SR4 8JD,0380102D,1591053061169,20123,5/3/2026,E,
,,"Unit 4, Hydra",,Ipswich,IP6 0LW,03801204,1030020640898,34921,1/9/2026,E,
,7,Northgate Street,,Ipswich,IP1 3BX,04134200,1014572159683,43923,7/5/2028,E,
Smith and Mulley,7,Northgate Street,,Ipswich,IP1 3BX,04124204,1012894490929,18274,7/5/2028,E,
,,"Unit 5,Hydra",,Ipswich,IP6 0LW,03801201,1030020641127,3852,31/8/2026,E,
,421,Linthorpe Road,,Middlesborough,TS5 6HH,0380102B,1591117208734,6601,26/6/2026,E,
,294,Hagley Road,,Birmingham,B17 8DJ,03801N12,1412520401002,16578,13/4/2026,E,
Unit 3 & 5,,S KEMP AND SONS LTD,,Morcambe,LA3 3EA,55589905,55589905,2591,21/8/2027,,
,,"Unit 6,Hydra",,Ipswich,IP6 0LW,03801201,1030020641359,23,31/8/2026,E,
"Unit 8, Tramsheds Industrial Estate",,Coomber Way,,CROYDON,CR0 4TQ,03801202,1900060580724,16064,8/5/2027,E,
Flat 1,298,Hagley Road,,Edgbaston,B17 8DJ,03801N12,1415520401008,3564,13/4/2026,E,
,9,London Road South,,STOCKPORT,SK12 1JX,04811284,1610011533935,36752,3/5/2027,E,
,549,Kingsbury Road,,LONDON,NW9 9EL,03801203,1050001998060,104985,27/6/2026,E,
,12,ARMSTRONG ROAD,,BENFLEET,SS7 4PW,03801204,1012598865711,,8/5/2028,E,
Flat 2,298,Hagley Road,,Birmingham,B17 8DJ,03801007,1416520401000,,13/4/2026,E,
,11,New Broadway,,WORTHING,BN11 4HP,03801201,1900042411191,647,2/11/2025,E,
,1-7,THE BROADWAY,,WICKFORD,SS11 7AD,04100202,1012569030577,,9/5/2027,E,
FLAT 3 298 HAGLEY ROAD,298,"FLAT 3, 298, HAGLEY ROAD",,BIRMINGHAM,B17 8DJ,03801007,1417520401001,2640,13/4/2026,E,
,97,Green Street,,SUNBURY-ON-THAMES,TW16 6RD,9116684500,9116684500,14538,4/10/2028,,
74,,Friday Street,,LEICESTER,LE1 3BW,2174475404,2174475404,1,1/4/2026,,
601,,NEW NORTH ROAD,,ILFORD,IG6 3XS,03801203,1200041501197,37982,16/10/2026,E,
,257,Watling Street,,RADLETT,WD7 7LA,04138204,1012428153501,65204,1/9/2026,E,
Flat 4,298,Hagley Road,,Birmingham,B17 8DJ,03801007,1418520401003,2166,13/4/2026,E,
Flat 5,298,Hagley Road,,BIRMINGHAM,B17 8DJ,03801007,1419520401005,1653,13/4/2026,E,
,177,Montagu Road,,London,N18 2NA,03801202,1013054076653,14826,10/5/2028,E,
Unit 25,,Boleness Road,,Wisbech,PE13 2RB,04807201,1012867747677,255,2/11/2025,E,
,13,Howlett Way,,THETFORD,IP24 1HZ,03801203,1012942216159,17053,10/5/2028,E,
,296,Hagley Road,,Edgbaston,B17 8DJ,03801N13,1413520401004,40528,13/4/2026,E,
,1,Dalby Court,,"Northwich, Cheshire",CW9 7TN,03801D03,1300000222030,13292,29/6/2027,E,
Balne Mills,,Silcoates Street,,WAKEFIELD,WF2 0DX,0380102C,2352192935912,3888,23/6/2027,E,
,93,Magdalen Way,,Great Yarmouth,NR31 7AA,03136204,1012670261856,57633,1/2/2028,E,
Unit 5,,Gorton Shopping Centre,,Manchester,M18 8HE,04800661,1610001099477,,2/11/2025,D,
,22,Dalby Court,,Northwich,CW9 7TN,03801D02,1300013396377,7087,29/6/2027,E,
Unit 3,,The Polden Business Centre,,Bridgwater,TA6 4AW,06800001,2200030372330,,2/11/2025,D,
,,47-47a Villa Street,,London,SE17 2EL,00845072,1200051356943,,15/11/2026,E,
Unit 35,,Regent Arcade,,Cheltenham,GL50 1JZ,00845127,1425678100000,,1/6/2027,E,
,6,Glenfield Road,,Glasgow,G75 0RA,21798909,21798909,188125,4/3/2026,,
Unit 2,332-334,Walworth Road,,London,SE17 2NA,00845204,1200041202243,,3/12/2026,E,
THE OAK,,Stratford Road,,WEST MIDLANDS,B94 5NW,00845L02,1424187100008,,1/6/2026,E,
Unit 2,,Marsh Barton Farm,,Exeter,EX3 0QH,03800110,2200018361093,,2/11/2025,D,
Unit 12,,Bridgwater Court,,Weston-Super-Mare,BS24 9AY,03801N12,2200012893598,9189,2/11/2025,E,
,,12-14,,Sunderland,SR13NX,0084502B,1591020504362,,2/6/2026,E,
Unit,13,Birdgewater Court,,Weston-Super-Mare,BS24 9AY,03801N12,2200012893589,7087,2/11/2025,E,
,,Catherine Street,,ARBROATH,DD11 1RL,50110700,50110700,163900,1/7/2027,,
,110a,North Street,,HORNCHURCH,RM11 1SU,03801202,1012581277840,1963,2/6/2027,E,
,,Oldmixon Crescent,,Weston-super-mare,BS24 9AY,03800110,2200040102540,,2/11/2025,D,
Townsend Piece,7,Bicester Road,,Aylesbury,HP19 8BQ,03801201,1012459350472,5766,2/6/2028,E,
Indoor Bowling Club Limited,,Trent Road,,Grantham,NG31 7XQ,00845L02,1100001437078,,12/9/2026,E,
Unit A2,,Oldmixon Crescent,,Weston Super Mare,BS24 9AX,03800110,2200012893774,,2/11/2025,D,
,145,Aylward Street,,LONDON,E1 0QW,03801202,1200033034405,15095,2/11/2025,E,
,176,Gooch Street,,Birmingham,B5 7HE,00900N14,1418195121004,,1/9/2027,E,
Unit 15,,Lye Valley Industrial Estate,,Stourbridge,DY9 8HX,03801007,1415853980002,1718,9/6/2026,E,
,5,Oxford Road,,YEOVIL,BA21 5HR,03801H06,2000026163838,11047,2/6/2026,E,
,228,Renfrew Street,,GLASGOW,G3 6TX,03500D04,1800025135123,32305,2/11/2025,E,
,,STOCKWOOD VALE,,BRISTOL,BS31 2AL,03801N12,2200015152614,3995,2/6/2028,E,
,,Prescot Road,,Middlesbrough,TS3 0JJ,0084502D,1591012212712,,21/4/2028,E,
,228,Renfrew Street,,GLASGOW,G3 6TX,04516240,1800032677245,1084,2/11/2025,E,
Amusement Arcade,,The Promenade,,Abergele,LL22 7PP,00900D04,1300009607969,,2/11/2025,E,
,82,Brighton Road,,PURLEY,CR8 4DA,576164207,576164207,113401,1/6/2028,,
,,1-3 Eastern Esplanade,,Canvey Island,SS8 7DL,04139204,1012593984887,32083,31/1/2026,E,
Unit 2 Cobden Mews,90,The Broadway,,London,SW19 1RH,03801202,1200025341540,5884,25/6/2028,E,
Nuclear & Mechanical Services,,Stanley Street,,WORKINGTON,CA14 2JD,8818206706,8818206706,195392,14/8/2026,,
Unit D,,Beckingham Street,,Maldon,CM9 8LZ,03801204,1012626985284,49297,3/6/2026,E,
Paul Antony Mirrors,,Station Road,,Maldon,CM9 4LQ,05123204,1014572341387,33944,2/11/2025,D,
M G L Floor Coverings,3,Northenden Road,,SALE,M33 2DH,03801631,1610028053074,3845,15/2/2026,E,
Forty Two The Calls,42,The Calls,,Leeds,LS2 7EW,0090002D,2346532811116,,2/11/2025,E,
Atlantic House,,Gates Way,,Stevenage,SG1 3HG,00800072,1014568653102,,2/11/2025,D,
,42,Bedford Street,,Wisbech,PE13 3BN,8865843101,8865843101,102363,12/5/2026,,
Communal Supply,,59-60 St Mary Butts,,Reading,RG1 2LG,03800H06,2000052143705,,2/11/2025,D,
REFERENCE-12978,59-60,ST MARY BUTTS,,Berkshire,RG1 2LG,00845H86,2000027368148,,2/11/2025,E,
,13,Dean Road,,South Shields,NE33 3PS,0090002A,1591052421630,,2/11/2025,D,
,17a,Bridge Street,,Denbigh,LL16 3LF,04811D01,1300009271490,8,3/6/2026,E,
,50,The Glades Shopping Centre,,Bromley,BR1 1DD,03801202,1200032970250,,21/2/2028,E,
KIOSK 1,8,STEEL CLOSE,,ST. NEOTS,PE19 8TT,03801201,1050002262822,1436,2/11/2025,E,
Unit 16,,Hoddesdon Industrial Centre,,Hoddesdon,EN11 0DD,03801202,1012762757276,8840,1/8/2026,E,
,413,Stratford Road,,Birmingham,B11 4JZ,03801N12,1413186711009,5510,2/11/2025,E,
St. Peter's Church,,Main Street,,Kettering,NN14 3BX,03826N12,1100021232815,1677,4/6/2026,E,
,,415-417 Stratford Road,,Birmingham,B11 4JZ,03801007,1428171100002,,2/11/2025,D,
Unit 18,,"Hoddesdon Industrial Centre, Pindar Road",,HODDESDON,EN11 0DD,03801201,1012762752213,41898,5/6/2027,E,
,86,The broadway,,London,SW19 1RH,00900204,1200025341442,,5/6/2027,E,
,53,,,Oakham,LE15 6AJ,03800013,1100001741107,,2/11/2025,D,
Car Wash;162A,,Chigwell Road,,London,E18 1HA,03801201,1200050384452,8718,18/6/2027,E,
"26A, WELLINGTON ROAD","26A,",26A Wellington Road,,Rhyl,LL18 1BN,03801D01,1300009823068,14720,2/11/2025,D,
,260,Martin Way,,Morden,SM4 4AW,04807203,1200028113000,,6/10/2027,E,
Opp Fantasy Island,,Sea Lane,,Skegness,PE25 1PG,03801N12,1100000096625,6414,2/11/2025,E,
,40,Hornsby Square,,Basildon,SS15 6SD,00900203,1012562745368,,2/11/2025,E,
,,Sea Lane,,Skegness,PE25 1PG,03800013,1100000066338,,2/11/2025,D,
Longhill,,Elmstone Hardwicke,,Cheltenham,GL51 9TB,00845L02,1424929100000,,14/9/2026,E,
,23,Lampits Hill,,Stanford-Le-Hope,SS17 9AA,03801201,1012554757697,2057,6/6/2028,E,
New Market Hall,,,,Carmarthen,SA31 1QY,,2100040856625,,2/11/2025,D,
Station Garage,,,,Wareham,BH20 4AS,03801H08,2000022327801,13531,17/6/2026,E,
S8 Market Hall,,s8,,Carmarthen,SA31 1QY,,2100040856616,,2/11/2025,1,
,88,Oxford Road,,Reading,RG1 7LJ,03801H01,2000010465691,29595,28/6/2026,E,
H S Shop,10,The Market,,Carmarthen,SA31 1QY,03800200,2199999036430,,2/11/2025,D,
,50,Manse Road,,Wishaw,ML2 9AX,,1800018479988,30777,6/6/2026,E,
,28,Bell Lane,,SURREY,GU17 0NW,03801H01,2000004858464,12507,12/8/2026,E,
Piranel Ltd,,Stretton Hall Hotel,,Church Stretton,SY6 6HG,06800021,1428552200007,,2/11/2025,D,
,51,Barking Road,,London,E6 1PY,03801201,1200041506033,15129,2/11/2025,E,
Loftus House,,Colima Avenue,,SUNDERLAND,SR5 3XB,8823257008,8823257008,201864,14/7/2026,,
,47,Briton Street,,Leicester,LE3 0AB,03801013,1100014208288,,2/11/2025,D,
Farm Buildings,,Greenacre Farm,,Bath,BA3 4EZ,03800110,2200012050370,,2/11/2025,D,
Unit 2,,Block 3 Manor Hall Road,,Brighton,BN42 4NH,03801201,1900091076418,5294,17/2/2027,E,
,62,Second Drove,,PETERBOROUGH,PE1 5XA,03801201,1050000169077,,6/3/2026,E,
Unit 5,,Chalex Industrial Estate,,Brighton,BN42 4NH,03801202,1900091076445,6467,4/7/2027,E,
,61,Second Drove Industrial Estate,,Peterborough,PE1 5XA,03801201,1012881075483,2115,6/3/2026,E,
Chalex Industrial Estate,,C/o Blue Sky Windows Lt,,Brighton,BN42 4NH,05800204,1900021001208,,2/11/2025,D,
G & S Motor Garage Services,,Reynolds Street,,LANCASHIRE,BB11 2NL,03801004,1610014008309,12736,4/2/2027,E,
,48,Poplar Road,,Birmingham,B14 7AG,03800N12,1418000311003,,2/11/2025,D,
,11,Porters Field,,Dudley,DY2 7AT,03800007,1413206201006,,2/11/2025,D,
,,Show Room 2,,London,SW19 5EE,03801201,1200051789252,1390,8/6/2026,E,
New Connection,,Dudley Compensation,,Dudley,DY2 7AT,03800007,1460002065124,,2/11/2025,D,
,25,Bailgate,,Lincoln,LN1 3AP,03801N12,1100002324621,4703,9/5/2028,E,
,577,Foleshill Road,,Coventry,CV6 5JR,03800013,1100023540310,,2/11/2025,D,
,,17-19 St. Stephens Road,,Norwich,NR1 3SP,03136203,1012685108583,20802,9/6/2028,E,
,33,CHURCHGATE,,NOTTINGHAMSHIRE,DN22 6PA,03800013,1100003268590,,2/11/2025,D,
,20,Grange Road,,STOURBRIDGE,DY9 7LE,00845N14,1424960100000,,10/6/2026,E,
,366,Court Oak Road,,Birmingham,B32 2DY,03800007,1418737911008,,2/11/2025,D,
Middle Morrey Farm,,Burleydam Road,,Whitchurch,TF9 3SZ,04811N14,1416450920000,27620,27/7/2028,E,
,368,Court Oak Road,,Birmingham,B32 2DY,03801007,1411837911000,,2/11/2025,E,
,374,Court Oak Road,,BIRMINGHAM,B32 2DY,03800007,1415837911008,,2/11/2025,D,
,,Unit 9,,Wolverhampton,WV9 5EU,00900N13,1417697213007,,14/10/2026,E,
,1,Crown Street,,TURRIFF,AB53 4DN,1012503208,1012503208,77816,28/1/2027,,
Sky Chinese Cuisine Limited,,20-28 Stowell Street,,Newcastle Upon Tyne,NE1 4XQ,05800998,1570000314100,,2/11/2025,D,
Unit D2,,Wellington Street,,Leeds,LS1 4JY,0380102C,2380001089792,45953,1/2/2027,E,
,,29-31 Sackville Street,,Manchester,M1 3LZ,,1610000061988,,2/11/2025,D,
Unit A1,,"Sunset Business Centre, Manchester Road",,Bolton,OL1 4EB,03801204,1610001824792,7300,14/2/2027,E,
Eliot Arms,,Tregadillet,,Launceston,PL15 7EU,00900N14,2200030122099,,11/12/2027,E,
Golchdy Llanbadarn Laundr,,Primrose Hill,,ABERYSTWYTH,SY23 3SE,9205740401,9205740401,92925,1/2/2028,,
Mccannas,511,Holden Road,,Leigh,WN7 2JJ,03800631,1610009285075,,2/11/2025,D,
,242-244,Dalton Road,,BARROW-IN-FURNESS,LA14 1PN,03801014,1610005661768,9692,2/11/2025,E,
,,11-12 Chessington Park,,York,YO19 5SE,9157330404,9157330404,111821,24/3/2028,,
"Unit 12, Schooner Park",,Schooner Court,,DARTFORD,DA2 6NW,03801203,1900090322865,44722,2/11/2025,E,
,,Helenston Farm,,Arbroath,DD9 7BD,00845001,1700052768799,,2/11/2025,E,
Brownmuir Farm,,Lochwinnoch,,Renfrewshire,PA12 4JN,03801D01,1800033984270,,2/11/2025,D,
Unit 3-4,,Raw Camps Industrial Estate,,Kirknewton,EH14 8DF,03801D01,1800030934578,393,2/11/2025,E,
Unit 7-8,,Camps Industrial Estate,,KIRKNEWTON,EH27 8DF,03801D01,1800020219550,9473,2/11/2025,E,
White Horse Hotel,,Station Road,,Leiston,IP16 4HD,45646503,45646503,164998,5/7/2026,,
Unit 11,,Camps Industrial Estate,,Kirknewton,EH27 8DF,03800D01,1800020219781,,2/11/2025,D,
Top Floor Front,25,High Street Wimbledon,,London,SW19 5DX,03801202,1200027466296,1122,2/11/2025,D,
,,43a Vicrage Lane,,London,E15 4HG,01800001,1200020928871,,2/11/2025,D,
,95,Fenham Road,,London,SE15 1AE,03800202,1200026202225,,2/11/2025,D,
,95,Fenham Road,,London,SE15 1AE,03800202,1200026202234,,2/11/2025,D,
,95,Fenham Road,,London,SE15 1AE,03800202,1200026202243,,2/11/2025,D,
Ground Floor Unt 15,,Putney High Street,,London,SW15 1TW,03801202,1200031041650,,2/11/2025,D,
Unit 15a,,"Putney Exchange, Putney High Street",,LONDON,SW15 1TW,03801201,1200031041632,7622,2/11/2025,E,
,,Wall Hill Road,,Coventry,CV7 8AP,8872527901,8872527901,161954,22/2/2027,,
Unit 23,,"Putney Exchange, Putney High Street",,LONDON,SW15 1TW,03801201,1200031041749,1470,2/11/2025,E,
,60,Parkway,,London,NW1 7AH,03800202,1200034593858,,2/11/2025,D,
,60,Parkway,,London,NW1 7AH,03800202,1200034593885,,2/11/2025,D,
Unit 3,,,,SWINDON,SN2 2QJ,4262121106,4262121106,1,7/6/2026,,
,72,Parkway,,London,NW1 7AH,03005201,1200034594105,,5/9/2027,E,
,,17A High Street,,Royston,SG8 9AA,03801202,1012769833686,,2/11/2025,D,
,36,New Street,,Mold,CH7 1NZ,03801D01,1300009542665,1605,2/11/2025,E,
New C I S,28-44,New Street,,MOLD,CH7 1NZ,,1300009542674,,2/11/2025,1,
,,Public Conveniences New St Car Park,,Mold,CH7 1NZ,04800D02,1300009542692,,2/11/2025,D,
Unit 1,,Safe Harbour Ind Est,,Birmingham,B6 7AE,03801N14,1418209331009,9519,13/2/2026,E,
Seymour Terrace,,Easington Lane,,Houghton-Le-Spring,DH5 0JE,0380102A,1591010395625,3989,2/11/2025,E,
R S Autocare Ltd,Unit A5,"Northfleet Industrial Estate, Lower Road",,GRAVESEND,DA11 9SN,03801203,1900034136712,39467,28/4/2028,E,
,684,Alum Rock Road,,Birmingham,B8 3NU,03801007,1419512731003,13181,2/11/2025,D,
"Park Farm Tower, Gobowen",,Park House,,Oswestry,SY11 4AT,04800D02,1300051715370,,2/11/2025,D,
Above Travel Agent,126,High Street,,Smethwick,B66 3AP,03800007,1416795660004,,2/11/2025,D,
Guru Nanak Sikh Temple,130,High Street,,Smethwick,B66 3AP,04800010,1414023103000,,2/11/2025,D,
,57,Broad Park Road,,Coventry,CV2 1DB,04800037,1100023886625,,2/11/2025,D,
,Unit 1,"Empire House,Sunderland Quay",,Rochester,ME2 4HN,04811202,1900027144667,5351,23/4/2026,E,
,130,High Street,,Smethwick,B66 3AP,04800010,1412795660007,,2/11/2025,D,
,,Loxley Park,,Leek,ST13 7RU,03800007,1412876830007,,2/11/2025,D,
,,39/41 Wharncliffe Road,,Shipley,BD18 2AW,03800999,2315620561814,,2/11/2025,D,
172-180,,Dock Street,,Fleetwood,FY7 6JB,04811661,1610004891356,2985,15/2/2027,E,
,437,Bentley Road,,DONCASTER,DN5 9TJ,0380102A,2335257432212,80,29/9/2026,E,
39-41,,Ropergate,,Pontefract,WF8 1JY,0481102B,2354322733215,5453,20/4/2026,E,
Unit 7,,Hoe Lane,,Waltham Abbey,EN9 2RJ,00845072,1023509337070,,16/6/2027,E,
,516,New Hall Lane,,PRESTON,PR1 4TD,74730505,74730505,127881,2/6/2027,,
,,C4345,,BOURNEMOUTH,BH2 5AG,00845H87,2000027443380,,15/8/2026,E,
St Marys At The Elms,,Elm Street,,Ipswich,IP1 2EF,04138201,1030072442640,2120,15/6/2028,E,
Keystone Restoration Ltd,39,Station Road,,Longfield,DA3 7QD,03801201,1900017130834,2428,17/6/2028,E,
Rollinson House Farm,,Little Scotland,,Bolton,BL6 5LN,04510304,1610011454060,95920,1/10/2026,E,
,,29-31 Craven Road,,London,W2 3BX,00845072,1200010063677,,2/9/2028,E,
"Unit 7, Oyster Park",109,Chertsey Road,,WEST BYFLEET,KT14 7AX,03801202,1900090332437,33163,16/8/2027,E,
,114,Snakes Lane East,,Woodford Green,IG8 7HY,03801201,1200038503139,5321,2/11/2025,E,
,126,Salop Street,,Wolverhampton,WV3 0RX,03801007,1415667080005,19991,2/11/2025,E,
,116,Snakes Lane East,,Woodford Green,IG8 7HY,03801202,1200038503157,1819,2/11/2025,E,
Stakehill Unit 39,,Stakehill Industrial Estate,,Manchester,M24 2FL,04811161,1610002524526,337,30/7/2026,E,
Unit 2,2,Bridgeman Street,,Walsall,WS2 9PG,03801007,1413773060004,4159,21/6/2027,E,
,53,The Roundway,,LONDON,N17 7HA,03801202,1013074871181,5708,29/8/2027,E,
Workshop/Wharf House,,Widcombe Hill,,Bath,BA2 6AA,04874N12,2200041357223,2266,18/8/2026,E,
,,Aviary Road,,MANCHESTER,M28 2WF,1657270203,1657270203,112407,9/11/2027,,
Wharf House,,Widcombe Hill,,Bath,BA2 6AA,00845L02,2200041255113,,18/8/2026,E,
DISPLAY HOUSE,,HORTONWOOD 7,,TELFORD,TF1 7GP,16646703,16646703,268852,1/4/2028,,
Wells Tarpaulin,,Nelson Way,,Boston,PE21 8TS,,1100025629635,,18/8/2028,E,
,119,Junction Road,,LONDON,N19 5PX,3403121900,3403121900,37146,13/11/2027,,
,9,Park Lane,,Southwold,IP18 6HL,03801202,1012704811071,3008,27/6/2026,E,
,421,Stratford Road,,Birmingham,B11 4JZ,03801N12,1460000906755,14967,27/6/2028,E,
Street Library,,1 Leigh Road,,Street,BA16 0HA,03801110,2200021066377,1,28/6/2027,E,
Rosemary Works School,,Branch Place,,LONDON,N1 5PH,49547600,49547600,120917,11/6/2027,,
,17a,Bridge Street,,Pershore,WR10 1AJ,04811010,1414520971005,2671,19/8/2026,E,
Street Library,,1 Leigh Road,,Street,BA16 0HA,03801110,2200021066386,1901,28/6/2027,E,
M & S Hairstylists & Barbers,104,Milton Street,,Walsall,WS1 4LA,04811010,1419221550003,4625,28/6/2027,E,
Post Office,28,West End Post Office,,Oakham,LE15 6NT,04828N12,1100001733081,25204,19/8/2027,E,
,,Church Street,,HARTLEPOOL,TS25 1BX,0084502C,1591050746010,,19/8/2027,E,
,69,Linthorpe Road,,MIDDLESBROUGH,TS1 5BU,0084502B,1591047089922,,20/8/2026,E,
4 Canal Estate,,Station Road,,Slough,SL3 6EG,03801H06,2000003840651,5277,20/8/2027,E,
Waterlip Mill,,Cranmore,,Shepton Mallet,BA4 4RN,00845540,2200030032560,,1/12/2026,E,
,,4 Crittall Road,,Witham,CM8 3DR,80431402,80431402,270531,30/4/2027,,
,25,South Douglas Street,,Clydebank,G81 1PD,8845682405,8845682405,406597,9/5/2027,,
Ground Floor,34,Clifton Road,,London,W9 1ST,03801202,1200050814234,10190,2/7/2028,E,
Near Star Building,,Burtonhead Road,,St Helens,WA9 5EA,00845K02,1300053285439,,11/11/2025,E,
Tafarn Y Gors,,NEW CROSS INN,,Aberystwyth,SY23 4LY,04043D03,1300010099525,,26/11/2026,E,
,9,"MIDLAND COURT, CENTRAL PARK",,LUTTERWORTH,LE17 4PN,03800013,1100024317063,,2/11/2025,D,
Unit 13,,Hoddesdon INDUSTRIAL CENTRE,,Hoddesdon,EN11 0DD,03801201,1015680946679,3130,4/7/2028,E,
,73,Whitchurch Road,,Shrewsbury,SY1 4EE,03801N12,1410566300003,13501,2/11/2025,E,
Unit 13,,"Monkspath Business Park, Highlands Road",,SOLIHULL,B90 4NY,00845L02,1415619931000,,2/11/2025,E,
,80,London Road,,Sheffield,S2 4LR,0380102A,2330150514014,1296,22/8/2026,E,
,29,High Street,,Biddulph.,ST8 6AW,03801N12,1414202830003,4149,14/5/2028,E,
Coronation House,25,Coronation Drive,,Dalton In Furness,LA15 8QJ,04811014,1610005516138,19902,22/8/2026,E,
,22-30,Hull Road,,BLACKPOOL,FY1 4QB,03801631,1610004110352,2469,2/11/2025,E,
Unit A,,Hanworth Lane,,Chertsey,KT16 9JX,00845071,1900046000514,,7/7/2028,E,
,22-30,Hull Road,,Blackpool,FY1 4QB,03801631,1610004110361,2689,2/11/2025,E,
,6,Cross Street,,Barnstaple,EX31 1BA,03801N12,2200013995477,8182,22/8/2026,E,
,53,Stepney Street,,Dyfed,SA15 3YA,03801N12,2198765129148,11187,20/1/2027,E,
,3,Abbey Park Street,,Leicester,LE4 5AS,03801N14,1160000372765,,7/7/2028,E,
,,Marston House,,CHIPPING NORTON,OX7 5SR,03801H02,2000008815394,8653,7/7/2028,E,
Warehouse and Office,80,Derby Road,,HEANOR,DE75 7QJ,03801N12,1100008161565,18548,8/7/2028,E,
ROBSON TRADING ESTATE,Unit 4,90-96 Bordesley Green,,Birmingham,B9 4TS,03801N12,1413653113000,24085,2/11/2025,E,
Castlefield Farm,,Kentchurch,,HEREFORD,HR2 0DA,03801007,1411638191005,299,27/8/2026,E,
Unit 1,,,,Faringdon,SN7 8LA,04811H16,2000011897849,1397,8/7/2027,E,
Castlefield Farm,,,,Hereford,HR2 0DA,04811N12,1412638191007,4882,28/8/2026,E,
,349,Landlords Supply,,Accrington,BB5 3HS,03801004,1640000284541,461,8/7/2026,E,
,419,High Road,,Wembley,HA9 7AB,03136202,1012831435504,4740,2/11/2025,E,
Unit 10,,Cambrian Court,,Swansea,SA6 8PZ,04811201,2199997674548,3393,2/11/2025,E,
,,Wedmore Vale,,Bristol,BS3 5HX,4190723405,4190723405,923,2/11/2025,,
20,,Temple Road,,Leicester,LE5 4JG,03801N14,1160001390997,13297,2/2/2027,E,
"UNIT 4,VENTURE COURT",82,BOLENESS ROAD,,WISBECH,PE13 2XQ,00900202,1023496723186,,9/7/2027,E,
,58,Upperthorpe Road,,SHEFFIELD,S6 3EB,0380102A,2330422220813,7032,4/9/2026,E,
,157-159,London Road,,SHEFFIELD,S2 4LH,0380102A,2330150254816,1891,2/11/2025,E,
"A J HILL PLUMBERS, EAGLE HOUSE",,HIGH STREET,,STOURBRIDGE,DY9 8LH,03801007,1419321980009,2243,23/8/2027,E,
,237,Well Street,,London,E9 6RG,03801202,1200041847846,8435,12/7/2028,E,
Crathorne Arms Solutions Ltd,,Crathorne Village,,Stockton,TS15 0BA,8823884406,8823884406,133524,1/12/2027,,
Pasta Di Piazza,1091,Warwick Road,,Birmingham,B27 6QT,00900N12,1421827100007,,1/11/2026,E,
,245-251,Well Street,,LONDON,E9 6RG,05808204,1200010099229,45684,12/7/2027,E,
H V House,,First Way,,Wembley,HA9 0JD,00846074,1030014053005,,2/11/2025,E,
,192,High Street,,Harwich,CO12 3AJ,04100204,1012637015126,21968,24/8/2027,E,
,37,High Street,,Leiston,IP16 4EL,04807203,1012712997007,42084,24/8/2026,E,
Melda Farm,,Royston Road,,Royston,SG8 6DG,04808202,1012781671783,7102,12/7/2028,E,
Unit A9,,Cibyn Industrial Estate,,Caernarfon,LL55 2BD,03801D01,1300011815457,1095,2/11/2025,E,
"Unit 1,Kirkland Industrial Park",,Kirkland Avenue,,Mansfield,NG18 5QP,03801N12,1170000631453,,24/8/2024,E,
,132,High Street,,PONTYPOOL,NP4 7AD,03801N12,2199992230294,,17/2/2027,E,
LEIGHTON COACHWORKS,,Buzzard Works,,LEIGHTON BUZZARD,LU7 4TN,03801203,1012381278587,15374,11/7/2026,E,
,13/14,Service Bay,,HARLOW,CM18 7NW,03136201,1012750582917,20976,24/7/2026,E,
,52,Buckland Road,,Reading,RG2 7SW,68658403,68658403,87869,20/2/2028,,
,54,Stepney Street,,LLANELLI,SA15 3TG,04811N14,2199996812678,30347,16/7/2026,E,
,,10a Cavendish Street,,Skipton,BD23 2AB,0380102A,2315253835514,755,16/7/2026,E,
,108,Burley Road,,Leeds,LS3 1JP,0380102A,2341233389515,14201,13/7/2026,E,
First Floor,5,Bigg Market,,Newcastle Upon Tyne,NE1 1UN,,1591048294207,,2/11/2025,D,
Lancashire,CLITHEROE,United Kingdom,,,BB7 2AW,03801024,1610014565994,76435,13/7/2027,E,
Outbuildings,,Penybont,,Tregaron,SY25 6LG,04800201,2199999281435,,2/11/2025,D,
,1,Bridge Place,,SHOTTS,ML7 5JE,03801D02,1800030337748,560,30/4/2027,E,
,,29-35 Main Street,,Irvine,KA11 4AQ,00900D02,1800035212040,,15/7/2026,E,
,16,Queen Street,,Newton Abbot,TQ12 2EF,04808N12,2200019886996,25016,15/7/2027,E,
,2,Whalley Road,,Accrington,BB5 5DT,03801004,1610022658650,2944,15/7/2027,E,
,,Bridgend Farm,,ASHFORD,TN27 0ER,,1900009218642,,,E,
,,U 2 Market Place,,Garstang,PR3 1ZA,00900831,1610023214116,,2/11/2025,E,
70a,,East Barnet Road,,Barnet,EN4 8RQ,03801201,1012994112893,1561,16/7/2027,E,
,53,Leopold Road,,Felixstowe,IP11 7NR,03801203,1012909656438,11980,16/7/2026,E,
Lowes Electrical,,Freeman Road,,Lincoln,LN6 9AP,03801013,1100002882467,1088,16/7/2026,E,
Unit A3-3,8,Festival Way,,Basildon,SS14 3WB,00845072,1050000891100,,2/11/2025,E,
,155,Hylton Road,,Sunderland,SR4 7YF,0380102C,1591041427971,15598,17/7/2027,E,
,5b,Sandpit Lane,,Beccles,NR34 7TH,03801203,1023545651097,,1/4/2026,E,
Landlords Supply,17,Bigg Market,,Newcastle Upon Tyne,NE1 1UN,0380102A,1591042111227,455,7/11/2025,E,
,64-65,Princes Square,,London,W2 4PX,03005203,1200023580104,,10/9/2026,E,
Boundary Court,,Heaton Chapel,,Stockport,SK4 5GA,00845074,1620001259906,,17/7/2028,E,
,,Stone Street,,CRANBROOK,TN17 3HE,693506909,693506909,29918,13/5/2026,,
Pavilion Tucker Park,,Park Road,,FARINGDON,SN7 7BP,03105H38,2000011897797,14338,17/7/2027,E,
Fairburn Engineering LTD,73-79,Clarence Street,,Hull,HU9 1DH,0380102D,2390000069505,26818,18/7/2026,E,
Barrow Moor Farm,,Dog Lane,,Ashbourne,DE6 3EH,04817N13,1100008683621,54522,18/7/2026,E,
Unit 5,,Fairbairn Place,,LIVINGSTON,EH54 6TN,06802D02,1800052064303,6105,9/7/2026,E,
UNIT 8-9,,BRUNTS BUSINESS CENTRE,,MANSFIELD,NG18 2AH,03801N12,1100003916355,6632,23/7/2026,E,
Unit 3 New Court Business Park,,Perry Road,,HARLOW,CM18 7NS,03801202,1012750588894,1712,27/5/2026,E,
10G,,Folgate Road,,North Walsham,NR28 0AJ,03801201,1012729321253,1574,25/7/2027,E,
Westerwood House,,Royston Road,,Livingstone,EH54 8AH,07801D04,1800035279913,51326,1/5/2026,E,
,93b,Uphall Station Road,,Livingston,EH53 0NU,03801D02,1800030943049,6409,9/9/2026,E,
Bankton House Hotel,,,,Livingston,EH54 9AQ,00801D04,1800035277508,,5/5/2028,E,
,18,East Main Street,,Broxburn,EH52 5AE,03801D02,1800020105764,19868,12/7/2027,E,
,,Cherrycourt Way,,Leighton Buzzard,LU7 8UH,04811202,1012381380244,6145,21/7/2026,E,
Unit 2,,The Common,,Norwich,NR14 8AE,03801203,1012721035046,15557,21/7/2026,E,
,107,Unit E,,Leicester,LE4 9LG,03801013,1170001375912,3013,2/11/2025,E,
,,978a Stockport Road,,Manchester,M19 3NN,03800631,1620000718487,,2/11/2025,D,
,17,Bark Street East,,Bolton,BL1 2BQ,04800591,1610029984390,,2/11/2025,D,
,,WENTWORTH AVENUE,,Slough,SL2 2DH,3340088302,3340088302,18105,8/11/2027,,
,32,High Street,,Broadway,WR12 7DT,03801N13,1418859571003,83525,21/7/2028,E,
,49,Beach Road,,Littlehampton,BN17 5JG,04811203,1900014422477,5603,18/5/2026,E,
SHOP1,260,Hillmorton Road,,RUGBY,CV22 5BW,03801N13,1100025596184,8175,5/2/2026,E,
DUISDALE HOTEL,,ISLE ORNSAY,,Isle of Skye,IV43 8QW,03094R69,1712675010508,,1/10/2026,E,
,,"COUNTRY HOUSE HOTEL,LOVELADY LANE",,Alston,CA9 3LX,04005024,1610032140213,54537,27/3/2027,E,
,19,Bark Street East,,Bolton,BL1 2BQ,03801631,1610029984327,2582,2/11/2025,D,
,2B,UPPER CHORLTON ROAD,,MANCHESTER,M16 7RN,03801631,1610027252931,2266,23/5/2026,E,
,453,Roman Road,,London,E3 5LX,03801202,1200030821450,2791,2/11/2025,E,
,2B,Upper Chorlton Road,,Manchester,M16 7RN,04800591,1610027252940,,2/11/2025,D,
,86,Longbrook Street,,Exeter,EX4 6AP,03801N12,2200018083432,26364,6/2/2026,E,
,85,Cambridge Street,,Rugby,CV21 3NH,04800037,1100025017038,,2/11/2025,D,
(2nd Floor) Maybrook House,,46-60 Deansgate,,Manchester,M3 2FE,03801131,1610000029887,15085,2/11/2025,D,
Dukes,,The Esplanade Sidmouth,,Devon,EX10 8AR,00900N14,2200018925553,,1/10/2026,E,
13-17,,Kenilworth Street,,Leamington Spa,CV32 4QS,04811037,1100024413687,6473,2/11/2025,D,
,26,Main Street,,Carnforth,LA6 2AE,03873631,1610005019810,,4/4/2026,E,
"Unit 2, Aspect House",,Maes Y Clawdd,,Oswestry,SY10 8NN,03801D02,1300060523640,9466,21/2/2026,E,
Walsingham House;35,,Seething Lane,,London,EC3N 4AH,06800204,1200060641951,,2/11/2025,D,
,,Main Road,,Stamford,PE9 4SN,03801013,1100002048571,2238,28/3/2028,E,
,,98 Whithington Road,,Manchester,M16 8FA,03801631,1610000175081,,2/11/2025,D,
,,83-85 Stanley Road,,Bournemouth,BH1 4SD,04800140,2000020821952,,2/11/2025,D,
,,83-85 Stanley Road,,Bournemouth,BH1 4SD,03800H07,2000020821961,,2/11/2025,D,
,116,Withington Road,,Manchester,M16 8FA,03801131,1610000175240,14033,2/11/2025,D,
Bruntwood Limited,,New Bailey Street,,Manchester,M3 5EU,03800631,1620001055769,,2/11/2025,D,
IMAGE BUSINESS PARK,UNIT 2,EAST CANNOCK ROAD,,Cannock HEDNESFORD,WS12 1LT,03801007,1422564000002,2593,12/3/2026,E,
,6,Rowallen Parade,,Dagenham,RM8 1XU,04811202,1200039855085,5224,2/11/2025,E,
,6,High Street,,HORLEY,RH6 7AY,65304408,65304408,88419,10/11/2027,,
,69,Hill Avenue,,Amersham,HP6 5BX,00900202,1012954606020,,2/11/2025,E,
Night Owl,,Penally,,Tenby,SA70 7NS,03801200,2199999891938,251,2/11/2025,D,
,15,Brewery Road,,London,SE18 7PX,00845071,1200042280093,,1/8/2027,E,
,23b - 23c,Eastgate Street,,Bury St. Edmunds,IP33 1XX,03801201,1030084155621,3018,31/3/2027,E,
Unit 11,,Langley Park Industrial Estate,,Nottingham,NG16 4BS,03801N12,1100007996354,,7/2/2027,E,
,,5-11 REGENT STREET,,LONDON,SW1Y 4LR,03800202,1200039680799,,2/11/2025,D,
"THIRD FLOOR, PICCADILLY HOUSE",33-37,Regent Street,,LONDON,SW1Y 4NB,03801202,1200026279352,,2/11/2025,D,
Night Owl,,Penally,,Tenby,SA70 7NS,03220200,2199999891965,22323,2/11/2025,D,
Murrayfield Indoor Sports Club,25,Roseburn Street,,Edinburgh,EH12 5PE,00900D04,1800035243493,,31/3/2028,E,
Grounded Coffee Company Limited,11,Whitechapel Road,,LONDON,E1 1DU,03006204,1200024381151,,2/11/2025,D,
,,Baynton Road,,Bristol,BS3 2EB,03800110,2200015749559,,2/11/2025,D,
,,Baynton Road,,Bristol,BS3 2EB,04800210,2200031646491,,2/11/2025,D,
SECOND & THIRD FLOORS,45,BLACK LION HOUSE,,London,E1 1DU,00800071,1200010146793,,2/11/2025,D,
Roade Service Station,,Stratford Road,,Northampton,NN7 2NJ,03801013,1100020112398,,2/11/2025,D,
Unit 19,,Newton Mearns Shopping Centre,,Glasgow,G77 6EY,03801D01,1800033975150,226,22/8/2026,E,
,78,Spital Hill,,Sheffield,S4 7LG,0380102D,2334540596019,,1/4/2026,E,
"UNIT 3 28, 65, WHITECHAPEL ROAD","UNIT 3 28,",,,London,E1 1DU,03801202,1200024381649,5736,2/11/2025,E,
,48,Deardengate,,Rossendale,BB4 5SN,,1640000889706,,2/11/2025,E,
,105,,,Newcastle Upon Tyne,NE2 1JT,0090002B,1591048920548,,8/2/2027,E,
,50,Deardengate,,Rossendale,BB4 5SN,03801631,1640000889715,,30/1/2027,E,
,.,"Holyhead Road, Glan Aber Hotel",,,LL24 0AB,15100002,15100002,288354,1/9/2026,,
Magneta House,85,Whitechapel Road,,London,E1 1DU,03800202,1200028927388,,2/11/2025,D,
,109,Barnards Green Road,,Malvern,WR14 3LT,03801N13,1412433112000,59983,1/4/2027,E,
,3,Great Elms Road,,Hemel Hempstead,HP3 9TJ,,1012970548248,,8/2/2026,1,
Magneta House,85,Whitechapel Road,,LONDON,E1 1DU,04800203,1200028927430,,2/11/2025,D,
Namber House,,Davis Road,,CHESSINGTON,KT9 1HS,9130302800,9130302800,1,24/11/2025,,
,,The Leasows,,Shrewsbury,SY4 2JD,04800010,1411601600001,,2/11/2025,D,
TEMPORARY BUILDERS SUPPLY 8500009239,,DECONSTRUCTUK,,LONDON,SE1 1NP,00800084,1200061791300,,2/11/2025,D,
Shop,74,Grand Parade,,London,N4 1DX,04811204,1013090009323,125899,8/2/2026,E,
Unit 3,47,Spital Hill,,Sheffield,S13 8AU,03800999,2334310334513,,2/11/2025,D,
,,Kings Road,,Canvey Island,SS8 0RA,00845071,1014572377490,,8/2/2026,E,
Unit 9,,Market Street,,Coalville,LE67 3DX,03801013,1100018779080,156,2/11/2025,E,
Unit A60 Northbridge Centre,,Elm Street,,Burnley,BB10 1PD,03800631,1610014800899,,2/11/2025,D,
Unit 2,,Market Street,,Coalville,LE67 3DX,03801013,1100018779052,183,2/11/2025,E,
First Floor,,7-9 Union Street,,Stratford Upon Avon,CV37 6QT,03801007,1411547081001,399,2/11/2025,E,
Ashfield Care Home,18,Windsor Square,,Exmouth,EX8 1JX,00900N14,2200030087870,,1/12/2030,E,
Imperial Mill,,Lowerhouse Lane,,Burnley,BB12 6HZ,03800131,1610013931128,,2/11/2025,D,
Coatbridge Indoor Bowling Club,4,Quarry Street,,Lanark,ML5 3PU,19351800,19351800,254105,2/6/2028,,
,22,Bunting Road,,Northampton,NN2 6EE,04812037,1100019224692,24753,2/11/2025,D,
"Unit 3, Gilbert House",406,Roding Lane South,,WOODFORD GREEN,IG8 8EY,04811204,1200032780576,,1/4/2027,E,
,148,Enderby Road,,Leicester,LE8 6JJ,04031N14,1100012260106,103589,1/8/2027,E,
,18,Main Road South,,HERTFORDSHIRE,HP4 1QX,00900204,1012391495183,,1/4/2028,E,
Birmingham City Council,,192-226 St Vincent Street Wes,,Birmingham,B16 8RP,03802007,1418131801005,,2/11/2025,E,
P M A Systems (Cradles) Ltd,72,Bunting Road,,Northampton,NN2 6EE,03801N12,1100019224860,8125,2/11/2025,E,
"WESTFIELD INDUSTRIAL, S R T MARINE TEC",,UNIT E THIRD AVENUE,,RADSTOCK,BA3 4XD,8881745306,8881745306,20285,1/12/2026,,
CENTRE CITY HOUSE,,HILL STREET,,BIRMINGHAM,B5 4HE,03800007,1414943011008,,2/11/2025,D,
,125,Canterbury Road,,Westgate-On-Sea,CT8 8NL,00845072,1900020427488,,10/10/2027,E,
Enterprise House,,Billington Road,,BURNLEY,BB11 5UB,00845414,1600000032856,,10/2/2026,E,
,82,Bunting Road,,Northamptonshire,NN2 6EE,03801013,1100019224994,678,2/11/2025,E,
Radius,Whitefriar,Lewins Mead,,BRISTOL,BS1 2NT,07802N14,2200017169753,59583,2/11/2025,E,
,,Willenhall Road,,Wolverhampton,WV1 2HR,08800021,1421949000002,,2/11/2025,D,
,6,LEAGRAVE ROAD,,LUTON,LU4 8HZ,03801202,1012372515126,1717,1/4/2027,E,
The Wolf Safety Lamp Co,,Saxon Road,,Sheffield,S8 0YA,8814389305,8814389305,264839,8/5/2027,,
102,,BUNTING ROAD,,NORTHAMPTON,NN2 6EE,03801N12,1100019111400,577,28/8/2026,E,
14-16,,BROMHAM ROAD,,BEDFORD,MK40 2QA,04874203,1012346430139,,2/4/2026,E,
,Unit 10,Purdy Road,,Bilston,WV14 8UB,03801N12,1410727460001,4875,2/11/2025,E,
Ten Harley Street Ltd,10,Harley Street,,London,W1G 9PF,61665510,61665510,108147,1/10/2026,,
,,13B Cleveland Street,,Wolverhampton,WV1 3HH,04800010,1418078080006,,2/11/2025,D,
,14,Cleveland Street,,WOLVERHAMPTON,WV1 3HH,04800010,1410178080007,,2/11/2025,D,
,,Blackbrook,,LEEK,ST13 7QR,04812N14,1429673000007,22704,1/2/2027,E,
Darwen Toilets,,Darwin Mills,,DARWEN,BB3 0QE,03800631,1610022124640,,2/11/2025,D,
"BUILDING SERVICES, UNIT 6",,Albert Mill,,DARWEN,BB3 0QE,03801131,1610022124631,,2/11/2025,D,
,8,SAXON WAY,,ROYSTON,SG8 6DN,00845072,1050001891218,,5/4/2027,E,
Unit 17,,Cleveland Street,,Wolverhampton,WV1 3HH,03800007,1413418213001,,2/11/2025,D,
,8,SAXON WAY,,ROYSTON,SG8 6DN,00846072,1014571962116,,5/4/2027,E,
,1,BROAD STREET,,WOLVERHAMPTON,WV1 1JA,03801007,1417238080006,,2/11/2025,D,
Unit 7C,,Lower Albert Mill,,DARWEN,BB3 0QE,03800631,1610022124701,,2/11/2025,D,
,.,"OXFORD ARCHITECTS, BAGLEY CROFT",,,OX1 5BS,10649903,10649903,128779,1/4/2026,,
,Unit 3,Penneywell Shopping Centre,,Sunderland,SR4 9AS,0090002B,1591053199911,,2/11/2025,D,
One Stop Community Stores Ltd,278,Deans Road,,Wolverhampton,WV1 2AW,03800007,1413351180009,,2/11/2025,D,
Unit 10,,Albert Mill,,Darwen,BB3 0QE,03801631,1610023886838,,2/11/2025,D,
,23,Rookery Street,,Wolverhampton,WV11 1UN,03801007,1411557580007,2814,23/4/2027,E,
Burnham Nurseries,,Forches Cross Road,,NEWTON ABBOT,TQ12 6PZ,12393904,12393904,326857,1/5/2027,,
,10,Broadway,,Wolverhampton,WV10 8EB,04800010,1416149380006,,2/11/2025,D,
,123,National Hyperbaric Centre,,ABERDEEN,AB16 5FA,15953404,15953404,507189,1/4/2027,,
UNIT 1,,Weber Court,,Burnley,BB11 5BU,03801004,1610013935790,8582,14/4/2026,E,
UNIT 4 RAYNOR PARADE,,"RAYNOR PARADE, FALLINGS PARK",,Wolverhampton,WV10 9QY,03801N12,1419217180000,,2/11/2025,E,
Unit 21B,,Lower Darwen Mill,,DARWEN,BB3 0QE,03800631,1610022124836,,2/11/2025,D,
,15,Ford End Road,,Bedford,MK40 4JE,04657202,1012346741557,9770,10/6/2026,E,
,54,Brooklands Parade,,Wolverhampton,WV1 2NE,03801007,1419230180009,,2/11/2025,E,
Unit 23,,Lower Darwin Mill,,DARWEN,BB3 0QE,03800631,1610022124827,,2/11/2025,D,
Fashion Fare,18,Watergate,,GRANTHAM,NG31 6PR,03801N13,1100001444916,9916,23/1/2026,E,
,149,Strathmore Avenue,,Luton,LU1 3QW,03801202,1012364873140,21101,1/7/2027,E,
West Lodge Nursing Home,,Peases West,,Crook,DL15 9SY,0084505A,1580000725957,,2/6/2026,E,
,,208-209 Staveley Road,,Wolverhampton,WV1 4RS,03800007,1413383280009,,2/11/2025,D,
,31,West Street,,Blandford Forum,DT11 7AW,8897874410,8897874410,54369,10/8/2027,,
,27,High Street,,Glastonbury,BA6 9DR,04807210,2200022059520,2866,19/5/2026,E,
,,Manor Hall Road,,BRIGHTON,BN42 4NH,03801201,1900090299426,832,1/4/2026,E,
,1,Downham Place,,Wolverhampton,WV3 7AF,03800007,1415639770001,,2/11/2025,D,
Fish & Chip Shop,130,Woolwich High Street,,LONDON,SE18 6DS,47607009,47607009,58880,27/7/2026,,
,321,STANLEY STREET,,BLACKBURN,BB1 3BW,04811014,1610021856326,27507,1/9/2028,E,
,455,STRATFORD ROAD,,BIRMINGHAM,B11 4LD,03800007,1416876711005,,2/11/2025,D,
Unit 5B,,Mayflower Way,,Harleston,IP20 9EB,04807201,1012707411450,2860,2/11/2025,E,
,58,Church Street,,Bilston,WV14 0AX,03801N13,1411995570008,,2/11/2025,E,
Unit,10,Second Drove,,PETERBOROUGH,PE1 5XA,03801202,1012881047885,4928,30/10/2026,E,
Unit 4 RelianceEnterprise Park,,,,Manchester,M40 3AL,03500004,1610018253371,7423,26/2/2026,E,
,,"Rudford Industrial Estate, Ford Road",,ARUNDEL,BN18 0BF,04811H19,2000018560837,34014,1/4/2027,E,
,54,Boundary Lane,,Congleton,CW12 3JA,49850702,49850702,159683,1/5/2028,,
,20,Second Drove Industrial Estate,,Cambridgeshire,PE1 5XA,03801202,1012881052714,372,23/7/2026,E,
Unit 4,,Reliance Enterprise Park,,Manchester,M40 3AL,04511591,1610018253380,,26/2/2026,E,
Office 8,,5A Salop Street,,Wolverhampton,WV3 0RX,03801007,1414057080003,13181,2/11/2025,D,
Greenfields School,,Priory Road,,Forest Row,RH18 5JD,73249804,73249804,342253,1/1/2027,,
,,31-32 Second Drove Industrial Estate,,Peterborough,PE1 5XA,03801201,1012881049260,2784,2/11/2025,E,
,,"Abbey Industrial Estate, Mount Pleasant",,WEMBLEY,HA0 1NR,04807202,1012833140038,8866,2/11/2025,E,
,8,Regent Street,,Rugby,CV21 2QF,03801N12,1100025164460,5531,1/4/2028,E,
Ground Floor,98,Fleet Road,,LONDON,NW3 2QX,,1200051315032,,,1,
Unit 48,,Second Drove Industrial Estate,,Peterborough,PE1 5XA,03801201,1012881016371,353,2/11/2025,E,
Post Office,47,Preston New Road,,Blackburn,BB2 6AE,04811161,1610021696901,,2/11/2025,E,
Post Office,47,Preston New Road,,Blackburn,BB2 6AE,04800591,1610021696887,,2/11/2025,D,
Unit 11a,,Crittall Drive,,Braintree,CM7 2RT,03801201,1012491552544,1,2/11/2025,E,
,40,Wellbeck Street,,London,W1G 8LN,03801204,1200030104877,29848,1/4/2027,E,
Unit 2,89,Soundwell Road,,Bristol,BS16 4QR,03801N12,2200017670671,3442,7/5/2028,E,
"Unit 2, Vincent Court",89,Soundwell Road,,Bristol,BS16 4QR,03801110,2200017670690,,7/5/2026,E,
,,7 & 9,,Beaumaris,LL58 8AP,00800D01,1300035430884,,2/11/2025,D,
,6,Beach Road,,Clacton-On-Sea,CO16 8TB,,1012631783082,12144,2/11/2025,D,
GARAGE CHILDWELL ALLEY,,Magdalen Street,,COLCHESTER,CO1 2JX,04808202,1012613671733,,2/11/2025,E,
,17,Axbridge Road,,Bristol,BS4 2RU,00900N12,2200030012615,,3/5/2026,E,
,5,Ridge Way,,Aylesbury,HP18 9BF,00900204,1023529634347,,17/6/2027,E,
,,U 11 And 12 Hutleys Parade,,Clacton On Sea,CO16 8SB,04807203,1012631784003,5114,2/11/2025,D,
Halling Community Centre,,High Street,,Rochester,ME2 1BS,00900071,1900060080226,,3/5/2026,E,
,,"Unit 2, Factory",,COLCHESTER,CO6 2NS,00845072,1014572786203,,30/11/2025,E,
,26,Harraton Terrace Durham Rd,,Chester Le Street,DH3 2QG,0380102A,1591059289552,1687,2/11/2025,E,
SHINE KNOWLEDGE & INNOVATION PARK,UNIT 5,ST MARK STREET,,,HU8 7FB,0380102B,2380000002531,14097,4/5/2027,E,
,1725,London Road,,Essex,SS9 2SW,03801203,1012522245818,18971,5/5/2026,E,
Unit 1,,High Street,,Birmingham,B14 7AR,00845X11,1422402100008,,1/10/2026,E,
"1, 99",,Fieldgate Street,,London,E1 1JU,03800202,1200020931484,,2/11/2025,D,
Triple Crown Garage,,Tyntyla Road,,Tonypandy,CF40 2SX,03222N13,2199994635731,,6/5/2026,E,
,1,Empson Street,,London,E3 3LT,00845072,1200010161365,,2/11/2025,E,
41a,,Fieldgate St,,LONDON,E1 1JU,03800202,1200040891170,,2/11/2025,D,
Unit 2c,,Inchmuir Road,,BATHGATE,EH48 2EP,03500D02,1800020046365,4564,2/11/2025,E,
Unit 2b,,Greenhough Road,,Lichfield,WS13 7AU,03811N12,1413560840008,3117,5/5/2027,E,
Old Tam's Factory,,Sutherland Road,,Stoke-on-trent,ST3 1HZ,00845S04,1470000422316,,2/11/2025,E,
Unit 9,,Central City Industrial Estate,,Warwickshire,CV6 5RY,03801N13,1100023724394,25827,5/5/2027,E,
Unit 2c,,Inchmuir Road,,BATHGATE,EH48 2EP,04516240,1800020046356,,2/11/2025,E,
Unit 10,,Central City Industrial Estate,,Coventry,CV6 5RY,,1100023724400,,,E,
Unit 1-2 Spurling Works,,Pindar Road,,Hoddesdon,EN11 0DB,03800203,1012762756120,,2/11/2025,D,
,Unit 4,HODDESDON INDUSTRIAL ESTATE,,Hoddensdon,EN11 0DD,03801202,1015682514813,23397,2/11/2025,E,
H1 - 1 Baywell House,,Tucker Close,,Frome,BA11 5LS,03801H01,2000052380426,1871,24/12/2027,E,
Unit 15,,PINDAR ROAD,,HODDESDON,EN11 0DD,03801201,1015681387126,17247,9/9/2026,E,
Unit 2A,,Charlton Mead Lane,,Hoddeston,EN11 0DJ,05800204,1012762663200,,2/11/2025,D,
,19,Broad Street,,Oxford,OX1 3AS,04575140,2000007926141,17865,5/5/2027,E,
"Ground Floor, Tailor",19,Broad Street,,Oxford,OX1 3AS,03500H01,2000007926150,11615,5/5/2027,E,
UNIT 1B STAPYLTON ST IND EST,1,"BOLCKOW ROAD,BESSEMER COURT",,Middlesbrough,TS6 7BJ,0380102B,1591047095971,12654,6/5/2027,E,
,,Kiosk,,Croydon,CR0 4TQ,03801202,1900090178892,,2/11/2025,D,
RAVEN BUILDING,,LUPTON AVENUE,,Leeds,LS9 6ED,0380102B,2343635668910,13860,1/10/2027,E,
,,170b Godstone Road,,Whyteleafe,CR3 0ED,03800202,1900019120606,,2/11/2025,D,
The Swannings,,Stratford Road,,Northampton,NN7 2NJ,01801001,1100020112412,162,3/6/2026,E,
,29c,Beam Street,,Nantwich,CW5 5NA,03801D01,1300007839456,61,18/7/2026,E,
,,29b Beam Street,,Nantwich,CW5 5NA,03800D01,1300007839483,,2/11/2025,D,
,Unit 33,Bloomfield Road,,Tipton,DY4 9AH,00900N13,1429556000000,,6/5/2026,E,
Unit 15,,Capital Ind Est,,Manorway South,DA17 6BJ,03800202,1200050419539,,2/11/2025,D,
,,G11 the Gate,,NEWCASTLE UPON TYNE,NE1 5TG,0084505B,1580000007527,,2/11/2025,E,
The Testing House,,Matlock Green,,Matlock,DE4 3BT,02811003,1160000365642,1081,2/11/2025,E,
,114,North Parade,,Matlock,DE4 3NS,04811N12,1100009204839,15610,2/11/2025,E,
,,124-126 North Parade,,Matlock,DE4 3NS,03800013,1100009204857,,2/11/2025,D,
Unit 5 Church Farm,,Church Farm,,Leckhampton Cheltglos,GL51 5XX,03802N12,1414095171002,5474,7/5/2027,E,
,49,Ruthven Lane,,Glasgow,G12 9BG,03801D02,1800025307796,3588,1/10/2026,E,
Unit 7,,Church Farm,,Cheltenham,GL53 0QJ,04811010,1427068100004,7678,7/5/2027,E,
Office Over,,5A Grosvenor Road,,Ripley,DE5 3JE,03800013,1100008235720,,2/11/2025,D,
UNIT 3 3-5,,NOTTINGHAM ROAD,,RIPLEY,DE5 3DG,03800013,1170000284469,,2/11/2025,D,
,47,RUTHVEN LANE,,GLASGOW,G12 9BG,03801D01,1800025307740,,1/10/2026,E,
,,Manor Farm Buildings,,Leighton Buzzard,LU7 9PQ,03801201,1012392894966,215,7/5/2027,E,
,55,RUTHVEN LANE,,GLASGOW,G12 9BG,03801D01,1800032737675,760,1/10/2026,E,
Hut next to unit 23,,Amber Business Park,,Alfreton,DE55 4BR,04800037,1100008289984,,2/11/2025,D,
Manor Farm,,Eggington,,Leighton Buzzard,LU7 9PQ,04100204,1012392895199,38390,7/5/2027,E,
Amber Business Park,,Charity Road,,Alfreton,DE55 4BR,04811N12,1100008290057,3048,29/11/2026,E,
,1/2 57,Ruthven Lane,,Glasgow,G12 9BG,03801D04,1800025307778,30303,1/10/2026,E,
Unit 18,,The Avenue,,GLASGOW,G77 6EY,03801D01,1800028830540,5123,1/10/2026,E,
,3,Market Street,,Coalville,LE67 3DX,03801013,1100018779201,1515,7/5/2027,E,
,359,Stockton Road,,HARTLEPOOL,TS25 1JX,0380102B,1591020510028,9133,1/10/2026,E,
,359,Stockton Road,,HARTLEPOOL,TS25 1JX,0380102B,1591020510037,7647,1/10/2026,E,
257-259,,Somercotes Hill,,Alfreton,DE55 4HX,03801013,1100008343550,1003,2/11/2025,E,
,,Great Park Road,,Bristol,BS32 4RU,05803N24,2200030016717,115715,7/5/2026,E,
Unit 3C,,Monk Road Ind. Est,,Alfreton,DE55 7RL,04800037,1100008381379,,2/11/2025,D,
,19,High Street,,LONDON,NW10 4NE,03801204,1200037674534,,19/11/2027,E,
,,Monk Road Ind Est,,Alfreton,DE55 7RL,03800013,1100008381388,,2/11/2025,D,
,62,Hospital Street,,Nantwich,CW5 5RP,03801D01,1300060058818,,8/5/2027,E,
Unit 7,,Monk Road,,Alfreton,DE55 7RL,03800013,1100008070768,,2/11/2025,D,
,209,Green Lane,,LIVERPOOL,L13 6RH,04009D03,1300002642744,15858,9/5/2026,E,
,42,Wheata Road,,Sheffield,S5 9FL,0481102C,2332520507819,3171,2/11/2025,D,
Horizon Specialist Contracting,259,Foxhill Road,,Nottingham,NG4 1PL,03801013,1100006923141,43,9/5/2026,E,
"Unit 9, Somerville Court",,Trinity Way,,BANBURY,OX17 3SN,03801N14,1419700471009,24851,9/7/2026,E,
,4,Centre Mead,,Oxford,OX2 0ES,03801H08,2000008758105,9147,1/10/2026,E,
Workshop Rear Of,259,Foxhill Road,,Nottingham,NG4 1PL,03801N12,1100006923150,3150,9/5/2026,E,
"GROUND FLOOR,",,"5, RECTORY LANE,",,"BANSTEAD,",SM7 3PP,03801201,1900092205908,1758,9/5/2026,E,
1 New Supply,,Subway,,Liverpool,L24 9WA,03801D04,1300060117010,40916,5/2/2026,E,
,12,Cope Road,,Banbury,OX16 2EH,03801N12,1413247481004,3577,1/10/2027,E,
,,DABELL AVENUE,,NOTTINGHAM,NG6 8WA,00900058,1100039208161,,22/11/2025,E,
Brig Inn,9,Ellon Road,,Aberdeen,AB23 8EB,03094P29,1714679972401,58689,10/7/2027,E,
,241,Rosemount Place,,Aberdeen,AB25 2XX,00900S13,1714830314901,,9/8/2027,E,
Lethan Arms,,Cookston Road,,ABERDEEN,AB12 4PT,03801P09,1714372172505,49118,1/8/2027,E,
The Cloisters,,Barringtopn Road,,Letchworth Garden City,SG6 3TH,06807204,1012812953167,52296,4/8/2026,E,
Flat 2,,Seabright,,Worthing,BN11 3QR,04811204,1900017415659,19112,22/2/2027,E,
,12a,North Parade,,Bath,BA2 4AL,03801N14,2200040034582,51629,1/2/2026,E,
A & R Plumbing,146,Percival Road,,Enfield,EN1 1QU,3037771400,3037771400,25634,22/5/2027,,
Overland Farm,,Overland,,CANTERBURY,CT3 2LF,03801204,1900039193496,22790,21/8/2026,E,
,316,Barnsley Road,,Barnsley,S72 8TD,0380102A,2334809045913,2834,13/5/2027,E,
,150,Broadway,,LONDON,W13 0TL,3345997410,3345997410,58918,1/4/2027,,
,4,Great Cliffe Court,,Barnsley,S75 3SP,0380102D,2380000876640,9709,2/11/2025,E,
REPCHOICE LTD,,CHAPPELL DRIVE,,,DN1 2RF,0481202D,2336591584316,279047,1/7/2026,E,
,,Whitemoor Lane,,BELPER,DE56 0HD,9212773800,9212773800,183092,26/11/2026,,
Shop,76,West Green Road,,London,N15 5NS,03801203,1013086854877,,25/4/2026,E,
,294,Southcoates Lane,,Hull,HU9 3AP,9209228310,9209228310,,16/4/2027,,
Royal Marine Hotel,,Seaside,,ILFRACOMBE,EX34 0AW,03801N14,2200040045645,,7/8/2026,E,
,,New Road,,LEICESTER,LE8 0LE,5072947606,5072947606,146041,2/11/2025,,
,,Propspect Nurseries,,Workington,CA14 4PP,06800751,1600000049646,,2/11/2025,D,
Christ Church,,Church Drive,,Wirral,CH62 5EF,04044D03,1300000100305,,1/2/2029,E,
Bluebell House,408,Boothferry Road,,Hessle,HU13 0JL,83312207,83312207,298632,1/6/2027,,
,,99 - 101 Upper Wortley Road,,Leeds,LS12 4JN,0380102C,2340429213410,22187,23/2/2028,E,
Spencer's Newsagent,151,Christleton Road,,CHESTER,CH3 5TA,03801D02,1300010266026,,7/10/2027,E,
Tor View Farm Buildings,,Galhampton,,Yeovil,BA22 7AE,03801H06,2000027838934,37369,1/8/2027,E,
,38,Caldon Road,,IRVINE,KA12 0RF,1051413709,1051413709,96743,7/8/2026,,
,269,Kingsbury Road,,London,NW9 8UG,03801201,1012840166077,41978,2/11/2025,E,
,26,Walter Road,,Swansea,SA1 5NN,03801N12,2199998274330,6749,5/3/2026,E,
Unit 8,,Orion Way,,NORTH SHIELDS,NE29 7SN,0480702C,1580000474040,17299,1/10/2026,E,
1-2,,Leazes Lane,,Newcastle Upon Tyne,NE1 4QT,1270826902,1270826902,17639,2/6/2026,,
The Shakespeare,2,Goswell Road,,London,EC1M 7AA,62496406,62496406,1,2/11/2025,,
,28,Fryers Entry,,OXFORD,OX1 2BY,03801H08,2000008607897,14770,2/11/2025,D,
,,Burchard Crescent,,Milton Keynes,MK5 6EY,03801N14,1100014817810,37181,2/11/2025,E,
,,Banbury Road,,Banbury,OX16 7RX,05800021,1427400200001,,2/11/2025,D,
5th Floor,,2-4 Park Grove,,Cardiff,CF10 3PA,03800200,2199994156952,,2/11/2025,D,
Network House,,Station Yard,,Thame,OX9 3UH,03800204,1012450492026,,2/11/2025,D,
Fourth Floor Deri House,,2-4 Park Grove,,Cardiff,CF10 3BN,03800200,2199994156925,,2/11/2025,D,
Unit 13,,Heston Industrial Mall,,Hounslow,TW5 0LD,03801H07,2000003066747,1786,2/11/2025,E,
,323,Lincoln Road,,PETERBOROUGH,PE1 2PF,03136202,1012882830387,11605,24/10/2026,E,
REAR OF,349,LINCOLN ROAD,,PETERBOROUGH,PE1 2PF,03801201,1200062021727,262,2/11/2025,E,
Broadwater Farm,,Broadwater Road,,West Malling,ME19 6HT,00900071,1900016000744,,15/2/2028,E,
Isabella House,1d,Station Yard,,THAME,OX9 3UH,04811204,1012450471090,38593,1/4/2026,E,
New England Recreation Ground,,Lincoln Road,,Peterborough,PE1 1HF,03800202,1012882851085,,2/11/2025,D,
,9c,Station Yard,,THAME,OX9 3UH,04811204,1012450470403,101453,1/4/2026,E,
SHEER GLAMOUR COSMETICS,28,ST. JOHNS STREET,,PETERBOROUGH,PE1 5DD,04138201,1012880703349,761,2/11/2025,D,
Unit 2,,Felthambrook Way,,FELTHAM,TW13 7DU,03801H01,2000055447775,17562,2/11/2025,D,
Unit 2,1018,Yardley Wood Road,,Birmingham,B14 4BW,00845N12,1410518301002,,1/4/2027,E,
,26,High Street,,Hertfordshire,SG8 9AG,03136203,1012769835293,36317,1/4/2026,E,
,104,Notley Road,,LOWESTOFT,NR33 0UG,9092403206,9092403206,152389,16/2/2027,,
,285,Watling Street,,RADLETT,WD7 7LA,04807203,1012428157180,8828,1/4/2026,E,
Kings Head,,Church Square,,Shepperton,TW17 9JY,00900204,1900019034931,,12/5/2026,E,
"LANDLORD SUPPLY,",,"FLAT 1A, DOLPHIN LANE",,"BOSTON,",PE21 6EU,03801013,1170001440943,,1/5/2026,E,
,461,London Road,,ISLEWORTH,TW7 4BX,03801H01,2000002962010,93,9/6/2026,E,
Shop,308,Kilburn Lane,,London,W9 3EF,04800201,1200041724531,,2/11/2025,D,
PREMIER GROUP SUPPLY 2,UNIT 6,ANGLESEY BUSINESS PARK,,CANNOCK,WS12 1NR,00845N13,1425734000007,,1/4/2027,E,
Ground First Floors,310,Kilburn Lane,,London,W9 3EF,04800201,1200041724578,,2/11/2025,D,
Queens Head,37,Queen Street,,Horsham,RH13 5AA,00800202,1900035427267,,2/11/2025,D,
,3,Lampits Hill,,STANFORD-LE-HOPE,SS17 9AA,03801201,1012554752402,,27/2/2027,E,
,41,Saffron Court,,Basildon,SS15 6SS,03801201,1012562771819,729,2/11/2025,E,
Craufurd Arms Hotel,59,Stratford Road,,Milton Keynes,MK12 5LT,04031N14,1100014868648,88393,7/5/2026,E,
SHOP GROUND FLOOR,338,Kilburn Lane,,London,W9 3EF,03800202,1200041725048,,2/11/2025,D,
,2,Midlothian Road,,London,E3 4SE,5006237709,5006237709,82096,26/1/2028,,
,,The Avenue,,Minehead,TA24 5NN,00900N14,2200030044468,,2/11/2025,E,
Neville Klein And,5,The Approach,,London,NW4 2HS,03800203,1013004527980,,2/11/2025,D,
Rear Of,81,Lampits Hill,,Standford-Le-Hope,SS17 9AA,03800202,1012554778163,,2/11/2025,D,
Staircase Lighting,438,London Road,,Portsmouth,PO2 9LD,03801H01,2000013930026,1,2/11/2025,E,
"Unit 3, Oban Court",,Hurricane Way,,WICKFORD,SS11 8YB,7519302,7519302,148750,25/2/2028,,
Focus Youth Centre,,Short Street,,Southend on Sea,SS2 5BY,04800203,1012534159353,,2/11/2025,D,
,12,Grainger Road Industrial Estate,,Southend-on-Sea,SS2 5DD,03801201,1012534059301,22,1/10/2026,E,
Wessex,,27 Guildhall Walk,,Portsmouth,PO1 2RY,00845H86,2000027396891,,2/11/2025,E,
,,Unit 2,,Halifax,HX3 5AT,0084505C,2326530003012,,1/4/2026,E,
S & S STORE,107,HUMBERSTONE ROAD,,GRIMSBY,DN32 8DP,0481102C,2371214100013,29684,8/5/2028,E,
First Floor Offices,,Hippadrome House,,Portsmouth,PO1 2RY,03801H06,2000051255821,163,2/11/2025,D,
VICTORIA INDUSTRIAL ESTATE,UNIT 5,Victoria Road West,,HEBBURN,NE31 1UB,8826888710,8826888710,0,23/11/2026,,
654,,OLD EDINBURGH ROAD,,GLASGOW,G71 6HQ,03801D03,1800018688406,21800,1/4/2027,E,
,,654-662 Sutton Road,,Southend-On-Sea,SS2 5PX,03800203,1012532215165,,2/11/2025,D,
,26,Blacklands Way,,ABINGDON,OX14 1DY,03801H03,2000009379110,17284,8/12/2026,E,
,60,Bath Road,,READING,RG30 2AY,68502304,68502304,104090,23/4/2026,,
"Unit 5A, High House Farm",,Barling Road,,Southend On Sea,SS3 0LZ,03801202,1012608271790,,2/11/2025,D,
West & Sons,,Osney Mead,,Oxford,OX2 0ES,03801H02,2000008757991,41047,2/11/2025,E,
,15,Purdeys Way,,Rochford,SS4 1ND,03800202,1023537500347,,2/11/2025,D,
,48,Calderbrook Road,,LITTLEBOROUGH,OL15 9HL,03801004,1610012831200,8298,1/4/2027,E,
,,Riverside House,,Oxford,OX2 0ES,00070001,2000055144766,,2/11/2025,E,
Rising Main Pumping Station,,Billington Road,,Burnley,BB11 5UB,03800631,1610013934963,,2/11/2025,D,
,8,Brunel Road,,Essex,SS7 4PW,04800200,1012598869628,,2/11/2025,D,
Unit 1,1,Heath Road,,Skegness,PE25 3ST,03801013,1100770448653,,2/11/2025,D,
Unit 4,,Weber Court,,Burnley,BB11 5SZ,03801004,1610014722460,5003,2/11/2025,E,
2a,,Merryland,,St Ives,PE27 5ED,04811202,1012432069029,,2/11/2025,E,
Unit 2 / Forbes Court,,Billington Road,,Burnley,BB11 5UB,03801131,1610013935131,,2/11/2025,E,
,2,Claremont Road,,Seaford,BN25 2AY,04004201,1900013316625,997,1/4/2026,E,
8 MERRYLAND,,,,ST. IVES,PE27 5ED,03801202,1050001618730,77,28/4/2026,E,
Apex 5-8,8,Harborne Road,,BIRMINGHAM,B15 3AA,03801N13,1470000481108,24799,19/6/2027,E,
,4,Staniland Court,,Peterborough,PE4 6NA,03800202,1012872023140,,2/11/2025,D,
,10,Harborne Road,,Birmingham,B15 3AA,03800007,1418015401003,,2/11/2025,D,
,,Purlwell Lane,,BATLEY,WF17 7NQ,8894018206,8894018206,267599,2/4/2028,,
,,Fengate Trading Estate,,Peterborough,PE1 5XB,03801204,1023530690049,9528,2/11/2025,E,
,9,Hylton Road,,Sunderland,SR4 7AF,0380102A,1591060702970,,5/1/2027,E,
Apex 6,10,Harborne Road,,Birmingham,B15 3AA,00800127,1424293100007,,2/11/2025,D,
,25,Vikings Way,,Canvey Island,SS8 0PB,03801202,1050002156460,12473,6/11/2027,E,
,,24-26 Harborne Road,,Birmingham,B15 3AA,03800007,1413058401006,,2/11/2025,D,
Palace Garden Restaurant,,45 - 51 Stowell Street,,Newcastle Upon Tyne,NE1 4YB,18703104,18703104,1,9/5/2027,,
,23-24,Vikings Way,,Canvey Island,SS8 0PB,03801201,1012592693669,,2/11/2025,E,
,28,Harborne Road,,Birmingham,B15 3AD,04800010,1416058401001,,2/11/2025,D,
Balmer Lawn Garage,,Unit 2,,New Milton,BH25 6SJ,04044H21,2000020017148,914,1/10/2026,E,
"2, QUEENSWAY HOUSE, KINGS ROAD",2,Queensway House,,Canvey Island,SS8 0QY,03801202,1012592670661,5100,15/8/2026,E,
Un,UNIT 2B-4B,"Beaver Industrial Estate, Midhurst Road",,LIPHOOK,GU30 7EU,04576140,2000017447972,2198,2/11/2025,E,
,,Broad Walk,,Bristol,BS4 2QU,00900L02,2200040953555,,2/11/2025,E,
,36,Broadway,,Leigh On Sea,SS9 1AJ,04807202,1012523394431,159,23/8/2026,E,
"GEISMAR UK LIMITED, UNIT 2B-4B, BEAVER I",UNIT 2B-4B,"Beaver Industrial Estate, Midhurst Road",,LIPHOOK,GU30 7EU,03500H09,2000017447981,44248,2/11/2025,E,
,813,Chorley Old Road,,Bolton,BL1 5SL,55443304,55443304,98931,11/4/2026,,
,,Florida Close,,Stoke-on-Trent,ST6 2DJ,06800021,1427841000000,,2/11/2025,D,
Alutrade Products Ltd Unit 205,,"Pointon Way,HAMPTON LOVETT",,DROITWICH,WR9 0LW,00845127,1460000230043,,1/4/2026,E,
27-29,,Mitcham Lane,,London.,SW16 6LQ,03800202,1200028863539,,2/11/2025,D,
,,Shop 36 The Strand,,Dawlish,EX7 9PT,03800110,2200020416663,,7/12/2026,D,
52,,IVATT WAY,,PETERBOROUGH,PE3 7PN,03801201,1012873856705,2946,2/11/2025,E,
Dawlish Taxis,43,The Strand,,DAWLISH,EX7 9PT,03801110,2200020416645,1452,22/1/2027,E,
,,27-29 Mitcham Lane,,London,SW16 6LQ,03800201,1200028863548,,2/11/2025,D,
,10,Queensferry Street,,EDINBURGH,EH2 4PG,8831797800,8831797800,155124,28/11/2027,,
126,,TUCKTON ROAD,,BOURNEMOUTH,BH6 3JX,,2000020329620,2746,1/4/2027,1,
27-29,,Mitcham Lane,,London.,SW16 6LQ,03800202,1200028863557,,2/11/2025,D,
,141,Shakespeare Street,,SOUTHPORT,PR8 5AN,1673688803,1673688803,60383,2/11/2025,,
Unit 3,,Dawson Court,,BURNLEY,BB11 5UB,03800631,1610013935016,,2/11/2025,D,
,17,Rossgate,,HEMEL HEMPSTEAD,HP1 3LG,2988407908,2988407908,22907,1/9/2027,,
,7,Howick Place,,LONDON,SW1P 1AA,04811204,1200060924592,,24/9/2028,E,
Techno Engineering Limited,,Waterloo Industrial estate,,PEMBROKE DOCK,SA72 4RT,00900N14,2199989633086,,1/3/2026,E,
,B5,Station Yard,,THAME,OX9 3UH,04808204,1012450468566,20841,1/10/2026,E,
The Bridestones Brewing Co Ltd,,Toad hall,,Hebden Bridge,HX7 7JB,0380102A,2380000765173,57,14/2/2026,E,
"Unit C10, Thame Station Industrial Estat",,Station Yard,,THAME,OX9 3UH,00845072,1023530712358,,1/10/2027,E,
UNIT 4,,CRADGE BANK,,SPALDING,PE11 3AQ,03801N13,1130000081831,14843,1/10/2026,E,
Heron Cottage,,Frostley Gate,,SPALDING,PE12 8SR,04031N14,1100000090093,117590,1/10/2026,E,
,40,Lower Stone Street,,Maidstone,ME15 6NA,686516203,686516203,9436,9/1/2027,,
Allaway Acoustics Old Police Station,1,Queens Road,,Hertford,SG14 1EN,03136204,1012758238697,75549,1/10/2026,E,
,124,Cambridge Road,,HITCHIN,SG4 0JN,04807204,1050000692218,72604,1/10/2026,E,
,215,Radford Road,,Nottingham,NG7 5GT,8826367401,8826367401,9703,17/4/2026,,
Claremont,,Old Kerry Road,,Newtown,SY16 1BH,2702429207,2702429207,16224,14/8/2027,,
"T A Centre, Rambles Farm",,Longlands Road,,MIDDLESBROUGH,TS3 8DB,0084505A,1592001038010,,2/11/2025,E,
"The Footballers, Brandon Commercial Soci",,Commercial Street,,Durham,DH7 8PL,0404302B,1591039210362,9206,19/1/2027,E,
,12,Albany Road,,WEYMOUTH,DT4 9TH,03801H06,2000025783024,16187,17/3/2027,E,
24-26,,Albany Road,,WEYMOUTH,DT4 9TH,03801H08,2000025783380,,1/10/2026,E,
Houldsworth Golf Club,,HOULDSWORTH STREET,,STOCKPORT,SK5 6BN,74826406,74826406,99847,27/8/2026,,
Devonshire Business Centre,25,High Street,,ROYSTON,SG8 9AA,04811204,1012769835061,67295,1/10/2026,E,
,,79-85 North Seaton Road,,Ashington,NE63 0AG,0090002D,1591016232829,,25/10/2026,E,
Unit 2,6,Hellaby Lane,,Rotherham,S66 8HN,0380202C,2331991487712,2187,2/11/2025,E,
"UN 5,DURBAN PARK",,DURBAN ROAD,,BOGNOR REGIS,PO22 9QT,03801H09,2000018726208,42567,1/10/2027,E,
,,Woodcock Hill,,East Grinstead,RH19 2RD,00900204,1900010351751,,25/4/2027,E,
,151,PARKER DRIVE,,LEICESTER,LE4 0JP,03801N12,1100014645080,10806,2/11/2025,E,
,,Bank Top Car Centre,,BLACKBURN,BB2 1TQ,00845801,1600000027990,,1/10/2026,E,
,151,PARKER DRIVE,,LEICESTER,LE4 0JP,04033N12,1100014645090,3775,2/11/2025,E,
,2,Holt Road,,BRADFORD-ON-AVON,BA15 1AJ,20359608,20359608,142388,8/10/2027,,
,145,Parker Drive,,LEICESTER,LE4 0JP,00846L02,1160000151683,,2/11/2025,E,
"Unit 7, Cullen Park",,"Snaygill Industrial Estate, Keighley Roa",,SKIPTON,BD23 2QR,0084505A,2314781550012,,1/10/2026,E,
,IVY HOUSE,KEIGHLEY ROAD,,SKIPTON,BD23 2QR,0084505A,2380002619925,,1/10/2026,E,
Deshias Flower House,118,Bolton Road West,,Bury,BL0 9PD,03801004,1610028763341,1579,16/5/2026,E,
1-3,3,Sandrock Road,,Wallasey,CH45 5EG,74167403,74167403,139489,22/5/2026,,
"STONEBRIDGE CROSS BU, UNIT 501",,POINTON WAY,,DROITWICH,WR9 0LW,00900L02,1460001418192,,1/10/2026,E,
Virginia House,56,,,Olton,B92 7HX,03801N12,1460000753939,8623,1/10/2026,E,
Unit 24 Sovereign Park,,Coronation Road,,London,NW10 7QP,49543210,49543210,1,21/11/2026,,
Agulf Service Station,3,Huddersfield Road,,Stalybridge,SK15 3DW,07808054,1600000113308,57812,21/4/2028,E,
,10,Openwoodgate,,Belper,DE56 0SD,04812037,1100008817082,2072,2/11/2025,E,
,24,Craigmont Street,,GLASGOW,G20 9BT,00845G01,1800025850153,,14/2/2027,E,
Unit 1,,Abbey Mill Business Centre,,Paisley,PA1 1TJ,03801D01,1800033665668,8680,27/7/2028,E,
Methodist Chapel,,Openwoodgate,,BELPER,DE56 0SD,03801013,1100008817134,5951,2/11/2025,E,
,,8-10 Third Avenue,,Nottingham,NG7 6JH,04800037,1100005696362,,2/11/2025,D,
,,8-10 Third Avenue,,Nottingham,NG7 6JH,04828037,1100005696380,,2/11/2025,D,
,542,Aylestone Road,,LEICESTER,LE2 8JB,2170270107,2170270107,3876,31/10/2028,,
"FOY & CO, 102, BRIDGE STREET, WORKSOP",Worksop,102,,Nottinghamshire,S80 1HZ,03800013,1100003424930,,2/11/2025,D,
,35,York Road,,Northampton,NN1 5QH,03800013,1100019768283,,2/11/2025,D,
,118,Ince Green Lane,,Wigan,WN2 2DG,1509556800,1509556800,23959,7/3/2028,,
,,St Clements Street,,Oxford,OX4 1AB,68907308,68907308,137208,9/1/2028,,
,257,Byers Road,,Glasgow,G12 8UB,04003D01,1800025254140,,19/2/2028,E,
Dickies (UK) Ltd,,Second Avenue,,Bath,BA3 4BH,8176000,8176000,116323,4/7/2026,,
49,,STOURBRIDGE ROAD,,WEST MIDLANDS,DY9 7DH,03801007,1470000534683,2403,2/11/2025,E,
Clover Ind. Est. Ln13 9Ne,,New Workshop Clover Ind. Est.,,"ALFORD,",LN13 9NE,00845058,1100051129464,,2/2/2027,E,
,479,London Road,,ISLEWORTH,TW7 4BX,03801H01,2000002961842,,2/11/2025,D,
,,Unit 3,,STANMORE,HA7 1PZ,3303409208,3303409208,20198,18/5/2027,,
PLOT FLAT LLRD,479A,LONDON ROAD,,ISLEWORTH,TW7 4BX,03801H01,2000060048873,785,2/11/2025,E,
J Killelea And Co Ltd,,"Stoneholme Industrial Estate,Stoneholme Road",,ROSSENDALE,BB4 8BA,55474809,55474809,1881,2/11/2025,,
Unit 5 Alpha Park,,Bevan Way,,West Midlands,B66 1BZ,2509125904,2509125904,26486,2/11/2025,,
,9,Woodthorpe Road,,Ashford,TW15 2RL,04800140,2000002207770,,2/11/2025,D,
,31,Princess Street,,Manchester,M2 4EW,54389308,54389308,93002,9/7/2027,,
Unit 1,,Pakenham Street,,LONDON,WC1X 0LA,,1200020201616,,2/11/2025,E,
,123,Aldersgate Street,,London,EC1A 4JQ,03800202,1200036111114,,2/11/2025,D,
,39-41,Wilmslow Road,,CHEADLE,SK8 1DR,04811024,1610028538982,17183,15/9/2026,E,
Oakwood Hill Industrial Estate,,Oakwood Hill,,Loughton,IG10 3TZ,8815367300,8815367300,88736,12/7/2027,,
,123,Aldersgate Street,,London,EC1A 4JQ,03800202,1200036111123,,2/11/2025,D,
,10a,High Street,,Shoeburyness,SS3 9AH,03801201,1012530208412,,2/11/2025,E,
F T D I. ACADEMY PARK,UNIT 500,GOWER STREET,,GLASGOW,G51 1PR,03801D02,1800027573687,7922,17/7/2027,E,
,2,Stockport Road,,Cheadle,SK8 2AA,03500004,1610028526268,10022,5/11/2025,E,
Unit 7,,Heron Industrial Estate,,Wickford,SS11 8DL,,1012570017041,4210,2/11/2025,E,
53-55,,Balham Hill,,", LONDON,",SW12 9DR,504108907,504108907,8974,2/11/2025,,
,30,HALLGARTH STREET,,DURHAM,DH1 3AT,1341260703,1341260703,51893,1/10/2027,,
,43-47,Nelson Street,,GLASGOW,G5 8DZ,03801D03,1800026980164,30512,1/10/2027,E,
Kings Works,,Kings Road,,ULVERSTON,LA12 0BT,1527521008,1527521008,22640,7/12/2026,,
,2,PRIORY CLOSE,,TETBURY,GL8 8JH,79689504,79689504,19254,10/8/2027,,
,,The Canal Club,,London,E2 9HP,03801203,1200038097543,,2/11/2025,E,
Second Floor,154,Putney High Street,,London,SW15 1RS,03801203,1200033205017,174,2/11/2025,E,
,8,SUMMERTOWN ROAD,,GLASGOW,G51 2LY,03801D01,1800026912331,10953,1/4/2027,E,
,,Pelham Road,,IMMINGHAM,DN40 1JW,9101691510,9101691510,179715,22/12/2026,,
Park House,,Cinderhill Road,,Nottingham,NG6 8SB,48338608,48338608,473713,2/4/2028,,
FIRST FLOOR,,47-57 MARYLEBONE LANE,,LONDON,W1U 2NT,03800202,1200060625189,,2/11/2025,D,
,30,Bothwell Street,,GLASGOW,G2 6NU,03801D03,1800051197164,148705,31/5/2027,E,
UDNY,,North Mains Quarry,,ELLON,AB41 7PB,03801P07,1715413727700,,2/11/2025,D,
,158,Putney High Street,,London,SW15 1RS,03800202,1200033205141,,2/11/2025,D,
,.,"RECTORY ROAD, SPRINGFIELDS LTD",,,CO6 1DH,7174900,7174900,341467,21/1/2028,,
,292,Duke Street,,GLASGOW,G31 1RZ,03801D04,1800026570347,4085,6/9/2026,E,
The Engine Room,,Rockcliffe Way,,GATESHEAD,NE9 7XR,10026810,10026810,193174,25/1/2028,,
Granby House,,Stanley Street,,Blackburn,BB1 3BW,8813161101,8813161101,186569,24/10/2027,,
,211,High Road,,LONDON,N2 8AN,3402207804,3402207804,30791,11/8/2026,,
,10b,Colenzo Drive,,Andover,SP10 1JS,50407409,50407409,183232,1/7/2028,,
T.n.robinson Ltd,,Westbury Street,,Cheshire,SK14 4QP,11930809,11930809,91401,7/6/2026,,
"UNIT 720,METEOR BUSINESS PARK",,CHELTENHAM ROAD EAST,,GLOUCESTER,GL2 9QL,00900N14,1460000359874,,1/10/2026,E,
Unit 10,,Sun Valley Business Park,,Winchester,SO23 0LB,03801H02,2000024450739,58351,16/5/2027,E,
HERON HOUSE,1,LINCOLN SQUARE,,MANCHESTER,M2 5LN,8841037400,8841037400,279667,21/4/2026,,
Bowling Club,,Queen Elizabeth Park,,Stonehaven,AB39 2RD,16015903,16015903,125087,4/4/2027,,
,70,Normandy Street,,Alton,GU34 1DE,03800H32,2000018169268,,2/11/2025,D,
Arthur Stephenson (Engineers) Ltd,.,Gibfield Works,,Manchester,M46 0RD,49135408,49135408,558505,1/5/2026,,
Units 34-35,,Dawkins Road,,Poole,BH15 4JW,06802H71,2000050586181,,5/6/2026,E,
,478,Duke Street,,Glasgow,G31 1QF,00900D04,1800035232604,,20/9/2028,E,
,55,Central Avenue,,West Molesey,KT8 2QZ,73101906,73101906,467,2/11/2025,,
Overgate Centre,,,,Dundee,DD1 1UQ,03094P27,1700051032421,30410,2/11/2025,D,
Shree Hindu Community Centre,541,Warwick Road,,Birmingham,B11 2JP,59851710,59851710,213445,12/5/2026,,
Worthing Football Club,,Woodside Road,,Worthing,BN14 7HQ,03801204,1900016408970,107807,1/7/2026,E,
COMMERCIAL UNIT 3.3,19,STARLING WAY,,BELLSHILL,ML4 3PU,03801N2C,2600001081379,2873,11/5/2026,E,
Balcony Cafe 3,,Overgate Shopping Centre,,Dundee,DD1 1UQ,03801P06,1700052397020,,2/11/2025,E,
GRANGE HILL FARM,,Grange Hill,,Bishop Auckland,DL14 8EG,0090002D,1591019714772,,12/2/2027,E,
12a,,Angus Street,,Glasgow,G21 1DN,03801D02,1800032980186,4249,29/5/2028,E,
,,Layton Road,,LEICESTER,LE5 0PU,03816N12,1100012774420,,2/11/2025,E,
Cattle Mart,,,,Stirling,FK7 7LS,00845G01,1800035143159,,28/6/2027,E,
VICTORIA INN,,WEST MARDEN,,Chichester,PO18 9EN,04108H44,2000019088770,49877,26/4/2026,E,
,,Church Street,,Weybridge,KT13 8DL,03802202,1900038033782,37190,29/4/2027,E,
,10F,SOLENT ROAD,,HAVANT,PO9 1JH,03801H07,2000055994234,17098,14/7/2026,E,
"Unit 10c, Solent Trade Park",,Solent Road,,HAVANT,PO9 1JH,03801H07,2000055994261,517,1/11/2026,E,
,,Maurice House,,BISHOP'S STORTFORD,CM23 3DH,00845071,1014569778958,,7/8/2026,E,
Adelaide Wharf,120,Queensbridge Road,,London,E2 8PD,9209194903,9209194903,972693,1/4/2027,,
,,"7, LAVENDER HILL,",,LONDON,SW11 5QW,03801202,1200062548359,8149,2/11/2025,E,
,5,Hillhead Road,,Glasgow,G66 2HA,00900D03,1800035212946,,28/5/2026,E,
,8,Langlands Street,,Kilmarnock,KA1 2AH,03801D02,1800017889225,27469,2/7/2026,E,
"34-36, Exmouth Market",,,,London,EC1R 4QE,8820431802,8820431802,187448,1/2/2027,,
Kidz Kingdom,,Gloster Road,,IPSWICH,IP5 3RJ,14845800,14845800,159859,1/11/2026,,
,266,High Street,,Beckenham,BR3 1DZ,00900204,1200010182189,,1/3/2026,E,
,88,Wharf Street,,Sowerby Bridge,HX6 2AF,0380102A,2380001736759,13378,3/1/2027,E,
Catterall House Rest Home,,Garstang by-Pass Road,,PRESTON,PR3 0QA,8890303,8890303,198215,2/11/2025,,
,2-4,Wood Street,,SWINDON,SN1 4AB,67672201,67672201,196917,21/1/2028,,
,,Unit 5 Burma Drive,,Hull,HU9 5SD,0380102A,2365025352314,1195,2/11/2025,E,
,30-32,Higham Road,,CHESHAM,HP5 2AF,03800201,1012957915728,,2/11/2025,D,
Unit 6,,Farthing Road,,Ipswich,IP1 5AP,05801204,1014571385737,,2/11/2025,D,
12A,,CHURCH STREET,,WARWICK,CV34 4AB,03801N13,1100024227687,,24/1/2031,E,
South Beds Golf Club,,Warden Hill Road,,Luton,LU2 7AE,03136204,1012377131224,170594,1/11/2027,E,
The Holmes,,Clarbeston,,Dyfed,SA63 4QU,03801N14,2199999741123,42801,23/2/2027,E,
Western House,,Hadleigh Road,,Ipswich,IP2 0HP,05801204,1014570202618,,2/11/2025,D,
,15,High St,,Leiston,IP16 4EL,03800202,1012712992861,,2/11/2025,D,
Second Floor,,Western House,,Ipswich,IP2 0HP,03800202,1012890569887,,2/11/2025,D,
Third Floor Offices,,Hadleigh Road,,IPSWICH,IP2 0HP,03800202,1012890568962,,2/11/2025,D,
,,Dairycoates Avenue,,HULL,HU4 6PH,0380102A,2360516760916,,26/3/2026,E,
,32,Portmans Walk,,Ipswich,IP1 2DW,03801201,1012890097697,2682,2/11/2025,E,
,189,Winterbottom Avenue,,Hartlepool,TS24 9AA,0084505A,1591022952949,,16/2/2028,E,
IPSWICH06,0,West End Road,,Ipswich,IP1 2DS,03800202,1012890092634,,2/11/2025,D,
Castle Hill,,Knightsdale Road,,Bury St. Edmonds,IP1 4JQ,03800202,1030038680023,,2/11/2025,D,
,4,Brunel Way,,THETFORD,IP24 1HP,03801203,1012942200051,28923,28/8/2026,E,
Brunel Business Court,5,Brunel Way,,Thetford,IP24 1HP,04807202,1012942201890,529,2/11/2025,E,
American Imports,7,Mayflower Way,,Harleston,IP20 9EB,03801201,1012707408698,129,30/10/2026,E,
,28,Victoria Road,,KIRKCALDY,KY1 1DS,00845D04,1800035276132,,15/5/2026,E,
R J & R E Stevens & Son,,Barnamore,,Hereford,HR1 3SG,00900N12,1422401200003,,1/8/2026,E,
,15c,Hillside Road,,BURY ST. EDMUNDS,IP32 7EA,03801201,1030016611983,480,17/4/2027,E,
,,Brighton Road,,Oldham,OL4 3RB,8071401,8071401,183760,25/3/2027,,
,UNIT 1,FARMBROUGH CLOSE,,AYLESBURY,HP20 1DQ,00845074,1023508958030,,2/11/2025,E,
ATC 1279 SQDN,,Saxby Road,,Melton Mowbray,LE13 1BP,03801N12,1100001637805,372,2/11/2025,E,
0035397875,,Princes Avenue,,Brent,NW9 9JJ,79922809,79922809,459973,1/10/2026,,
East Leake Hall,,Station Road,,Leicestershire,LE12 6LQ,07800081,1100039373273,,2/11/2025,D,
Oxford Instruments Plc,,Halifax Road,,High Wycombe,HP12 3SE,8833179604,8833179604,667974,2/11/2025,,
Old Hall,2,Church Street,,Oakham,LE15 9JU,04800037,1100002068763,,2/11/2025,D,
Belton House Retirement Home,2,Littleworth Lane,,OAKHAM,LE15 9JZ,03034013,1100770597912,611,2/11/2025,E,
,,Mill Street,,PORTH,CF39 8AF,03801200,2199994519469,3461,11/5/2028,E,
,6,High Street,,Oakham,LE15 6AL,04800037,1100001740390,,2/11/2025,D,
Entrance Hall A,6,High Street,,OAKHAM,LE15 6AL,04800N12,1100001740380,,2/11/2025,D,
,6,High Street,,Oakham,LE15 6AL,04800037,1100001740423,,2/11/2025,D,
,Non-PAF De,High Street,,OAKHAM,LE15 6AL,04800N12,1100001740414,,2/11/2025,D,
,,22a High Street,,Oakham,LE15 6AL,04811037,1100001740594,132,2/11/2025,D,
,,Green Lane (Hardwicke),,Gloucester,GL2 4QA,03801N14,1418630022000,51116,10/1/2027,E,
,,34b/34c High Street,,Oakham,LE15 6AL,04800037,1100001740799,,2/11/2025,D,
"FARADAY WORKS, unit 18",,Temple Road,,Leicester,LE5 4JE,00845058,1100039672640,,2/11/2025,D,
Clear Glaze Windows & Doors Ltd,Clear Glaz,Temple Road,,Leicester,LE5 4JG,04811N12,1100013348611,30610,2/11/2025,E,
"Unit 12, BLOCK B",,"Temple Buildings, Temple Road",,LEICESTER,LE5 4JG,03801N13,1100013348694,14133,2/11/2025,E,
,12,Belgrave Close,,Leicester,LE67 4TN,04800037,1100018744218,,2/11/2025,D,
Balloons & More,8,George Street,,Glossop,SK13 8AY,03801631,1610003292449,379,11/8/2026,E,
TAJ,37,Victoria Road,,Mablethorpe,LN12 2AF,03826013,1100000611188,15050,2/11/2025,D,
PLOUGH INN,,BEAUTY BANK,,NORTHWICH,CW8 2BP,5067518501,5067518501,187662,1/10/2026,,
,,Exchange Road,,Lincoln,LN6 3JZ,03800013,1100002230220,,2/11/2025,D,
,107,MOSTYN STREET,,LLANDUDNO,LL30 2PD,03801D02,1300013434767,4725,2/11/2025,E,
,40,Pandy Road,,Bridgend,CF32 9PP,47689408,47689408,288164,23/7/2028,,
,111,Mostyn Street,,LLANDUDNO,LL30 2PD,00845D03,1300008900623,,1/2/2027,E,
Unit 8,,19,,Burgess Hill,RH15 9TN,00900071,1900025001178,,5/10/2026,E,
,14,Bridge Street,,Warrington,WA3 3PZ,00900424,1600000080691,,14/7/2027,E,
Sands House,,Market Place,,Kings Lyn,PE31 8HD,03801202,1012646695599,4631,2/11/2025,E,
1,,THE QUADRANT,,ABINGDON,OX14 3YS,3993951606,3993951606,19882,27/5/2026,,
(kitchen Equipment) Limited,,Glenfuir Works,,FALKIRK,FK1 4QY,00845G02,1800035209916,,1/11/2027,E,
120 Queens Road,,,,Brighton,BN1 3WB,03801203,1900045351066,13540,2/11/2025,E,
Sands Pharmacy,,Market Place,,Kings Lynn,PE31 8HD,03801202,1012646695367,,2/11/2025,E,
,125,QUEENS ROAD,,BRIGHTON,BN1 3WB,04800203,1900013391845,,2/11/2025,D,
,125,QUEENS ROAD,,BRIGHTON,BN1 3WB,00845071,1900019390768,,20/3/2028,E,
East Pier,,Pier Road,,TARBERT,PA29 6UG,03800P09,1711955655872,,2/11/2025,D,
Cook House,,Brunel Drive,,Newark,NG24 2FB,06800081,1100039238529,,2/11/2025,D,
Grovehouse Guest House,,Stafford Street,,Telford,TF2 9DU,59008800,59008800,67489,28/8/2028,,
,,"Turnpike Industrial Estate, Turnpike Road",,NEWBURY,RG14 2LR,00900Q04,2000027346135,,11/9/2027,E,
Martin Pilley Services,3,Wick Industrial Estate,,Hampshire,BH25 6SJ,03801H02,2000020017157,7286,16/1/2027,E,
Martin Pilley Services,8,Uni 6- 11 Wick One Ind. Est,,New Milton,BH25 6SJ,03801H08,2000020017193,13642,16/1/2027,E,
,.,"Eastland Road, Flat 88",,Somerset,BA21 4EX,11035805,11035805,445052,1/10/2027,,
,,Lock Lane,,Castleford,WF10 2LA,0084505B,2354832928417,,1/6/2026,E,
MARTIN PILLEY SERVICES,6,Martin Pilley Service,,NEW MILTON,BH25 6SJ,03801H02,2000020017184,5413,16/1/2027,E,
,56,Stepney Street,,Llanelli,SA15 3TG,03801200,2199996812561,1,13/8/2026,E,
,90,Palmerston Road,,LONDON,E17 6PZ,9092105400,9092105400,59832,8/1/2028,,
Elvet Waterside,,Durham City,,,DH1 3DA,8822241201,8822241201,165533,3/1/2021,,
,56,Stepping Street,,Llanelli,SA15 3TG,03800200,2199996812570,,2/11/2025,D,
,26,St. James Street,,Weston Super Mare,BS23 1ST,03801110,2200012992094,12144,2/11/2025,E,
,,St. James's Road,,BLACKBURN,BB1 8ET,00845074,1600000028488,,1/8/2028,E,
Bronzeshield,,Crayford Mill Site,,Dartford,DA1 4QH,03801204,1200050819720,74186,22/10/2027,E,
,22-26,St James Street,,Weston-Super-Mare,BS23 1ST,03801110,2200012992058,,2/11/2025,D,
,,22-26 St. James Street,,Weston-Super-Mare,BS23 1ST,03801110,2200012992067,,2/11/2025,D,
Grove House,,Moor Road,,Chesterfield,S45 0AQ,21856807,21856807,185040,18/12/2027,,
,,Towcester Road,,SWINDON,SN3 4AS,06801H74,2000012011460,94204,9/2/2026,E,
,,22-26 St. James Street,,Weston Super Mare,BS23 1ST,03801110,2200012992085,,2/11/2025,D,
Unit J7,,Gelli-Hirion Industrial Estate,,Pontypridd,CF37 5SX,03220200,2199995068785,1160,1/1/2026,E,
24-26,,St. James St,,WESTON SUPER MARE,BS23 1ST,03801110,2200012992076,12944,2/11/2025,D,
,31,St James Street,,Weston Super Mare,BS23 1ST,03800110,2200012991550,,2/11/2025,D,
Mr McKee of McKee Electricals,38,St James Street,,Weston Super Mare,BS23 1ST,03800110,2200012992137,,2/11/2025,D,
"MONTE CARLO,",38,St. James Street,,Weston Super Mare,BS23 1ST,00900203,2200030036174,,2/11/2025,D,
,95B,Bean Oak Road,,Wokingham,RG40 1RJ,68596609,68596609,17056,1/8/2027,,
Centenary Business Centre,,Hammond Close,,NUNEATON,CV11 6RY,04811037,1100022056424,93,2/11/2025,E,
Centenary Business Centre Unit 27,,Hammond Close,,Nuneaton,CV11 6RY,04812037,1100022056293,4673,2/11/2025,E,
,,"Unit 37, Centenary Business Centre",,NUNEATON,CV11 6RY,04812037,1100022056406,704,25/7/2026,E,
Unit 1D,,High Street Arcade,,Stone,ST15 8AU,04811010,1415828120005,2241,2/11/2025,E,
Sparta Fish & Chips,,,,Gwynedd,LL53 5DA,46272403,46272403,1081,4/7/2026,,
Court Y Park,,,,Ledbury,HR8 2RW,03801N14,1416077681003,,24/8/2028,E,
Office,,59B Seamoor Road,,Bournemouth,BH4 9AE,03500H01,2000021062666,208,2/11/2025,E,
Rossett Post Office,,Station Road,,Wrexham,LL12 0HE,03801D04,1300011370943,157508,6/11/2025,E,
,,61A Seamoor Road,,Bournemouth,BH4 9AE,04576140,2000021062718,10351,2/11/2025,D,
Office,,59B Seamoor Road,,Bournemouth,BH4 9AE,04635141,2000021062657,,2/11/2025,E,
Stalls 1-2,,Guildhall Market,,Bath,BA2 4AW,03801110,2200012357339,922,2/11/2025,E,
,15,High Street,,Lymington,SO41 9AA,00845H88,2000027466963,,1/4/2027,E,
Unit 7,,Red Lane,,Coventry,CV6 5RY,04811037,1100023724376,3738,2/11/2025,E,
Saltash Working Mens Club,,Fore Street,,Saltash,PL12 6JL,00900N14,2200030121192,,1/3/2028,E,
Covelec Ltd,150,Church Hill Road,,Thurmaston,LE4 8DH,58436109,58436109,215262,20/9/2027,,
Units 1 & 2,,Middlemore Lane West,,Aldridge,WS9 8BG,59547808,59547808,90519,11/9/2026,,
,85,Station Avenue North,,HOUGHTON LE SPRING,DH4 6HT,0084502B,1591060677490,,14/11/2027,E,
,8,De Grey Square,,Colchester,CO4 5YQ,03801203,1030081324093,14520,10/1/2026,E,
"Hot Grill,",564,Huddersfield Road,,DEWSBURY,WF13 3HH,1866358008,1866358008,186506,21/10/2027,,
,136,Fore Street,,Hertford,SG14 1AJ,69361205,69361205,114589,16/8/2027,,
,6,Dunlop Road,,IPSWICH,IP2 0UG,03801201,1012890591508,3021,11/9/2027,E,
ALPHA CLEANING CO,2,Powell Road,,Shipley,BD18 1BD,0380102A,2315312439314,253,10/10/2028,E,
Unit 8,,Powell Road,,SHIPLEY,BD18 1BD,0380102B,2315312446613,,26/6/2026,D,
,207,WEST GRANTON ROAD,,EDINBURGH,EH5 1PD,1104740009,1104740009,339238,26/9/2028,,
UNIVERSAL COATINGS LTD,31-37,WATERY LANE,,WILLENHALL WEST MIDLANDS,WV13 3SL,19970110,19970110,139486,4/4/2026,,
,,Redcote Close,,SOUTHAMPTON,SO18 5SU,8818980208,8818980208,11637,29/8/2027,,
Spinning Jenny Hotel,,Rimmington Avenue,,Accrington,BB5 0NP,04005164,1610022378444,12290,2/11/2025,E,
,,Unit 2C Market Street,,Nantwich,CW5 5DG,00845G01,1300013787299,,1/12/2027,E,
Orford Court,,Green Fold Way,,LEIGH,WN7 3XJ,9083729909,9083729909,46876,15/12/2025,,
Unit 6,19,Aston Road,,Waterlooville,PO7 7XG,8851743800,8851743800,29843,20/12/2026,,
,Non-PAF De,Southolm Street,,LONDON,SW11 5EZ,03801204,1200040953117,35843,1/3/2027,E,
Blores Barn Farm,,Peak District National Park,,Bakewell,DE45 1JF,04874037,1100009661920,1615,20/2/2028,E,
Chilli Cool Ltd,15,Leigh Street,,LONDON,WC1H 9EW,8814215507,8814215507,1,13/5/2027,,
UNIT 2,,ST CATHERINE WALK,,CARMARTHEN,SA31 1QY,00900300,2100041040040,,2/11/2025,E,
"UNIT H, WESTMINSTER BUILDINGS",,NEW YORK STREET,,Leeds,LS2 7DT,0380102A,2300000004556,2589,2/11/2025,E,
Sonning Working Mens Club,,Pearson Road,,READING,RG4 6UL,3986383806,3986383806,19433,1/10/2027,,
,,1-3 Brewery Street,,Ulverston,LA12 7HU,1527425607,1527425607,54389,24/4/2027,,
"Unit K,",31,New York Street,,Leeds,LS2 7DT,0380102C,2300000004574,353,2/11/2025,D,
Continental Jewellers,,23A New York Street,,Leeds,LS2 7DT,0380102A,2340136450412,4270,24/10/2026,E,
Unit 4,,Gilbert House 406,,Woodford Green,IG8 8EY,03873203,1200028253541,17192,14/10/2026,E,
Bagal Nash,,White Rose Shopping Centre,,Leeds,LS11 8LU,0482802B,2380001061370,34604,10/7/2028,E,
,406,RODING LANE SOUTH,,WOODFORD GREEN,IG8 8EY,03801203,1200028253550,15825,14/10/2026,E,
,,7-9,,Milton Keynes,MK9 3AG,03801N13,1170000132739,26691,1/12/2025,E,
,,Beaumont Close,,BANBURY,OX16 7TQ,50396307,50396307,175274,17/9/2027,,
Unit K3,,White Rose Shopping Centre,,LEEDS,LS11 8LU,03800999,2341908117012,,2/11/2025,D,
Church View Fields Farm,,Leicester Road,,Leicester,LE9 8BB,03801013,1100018004104,15164,7/11/2026,E,
,135,Portland Road,,London,W11 4LW,03800202,1200032248288,,2/11/2025,D,
Base,135,Portland Road,,London,W11 4LW,03800202,1200032248297,,2/11/2025,D,
7 De Grey Square,,De Grey Road,,Colchester,CO4 5YQ,03801203,1030061154931,25281,15/10/2026,E,
,,64a Whitehill Road,,Coalville,LE67 1EL,03801013,1100018824900,2225,2/11/2025,E,
,23,Greenhey Place,,Lancashire,WN8 9SA,03801014,1610010886401,21303,1/3/2027,E,
,46,High Street,,Oakham,LE15 6AL,04828037,1100001741000,3387,14/5/2026,E,
Brandy Cask,25,Bridge Street,,Pershore,WR10 1AJ,03800007,1411620971005,,2/11/2025,D,
,60,North Road,,Southall,UB1 2JL,75324106,75324106,381476,1/10/2026,,
Unit 6 Falcon Park,,Claymore,,TAMWORTH,B77 5DQ,03801N12,1100022310837,4832,12/3/2028,E,
,23,The Broadway,,Wickford,SS11 7AD,04139204,1012569034251,131975,2/11/2025,D,
Maryland Farm,,Bonness On Solway,,Cumbria,CA7 5AG,04811024,1610031784306,31293,6/8/2027,E,
T/A Shoe Repairer,74,Beaconsfield Street,,Blyth,NE24 2DS,0380102A,1591052525250,,5/12/2026,E,
Unit 1,,Calcott,,Telford,TF3 1YG,04811N14,1418111900003,20927,21/10/2026,E,
No Building Name,,Manor Way,,BOREHAMWOOD,WD6 1GW,03801204,1030021709938,4361,2/11/2025,E,
"F J LOCKE & SON,",,West Street,,SOMERTON,TA11 7PS,03800110,2200013826360,,2/11/2025,D,
Public Conveniences,,West Street,,Somerton,TA11 7PR,03800110,2200013826779,,2/11/2025,D,
Hamilton Leigh Ltd Unit 1,,Manor Way,,BOREHAMWOOD,WD6 1GW,03801204,1030021709706,3116,2/11/2025,E,
,3,Royal Terrace,,Edinburgh,EH7 5AB,04005D02,1800035165905,,2/11/2025,D,
,117,High Street,,HODDESDON,EN11 8TN,8877714903,8877714903,79870,9/5/2027,,
Landlords Flats,51,Cricklade Street,,Cirencester,GL7 1HY,03801H01,2000012789648,184,16/10/2026,E,
UNITS 2-3 VALBRO HOUSE,,BARKBY ROAD,,LEICESTER,LE4 9LL,00845058,1170001419366,,16/10/2026,E,
,,3A Royal Terrace,,Edinburgh,EH7 5AB,03800D02,1800035165914,,2/11/2025,D,
Greenside Hotel,9,Royal Terrace,,EDINBURGH,EH7 5AB,03801D03,1800023072925,3656,5/6/2026,E,
Charter House,,High Street,,Banbury Oxon,OX16 8EG,00900N13,1414564971008,,16/10/2026,E,
,68,Belsize Lane,,London,NW3 5BJ,03801202,1200038158851,15572,19/5/2026,E,
Building 6b,,Blenheim Park,,Hucknall,NG6 8WA,05800081,1160000533972,,2/11/2025,D,
Small And Beautiful Restaurant,171,Blackstock Road,,London,N4 2JS,84065300,84065300,85760,10/7/2027,,
Universal Foods,,32 Cedar Road,,Newcastle-Upon-Tyne,NE4 9XX,0380102B,1591030706893,,17/10/2024,E,
YOUTH MINISTRY TRUST,,EMMAUS VILLAGE,,Consett,DH8 9BA,0084505A,1580000429907,,23/8/2026,E,
,83,Lower House Lane,,WIDNES,WA8 7DU,04800D02,1300005261559,,2/11/2025,D,
Factory,,Rhosddu Industrial Estate,,WREXHAM,LL11 4YL,03800D01,1300013172569,,2/11/2025,D,
,310,Leith Walk,,Edinburgh,EH6 5BU,04005D02,1800031790872,153904,17/10/2027,E,
,15a,Livesey Drive,,LEICESTER,LE9 4LP,58844607,58844607,263,1/6/2027,,
,Unit 3,Digbeth Arcade,,Walsall,WS1 1QZ,03801N12,1419327950000,4261,8/7/2026,E,
,353,Stockport Road,,Altrincham,WA15 7UG,03800631,1610027830420,,2/11/2025,D,
,96,Ditton Road,,Surbiton,KT6 6RH,927734304,927734304,119094,1/1/2028,,
,77,Manor Road,,Bishop Auckland,DL14 9ER,0480802B,1591049521209,20981,2/11/2025,E,
Dalby Court,,Gadbrook Business Centre,,NORTHWICH,CW9 7TN,03801D01,1300013396289,4068,1/12/2026,E,
"SHEPHERDS SHOE SHOP, S & J SHOES, 51",51,STREET LANE,,LEEDS,LS8 1AP,0380102B,2343305434511,5410,2/11/2025,E,
Dalby Court,,Gadbrook Business Centre,,NORTHWICH,CW9 7TN,03801D01,1300000219419,269,24/9/2026,E,
Units 1-3,,Cwmdu Industrial Estate,,Swansea,SA5 8JF,00845L02,2199998020838,,2/11/2025,E,
Musbury Fabrics,,Park Mill,,Lancashire,BB4 4NP,00845802,1600000096238,,17/2/2027,E,
Unit 4-6,,Cwmdu Industrial Estate,,Swansea,SA5 8JF,00845L02,2199998020829,,2/11/2025,E,
,71,Leicester Road,,Wigston,LE18 1NR,04828N12,1100013604701,18893,18/10/2026,E,
"Unit A1c, Cradley Business Park",,Overend Road,,CRADLEY HEATH,B64 7DW,04811N12,1470000310156,16563,1/11/2026,E,
,,MERSE ROAD,,Redditch,B98 9HL,60105803,60105803,53567,2/11/2025,,
,130,St Stephen Street,,Edinburgh,EH3 5AD,03801D01,1800023014826,73,2/11/2025,E,
,,Ashgrove House,,Stockton-on-tees,TS20 1AP,0084505A,1591021656312,,2/7/2026,E,
Unit A1,,Cradley Business Park,,Cradley Heath,B64 7DW,00900N14,1460001403122,,1/11/2026,E,
KIG MANUFACTURING LTD,,overend road,,cradley heath,B64 7DW,00845L02,1460000107066,,1/11/2026,E,
,54,Doughty Street,,London,WC1N 2LS,03800202,1200029142580,,2/11/2025,D,
,,Barnfield Wood Road,,Beckenham,BR3 6SZ,9034501,9034501,358818,25/2/2028,,
,,4-5 Blenheim Terrace,,Scarborough,YO12 7HF,79334006,79334006,148060,16/1/2027,,
,9-15,Grundy Street,,LIVERPOOL,L5 9SG,04811D04,1300001726775,,10/5/2029,E,
Access Technologies Ltd,,Unit B1 Cradley Business Park,,Cradley Heath,B64 7DW,00845X34,1460000537730,,1/11/2026,E,
,18,Kirk Street,,Argyll,PA28 6BL,03801P06,1711913445106,1,2/5/2026,E,
,,Strand Lane,,BARNSTAPLE,EX31 4BW,9094844606,9094844606,135433,1/2/2027,,
,8,HIGH STREET WANSTEAD,,London,E11 2AG,62845001,62845001,128443,1/3/2027,,
,24,Kirk Street,,Argyll,PA28 6BL,03801P06,1711913385803,2125,2/5/2026,E,
,104,North End Road,,London,W14 9EX,03800202,1200030599642,,2/11/2025,D,
,68,Liverpool Road,,Stoke On Trent,ST4 1BG,03801N12,1417097030007,846,11/10/2026,E,
,104,North End Road,,London,W14 9EX,03800202,1200030599651,,2/11/2025,D,
,2,Ritherdon Road,,London,SW17 8QD,03801201,1200025581990,3267,2/11/2025,E,
,,Rakehead Lane,,Bacup,OL13 0PB,03800631,1610022885258,,2/11/2025,D,
,2,Ritherdon Road,,London,SW17 8QD,03801201,1200025582006,550,2/11/2025,E,
La Bettola Restaurant,,Market Place,,Ringwood,BH24 1AW,03107H31,2000026766934,,2/11/2025,E,
,134-136,Crwys Road,,CARDIFF,CF24 4NR,2754453110,2754453110,17102,1/1/2028,,
,26,Charnwood Road,,Loughborough,LE12 9QF,04811037,1100014013781,1879,21/10/2026,E,
,2,Ritherdon Road,,London,SW17 8QD,03801202,1200025582015,3587,2/11/2025,E,
Unit 6,,Hoddesdon Industrial Centre,,Hoddesdon,EN11 0DD,03801201,1023471764731,1646,2/11/2025,E,
London Borough of Lambeth,,Blocks 5 6 Blenheim Gdns Site,,London,SW2 5DE,03800202,1200039387829,,2/11/2025,D,
,32,Castle Street,,Edinburgh,EH2 3HT,03801D04,1800031658311,170436,1/10/2027,E,
"St Margarets Home,",,Victoria Road,,DUNDEE,DD1 2NB,72401307,72401307,1,2/11/2025,,
Beehive Ph,,North Road,,SOUTHALL,UB1 2LA,03105H36,2000027291318,14703,8/1/2028,E,
London Borough of Lambeth,,Blocks 5 6 Blenheim Gdns Site,,London,SW2 5DE,03800202,1200039387847,,2/11/2025,D,
,34,Bargate House,,Oakham,LE15 6AL,,1100001740804,6933,21/10/2028,E,
LONG MEADOWS NURSING,60,HARROGATE ROAD,,RIPON,HG4 1SZ,46754803,46754803,398402,2/5/2027,,
,65,Hadlow Road,,WELLING,DA16 1AX,03801202,1200021483792,5528,2/11/2025,E,
YI Ban Ltd,1012,Dockside Road,,LONDON,E16 2QT,9150436800,9150436800,745203,1/6/2026,,
,27,St. Giles Street,,NORWICH,NR2 1JN,03801201,1030078778916,965,22/10/2026,E,
,,70a Longmead Drive,,Sidcup,DA14 4NZ,03801202,1200031839192,4567,2/11/2025,E,
Landlords Supply,16,Woodside Park Road,,London,N12 8RP,03801201,1050001084901,531,22/10/2027,E,
Yogi Eye Care Limited,90,High Street,,Chichester,PO20 0QG,03801H02,2000018651564,1862,8/11/2026,E,
,47,Salisbury Road,,Bath,BA1 6QZ,04574251,2200012406136,2464,1/11/2026,E,
,,Wyndham Court,,Sidmouth,EX10 8BE,03801N13,2200018925251,14298,1/8/2026,E,
44,,THE CALLS,,LEEDS,LS2 7EW,12894006,12894006,1,2/11/2025,,
Broughton Craggs Hotel,,Broughton Park,,Cockermouth,CA13 0XW,00900424,1600000049371,,8/11/2027,E,
Unit 5,,Minerva Business Park,,Peterborough,PE2 6FT,03801204,1012860574430,21168,1/10/2026,E,
Southfields House,,Boundary Road,,Newark,NG24 4AZ,48364306,48364306,253295,26/10/2027,,
ADJACENT,17,Station Road,,MALDON,CM9 4LQ,03801203,1023545641586,19599,9/11/2025,E,
,,Stourdale Road,,CRADLEY HEATH,B64 7BG,00845127,1460000730300,,2/11/2025,E,
,7-9,WOOLWICH NEW ROAD,,LONDON,SE18 6EX,77344403,77344403,339495,19/8/2026,,
,323,Shirley Road,,Southampton,SO15 3HW,03801H02,2000022618930,15132,1/10/2026,E,
,1,Crown Close,,LONDON,E3 2JH,63328210,63328210,1,20/5/2026,,
RETAIL UNIT,,ASTON HOUSE,,CAMBRIDGE,CB1 2BP,03801204,1030079912120,32377,1/10/2026,E,
,11,St Peters Square,,Ruthin,LL15 1DH,03801D01,1300009848860,16523,2/11/2025,E,
UNIT 5B,,GREG STREET,,STOCKPORT,SK5 7BX,8850145808,8850145808,1,2/11/2025,,
Unit 6,,Canterbury Road,,Worthing,BN13 1AL,00845073,1900009426335,,21/1/2027,E,
,128-130,Maidstone Road,,ROCHESTER,ME1 3DT,04811204,1900014152659,75427,28/9/2026,E,
Unit 6,,Lye Valley Industrial Estate,,Stourbridge,DY9 8HX,00845L02,1470000345140,,10/11/2025,E,
Montana Hotel,,67-69 Gloucester Road,,London,SW7 4PG,03004204,1200031369920,297989,20/5/2027,E,
,Non-PAF De,Wansbeck Road,,NEWCASTLE UPON TYNE,NE3 2LR,0084505A,1592001016364,,11/11/2025,E,
,331,Lincoln Road,,Peterborough,PE1 2PF,00845072,1014572587028,,11/11/2026,E,
Village Hall,,Main Street,,Sudborough,NN14 3BX,03801013,1100021612958,3156,11/11/2026,E,
,,Jamestown Industrial Estate,,Alexandria,G83 8BS,04001D04,1800035173924,,1/7/2027,E,
,166,Rush Green Road,,Romford,RM7 0JU,04139203,1012505622790,,6/4/2027,E,
,,19-19a Green End,,Bradford,BD14 6BA,0380102A,2310809261810,3419,25/9/2026,E,
Dilbag Cloth House,,Duncombe Road,,BRADFORD,BD8 9AL,79793106,79793106,0,13/8/2028,,
,41,Lutterworth Avenue,,Nuneaton,CV11 4LE,04811N12,1100022099872,817,11/11/2025,E,
Landlords Supply,,Abbey Road,,London,NW8 0AU,03801202,1200023727450,7017,12/8/2026,E,
,461,Stratford Road,,Birmingham,B11 4LD,03801N12,1411876711006,18090,25/11/2025,E,
0034498717,,South Road,,Harlow,CM20 2BS,22096500,22096500,0,11/6/2016,,
3 Quarndon House,60,Leopold Road,,Felixstone,IP11 7NR,04811201,1012909659420,313,1/10/2027,E,
,461,Stratford Road,,Birmingham,B11 4LD,03801N12,1414876711001,12917,25/11/2025,E,
,3,West End Road,,IPSWICH,IP1 2DZ,03801204,1050001243067,91645,1/10/2026,E,
Tile Barn Farm,,,,Basingstoke,RG25 2RS,03801H09,2000054496257,42493,14/11/2026,E,
,,Sea King Road,,YEOVIL,BA20 2NZ,03801H09,2000025947739,53549,15/11/2026,E,
JAMEA TUL IMAM,,THORNTON VIEW ROAD,,BRADFORD,BD14 6JX,19598307,19598307,1300225,1/4/2027,,
,2,Regent Street,,Rugby,CV21 2QF,00845058,1100025164381,,2/11/2025,E,
,6,Paisley Road,,RENFREW,PA4 8LT,56629402,56629402,130437,2/11/2025,,
Ring O Bells,,Northwich Rd,,Northwich,CW8 3AY,00900D03,1300035416630,,3/12/2027,E,
Unit 5 Allaway Court,Unit 5,,,Thetford,IP24 1HZ,04807201,1012942838531,,1/10/2026,E,
,1,Quarry Court,,Halifax,HX3 6AQ,8836733608,8836733608,18558,29/1/2027,,
,40,High Street,,Pershore,WR10 1DP,03801N12,1419010971000,6335,29/3/2027,E,
,65,Chartwell Drive,,Leicester,LE18 2FS,00845H02,1100050882090,,1/10/2026,E,
Broadlands Homes Limited,,Ponsford Road,,Minehead,TA24 5DQ,17510705,17510705,282178,1/4/2027,,
"Temple Buildings, Unit 25",,Temple Road,,LEICESTER,LE5 4JG,03801N14,1160001391021,24370,1/3/2027,E,
The Bungalow,,Ingleby,,LINCOLN,LN1 2PQ,03801N12,1100002818940,,2/3/2027,E,
,UNIT 6,DALLOW ROAD,,LUTON,LU1 1TR,00845072,1023545644754,,1/10/2026,E,
,,Tregolls Road,,Truro,TR1 1ZQ,00845203,2200030107685,,15/6/2026,E,
"Factory T, Hersham Tradi",21,Lyon Road,,WALTON-ON-THAMES,KT12 3PU,00845071,1900008423360,,1/10/2026,E,
Priory Middle School,,Britain Street,,Dunstable,LU5 4JA,00845072,1014572296307,,1/10/2026,E,
Heath Farm,,Hampton Lane,,Meriden,CV7 7LL,14641806,14641806,363921,1/5/2026,,
,15,Lampits Hill,,STANFORD-LE-HOPE,SS17 9AA,03801202,1023545735988,3418,17/11/2026,E,
UNIT J2,,LEESIDE ROAD,,LONDON,N17 0QJ,03801203,1013069673411,,1/10/2026,E,
,3,Whitaker Road,,Coventry,CV5 9JE,03801N12,1100023150002,5532,18/11/2025,E,
Unit 23,,Orion Business Park,,Tyne and Wear,NE29 7SN,0084505B,1580001397957,,1/10/2026,E,
,14,"The Barbican,",,"DEVON,",PL1 2LS,4216210308,4216210308,26782,2/11/2025,,
"Unit 1, Langley Park Industrial Estate",,North Street,,NOTTINGHAM,NG16 4BS,03801N13,1100007996275,3710,1/10/2027,E,
,5,Comer Road,,WORCESTER,WR2 5HU,2447526200,2447526200,25215,26/3/2028,,
Landlord Supply,,Ravenhead Road,,St Helens,WA9 5EA,00900D01,1300060260331,,19/11/2025,E,
25,,The Broadway,,Wickford,SS11 7AD,03136202,1012569034943,29097,19/11/2026,E,
"SHARP PLC,",,UNIT T1 SNETTERTON PARK,,NORWICH,NR16 2JU,03801203,1050002325881,23342,1/11/2026,E,
De Marcos de Marcos Chip Shop,25,Corkerhill Place,,GLASGOW,G52 1RU,03826D03,1800026747795,22418,11/6/2026,E,
,5,Lintmill Terrace,,Aberdeen,AB16 7SR,03801P08,1714920192905,24531,1/7/2027,E,
,,,,SNETTERTON CONCRETE,NR16 2JU,03801204,1012983636620,32655,1/10/2028,E,
,3,Robinson Road,,Nottingham,NG3 6BA,04807N12,1100005088150,2850,2/10/2026,E,
,9,Dudsbury Crescent,,Ferndown,BH22 8JG,68036110,68036110,154266,17/4/2027,,
,,Valepits,,Birmingham,B33 0TD,00845127,1429144100005,,1/5/2027,E,
,,Jubilee Road,,Barmouth,LL42 1LT,03801D03,1300009978198,8353,20/11/2027,E,
,1,High Street,,Woodstock,OX20 1TE,03801H04,2000008711774,34651,21/11/2027,E,
355 London Road Ewell,,,,Epsom,KT17 2DE,04811202,1900016040055,20394,7/5/2027,E,
55-61,,Wickham Street,,Leeds,LS11 7AR,0380102D,2345936464817,47879,21/9/2026,E,
,6,Mill Street,,Oakham,LE15 6EA,04800037,1100001746569,,2/11/2025,D,
Unit 22,,Whistleberry Park,,Hamilton,ML3 0ED,04003D03,1800016775917,793,2/11/2025,E,
,,23b Mill Street,,Oakham,LE15 6EA,04800037,1100001746781,,2/11/2025,D,
,UNIT 2,8 COTSWOLD BUSINESS VILLAGE,,MORETON IN MARSH,GL56 0JQ,03801N12,1470000683863,20699,2/11/2025,E,
,12,"Rochester Airport Industrial Estate,",,ROCHESTER,ME1 3QX,03801202,1900031150583,2927,28/1/2026,E,
UNIT 3 8 COTSWOLD BUSINESS VILLAGE,,LONDON ROAD,,MORETON IN MARSH,GL56 0JQ,03801007,1470000683872,3792,2/11/2025,E,
,Unit 45,Salford University Business Park,,Salford,M6 6AJ,1654377509,1654377509,1,19/3/2026,,
The Chancellors,25,Crisp Road,,London,W6 9RL,03801203,1200033927770,,8/4/2026,E,
,190,Upholland Road,,Wigan,WN5 7DJ,04005024,1610010986009,66391,9/4/2028,E,
Unit 5,73,Milton Street,,Walsall,WS1 4LA,03801007,1430000038254,52,2/11/2025,E,
Robydome Electronics,,Unit G1 Woodhall Business Park,,Sudbury,CO10 1WH,04811203,1012981053494,13094,22/1/2027,E,
UNIT 4,,CWMDU INDUSTRIAL ESTATE,,WEST GLAMORGAN,SA10 6RP,03801200,2199998817190,26570,2/11/2025,E,
,50,High Street,,Radstock,BA3 2DL,04818251,2200011913880,,2/11/2025,D,
,52a,High Street,,Radstock,BA3 2DL,03801110,2200011919233,2333,2/11/2025,E,
Viewpark Shopping Centre Unit,,Old Edinburgh Road,,Glasgow Lanarkshire,G71 6LB,03801D03,1800018687820,21527,29/11/2026,E,
,,15A Bridge Street,,Denbigh,LL16 3LF,04811D01,1300009271471,212,5/2/2026,E,
The Quay Stores,,Yeatmans Old Mill,,Poole,BH15 1HA,04044H23,2000021528728,1358,15/2/2026,E,
Elmsleigh Residential Home,,St. Andrews Road,,Par,PL24 2LX,03801N14,2200022397914,98567,1/10/2027,E,
,22,Boston Parade Boston Road,,London,W7 2DG,3345747308,3345747308,1,2/11/2025,,
Flr2,,Newfoundland House,,Poole,BH15 1HJ,04800140,2000021528899,,2/11/2025,D,
Rear of 4,,BRIDGE STREET,,STOURPORT ON SEVERN,DY13 8XD,03801007,1470001410038,17,2/11/2025,E,
,70A,Stafford Street,,Willenhall,WV13 1RT,03801007,1416356750002,6805,9/2/2026,E,
,79,Stafford Street,,WILLENHALL,WV13 1RT,03800007,1413256750001,,2/11/2025,D,
,27,Welbeck Street,,LONDON,W1G 8EN,73374605,73374605,338065,2/11/2025,,
,,Parc ty Glas,,CARDIFF,CF14 5DU,9150105507,9150105507,259430,1/4/2026,,
Martins Yard,,Astonfields Road,,STAFFORD,ST16 3UF,00845N13,1460000543130,,2/4/2027,E,
,78,High Street,,BLACKBURN,BB1 4LA,03801014,1610021983229,8141,2/11/2025,E,
,,Unit 3,,MANSFIELD,NG18 5QP,03826013,1100004399600,,23/9/2028,E,
Medway Yacht Basin,,Manor Lane,,Rochester,ME1 3JN,00900204,1900014000663,,10/2/2027,E,
,,South Pier,,GREAT YARMOUTH,NR31 6PL,04139204,1012669085400,164866,24/9/2027,E,
,237-239,High Street,,Bromley,BR1 1NZ,03801202,1200037701212,38422,2/11/2025,D,
,239,High Street,,Bromley,BR1 1NZ,03801202,1200037701230,,2/11/2025,D,
,94,Eastgate Street,,Gloucester,GL1 1QN,03800007,1411766912000,,2/11/2025,D,
,80,Aldersbrook Road,,LONDON,E12 5DH,62740806,62740806,69,2/11/2025,,
,94,Eastgate Street,,Gloucester,GL1 1QN,03800007,1410766912008,,2/11/2025,D,
9,,Newton Street,,Greenock,PA16 8UH,03801D01,1800033607986,25828,12/1/2026,E,
Unit 1D,,Quarryfields Industrial Estate,,Warminster,BA12 6LA,04108H46,2000025575721,414,2/11/2025,E,
Oastler Shopping Centre,218,John Street,,Bradford,BD1 3ST,0380102C,2300000975509,10362,2/11/2025,D,
Abbotsbury Friar,159,Abbotsbury Rd,,Weymouth,DT4 0JX,03801H03,2000025390569,9752,3/3/2028,E,
Parkway Business Centre,,Unit 2,,Deeside,CH5 2LD,9091143302,9091143302,121850,10/2/2026,,
Kickabout Area,,Brunswick Street,,Lancashire,BB9 0HT,03800631,1610014255603,,2/11/2025,D,
,67,High Street,,Witney,OX28 6HS,03801H01,2000008985050,1106,2/11/2025,E,
,57,Lunsford Road,,Leicester,LE5 0HW,04811037,1100014664400,2828,25/1/2028,E,
Plot B5,,Rudford Industrial Estate,,ARUNDEL,BN18 0BF,03801H01,2000057648480,685,22/10/2026,E,
,59,Lunsford Road,,Leicestershire,LE5 0HW,04811037,1100014664385,1688,31/1/2026,E,
,,,,WIMBORNE,BH21 5ET,04065H19,2000026862884,34556,21/11/2027,E,
Estate Office,,Wyvern Yard,,Llandrindod Wells,LD1 6NB,,2199990674505,13499,2/11/2025,D,
Woodside Community C,,Highgate Rd,,WEST MIDLANDS,DY2 0SN,03801N12,1416467390003,3337,15/9/2026,E,
,Non-PAF De,Farthing Grove,,MILTON KEYNES,MK6 4HH,04811N13,1100015389708,40524,31/1/2026,E,
,3c,The Ridgeway,,Iver,SL0 9HW,04811H17,2000003921511,,23/4/2026,E,
Hollins & Hollinshead,15,Beam Street,,Nantwich,CW5 5NA,04009D02,1300007839359,8402,2/9/2027,E,
,6,High Street,,Poole,BH15 1BP,04108H44,2000027824444,42783,27/1/2027,E,
,57,Knowl Piece,,Hitchin,SG4 0TY,03801202,1012820911162,9499,17/1/2026,E,
Plot 1,8,Birmingham Road,,Walsall,WS1 2NA,03801N13,1460001809412,10826,31/3/2027,E,
,118,North Street,,Hornchurch,RM11 1SU,03801203,1012581280141,19082,2/11/2025,D,
,22,Load Street,,Bewdley,DY12 2AE,03801N12,1415918491003,8291,31/3/2027,E,
,9,Commercial Road,,Leven,KY8 4LE,03801D02,1800032326241,7082,10/3/2028,E,
Bournemouth 227,111,Old Christchurch Road,,Bournemouth,BH1 1EP,04076144,2000020861430,,31/3/2026,E,
,78-80,St. Mary Street,,Cardiff,CF10 1FA,00845300,2199989611454,,11/3/2026,E,
Bournemouth 227,111,Old Christchurch Road,,Bournemouth,BH1 1EP,03801H06,2000020861440,12108,31/3/2026,E,
,34,Clifton Road,,London,W9 1ST,03801202,1200032415657,5135,11/3/2028,E,
Convalescent Home,20,Trusthorpe Road,,Mablethorpe,LN12 2LT,04811N14,1100000922611,61929,5/2/2028,E,
,64,The Galleria,,Hatfield,AL10 0XY,8460022208,8460022208,220958,28/6/2027,,
,107,Catherine Street,,Warrington,WA5 0LA,03801D02,1300004874670,6973,31/3/2026,E,
"UNIT 8, SKINILEAN LTD",,DOWNSBROOK TRADING ESTATE,,WORTHING,BN14 8NQ,00845071,1900048385379,,2/11/2025,E,
,40,Yorkway,,STOCKTON-ON-TEES,TS17 6BX,0084502D,1591059088849,,1/1/2027,E,
Torrys Diy,,30-34 West Street,,Warwick,CV34 6AN,04811N12,1100024645593,14626,31/3/2027,E,
,11,Frithwood Close,,MAIDSTONE,ME15 8UT,03801202,1900004204352,11087,11/3/2028,E,
Grain Store,,Keers Farm,,Dunmow,CM6 1PQ,00900201,1030074223070,,12/3/2026,E,
,49,High Street,,Bristol,BS16 5HW,03801N12,2200017485434,13783,12/3/2028,E,
,,Unit 12,,WASHINGTON,NE38 8QP,0380102A,1580000057388,2645,23/10/2026,E,
,93,Browgate,,Shipley,BD17 6BY,0482902D,2311691040116,34400,12/3/2028,E,
,0,Rose Avenue,,Tyne And Wear,NE16 4PF,0084502D,1591023846337,,1/4/2026,E,
Workshop,,Nelson Way,,Boston,PE21 8TS,03801N12,1100000251413,11147,12/3/2026,E,
"Shapers Fitness Centre, Anderson House",29,Coast Road,,WALLSEND,NE28 8DA,0090002D,1591058082492,,1/7/2026,E,
,171,Comptons Lane,,HORSHAM,RH13 6BW,00845J07,2500001855659,,1/4/2026,E,
"GNAW CHOCOLATE LTD,",64-65,"NORWICH LIVESTOCK MARKET, HALL ROAD",,NORWICH,NR4 6EQ,04808204,1012684944829,9470,13/3/2026,E,
Charnwood Brewery,22,Jubilee Drive,,LOUGHBOROUGH,LE11 5XS,04811N14,1100013252782,96843,1/2/2026,E,
1st Floor Offices,38,Rothesay Road,,Luton,LU1 1QZ,03801202,1012365654688,3136,2/11/2025,E,
Somerton Hair & Beauty,,West Street,,SOMERTON,TA11 7PR,03801N12,2200013826662,2732,12/5/2026,E,
,38/39,LANCASTER GATE,,LONDON,W2 3NA,03005204,1200040573999,30766,1/4/2026,E,
,,24-26 Knowl Piece,,Hitchin,SG4 0TY,03801204,1012820903116,23665,14/3/2026,E,
,6,High Street,,LOUGHBOROUGH,LE12 8PY,04811N13,1100013094813,10936,15/9/2026,E,
,38/39,LANCASTER GATE,,LONDON,W2 3NA,03801204,1200040574005,43597,1/4/2026,E,
,,24-26 Knowl Piece,,Hitchin,SG4 0TY,04811203,1012820903570,8624,14/3/2026,E,
,38/39,LANCASTER GATE,,LONDON,W2 3NA,03006203,1200040574014,31110,1/4/2026,E,
,56,High Street,,Middlesex,UB1 3DB,03801H02,2000002077250,28544,15/3/2028,E,
"BOJANGLES,7",,SEA ROAD,,SUNDERLAND,SR6 9BP,0084502B,1591042376110,,5/3/2028,E,
Round Oak Annexe,,Bishopsgate Road,,Egham,TW20 0YW,04044H19,2000003348019,22546,1/4/2027,E,
Brickmakers Arms,60,Yorkshire Street,,Burnley,BB11 3BT,04005024,1610013743079,32432,13/5/2027,E,
,Site A4,Wearfield,,Sunderland,SR5 2TA,0084505A,1507660420043,,1/2/2027,E,
D K S Stores,20,Church Street,,Sleaford,NG34 9RF,04830N14,1100001021115,31729,26/11/2027,E,
,4215,Park Approach,,Leeds,LS15 8GB,0380102D,2380000558076,32164,2/11/2025,E,
Shahe Restaurant,30,Wansbeck Road South,,Newcastle Upon Tyne,NE3 3HQ,0480702C,1591028326333,19969,8/10/2026,E,
,5,York Street,,YORK,YO19 5PN,04800998,1591046348153,,2/11/2025,D,
Richmond House,90,Rose Place,,LIVERPOOL,L3 3BN,03801D04,1300001488648,46166,2/4/2028,E,
Doctors Surgery,,Miller Way,,Rochester,ME2 4LP,03801203,1900005144270,11683,1/7/2027,E,
,52,Main Street,,Ayr,KA6 7QL,03801D02,1800014905283,3179,2/4/2026,E,
,11,Station Road,,LONDON,NW7 2JU,03801201,1013013568130,3407,22/3/2026,E,
,,Waterloo Road,,Widnes,WA8 0QR,03801D03,1300052421580,29425,2/11/2025,E,
Flat 1,8,Woodside Park Road,,London,N12 8RP,03801201,1050002101559,3452,23/11/2027,E,
,36,Church Street,,London,NW8 8EP,03801201,1200041310862,6095,1/4/2026,E,
,,Units 2 And 5 and 7,,,CM1 1PE,03801201,1012929123630,1130,22/3/2026,E,
Flat 2,8,Woodside Park Road,,London,N12 8RP,03801201,1050002101568,3656,23/10/2027,E,
,8,Woodside Park Road,,London,N12 8RP,03801201,1050002101577,1967,23/10/2027,E,
Northern Freight,,1-2 Kitching Road,,Peterlee,SR8 2HP,05800998,1592001132371,,2/11/2025,D,
Chelmsford Tan 1,,Unit 7 Regina Road,,Chelmsford,CM1 1PE,00845072,1014568818244,,3/5/2024,E,
,54,Hillside Road,,LIVERPOOL,L36 8BJ,03801D01,1300001165298,,2/11/2025,E,
,26,Hospital Street,,NANTWICH,CW5 5RP,03801D01,1300037728938,1889,23/3/2027,E,
,37,High Street,,Haverhill,CB9 8AD,00845071,1014570387307,,1/4/2026,E,
,46,Moss Lane,,LIVERPOOL,L9 8AL,03802D03,1300013467638,,5/9/2028,E,
,35,Carolgate,,Retford,DN22 6BZ,03801N13,1100003314119,20872,16/4/2026,E,
,Unit D1,Grafton Way,,Basingstoke,RG22 6HY,00845H87,2000027428211,,24/3/2028,E,
Millbank Cottages,,,,BELPER,DE56 2SH,04811N12,1100008688657,8055,24/3/2028,E,
,,18-19 Edwards Walk,,Maldon,CM9 5PS,03801202,1012914038390,14234,9/5/2026,E,
,,Church Street,,AMERSHAM,HP7 0DD,04807203,1012955175273,23279,24/3/2027,E,
Unit 2-4,,Vikings Way,,Canvey Island,SS8 0PB,04811202,1012592688836,3013,25/3/2026,E,
The Parade,1,Hengrove Lane,,Bristol,BS14 9DB,04807N14,2200015395806,29193,12/6/2026,E,
,57,Barnsley Road,,Wakefield,WF1 5LE,0380102D,2350790163010,41706,1/3/2028,E,
,18,Leeming Street,,Mansfield,NG18 1NE,03801N14,1100004408966,57385,25/3/2026,E,
Buckley Farm,,Maesbury,,Owsestry,SY10 8HB,04512236,1300034501443,96,26/3/2027,E,
Beech House,,Freeman Road,,Lincoln,LN6 9AP,00845058,1100039657759,,7/2/2026,E,
Buckley Farm,,Maesbury,,Owsestry,SY10 8HB,03500D03,1300034501452,12152,26/3/2027,E,
Leighswood Road,,,,Aldridge,WS9 8AN,03801N13,1417762850006,20930,27/3/2028,E,
,,Unit 6,,IPSWICH,IP6 8NZ,03801202,1012975820307,3686,12/4/2026,E,
Unit 2A,,Barton Hill Trading Estate,,Bristol,BS5 9RD,03801N13,2200017962795,14887,5/1/2027,E,
Wigborough Manor,,,,SOUTH PETHERTON,TA13 5LP,04042N12,2200014771688,14837,1/8/2028,E,
29-31,,Sea Road,,Bournemouth,BH5 1DH,03801H08,2000020394806,1281,20/8/2027,E,
162c,,High Street,,Hertfordshire,WD17 2EG,04807204,1012427216027,29934,5/1/2027,E,
,27,Bank Street,,Inverness,IV1 1QU,00845P81,1700051827478,,18/8/2026,E,
Unit F1,,Imex Enterprise Centre,,Nottingham,NG15 7SZ,04811N12,1100039370662,12316,14/4/2028,E,
E W Davies,,Hafodty Lane,,Colwyn Bay,LL28 5YN,03801D01,1300052316110,7086,6/1/2027,E,
Unit F3,,Enterprise Park,,Nottingham,NG15 7TA,04807037,1100005188839,4854,14/4/2028,E,
,87,PARKER DRIVE,,LEICESTER,LE4 0JP,00845L03,1100770709732,,1/9/2027,E,
Unit 6,,Vikings Way,,Canvey Island,SS8 0PB,03801201,1012592689982,2003,2/11/2025,E,
,91,Parker Drive,,LEICESTER,LE4 0JP,00845058,1100039376734,,1/9/2027,E,
,343,Union Road,,Accrington,BB5 3HS,03500004,1610022553814,21580,7/1/2027,E,
,157,PARKER DRIVE,,LEICESTER,LE4 0JP,03801N14,1100012340861,3428,1/9/2027,E,
Ddol Cottage,,Llysdinam,,Llandrindod Wells,LD1 6NB,03801200,2199990631088,2721,15/4/2028,E,
Unit 18 Kingsbury Trading Estate,,Church Lane,,London,NW9 8AU,04811204,1050002075164,16328,1/12/2023,E,
,73,Queensway,,Milton Keynes,MK2 2DW,03801N12,1100015504121,5522,10/1/2027,E,
,161,PARKER DRIVE,,LEICESTER,LE4 0JP,00845058,1100039203999,,1/9/2027,E,
,1,Hayes Lane Cottage,,Swansea,SA3 1LN,04811201,2199997446237,1494,15/4/2027,E,
Lobell Leisure,,Kellock Bank,,Insch,AB52 6SN,03801P08,1700051634384,,28/2/2027,E,
,85,Pelly Road,,London,E13 0NL,03801204,1200032179651,28847,10/1/2027,E,
,940,Stockport Road,,Manchester,M19 3NN,03801004,1610000958820,5912,2/11/2025,E,
Cottage 2,,Hayles Lane,,Swansea,SA3 1LA,04811201,2199997446219,1622,15/4/2027,E,
Ground Floor,77,Harley Street,,London,W1G 8QN,03801203,1200021065821,5649,10/1/2027,E,
,,Damhead Croft,,HUNTLY,AB54 7XH,03801R52,1713783085037,6593,13/2/2026,E,
Petfayre,19,Gloucester Street,,Stroud,GL5 1QG,04811N12,1412968961001,6728,2/11/2025,E,
Old Farm House,,Penrice,,Swansea,SA3 1LA,03801200,2199997446246,1744,15/4/2027,E,
Car Wash Tollgate Gr,114,Leaves Green Road,,KESTON,BR2 6DQ,03801204,1900016255189,36070,10/1/2027,E,
Penketh Health Centre,,Honiton Way,,Warrington,WA5 2EY,03800D04,1300034449607,,2/11/2025,D,
,50,The Shires,,Trowbridge,BA14 8AT,03801H09,2000006303233,111498,1/9/2026,E,
Penrice Estate Office,,Penrice,,Swansea,SA3 1LA,03801N12,2199997446370,6161,15/4/2027,E,
The Hair Shop,3,Brethergate,,Doncaster,DN9 2AU,0380102A,2330157423310,4507,20/10/2027,E,
Farm Buildings,,Penrice,,Swansea,SA3 1LA,03801200,2199997446255,1742,15/4/2027,E,
,83,OLD CHRISTCHURCH ROAD,,BOURNEMOUTH,BH1 1EP,03801H09,2000020860784,79546,1/10/2026,E,
,156,Dudley Road,,Birmingham,B18 7QS,03801N14,1412726601001,24135,12/1/2027,E,
,2,Valentine Place,,London,SE1 8QH,03801202,1200050531913,6435,23/9/2026,E,
The Kittles,,Reynoldston,,Swansea,SA3 1LA,03801200,2199997446228,1301,15/4/2027,E,
,46,Wellington Road,,RHYL,LL18 1BN,03801D03,1300009823192,22103,13/1/2027,E,
Cafe Des Fleurs,,Station Road,,Rye,TN31 7AB,03801201,1900006320895,1370,15/4/2028,E,
,259,Neath Road,,Neath,SA11 2SL,03800N13,2199998565325,,2/11/2025,D,
,,Jubilee Ind Est Gorsey Lane,,Birmingham,B46 1JU,00900N14,1425164100002,,14/1/2027,E,
Funeral Directors,40,Main Street,,Ayr,KA6 7QL,03801D01,1800014905247,1517,2/9/2026,E,
,,Hallgate House,,Wigan,WN1 1HP,03801004,1610010139132,7350,18/1/2027,E,
Blue Dolphin Beach Rd,,Beach Road,,Great Yarmouth,NR29 4HS,00900203,1014569888206,,16/4/2028,E,
Unit,5,Upper Rose Lane,,DISS,IP22 1AP,03801202,1012977571527,12364,26/9/2026,E,
Becketts Commerial Enterprise,,Stoneyford Road,,Sutton In Ashfield,NG17 3GJ,03801N13,1100004853529,33861,19/1/2027,E,
Unit 5,,Bridgewater Court,,Weston Super Mare,BS24 9AY,03801N12,2200012893659,8325,16/4/2027,E,
156-158,,Blackburn Road,,Accrington,BB5 0AE,03801631,1610022414303,2073,2/9/2026,E,
,89,Beer Street,,Yeovil,BA20 2AD,03801H02,2000025986738,7329,20/1/2027,E,
,345b,LINCOLN ROAD,,PETERBOROUGH,PE1 2PF,03801202,1200062021736,11486,17/4/2026,E,
,189,Plumstead Common Road,,London,SE18 2UJ,03801201,1200030209287,4548,24/1/2027,E,
Sterling House,810,Mandarin Court,,Warrington,WA1 1GG,00845K01,1300054168474,,17/4/2028,E,
,11,Clarendon Street,,Coventry,CV5 6EW,03801N12,1100022973409,3226,26/1/2027,E,
,,Cattlegate Road,,ENFIELD,EN2 9DS,03800201,1013043264582,,2/11/2025,D,
E G Glass,106,Bunting Road,,Northampton,NN2 6EE,03801013,1100019225144,78,2/11/2025,E,
Izaak Walton,257,Green Street,,ENFIELD,EN3 7SH,03136203,1013041518193,,15/10/2026,E,
,57,Edgware Road,,London,W2 2HZ,03801202,1200030146520,1148,2/11/2025,E,
,,"The Man At Arms, The Green",,Lutterworth,LE17 4SB,04546N12,1100025702286,53024,3/9/2026,E,
,,Blaendyffryn Farm,,Clynderwen,SA66 7SE,04100N12,2199999185744,7488,28/1/2027,E,
.,67,Lancaster Road,,Barnet,EN4 8AS,04800203,1012994202828,,2/11/2025,D,
,,"The Man At Arms, The Green",,Lutterworth,LE17 4SB,04546N13,1100018302940,87411,3/9/2026,E,
Evolution Health & Fitness Centre,,Heol Nantyreos,,LLANELLI,SA14 6RJ,00900300,2100040192994,,1/2/2027,E,
,,Rollino Ltd,,LEEDS,LS19 7XY,0380102D,2300000176404,20476,17/4/2028,E,
,107a,Lancaster Road,,Barnet,EN4 8AS,04811201,1012994206042,230,30/10/2028,E,
,153,York Road,,Hartlepool,TS26 9EQ,0380102B,1591021304486,4109,30/11/2026,E,
,,SEA LANE,,SKEGNESS,PE25 1PG,00845L03,1100039653504,,19/4/2027,E,
Units 7/8 First Floor,,The George Shopping Centre,,Crewkerne,TA18 7LU,03801110,2200021018666,2252,1/2/2027,E,
First Floor Unit 3,22,East Barnet Road,,Barnet,EN4 8RQ,03800202,1023500305664,,2/11/2025,D,
Elstow Lodge,,Wilstead Road,,BEDFORDSHIRE,MK42 9YD,03136203,1012364130249,13888,4/2/2027,E,
,28,London Road,,Bromley,BR1 3QR,03801204,1200024432781,22337,19/4/2027,E,
,126- 130,Infirmary Road,,Sheffield,S6 3DH,0084505B,2380002475909,,4/9/2026,E,
,36,Dollis Valley Way,,BARNET,EN5 2UJ,03800203,1013007909907,,2/11/2025,D,
C2 Railway Triangle,,Walton Road,,Portmouth,PO6 1TW,03801H09,2000014447863,78182,2/11/2025,E,
Unit 2,11,Stonefall Mews,,Harrogate,HG2 7PS,0380102B,1507629030036,8819,19/4/2028,E,
,Units 3-5,Lion Barn ind. Estate,,Needham Market,IP6 8NZ,04807204,1014570386154,,20/4/2028,E,
,,25 Dunlop Street,,Renfrew,PA4 8PG,03801D03,1800028230969,11758,22/2/2027,E,
,78,Newland,,Lincoln,LN1 1YA,03801013,1100002540175,6995,4/9/2028,E,
The Courthouse P H,,Castle Street,,Trowbridge,BA14 8AN,00845H86,2000027340444,,7/2/2027,E,
Unit 1,,Bessemer Way,,Great Yarmouth,NR31 0LX,00900204,1014570939765,,20/4/2027,E,
6th - 7th Floor,1,Olympic Way,,Wembley,HA9 0NP,03800202,1012838443149,,2/11/2025,D,
Superior Design,136-138,Tonge Moor Road,,Bolton,BL2 2DP,03801144,1610029825636,4553,20/4/2028,E,
Landlords Supply,20,Church Terrace,,London,NW4 4JU,03801201,1030073200490,12817,24/2/2027,E,
,4,Strickland Street,,Hull,HU3 4AQ,0084502D,2366510042012,,1/6/2026,E,
UNIT 14,,HALLAMWAY,,MANSFIELD WOODHOUSE,NG19 9BG,03801N13,1170000545593,25872,6/9/2026,E,
Amber Hotel,,Furnace,,Alfreton,DE55 7LL,04031N14,1100008767157,,28/2/2027,E,
The Square,,Trimdon Colliery,,TRIMDON STATION,TS29 6AJ,0090002D,1591011853238,,6/12/2025,E,
,,3B John Street,,Harrogate,HG1 1JZ,0480902A,1591059992718,197,2/11/2025,E,
Block 15,,Unit 5 Amber Business Park,,Alfreton,DE55 4BR,04817037,1100008120008,4959,22/4/2028,E,
,4,Townsend Piece,,Aylesbury,HP19 8BQ,03801201,1012459349788,289,24/6/2028,E,
,26,Bennetts Gate,,Hemel Hempstead,HP3 8EW,03801202,1012970332964,10475,22/4/2028,E,
Potatoe Store,,Thurlands Drove,,Wisbech,PE14 9AP,00845071,1023502733775,,27/3/2027,E,
S J Donaldsons Butchers,98,Newland Avenue,,Hull,HU5 3AA,0090002D,2366521617012,,14/8/2026,E,
Bourne Leisure,,1st Floor Bryanston Court Selden Hill,,Hemel Hempstead,HP2 4TN,00800072,1014572658789,,2/11/2025,D,
,17,Churchill Parade,,Littlehampton,BN16 3DE,03801204,1900018403088,72748,23/4/2026,E,
,42,High Street,,Hull,HU1 1PS,0380102A,2362004297814,1091,19/5/2026,E,
,,17A BEAR STREET,,BARNSTAPLE,EX32 7BX,03801110,2200014002918,,2/11/2025,D,
,35,High Street South,,Langley Moor,DH7 8JW,0380102C,1591060423571,5696,24/4/2026,E,
Barum Video Shop,63,Newport Road,,Barnstaple,EX32 9BQ,03800110,2200014324831,,2/11/2025,D,
,,Main Street,,Falkirk,FK2 0QP,03801D01,1800030731254,1893,2/11/2025,E,
,19,Magdalen street,,Norwich,NR3 1LE,04139201,1012689935369,1123,24/3/2027,E,
Blitz Security Systems,2-3,Rectory Lane,,Banstead,SM7 3PP,04815202,1900027129029,3581,21/4/2027,E,
"NEW ALBION INDUSTRIA, GATE HOUSE",,HALLEY STREET,,GLASGOW,G13 4DJ,03801D01,1800032815419,1112,18/1/2026,E,
,31-33,High Street,,York,YO43 3AQ,0380102B,2365291620018,7043,1/12/2025,E,
BRICKNELL FISHERIES,280,BRICKNELL AVENUE,,HULL,HU5 4QG,0380102C,2363011955912,7483,30/6/2026,E,
Seikh Temple,31,Mitchell Close,,Belvedere,DA17 6AA,04807204,1200033226790,39970,7/5/2027,D,
Unit 20,,Briar Close,,Evesham,WR11 4JT,03801007,1414781081001,1698,6/5/2026,E,
"Unit 32, New Albion Industrial Estate",,Halley Street,,GLASGOW,G13 4DJ,03801D01,1800025526230,,2/11/2025,D,
Devonshire Lodge,,Devonshire Avenue,,Leeds,LS8 1AY,0380102C,2343264724919,15833,8/9/2026,E,
,112,St Stephen Street,,Edinburgh,EH3 5AD,04632225,1800023015059,,21/2/2028,E,
,51,High Street,,WITNEY,OX28 6JA,04811H18,2000008984613,,16/10/2026,E,
No Building Name,,High Street,,SHERINGHAM,NR26 8DS,03136201,1012733464706,,29/5/2027,E,
,112,St. Stephen Street,,Edinburgh,EH3 5AD,04588D01,1800023015068,29135,21/2/2028,E,
,38-40,High Street,,Blackburn,BB1 4LA,03500144,1610021983121,,1/7/2027,E,
Unit B1,,Enterprise Park,,Nottingham,NG15 7TA,04811037,1100005188713,3759,2/11/2025,E,
,38-40,High Street,,Blackburn,BB1 4LA,04511091,1610021983130,,1/7/2027,E,
,13,Jansel Square,,Aylesbury,HP21 7ES,03801202,1012460704480,,2/11/2025,D,
The White Lion Inn,,Startops End,,Tring,HP23 4LJ,00845201,1012391512208,,2/11/2025,E,
The Shop,127,Rhosmaen Street,,Llandeilo,SA19 6EN,03801200,2199998913369,1319,8/9/2026,E,
RECYCLE FORCE,,GRETTON BROOK ROAD,,CORBY,NN17 4BA,00845S04,1170001448818,,10/9/2027,E,
,110,High Street,,CHICHESTER,PO20 0QG,03801H01,2000053669273,820,24/10/2026,E,
,28,High Street,,Princes Risborough,HP27 0AX,04811202,1012453166697,7799,7/8/2026,E,
Flat Above,127,Rhosmaen Street,,Llandeilo,SA19 6EN,04106201,2199998913378,12,8/9/2026,E,
Unit 16,,Durban Road,,BOGNOR REGIS,PO22 9QT,03801H09,2000018726388,51826,26/4/2028,E,
,78,COLNE ROAD,,BURNLEY,BB10 1DY,00845424,1600000032252,,1/10/2027,E,
,117A,High Street,,Berkhamsted,HP4 2DJ,03801201,1012960370971,3121,2/11/2025,E,
,70-71,Bunting Road,,NORTHAMPTON,NN2 6EE,03801013,1100019224850,7667,2/11/2025,E,
,9,Higham Road,,Chesham,HP5 2AF,03800202,1012957915950,,2/11/2025,D,
Baptist Church Hall,,Chester Street,,Wrexham,LL13 8BG,00900D02,1300011141416,,26/4/2027,E,
The Old Forge,2,Badswell Lane,,Abingdon,OX13 5JN,03801H07,2000009164500,13353,1/11/2027,E,
Videx Ltd,,"Kingsbury Trading Estate, Church Lane",,LONDON,NW9 8AU,03801204,1012840136170,38347,9/9/2026,E,
BILLY BELL,,Market Square,,HALTWHISTLE,NE49 0BQ,0090002C,1591017095570,,8/10/2026,E,
Old Perfumery,24,Higham Road,,Chesham,HP5 2AF,06800204,1050000016120,,2/11/2025,D,
,3,The Square,,BRADFORD,BD8 0QB,0380102C,2310628031719,7262,27/4/2028,E,
7 Ocean Village,,Western Car Park,,,SO14 3JS,00070001,2000055286169,,23/12/2027,E,
,2,Market Street,,Highbridge,TA9 3BW,03500110,2200021851878,2,2/11/2025,E,
The Workshop,22,High Street,,Southam,CV47 8JZ,03801N12,1100024799187,9059,13/2/2027,E,
Islamic Cultural Society Luton Mosque,2,Westbourne Road,,Luton,LU4 8JD,00845073,1050001170630,,14/12/2027,E,
,110,Pall Mall,,Chorley,PR7 2LB,03801131,1610020698484,21389,2/11/2025,D,
13-14,,Derwent Street,,Sunderland,SR1 3NT,0084505C,1580000673030,,1/3/2028,E,
,21,EUROWAY INDUSTRIAL ESTATE,,Bradford,BD4 6SF,0084507A,2380000380450,,2/11/2025,E,
"Unit 33, The I O Centre",,Armstrong Road,,LONDON,SE18 6RS,00900071,1200052005221,,27/3/2026,E,
,19,Station Road,,New Milton,BH25 6HN,03801H01,2000020040778,1078,15/12/2026,E,
,327,Reepham Road,,Norwich,NR6 5AD,03136201,1012688630574,7516,14/2/2027,E,
"Automated Gates, Leaton Industrial Estat",,,,SHREWSBURY,SY4 3AP,03801007,1416590600000,1442,7/4/2026,E,
Dpr Windows,19,Station Road,,New Milton,BH25 6HN,03801H01,2000020040750,4551,15/12/2026,E,
Grange Nurseries,,Welford Road,,Stratford-Upon-Avon,CV37 8RH,03801007,1411159471006,214,14/2/2028,E,
,129,Chester Road,,Sunderland,SR4 7HG,0380102D,1591060263233,,9/4/2026,E,
,,84-86 Burley Road,,Leeds,LS3 1JP,0380102C,2341233457315,18987,21/2/2028,E,
Ross House,,The Square,,CHELTENHAM,GL54 1AF,04811N12,1413675871003,6167,9/4/2026,E,
Maria Residential Home Emi Ltd,34,Silver Birches,,High Wycombe,HP13 7NN,03801H03,2000012996123,7270,15/2/2027,E,
Oak Farm,,Weston Road,,Bristol,BS49 5EB,03801110,2200013427712,1496,15/12/2026,E,
,26,Fairfax Road,,NEWTON ABBOT,TQ12 6UD,04807N12,2200020038918,11983,16/12/2026,E,
Unit 4,,Caroline Court,,Lancashire,BB11 5UB,03801004,1630000474016,,15/2/2026,E,
Ross House,,The Square,,CHELTENHAM,GL54 1AF,04811N12,1415575871001,6419,9/4/2026,E,
Unit 4B,,Barton Turns Marina Ltd,,Burton-On-Trent,DE13 8DZ,03801013,1160000520477,3112,15/2/2026,E,
,11,Grafton Avenue,,Weymouth,DT4 9RZ,03801H02,2000025192590,6470,16/12/2027,E,
,63,West Street,,BOURNE,PE10 9NB,03826N13,1100001270480,19508,9/4/2026,E,
2 EMMA'S COURT,74,MARKET PLACE,,KING'S LYNN,PE31 8HD,03801201,1023499098853,1214,9/4/2026,E,
,,Unit 2,,LEICESTER,LE5 4JG,03801N12,1100012268745,4622,2/11/2025,E,
Unit 5,,Minster Ind Est,,Oxfordshire,OX29 0QS,04044H17,2000009047280,,16/12/2026,E,
8-14,,TALBOT SQUARE,,LONDON,W2 1TS,00845071,1200010047718,,1/10/2026,E,
,154,Thelwall Lane,,WARRINGTON,WA4 1LU,03801D01,1300005084571,608,10/4/2026,E,
Unit 1,161,Barkby Road,,Leicester,LE4 9LX,00845L02,1170001000467,,16/12/2027,E,
GLOUCESTER,,OLDENDS LANE IND ESTATE,,,GL10 3RQ,00845H03,1420819100000,,18/4/2026,E,
,19-20,Great Sutton Street,,London,EC1V 0DR,00900204,1200050509244,,3/2/2026,E,
,23,Brunel Way,,Thetford,IP24 1HP,03801202,1012942197523,15189,22/8/2026,E,
,21,First Floor,,Cheltenham,GL50 1JZ,00900633,1412371071000,,16/12/2025,E,
The Poplars Farm,,Tollerton Road,,York,YO61 1JD,0480702D,1591013725714,11809,16/12/2026,E,
,339,Kentish Town Road,,London,NW5 2TJ,03801202,1200030337341,155685,10/10/2027,E,
Milford Buildings,,Milford Street,,Huddersfield,HD1 3DY,0084505A,2326510002014,,16/2/2026,E,
,167,Edgware Road,,LONDON,NW9 6LP,00900071,1012843402864,,10/4/2026,E,
,1b,Barnes High Street,,London,SW13 9LB,04011200,1200030768814,18657,13/3/2026,E,
,8,Harvest Drive,,Lowestoft,NR33 7NJ,04807201,1012701836028,1510,16/2/2027,E,
Unit 9,,Upcott Avenue,,Barnstaple,EX31 1HN,03802110,2200014268540,2585,2/11/2025,E,
Edmond Shipway,2,Millennium Way West,,Nottingham,NG8 6AS,00845058,1100050935175,,7/1/2027,E,
Central Lodge,2,Hull Road,,Blackpool,FY1 4QB,04511591,1610004088965,44,20/4/2026,E,
"LANDLORD SUPPLY, 84",,NORTH DENES ROAD,,"GREAT YARMOUTH,",NR30 4LW,03801202,1050001863744,756,17/2/2026,E,
,85,High Street,,St Thame,OX9 3EH,04807202,1012450705004,7156,2/11/2025,E,
,17,Blackstock Road,,London,N4 2JF,03801204,1200052325078,25251,1/12/2025,E,
,,Unit 17,,Burntwood,WS7 3FS,00845N14,1421134000007,,19/3/2028,E,
,17,Dolphin Lane,,Boston,PE21 6EU,03801N12,1100000076345,31660,19/12/2027,E,
,51,HIGH STREET,,BROMLEY,BR1 1LE,00845071,1200010183299,,20/2/2027,E,
YAADGAAR (WALSALL) LTD,250,Wednesbury Road,,WALSALL,WS2 9QN,04811N13,1414439250000,11941,22/8/2027,E,
,141,Lovely Lane,,Warrington,WA5 1UB,03801D01,1300004986593,9940,10/6/2026,E,
,,94a High Street,,Dudley,DY1 1QP,03801007,1415078201001,5187,4/10/2027,E,
CHELMSFORD NURSING HOME,,EAST HANNINGFIELD ROAD,,CHELMSFORD,CM2 7TP,00845074,1030059035481,,23/5/2027,E,
,173,Ballards Lane,,HENDON,N3 1LP,03801203,1013005271110,5529,15/4/2026,E,
,,Priory Court,,CIRENCESTER,GL7 5JB,03801H02,2000012715112,12055,22/12/2026,E,
Nunnington Cvn Site,,Rookwood Road,,Chichester,PO20 8NA,03801H04,2000018892730,37063,22/12/2026,E,
Unit 4 New Court Business Park,,Perry Road,,HARLOW,CM18 7NS,04139202,1012750589355,215,27/5/2026,E,
,27/43,laker road,,Rochester,ME1 3QX,04812203,1900043151692,1423,2/11/2025,E,
Unit 15B,,Greenway,,Caerphilly,CF83 8DW,00900N14,2199994938546,,4/2/2026,E,
,,17A Station Road,,,BH25 6HN,03801H01,2000054860878,413,12/4/2028,E,
77-79,,Hele Road,,Torquay,TQ2 7PR,03801N12,2200019578560,15490,19/11/2027,E,
Lion House,3,Plough Yard Road,,London,EC2A 3LP,03800202,1200028459713,,2/11/2025,D,
,1,Dads Lane,,Birmingham,B13 8PG,03801N14,1416050211000,42003,23/12/2026,E,
,5,High Street,,Worcestershire,WR11 4DA,00900N14,1419933081007,,23/12/2025,E,
,117,High Street,,YARM,TS15 9BB,0380102A,1591047427114,1977,13/4/2028,E,
,0,L/Lord Supply,,MARKET HARBOROUGH,LE16 9AA,04811B1C,2700000250465,6535,21/3/2026,E,
,60,Queens Street,,Hants,PO1 3HW,03835H03,2000013619050,15092,25/9/2028,E,
Coneygreaves Farm,,Coneygreaves,,Stoke on Trent,ST10 2NS,00900N14,1410257040004,,13/4/2026,E,
"CONCEPT DOCUMENT RECOVERY, UNIT 5,",Unit 5,Waterside Bus Park,,Rugeley,WS15 1LJ,03801N14,1411804603006,31077,25/12/2027,E,
,34,Nene Valley Business Park,,Peterborough,PE8 4HN,03801N12,1100020423724,4093,13/4/2026,E,
,,Norwich Road,,Norwich,NR9 3DD,03801202,1012718264926,4970,25/12/2026,E,
Central Waste Limited,,Wigwam Lane,,Nottingham,NG15 7TA,00845L02,1170001352845,,14/4/2026,E,
,21,Worship Stree,,London,EC2A 2DW,03801204,1200052253983,8813,2/11/2025,E,
Elite 2,13,Cleveland Street,,Wolverhampton,WV1 3HH,03801N13,1415078080000,31227,10/10/2027,E,
,170,Anderton Road,,Birmingham,B11 1ND,04811N14,1415254311009,53522,25/7/2028,E,
GOWER STREET TRADING ESTATE,,GOWER STREET,,TELFORD,TF2 9HW,00900N13,1430000027509,,28/12/2026,E,
,35B,Churchgate,,Retford,DN22 6PA,03801N14,1170000007382,36008,20/2/2027,E,
Unit 1,,unit 1,,WELLS,BA5 1RQ,00900N13,2200030034353,,16/4/2026,E,
,,High Street,,Llangollen,LL20 7EH,04009D04,1300011570370,,20/2/2026,E,
Sail Loft East,,Outer Harbour,,Pwllheli,LL53 5AY,03801D03,1300011987810,15430,29/12/2027,E,
,269,Alcester Road South,,Birmingham,B14 6EB,03801007,1418055501009,3422,16/4/2027,E,
,Non-PAF De,Saxon Way,,ROYSTON,SG8 6DN,00845072,1014569199356,,22/2/2027,E,
,34,Carlisle Street,,Stoke-on-trent,ST3 4HA,04811N14,1410679920003,50342,29/12/2026,E,
,10,Camberwell Church Street,,London,SE5 8QU,04807203,1200029008662,1265,21/9/2026,E,
Work & Leisure Shop,7,Arndale Shopping Centre,,Shipley,BD18 3QQ,0481202B,2315407951618,2451,2/11/2025,E,
,4-5,High Street Wimbledon,,LONDON,SW19 5DX,00845072,1200010211272,,17/4/2026,E,
,,Unit 6 Blaby Industrial Park,,Leicester,LE8 4GZ,00845058,1100039618661,,2/11/2025,E,
ORFORD FRYER,,HOWSON ROAD,,WARRINGTON,WA2 9UB,03801D02,1300000278308,8579,29/1/2026,E,
,389,Uxbridge Road,,Pinner,HA5 4JN,03136203,1012407206256,12923,23/1/2026,E,
Unit 1 Queensway House,,Kings Road,,CANVEY ISLAND,SS8 0QY,00900201,1012592670430,,2/11/2025,E,
,51,Carisbrooke Road,,GOSPORT,PO13 0QY,3960370507,3960370507,5148,19/4/2026,,
,Unit 1,Central Avenue,,Cradley Heath,B64 7BY,03801N14,1417492490009,48757,16/9/2028,E,
,15,Olive Street,,SUNDERLAND,SR1 3PE,0084502D,1592001144562,,20/1/2027,E,
"Unit 12,Dalby Court",,Dalby Court,,Northwich,CW9 7TN,03801D01,1300051484046,2888,20/1/2027,E,
,37 - 39,Cambridge Street,,South Humberside,DN35 8HD,0380102A,2371431815416,3169,16/7/2026,E,
,20,Market Square,,Dumfries,DG2 7AB,03801D02,1800029374350,4393,4/12/2026,E,
Block 18,,Amber Business Centre,,Alfreton,DE55 4BR,05801N12,1130000082630,11633,20/1/2027,E,
,9-10,Arndale Shopping Centre,,Shipley,BD18 3QQ,0481102B,2315408001815,506,12/9/2026,E,
,,East Moors Road,,CARDIFF,CF1 5EE,19682902,19682902,73977,10/1/2026,,
Unit 11,5-10,Mallard Buildings,,New Milton,BH25 6HY,03801H01,2000020043547,4915,2/11/2025,E,
,42A,Aden Road,,Enfield,EN3 7SY,00845072,1014570850985,,2/11/2025,E,
,29,PEEL STREET,,BISHOP AUCKLAND,DL14 7LF,0380102A,1591037080676,1590,21/3/2027,E,
,1,Staniland Way,,PETERBOROUGH,PE4 6NA,03136204,1012872021997,1918,1/11/2026,E,
Barton House,69,Beresfords,,Folkestone,CT20 2AF,66338408,66338408,72837,22/7/2028,,
,21,Sincil Street,,LINCOLN,LN5 7ET,03801N12,1170001074965,,29/1/2026,E,
,9,Harraton Terrace,,Birtley,DH3 2QG,0380102A,1580000650089,7601,20/9/2026,E,
,73,High Street,,Haverhill,CB9 8AN,69452601,69452601,47316,29/6/2027,,
,.,Coomber Way,,Croydon,CR0 4TQ,00845071,1900013128103,,24/1/2026,E,
,68,Queensway,,London,W2 3RL,,1200032520547,2320,16/12/2026,1,
Lvw Group Limited,,Rhosddu Industrial Estate,,Wrexham,LL11 4YL,04044D02,1300000178668,41179,25/1/2026,E,
The Flying Dutchman,118,Tonbridge Road,,Tonbridge,TN11 9EN,03801204,1900038000253,20371,2/11/2025,E,
,568,Liverpool Road,,MANCHESTER,M44 6ZA,04811161,1610019213529,685,30/1/2027,E,
,2-8,Warwick Road,,SOLIHULL,B92 7HX,05034N13,1420037100009,38834,25/1/2026,E,
,285,Bradford Road,,Shipley,BD18 3AB,0380102A,2315707591611,177,2/11/2025,E,
,2,John Street,,Bradford,BD1 3JU,,2316106711315,5636,3/6/2027,E,
Clover House,,James Court,,Exeter,EX1 1EE,03801N12,2200041335568,5789,2/11/2025,E,
,51,WIMPSON LANE,,SOUTHAMPTON,SO16 4QF,03801H01,2000022697686,1343,27/1/2028,E,
,26,Marsh Green Road West,,EXETER,EX2 8PN,03801N14,2200041943265,45328,7/1/2028,E,
,60,Kingsbury,,Ayslesbury,HP20 2JE,03801201,1012458456460,4076,17/2/2026,E,
Unit 6 Brookside Motors,,Five Mile Hill,,Exeter,EX6 6AQ,03801110,2200030662093,1818,25/6/2026,E,
,72,Regent Road,,Great Yarmouth,NR30 2AJ,70386900,70386900,17606,6/7/2026,,
,,1st Floor Front,,London,W4 1QP,03800H02,2000000463970,,2/11/2025,D,
,241,Globe Road,,London,E2 0JD,77898503,77898503,50933,1/11/2028,,
,49,Wellington Street,,Luton,LU1 2QH,03801203,1050002417024,16433,30/5/2026,E,
UNIT 3/4,,CLAYMORE,,TAMWORTH,B77 5DQ,04811N12,1100022310697,36010,1/10/2026,E,
65,,ST. PAULS ROAD,,WALLASEY,CH44 7AJ,03801D01,1300006759126,3106,29/9/2026,E,
"Unit 2, Tattenham Works",,Leigh Road,,WIGAN,WN2 4SZ,03801004,1610011271719,7740,29/1/2026,E,
,1,Crossland Street,,MEXBOROUGH,S64 8BD,0380102A,2335860928718,83,13/1/2026,E,
,,"Unit 3,Columba",,Ipswich,IP6 0LW,04811202,1030020638597,8179,31/8/2026,E,
Unit 8A,,Snaygill Industrial Estate,,Skipton,BD23 2QR,0090002B,2380000609057,,29/9/2026,E,
,26,Trafalgar Road,,Sheffield,S6 1JY,0380102B,2332140712318,6375,2/11/2025,E,
,,"Unit 7, Walmsley Court",,ACCRINGTON,BB5 5JP,04811014,1610022625910,10265,1/10/2026,E,
Grassmere Residential Nursing,,Linden Drive,,Prestatyn,LL19 9EH,03801D02,1300009652544,7924,2/11/2025,E,
,,"Unit 12b, Chalex Industrial Estate",,BRIGHTON,BN42 4NH,03801202,1900090299444,5589,1/5/2027,E,
Rockfish (Poole) Ltd,,The Quay,,Poole,BH15 1HJ,00845H87,2000021528658,,1/10/2027,E,
,5,Old Milton Road,,New Milton,BH25 6DQ,03801H02,2000020033901,4698,30/9/2026,E,
Unit A,,The Croft,,Wallingford,OX10 9RG,03801H01,2000010218494,95,18/5/2027,E,
The Mill Store,5,Earls Colne,,Colchester,CO6 2SB,03801204,1012492617440,31318,2/11/2025,E,
The Nail Fairy,68,Eastgate Street,,GLOUCESTER,GL1 1QN,04811010,1416866912004,11742,10/12/2025,E,
"8 High Street, 8 Hig",,Bourdon,,Bordon,GU35 0AX,03801H02,2000017304341,6707,2/7/2026,E,
Office,,2 North street,,Bicester,OX26 6ND,04044H17,2000008391506,7326,18/5/2026,E,
Starbucks Moorland Way,,STARBUCKS MOORLAND WAY (SITE ID: 787),,LINCOLN,LN6 7JW,00845058,1170001571752,,24/11/2025,E,
,2,"Cloisters Business Centre, Battersea Park Road",,LONDON,SW8 4BG,04811202,1200025298070,5340,1/10/2026,E,
,239,Well Street,,London,E9 6RG,03801203,1200041847873,11826,20/5/2026,E,
,15,Northenden Road,,Sale,M33 2DH,03801024,1630000083177,41300,25/11/2025,E,
,35,King Street,,Great Yarmouth,NR30 2PN,04811202,1012674248672,8152,1/10/2026,E,
Unit 4 Block Pegasus,,Orion Court,,Ipswich,IP6 0LW,03801202,1030020642965,4165,20/5/2026,E,
Workshop,,Glebe Farm,,Spalding,PE12 0JA,04807N12,1100000929690,11824,25/11/2026,E,
,1416,Shettleston Road,,Glasgow,G32 9AL,03826D01,1800026387204,27956,1/10/2026,E,
,1111,Finchley Road,,London,NW11 0QB,04811202,1012996733740,6257,1/10/2026,E,
,6,Jackson Street,,Coalville,LE67 3LT,03801013,1100018773487,2161,18/10/2026,E,
Charlemont Bowling Club,46,Charlemont Road,,West Bromwich,B71 3DU,00900N14,1427186000006,,25/2/2026,E,
,616,Finchley Road,,London,NW11 7RR,04808202,1012989165590,,1/10/2026,E,
"65, CRADGE BANK",,"SPALDING,",,"LINCOLNSHIRE,",PE11 3AR,03801N12,1170001550405,4763,20/5/2027,E,
,45,Purdeys Way,,Rochford,SS4 1ND,03801202,1012608236606,9569,1/10/2026,E,
Kuumba Imani Millenium Centre,4,Princes Road,,Liverpool,L8 1TH,00900D04,1300053084655,,18/2/2026,E,
,3,Jupiter Court,,NORTH SHIELDS,NE29 7SE,0084505B,1580000563940,,1/10/2026,E,
Western Units,,Pottery Road,,NEWTON ABBOT,TQ13 9JJ,04807N13,2200020368150,13731,20/5/2027,E,
,Unit 47,Purdeys Way,,Rochford,SS4 1ND,03801203,1012608236838,17088,1/10/2026,E,
Hoe Farm,,Hoe Lane,,GUILDFORD,GU5 9SU,03801203,1900046060995,10878,25/11/2027,E,
,41,Warwick Road,,London,SW5 9UP,03801203,1200024516563,28479,1/10/2026,E,
,21,HORN CROSS ROAD,,PLYMOUTH,PL9 9BU,00845203,2200030074630,,1/10/2026,E,
,2,Woolley Bridge Road,,Glossop,SK13 2NR,03801004,1610006016777,7628,20/5/2027,E,
,41,Warwick Road,,London,SW5 9UP,03801201,1200024516572,17050,1/10/2026,E,
The Barnaby Rudge,52,Albion Street,,Broadstairs,CT10 1NE,04829202,1900020191234,54516,1/10/2026,E,
,53,Heaton Road,,Newcastle Upon Tyne,NE6 5HE,0380102C,1591030373184,25677,26/11/2027,E,
Prec LTG,,Middle Street,,Yeovil,BA20 1LQ,03801H02,2000026022055,799,17/12/2025,E,
,6,Albyn Place,,EDINBURGH,EH2 4NL,04001D04,1800035165384,86771,1/10/2027,E,
,24,Fawcett Street,,Sunderland,SR1 1RH,0380102C,1591060839911,,2/11/2025,E,
,18,The Friars,,Canterbury,CT1 2AS,04829202,1900025172157,24406,26/11/2027,E,
,51,Warwick Road,,London,SW5 9UP,03801203,1200024516795,26630,1/10/2026,E,
Shop,48,Cargo Fleet Lane,,MIDDLESBROUGH,TS3 0PL,0380102D,1591012205399,50092,21/5/2026,E,
,6,Coopers Way,,SOUTHEND-ON-SEA,SS2 5TE,03801204,1012532278643,33016,26/11/2025,E,
Alexander House,3,Hillside Road,,BURY ST. EDMUNDS,IP32 7EA,00900203,1023529547172,,22/5/2026,E,
,353,Uxbridge Road,,Pinner,HA5 4JN,03136204,1012407196360,54740,2/10/2027,E,
,56,Second Drove,,Peterborough,PE1 5XA,04811202,1012881074790,4198,1/10/2026,E,
,22,Glenfield Road,,STOCKTON-ON-TEES,TS19 7PQ,0090002C,1591045473493,,1/10/2026,E,
,6a,Coopers Way,,Southend-on-Sea,SS2 5TE,03801202,1023485044244,44353,26/11/2025,E,
,UNIT 23,HARLING ROAD,,NORWICH,NR16 2JU,03801201,1030049247604,6893,22/5/2026,E,
,6b,Coopers Way,,Southend-on-Sea,SS2 5TE,03801204,1023485044476,98841,26/11/2025,E,
Unit 4,,Station Road,,Birmingham,B46 1HT,03801N14,1414353741001,55332,1/10/2026,E,
,40,Welbeck Avenue,,Plymouth,PL4 6BG,9089632408,9089632408,14913,2/11/2025,,
,431,Hagley Road West,,Birmingham,B32 2AD,03801N12,1412155121004,2574,22/5/2026,E,
,25,Kirkgate Street,,Wisbech,PE13 3QR,03136201,1012868938843,3518,11/10/2026,E,
Haslemere Methodist Church,,Lion Green,,Haslemere,GU27 1LD,03801H07,2000016433418,21587,1/10/2026,E,
HARTLAND HOUSE,,Beetham Road,,Milnthorpe,LA7 7QW,8817352510,8817352510,308750,16/5/2026,,
,982,Stockport Road,,Manchester,M19 3NN,03801014,1610000958635,27033,23/5/2027,E,
,7,Elm Road,,Leigh-On-Sea,SS9 1SW,,1012523264714,35136,27/11/2025,E,
,65-67,Edgware Road,,LONDON,W2 2HZ,00900204,1200060743193,,2/11/2025,E,
Spar Stores,7-9,Abbey Lane,,SHEFFIELD,S8 0BJ,0090002D,2336532691210,,23/5/2026,E,
,,28 Southbury Road,,Enfield,EN1 1SA,04811203,1013029372819,10087,23/5/2027,E,
Uppingham Road Baptist Church,,Uppingham Road,,Leicester,LE5 0QE,03801N12,1100012762267,3849,2/11/2025,E,
"Unit 5, Block 18",,"Amber Business Centre, Greenhill Lane",,ALFRETON,DE55 4BR,00900058,1160001022428,,10/10/2026,E,
Faraday House,,Cottam Street,,BURY,BL8 1QQ,15549801,15549801,167028,15/11/2026,,
,27,Welsh Row,,Nantwich,CW5 5ED,03801D01,1300007885806,22590,2/10/2027,E,
,552,Wimborne Road,,Bournemouth,BH9 2ER,04065H18,2000020872530,6976,2/11/2025,E,
Just Design,,Unit 3 Temple Buildings,,Leicester,LE5 4JG,03801N14,1100039204399,17604,3/10/2026,E,
Unit 2,59,Wharf Road,,Birmingham,B11 2DX,03801007,1418302041007,761,3/10/2026,E,
Quebecor Printing ( UK ) Plc,1,Saxon Way East,,CORBY,NN18 9EY,8818344404,8818344404,13,24/9/2026,,
,94,High Street,,BRISTOL,BS20 6AJ,03801N12,2200013332390,10762,2/10/2026,E,
,1,Bridgnorth Road,,Wolverhampton,WV6 8AA,03801N13,1430000000302,2087,3/10/2026,E,
,,1A Kitchener Road,,Leicester,LE5 4AU,00845058,1160000931794,,6/1/2026,E,
Unit 22,,Asquith Avenue,,LEEDS,LS27 9QS,0380102B,2300000000384,4619,4/10/2026,E,
,227,Nether Street,,London,N3 1NT,04809201,1013009438020,4155,2/11/2025,E,
Withensea FC,,Hull Road,,WITHERNSEA,HU19 2EE,0380102B,2380000157990,4456,5/10/2026,E,
,,Unit 16,,SOLIHULL,B90 4NY,00846L04,1418619931006,,30/11/2026,E,
Cotswold Business Village,4,Cotswold Link,,Moreton-In-Marsh,GL56 0JU,03801N13,1460001714294,10623,30/11/2027,E,
Beckenham Co,,22 Rectory Road,,Beckenham,BR3 1AA,00900204,1200050533682,,5/10/2026,E,
,Non-PAF De,Spon Lane South,,SMETHWICK,B66 1QJ,75260802,75260802,269705,1/12/2028,,
,,,,Burgess Hill,RH15 8QY,,1900041361511,10344,4/10/2026,E,
,30,Bank Street,,"Kilmarnock, Ayrshire",KA1 1HA,00900D04,1800035242189,,2/11/2025,E,
Shop,338,Kilburn Lane,,London,W9 3EF,03802202,1200051159598,95380,1/12/2027,E,
,,J Logan Milne (Brechin) Ltd,,BRECHIN,DD9 7BG,00845P81,1716890002018,,7/10/2026,E,
,,Unit 3,,ENFIELD,EN3 7XF,00845072,1014571201049,,24/5/2026,E,
,299,HALE LANE,,EDGWARE,HA8 7AX,03801201,1013017897426,,31/10/2026,E,
,96,High Street,,Milford Haven,SA73 1TF,03801N12,2199999629078,,3/10/2024,E,
"Unit 53, Block 8",,Old Mill Lane Industrial Estate,,MANSFIELD,NG19 9BG,03802013,1100004561441,,10/10/2026,E,
Kens,131,Station Road,,Amersham,HP7 0AH,03801202,1012954678016,262,1/12/2025,E,
Baker Brook Ind Est,,Wigwam Lane,,Nottingham,NG15 7SZ,03801N13,1100005225082,,24/5/2027,E,
,41,Rock Road,,Wadebridge,PL27 6NW,03801110,2200022660922,,10/10/2026,E,
,5,Albion Arcade,,Carmarthen,SA31 3AB,03801N12,2199998997128,381,3/10/2026,E,
,53,Harpur Street,,Bedford,MK40 2SR,03801203,1050001816099,15526,1/12/2026,E,
Cafe Princess;Trisians Family,21,Princess Parade,,Bury,BL9 0QL,03801014,1610028879756,37250,21/5/2026,E,
Unit 5,,West Street,,Somerton,TA11 6QQ,03801N13,2200013826991,,9/5/2026,E,
,,Mill Mead House,,London,N17 9QU,03801202,1023465324508,295,2/11/2025,E,
,.,St John Street,,Shropshire,SY13 1QT,04044D03,1300008672113,23243,4/10/2027,E,
"CROSS GUNS, AVONCLIFF",,BRADFORD-ON-AVON,,WILTSHIRE,BA15 2HB,03104H37,2000006245130,28209,31/3/2026,E,
,54,Morfydd St,,Swansea,SA6 8BU,00900N14,2199989674375,,4/10/2026,E,
TUTOR FIRST,430,OXFORD ROAD,,WEST,BD19 4LB,0481102B,2380001569910,879,2/11/2025,E,
,41,Elmfield Way,,South Croydon,CR2 0EJ,03801203,1900006124683,8281,12/10/2026,E,
Burnham Football Club,,Wymers Wood Road,,Slough,SL1 8JG,00845H87,2000052880570,,1/12/2025,E,
,94,Shop,,London,W14 9EX,00900072,1200030599475,,16/8/2027,E,
Videk Ltd,,"Kingsbury Trading Estate, Church Lane",,LONDON,NW9 8AU,03801202,1023488576817,20969,30/8/2026,E,
Vauxford MOT Centre Ltd,123,FENHAM ROAD,,London,SE15 1AE,03801203,1200026202378,3979,12/11/2025,E,
,124,Roman Avenue,,NEWCASTLE UPON TYNE,NE6 2RH,0084502D,1591028914735,,15/10/2026,E,
Unit 1,,Unit 1 Southhook Road,,Kilmarnock,KA1 2NN,03801D02,1800050356373,8588,21/7/2028,E,
Coles Electroacoustics Ltd,,Pindar Road,,Hoddesdon,EN11 0BZ,00845071,1014568031183,,5/10/2026,E,
"Unit 18, Station Road Industrial Estate",,Valley Road,,BARNSLEY,S73 0BS,0380102C,2332809808013,22810,25/5/2027,E,
Shed Opp Golden Rule,26,Main Road South,,Berkhamsted,HP4 1QX,03801201,1012391495411,847,5/10/2026,E,
PERCY HALL,,ALBION ROAD,,NORTH SHIELDS,NE30 2RQ,0481102D,1591025190069,,15/10/2026,E,
DELTA DESIGN & PRINT LTD,,UNIT 14A & 14B,,LEEDS,LE14 3RD,0380102B,2380000255369,532,16/10/2026,E,
Unit 21 Central City Ind Est,,Red Lane,,Coventry,CV6 5RY,03801013,1100023724482,3606,1/12/2027,E,
Ground Floor Office,10,Derwent Street,,Sunderland,SR1 3NT,0380102B,1591147604514,13299,11/6/2026,E,
Senate Snooker,,Forum Centre Bridgegate Square,,Irvine,KA12 8BQ,00845G01,1800017374982,,16/10/2026,E,
Unit 6,,Keighley Road,,Skipton,BD23 2UR,0380102D,2300000067955,35013,1/12/2026,E,
Unit 4,,Marlow Road,,Leicester,LE3 2BQ,04811N12,1100014240227,4628,2/11/2025,E,
Warehouse,,Bright Street,,Blackburn,BB1 3BW,03801014,1610021867745,9824,16/10/2026,E,
,244,Portland Road,,HOVE,BN3 5QT,04811202,1900026382752,,2/7/2027,E,
Unit 1D,,Gregory Road,,Bury St. Edmunds,IP28 7DF,03801201,1012947015333,124,1/7/2026,E,
,15,Radford Way,,BILLERICAY,CM12 0AA,03136203,1012564683800,7790,6/10/2027,E,
Petals,924,City Road,,Sheffield,S2 1GQ,0380102B,2336052451815,7446,4/2/2026,E,
,Unit 2,TOPSHAM DARTS BUSINESS PARK,,TOPSHAM,EX3 0QH,00845570,2200043150193,,17/10/2026,E,
,146,High Street,,London,NW10 4SP,03801203,1200037677377,16753,2/11/2025,E,
,,10A Derwent Street,,Sunderland,SR1 3NT,0481102B,1591158502893,14904,11/6/2026,E,
,18,Queensbridge,,Northampton,NN4 7BF,03801N13,1160000289814,19893,20/10/2026,E,
,2,Hilton Road,,Glasgow,G64 2PN,18120506,18120506,0,2/11/2025,,
,,Unit 17 & 18,,Newport,NP11 3EH,03801N12,2199989638526,14397,10/2/2026,E,
The Nutthall,,Nottingham Road,,Nottingham,NG8 6AX,3484210,3484210,442585,1/10/2027,,
Unit L,55,Ver House,,St Albans,AL3 8JP,04811202,1012390957212,9062,28/5/2026,E,
,68,Bridge Street,,CAMBRIDGE,CB2 1UR,03801204,1030058554323,43304,20/8/2027,E,
,75,Queen Street,,LEEDS,LS27 8EB,0481102C,2342876780417,15169,18/3/2027,E,
,128/129,Central Parade,,HERNE BAY,CT6 8SS,07801204,1900043426941,80051,28/5/2026,E,
,766,Fulham Road,,London,SW6 5SJ,86755403,86755403,1149,13/8/2027,,
,140B,SEND ROAD,,Woking,GU23 7HN,03801201,1900032057050,887,1/1/2027,E,
,130,Central Parade,,HERNE BAY,CT6 8SS,00900204,1900039426258,,28/5/2026,E,
,370,Ropery Road,,Gainsborough,DN21 2TS,0380102C,2370261811011,18203,24/1/2026,E,
"Unit 6a, Martlands Industrial Estate",,Smarts Heath Lane,,WOKING,GU22 0RQ,03800201,1900037048254,,2/11/2025,D,
,132/134,Central Parade,,HERNE BAY,CT6 8SS,00900204,1900035426166,,28/5/2026,E,
Flat 1 Regina House,65,Wimpole Street,,London,W1G 8AN,01801001,1200041138261,6696,2/11/2025,E,
,132/134,Central Parade,,HERNE BAY,CT6 8SS,00900204,1900035426175,,28/5/2026,E,
THE SPICE LOUNGE,8-10,Wensum Street,,Norfolk,NR3 1HR,,1012690151100,,1/8/2026,E,
Yew Tree Cottage,,Horsham Road,,Cranleigh,GU6 8DP,03801203,1900040066069,311,2/11/2025,E,
,243-245,MAIN ROAD,,KING'S LYNN,PE34 4AG,04808202,1012663889934,57208,15/6/2028,E,
,,Eyston Arms,,Wantage,OX12 8JY,03801H03,2000009489425,114377,1/10/2028,E,
"Unit 14,Whitebridge Farm Industrial Esta",,Crays Hill,,Billericay,CM11 2UL,03801202,1012567344210,5937,29/5/2027,E,
,159,Eccleshall Road,,STAFFORD,ST16 1PD,8860608,8860608,,7/7/2027,,
,1f,Merrow Business Park,,GUILDFORD,GU4 7WA,03801203,1900005072095,8903,1/10/2027,E,
Cafe Royal,134,Westblackhall Street,,Greenock,PA15 1XR,1049807103,1049807103,67698,2/11/2025,,
,Non-PAF De,North Main Street,,FALKIRK,FK2 8HZ,00845D04,1800036583050,,23/2/2026,E,
,80-80a,Eastgate Street,,GLOUCESTER,GL1 1QN,03801N13,1419766912004,9928,2/11/2025,E,
"W GODFREY, STIRKS BUTCHERS,",71,Sea Road,,Sunderland,SR6 9BW,0090002B,1591011943440,,2/11/2025,E,
,,RUSSELL WAY,,Brighouse,HD6 4LX,8930270806,8930270806,128437,1/5/2028,,
38,,NEW BANK ROAD,,BLACKBURN,BB2 6JW,03801004,1610021708770,5174,30/5/2026,E,
,163,Ewell Road,,SURBITON,KT6 6AW,72522802,72522802,32680,26/1/2027,,
Factory First Floor,659,Green Lanes,,London,N8 0QY,03801203,1013085280520,8418,9/7/2026,E,
,,Goldsworth Road Industrial Estate,,WOKING,GU21 6LY,03801203,1900048043626,16347,2/11/2025,E,
Basement And Shop,32,Clifton Road,,London,W9 1ST,03801201,1200032415587,9856,31/5/2027,E,
,459,Westdale Lane,,Nottingham,NG3 6DH,8854277004,8854277004,134679,17/1/2026,,
Unit 9,9,"Walker Industrial Estate,Walker Road",,BLACKBURN,BB1 2QE,5024901707,5024901707,16485,22/9/2026,,
,636,Wakefield Road,,Huddersfield,HD5 8PZ,0380102B,2322214611416,17276,27/8/2026,E,
,23,West St Helen Street,,Abingdon,OX14 5BL,04044H17,2000009543695,6341,2/11/2025,E,
Just For Men,20,Yardley Road,,Birmingham,B27 6ED,04811010,1417923141000,2939,31/5/2026,E,
Spread Eagle,119,Forest Road,,Royal Tunbridge Wells,TN2 5BT,9788104,9788104,22553,2/11/2025,,
SA Performing Arts Centre,,Potts Street,,Newcastle Upon Tyne,NE6 1ED,0084505A,1591058949873,,16/7/2026,E,
STONEY WARE HOUSE,,BISHAM ROAD,,MARLOW,SL7 1RN,8843354209,8843354209,519574,1/10/2027,,
Unit 2,,"Byfleet Technical Centre, Canada Road",,WEST BYFLEET,KT14 7JX,00845073,1900070192935,,1/10/2026,E,
Wallasey Village,118,,,Wallasey,CH45 3LN,03801D03,1300006789733,9776,1/6/2026,E,
60a,,Birley Moor Road,,Sheffield,S12 4WD,0481502B,2335910844011,7916,28/1/2028,E,
Unit A,,Novo Works,,Sheffield,S9 3XN,0481202D,2333902637713,60367,2/8/2026,E,
,,Rotherham Minister,,Rotherham,S60 1PD,48108905,48108905,186895,1/12/2027,,
,,U 4 Falcon Pk Ind Est,,Town,NW10 1RZ,00845072,1200051037064,,27/2/2028,E,
,,Unit 19,,Huddersfield,HD1 3RR,0487402C,2380000765670,38105,10/1/2026,E,
,,Ye Olde Crown;74-76,,Edenbridge,TN8 5AR,04829204,1900042000273,39107,2/11/2025,E,
,96,North Street,,Hornchurch,RM11 1SU,04808203,1012581272559,,20/5/2026,E,
,72,Warren Farm Road,,BIRMINGHAM,B44 0QN,00845127,1420836100001,,1/6/2026,E,
"Unit 5-6, The Sovereign Centre",,Farthing Road,,IPSWICH,IP1 5AP,04808204,1012890639806,,1/6/2027,E,
"Unit 5-6, The Sovereign Centre",,Farthing Road,,IPSWICH,IP1 5AP,04811204,1012890640722,93626,1/6/2027,E,
Unit 6,,Farthing Road,,IPSWICH,IP1 5AP,04808204,1012890640494,59368,1/6/2027,E,
PLOT 1 SHAPPEN STORES,,QRINGWOOD ROAD,,,BH24 4AB,03801H09,2000058025440,51299,1/6/2027,E,
,,Park Mill Way,,HUDDERSFIELD,HD8 9XJ,0380102D,2324841738118,51542,19/6/2026,E,
Unit 7,,Wakefield Road,,Huddersfield,HD8 8QH,0090002B,2380001902195,,25/6/2026,E,
,12,St. Edmunds Terrace,,HUNSTANTON,PE36 5EH,04182203,1012645869892,4290,27/11/2027,E,
,,Rise Lane,,Todmorden,OL14 7AA,0084505A,2321753210518,,1/3/2026,E,
,324-326,Wilmslow Road,,MANCHESTER,M14 6XQ,79823201,79823201,340019,1/3/2028,,
,47,Green Arbour Road,,Rotherham,S66 9DD,0380102C,2335590276810,6506,24/8/2026,E,
Ground,60,Parkway,,London,NW1 7AH,03801202,1200034593876,27651,2/11/2025,D,
,,Queens Road,,Stirling,FK8 2QY,8825107403,8825107403,231464,1/2/2027,,
,231,Montgomery Street,,Birmingham,B11 1DS,03801N14,1415324311002,28846,22/4/2027,E,
,,BRIGHTWALTON STUD,,,RG20 7BZ,03835H02,2000056044992,5033,22/3/2027,E,
Kineton House,31,Horse Fair,,Banbury,OX16 0AE,03801N12,1415105181002,6162,1/6/2026,E,
,58,Whiteheart Road,,Old Portsmouth,PO1 2JA,72631403,72631403,197085,13/5/2028,,
MERCEDES BENZ SERVICE CENTRE,,Keighley Road,,Skipton,BD23 2QR,0084502C,2380000834599,,1/6/2026,E,
,5,The Colonade,,MANSFIELD,NG20 8BL,2103305409,2103305409,786,2/11/2025,,
Park Manor Private Hotel,,Weydale Avenue,,Scarborough,YO12 6BB,0084505A,1591043610778,,1/7/2026,E,
,60,Rosemead Drive,,Leicester,LE2 5SF,03801013,1100013611179,2682,23/6/2028,E,
Shapla Tandoori,,Queens Square,,ATTLEBOROUGH,NR17 2AF,04811202,1012719966005,43359,9/10/2026,E,
,,The Old Vicarage Nursing Home,,CHESTERFIELD,S45 9AQ,17981408,17981408,366093,1/10/2027,,
,41,Allerton Road,,Liverpool,L25 7RE,03801D03,1300003451107,,22/3/2015,E,
,178,Colne Road,,Burnley,BB10 1DY,03801631,1610014115108,934,3/4/2026,E,
,12,Knoll Rise,,Orpington,BR6 0PG,00900204,1900025000183,,3/4/2026,E,
,57,Mansell Street,,London,E1 8AN,,1200034864475,71550,20/7/2028,E,
Park House,,Station Lane,,Witney,OX28 4LH,04811H17,2000008978025,11765,9/1/2026,E,
,16,Rowallen Parade,,Dagenham,RM8 1XU,03801202,1200039855261,4518,18/3/2027,E,
1st Floor,38,Kensington Garden Square,,London,W2 4BQ,01800902,1200023577495,,2/11/2025,D,
Shop,62-63,Downing Street,,Farnham,GU9 7PN,03801H09,2000050404457,73352,1/3/2026,E,
,,Brook House,,Horncastle,LN9 5QF,04811N13,1100002816232,10971,5/4/2028,E,
,,THE STREET,,Steyning,BN44 3WE,51082502,51082502,62064,10/11/2026,,
Old Lamplight Works,,Ashcroft Road,,Liverpool,L33 7TW,03801D01,1300052601888,2432,3/6/2028,E,
,Unit 1,Parkway Drive,,Sheffield,S9 4WN,0084505A,2300001094295,,20/3/2027,E,
170,,PUTNEY HIGH STREET,,LONDON,SW15 1RS,03801202,1200062340170,11333,23/12/2027,E,
,19,Chester Street,,Chester,CH4 8BL,03801D02,1300010262280,9603,8/1/2028,E,
,11,Halton Road,,Spilsby,PE23 5JZ,03873N12,1100000864243,9108,2/11/2025,E,
,125,High Road,,Benfleet,SS7 5LN,04808202,1012596533978,8502,7/4/2027,E,
Watch Hill Farm,,Shilvington,,Newcastle Upon Tyne,NE20 0AP,0380102C,1591018801583,11654,7/4/2028,E,
,37,Rodney Street,,Liverpool,L1 9EN,04512236,1300034418520,10787,14/3/2027,E,
Unit 9,,Dartmouth Building,,Hampshire,PO14 1AH,03801H06,2000013703400,1159,2/11/2025,E,
Mpt Group Limited,,New Line Industrial Estate,,Bakup,OL13 9RW,8921275602,8921275602,111460,1/7/2026,,
Watch Hill Farm,,,,Newcastle Upon Tyne,NE20 0AP,0480702C,1591018801574,810,7/4/2028,E,
Hightown Community Centre,,,,Luton,LU2 0EY,9124296408,9124296408,99976,1/4/2026,,
UNITY YOUTH & COMMUNITY CENTRE,49,Dove Street,,LIVERPOOL,L8 0UT,03801D03,1300002033538,7463,11/4/2026,E,
,,Far Coley Farm,,Stafford,ST18 0XB,03801007,1460000734077,2349,15/9/2027,E,
UNIT 18,,SOUTHFIELDS ROAD,,DUNSTABLE,LU6 3EJ,00845072,1014568028190,,22/8/2027,E,
,165,Oscott School Lane,,Birmingham,B44 9EL,03801007,1410350721005,4061,2/11/2025,E,
Unit 5,5,Riverside Park,,Wimborne,BH21 1QU,03801H06,2000021676746,1994,8/4/2028,E,
New Club House,,Links Hey Road,,Wirral,CH48 1NB,04044D04,1300007356672,127034,25/6/2026,E,
Facade Hoists,,Coombend,,Radstock,BA3 3AS,00845L02,2200012005800,,6/5/2026,E,
,2,SYDENHAM AVENUE,,LIVERPOOL,L17 3AX,04045E01,1300003071525,48291,1/10/2027,E,
,52,High Street,,REDCAR,TS10 3DR,0380102B,1591043402710,,1/5/2027,E,
,13,Walm Lane,,London,NW2 5SJ,3301831701,3301831701,307594,29/9/2027,,
Social Club Meadlands,,Needham Road,,Stowmarket,IP14 2AD,03136203,1012972034500,43240,1/4/2028,E,
Quantum House,23,Roscoe Street,,LIVERPOOL,L1 2SX,1682644604,1682644604,19895,3/8/2027,,
,113,High Street,,London,E13 0AD,00845204,1200010157085,,27/6/2026,E,
,127,Forefield Lane,,LIVERPOOL,L23 9SL,03801D02,1300000898288,,2/11/2025,E,
Weltro Farm,,Newtons Lane,,Nottingham,NG16 2YH,04811N12,1100007662268,6922,10/4/2028,E,
Apollo Business Park,,Radclive Road,,BUCKINGHAM,MK18 4BL,8919721701,8919721701,374636,1/10/2028,,
,,Thompson Avenue,,West Midlands,WV2 3NP,03801007,1413780770001,2519,11/4/2027,E,
Unit 5,,North Buildings,,London,W4 1QU,03801H02,2000054796502,4419,11/4/2026,E,
,62,West Harbour Road,,EDINBURGH,EH5 1PW,1104769101,1104769101,70466,11/2/2027,,
,86,Lea Village,,Birmingham,B33 9SD,03801007,1413046151009,827,11/4/2027,E,
,2,"(chinese Restaurant),The Boardwalk",,Glasgow,G75 0YW,21436302,21436302,293744,2/11/2025,,
,84,Stafford Street,,Willenhall,WV13 1RT,03801007,1411497803005,494,11/4/2027,E,
,61,Shirland Road,,London,W9 2JD,04800203,1200027069130,,8/6/2026,D,
,5,Green End,,Whitchurch,SY13 1AD,04043D01,1300008660136,5466,24/3/2026,E,
,72,Wanlip Road,,Leicester,LE7 1PB,04811N14,1100014128190,44025,7/3/2027,E,
,,Cambridge Road,,LEICESTER,LE8 6LF,9322095200,9322095200,122042,1/4/2026,,
,,Leeds Road,,Huddersfield,HD2 1UR,71112306,71112306,292706,1/4/2026,,
,20,High Street,,Southend-On-Sea,SS3 9AH,03801201,1012530211860,2672,13/4/2027,E,
TELFORD MANAGEMENT SERVICES,14,Halesfield,,Telford,TF7 4QR,49870304,49870304,29,2/11/2025,,
,17,Queensferry Street,,Edinburgh,EH2 4QW,03801D01,1800022237782,14981,12/2/2026,E,
,27,Hest Bank Lane,,LANCASTER,LA2 6DG,03801024,1610023119562,50152,6/12/2026,E,
Victory Garage,1,Warsash Road,,Southampton,SO31 9HW,03801H07,2000015863922,24657,26/2/2026,E,
Unit 1,,Station Road,,Maldon,CM9 4LQ,03801204,1012913900393,17329,13/4/2028,E,
239-241,,AUDLEY RANGE,,LANCASHIRE,BB1 1UA,03801024,1610022062941,174576,15/7/2026,E,
,11,Mallard Close,,NORTHAMPTON,NN6 0JF,58582906,58582906,59108,1/5/2026,,
Birmingham City Council,,Hallmoor School (3),,Birmingham,B33 9SD,06800021,1423834100005,,2/11/2025,D,
Suit 103,,49A Preston New Road,,Blackburn,BB2 6AE,06800482,1600000120528,,2/11/2025,D,
Unit 15,,Westbrook Trading Estate,,Manchester,M17 1AY,04811004,1610027200250,9876,9/9/2026,E,
Dental Surgery,104,Lea Village,,Birmingham,B33 9SD,03801N12,1410146151009,3532,12/1/2026,E,
,782,Chesterfield Road,,Sheffield,S8 0SF,0482902C,2333350832914,3167,2/11/2025,E,
,31,Market Street,,KINGSWINFORD,DY6 9JS,03801N13,1415930190008,,2/11/2025,E,
,57,Roman Road,,London,E2 0QN,03800202,1200033366061,,2/11/2025,D,
792 Chesterfield Road,,,,Sheffield,S8 0SF,0380102B,2333350844910,9759,22/4/2026,E,
Market Kiosk,,Peel Street,,Accrington,BB5 1EA,03801631,1610022418098,2704,9/9/2026,E,
,,87/89 High Street,,Abbats Langley,WD5 0AJ,8814880307,8814880307,53833,2/4/2027,,
71,,ROMAN ROAD,,LONDON,E2 0QN,03801202,1200033366140,3495,2/11/2025,E,
Springfield Manor,,Hogs Back,,Guildford,GU3 1AQ,03801H04,2000016249530,34437,1/4/2027,E,
,20-22,Wellington Street,,Luton,LU1 2QH,04811203,1012365572110,1489,26/6/2026,E,
,772-774,Chesterfield Road,,SHEFFIELD,S8 0SF,0380102B,2333350822711,18197,21/11/2027,E,
,91,High Road,,London,N2 8AG,04100202,1012989790503,8492,10/9/2027,E,
,141,Upperthorpe Road,,Sheffield,S6 3EB,0380102A,2330422157710,516,17/10/2026,E,
,2,Pool Hill,,CAERNARFON,LL55 1NP,51979808,51979808,50127,26/9/2028,,
,,Bridgeman Street,,WALSALL,WS2 9PG,00900N13,1426985000007,,10/9/2026,E,
Cumberland House,32,Cumberland Street,,Sheffield,S1 4PT,0380202B,2333912356013,,2/11/2025,E,
Unit 18,,Kepler,,Tamworth,B79 7XE,03801N14,1100021954317,4571,10/9/2027,E,
,107,Roman Road,,London,E2 0QN,03800201,1200033366568,,2/11/2025,D,
,,325A Handworth Road,,Sheffield,S13 9BP,0380102A,2335202030715,1035,5/4/2026,E,
Commercial Unit,35-37,High Street,,SHEFFIELD,S1 2GA,0084505B,2380002384970,,11/9/2026,E,
,,Hicks Street,,Sheffield,S3 8BL,0380102A,2334301257810,,3/4/2026,E,
,2A,Claremont Road,,Seaford,BN25 2AY,04800100,1900002284009,,2/11/2025,D,
1,,"QUEENS PARADE,GREEN LANES",,LONDON,N8 0RD,03136202,1013085379888,35431,11/9/2026,E,
Landlord's Supply,,12-22 Holme Lane,,Sheffield,S6 4JQ,0380102A,2380001836541,360,2/11/2025,E,
Gordon O'brien,5,Longview Drive,,Liverpool,L36 6DY,03801D01,1300001190842,827,2/11/2025,E,
Golden Fleece Inn,1,Bradshaw Lane,,Halifax,HX2 9UZ,0482902D,2321386900010,41618,2/4/2026,E,
Mr Yafooz,180,Firth Park Road,,Sheffield,S5 6WQ,0380102A,2334602700812,,2/11/2025,E,
UNIT R29,,Enterprise Zone,,Frome,BA11 2FE,03801H06,2000053971129,130,2/11/2025,E,
,31,Holding Cocknage,,Stoke On Trent,ST3 4AG,04811N12,1411471420005,7515,19/9/2027,E,
Blacks Outdoor Retail Ltd,,19-21 High Street,,Sheffield,S1 2GA,03800999,2300000132382,,2/11/2025,D,
Stirchley Kebab House,1262,Pershore Road,,Birmingham,B30 2XU,03800007,1418192701003,,2/11/2025,D,
The Nut Tree Inn,34,Ebdon Road,,Weston-Super-Mare,BS22 6UN,00845570,2200030037309,,2/11/2025,E,
NON PAF,,ICE RINK,,SHEFFIELD,S9 1EP,0084505D,2380002216399,,2/11/2025,E,
1 Laureate Industrial Estate,,,,Newmarket,CB8 0AR,03801203,1012791361454,19559,12/9/2026,E,
,1302,Pershore Road,,Birmingham,B30 2XU,03800007,1417387103009,,2/11/2025,D,
,1,,,Newmarket,CB8 0AR,03801203,1012791361686,11664,12/9/2026,E,
Workshop,,Park Mill,,Swansea,SA3 2EH,03800200,2199997449984,,2/11/2025,D,
"Plot 9, Ariel Buildings",,Temple Road,,LEICESTER,LE5 4JG,03801N12,1160001391059,5,12/9/2027,E,
Jon Crump Body & Paintwork,Unit 2,Neiston Street Business Centre,,Leamington Spa,CV31 2AZ,03801013,1100024448077,565,28/10/2026,E,
,100,King George Road,,Ware,SG12 7DT,04807202,1012767603604,8143,23/9/2028,E,
BK,156,Main Road,,Sheffield,S9 5HQ,0380102A,2335031530717,2114,3/6/2026,E,
,10,Eastbourne Road,,NORTH HUMBERSIDE,HU18 1QS,1881360105,1881360105,76133,25/3/2028,,
Unit 8 Victoria Business Cntr,,Neilston Street,,Leamington Spa,CV31 2AZ,03801013,1100024448030,13529,2/11/2025,D,
,92,High Street,,MILFORD HAVEN,SA73 1TF,03801N12,2199999629120,9661,12/9/2026,E,
,184,Main Road,,Sheffield,S9 5HQ,0481202A,2335031582812,1940,2/11/2025,E,
Barkers The Bakers,188,Main Road,,Sheffield,S9 5HQ,0380102B,2335031588911,18475,2/11/2025,D,
,.,"Caledonia Fish Bar, Unit 2",,West Midlands,DY5 2QY,59497000,59497000,80161,27/3/2028,,
Unit 8 Victoria Business Cntr,,Neilston Street,,Leamington Spa,CV31 2AZ,03800013,1100024552326,,2/11/2025,D,
White House Farm,,Moss House Lane,,Preston,PR4 4TD,03801144,1610020498941,5472,13/9/2027,E,
,325,Reepham Road,,Norwich,NR6 5AD,04811204,1012688630110,67383,1/7/2026,E,
Shop,15,Rumbridge Street,,Southampton,SO40 9DQ,03801H01,2000024857526,10021,13/9/2026,E,
,48,Walker Street,,TELFORD,TF1 1BA,03800007,1413939000002,,2/11/2025,D,
,48,Walker Street,,Telford,TF1 1BA,03800007,1412939000000,,2/11/2025,D,
,8b,Chapman Way,,TUNBRIDGE WELLS,TN2 3EF,,1900030283291,,2/11/2025,1,
,,ROMAN WAY,,Birmingham,B46 1HQ,00845127,1416870513004,,5/8/2026,E,
,232,Whalley Rd,,Accrington,BB5 5AA,04800661,1610023891971,,2/11/2025,D,
Unit 18 G,,Chapman Way,,TUNBRIDGE WELLS,TN2 3EF,00800072,1900090638544,,2/11/2025,D,
Oak Lea,232,Whalley Road,,Accrington,BB5 5AA,04800661,1620000609876,,2/11/2025,D,
Greedys,116,Wallasey Village,,Wallasey,CH45 3LN,03801D03,1300006789724,6532,2/11/2025,E,
"Unit 4-6,",,Abbey Barn Road,,High Wycombe,HP11 1RL,03801H09,2000012958606,44217,31/3/2027,E,
,21,St Owen Street,,Hereford,HR1 2JB,03801N12,1413251881001,10231,14/9/2027,E,
Suite 2,27,,,Norwich,NR2 1JN,03801201,1030078778688,516,2/11/2025,E,
Fairway,,Crew Lane,,Southwell,NG25 0TX,03801013,1100003333593,1917,14/9/2027,E,
,171,Comptons Lane,,Horsham,RH13 6BW,03800202,1900048331596,,2/11/2025,D,
Landlord,70,Furtherwick Road,,Canvey Island,SS8 7AJ,03801201,1050002033971,44,2/11/2025,E,
Ground Floor,18,Damien Street,,London,E1 2HX,73359104,73359104,121400,1/10/2028,,
Aspley House,128,Richmond Road,,Bristol,BS6 5ER,03800110,2200017195099,,2/11/2025,D,
,31,Great Windmill Street,,London,W1D 7LP,03800202,1200028642128,,2/11/2025,D,
,71/71,Primrose Street,,Tonypandy,CF40 1BQ,03220N12,2199994593392,7054,15/9/2026,E,
L & S Accountancy Services,64,High Street,,Belper,DE56 1GF,04811N12,1100008831671,4714,15/9/2028,E,
Shop,31,Great Windmill Street,,London,W1D 7LP,03800202,1200028642137,,2/11/2025,D,
33,,LILIPUT ROAD,,NORTHAMPTON,NN4 7DT,48113101,48113101,50729,2/11/2025,,
Unit 3,,Halesfield 22,,Telford,TF7 4QX,03801N12,1413361800005,1368,2/11/2025,E,
Flat 128,,Richmond Road,,Bristol,BS6 5ER,00845570,2200017195104,,2/11/2025,E,
,160,Main Street,,Street,BA16 9QU,04808210,2200022013809,,2/11/2025,E,
,,Unit L,,Norwich,NR14 6JD,03801202,1050001720994,11316,16/9/2027,E,
,128,Old Christchurch Road,,Bournemouth,BH1 1NL,03800202,1200035044497,,2/11/2025,D,
,,The Rink,,Harrogate,HG1 5DR,0084502D,1591024731887,,1/4/2027,E,
,l2,Little Money Road,,Norwich,NR14 6JD,03801202,1050001721000,8030,16/9/2027,E,
,48,St. James Street,,Burnley,BB11 1NH,03800631,1610014801261,,2/11/2025,D,
Unit 8,,Clarke Way,,West Glamorgan,SA1 7ER,03801200,2199997705123,232,2/11/2025,E,
,128,Old Christchurch Road,,Bournemouth,BH1 1NL,03800202,1200035044502,,2/11/2025,D,
Unit 5,,Leaton Ind Est,,Shrewsbury,SY4 3AP,03800007,1417344303000,,2/11/2025,D,
,128,Old Christchurch Road,,Bournemouth,BH1 1NL,03800202,1200035044511,,2/11/2025,D,
,11,Scotland Road,,NELSON,BB9 7UT,03801204,1610014344653,,2/11/2025,E,
,43,Scotland Road,,Nelson,BB9 7UT,04800591,1610014344486,,2/11/2025,D,
Fengate Fasteners Limited,,Putney Close,,Brandon,IP27 0PA,04811202,1012944178513,18064,17/9/2026,E,
,,265-267 Wood Lane,,Dagenham,RM8 3NH,03800203,1012504122500,,2/11/2025,D,
,47,Scotland Road,,Nelson,BB9 7UT,03800631,1610014344459,,2/11/2025,D,
,,Muckton,,LOUTH,LN11 8NU,0380102B,2375811995919,6752,17/9/2026,E,
The Lanner Inn,,The Square,,Redruth,TR16 6EH,04056N14,2200023522860,27540,14/1/2026,E,
,140,GLOUCESTER ROAD NORTH,,BRISTOL,BS34 7BQ,03801N12,2200043065946,2345,2/11/2025,E,
Mealings Yard,55,High Street,,Westbury On Trym,BS9 3ED,04807210,2200016550827,,2/11/2025,D,
Unit 1,,Alfred Street,,Westbury,BA13 3DY,03801H06,2000027929625,,2/11/2025,E,
,20,Regent Street,,LEAMINGTON SPA,CV32 5HQ,03801N13,1100024479571,57636,17/9/2026,E,
,22,Deacon Road,,Widnes,WA8 6ED,00900D03,1300005192072,,17/4/2027,E,
Pater Hall,,Dimond Street,,Pembroke Dock,SA72 6JA,03801200,2199999674406,,2/11/2025,D,
,143,London Road,,WARRINGTON,WA4 6LG,03801D01,1300005704678,7866,4/12/2025,E,
Pater Hall,,Dimond Street,,Pembroke Dock,SA72 6JA,03800200,2199999674415,,2/11/2025,D,
Unit 6,,Victoria Square,,Warrington,WA4 6LG,04811D02,1300052438955,172412,2/11/2025,D,
Forest House,,The Homend,,Ledbury,HR8 1AR,03800007,1410763303002,,2/11/2025,D,
Central Hall,,Bermondsey Street,,London,SE1 3UH,03802204,1200021888537,17145,2/4/2027,E,
Whalley Range,78,Church Street,,BURNLEY,BB12 8JQ,04800661,1610014139321,,2/11/2025,D,
,80,Dam Lane,,Warrington,WA1 4EP,03800D01,1300006037173,,2/11/2025,D,
,156,Thelwall Lane,,Warrington,WA4 1LU,03800D01,1300034445036,,2/11/2025,D,
,84,London Road,,Coventry,CV1 2JT,04811037,1100024042813,15849,2/11/2025,D,
Unit A,,Westminster Buildings,,Leeds,LS2 7DT,0380102A,2300000004495,10362,2/11/2025,E,
Crossroads Garage,,1 - 3a Red Hill,,Sheffield,S26 6QA,0380102C,2335060408910,30758,15/1/2027,E,
,,Beach Road,,Norfolk,NR29 4HS,00845071,1014571321334,,19/9/2028,E,
,16,The Pavement,,London,SW4 0HY,03801201,1200037125118,13545,5/2/2026,E,
Unit 8,,Commondale Court,,Bradford,BD4 6SF,0380102B,2300000138914,36900,22/10/2026,E,
,15,The Pavement,,London,SW4 0HY,03801202,1200037125093,17091,1/3/2026,D,
,4,Pindar Road,,Hoddesdon,EN11 0DE,00845202,1014568629874,,24/10/2026,E,
"YARD ADJ TO, 7A",,GILSTON ROAD,,SALTASH,PL12 6TW,03801110,2200043234115,,2/11/2025,E,
,99,Parkway Avenue,,SHEFFIELD,S9 4WG,9219579503,9219579503,423961,16/12/2025,,
Unit 7,,SELLICK IND UNITS,,Saltash,PL12 6TW,03800110,2200016238635,,2/11/2025,D,
Radfords Field Ind Est,Unit 7A,Maesbury Road,,Oswestry,SY10 8JL,03801D01,1300053410533,3870,30/10/2026,E,
BASEMENT OFFICE,23,GREEN PARK,,BATH,BA1 1HZ,,2200043169974,,2/11/2025,D,
CLUB LTD,0,Kirkham Street,,Paignton,TQ3 3AX,00900N14,2200030092480,,2/11/2025,E,
Unit 2,,Hopton Court,,Devizes,SN10 2EU,03801H07,2000006603906,2847,2/11/2025,E,
Bower House,,Orange Tree Hill,,ROMFORD,RM4 1PB,19760907,19760907,453493,1/9/2026,,
,,110-114 Greenford Road,,Harrow,HA1 3QL,00801203,1023545709844,,1/11/2026,E,
,,Ainsdale Drive,,Shrewsbury,SY1 3TL,00845L02,1417134300000,,1/6/2028,E,
,SUFFOLK FO,PEPPERS LANE,,IPSWICH,IP9 2AB,00845073,1030036520328,,1/11/2026,E,
,SUFFOLK FO,PEPPERS LANE,,WHERSTEAD,IP9 2AB,00845072,1030080263332,,1/11/2026,E,
,13,Southside Street,,Plymouth,PL1 2LA,03800110,2200010300190,,2/11/2025,D,
,13,Southside Street,,Plymouth,PL1 2LA,03801N14,2200041139081,,2/11/2025,D,
Hgv Testing Station,,Bowesfield Lane,,Stockton-On-Tees,TS18 3HF,3637501,3637501,161070,11/6/2027,,
213-217,,Lozells Road,,BIRMINGHAM,B19 1RJ,9153626809,9153626809,136691,28/2/2027,,
,,58/59 Southside Street,,Plymouth,PL1 2LA,03800110,2200031951366,,2/11/2025,D,
HOPTON WORKSHOP,,Hopton Park Industrial Estate,,Devizes,SN10 2EU,00845H89,2000027341698,,1/11/2026,E,
,14-16,Stowell Street,,Newcastle upon Tyne,NE1 4XQ,0090002D,1591039839875,,1/11/2026,E,
,,Pk Road,,Spalding,PE12 7EE,04811037,1100000509173,,2/11/2025,D,
Unit 11,,Central City Industrial Estate,,Coventry,CV6 5RY,04811N13,1100023724419,13912,1/11/2026,E,
Park Hall,,Park Road,,Spalding,PE12 7EE,03801013,1100000508861,310,2/11/2025,D,
Brook Farm Bed & Breakfast,,Capenhurst Lane,,Chester,CH1 6HE,03801D03,1300011486763,7437,1/11/2026,E,
Portals Bar,17,Castle Street,,Aberdeen,AB11 5BQ,00800S13,1714740191950,,2/11/2025,D,
Unitd2,,Riverside Industrial Estate,,Dartford,DA1 5BS,531615703,531615703,229631,25/11/2026,,
,43,The Surgery,,Poole,BH14 0HU,03801H03,2000021491193,25161,1/11/2026,E,
Unit 2A,,Badminton Court,,Amersham,HP7 0DD,03801204,1012955174359,40979,2/11/2025,E,
,,Sterling Ind Estate,,Dagenham,RM10 8HR,63178105,63178105,536928,1/12/2030,,
"Unit F4, The Gate",,Newgate Street,,NEWCASTLE UPON TYNE,NE1 5TG,0084505B,1507849860640,,2/11/2026,E,
,,CLARENCE STREET,,DUDLEY,DY3 1UP,03800007,1413751490008,,2/11/2025,D,
Stall 50,,Guildhall Market,,Bath,BA1 4AW,03801110,2200012357269,1027,2/11/2026,E,
FLAT ABOVE SHOP,,CLARENCE STREET,,DUDLEY,DY3 1UP,03800007,1414751490000,,2/11/2025,D,
,.,"BASS BREWERS NORTH, BASS BREWERS LTD",,SHEFFIELD,S4 8BS,71053002,71053002,602617,1/1/2026,,
Commbe Abbey Farm,,Coombe Fields Rd,,Coventry,CV3 2SX,03801N14,1100025352184,94782,1/9/2026,E,
11A Woodside Place,,,,Wembley,HA0 1UW,03801201,1012833136351,1881,2/11/2025,E,
Unit 1,,Brindley Road,,Coventry,CV7 9EP,00845L02,1160000901390,,3/11/2026,E,
,,Unit 11a Abbey Industrial Estate,,Wembley,HA0 1NR,03800202,1012833136583,,2/11/2025,D,
Mennerion Cott,,Carnmenellis,,Cornwall,TR16 6NW,03801N12,2200023511353,4339,3/11/2026,E,
Bay 4,Unit 20a,Abbey Industrial Estate,,Wembley,HA0 1NR,04810201,1012833139575,18019,2/11/2025,E,
UNIT 3,,ABBEY INDUSTRIAL ESTATE,,WEMBLEY,HA0 1NR,03801203,1012833143483,27792,2/11/2025,E,
CARR VALE WORKS,,Taylor Street,,Darwen,BB3 1DQ,03801131,1610022781976,546,3/11/2026,E,
,305,Uxbridge Road,,London,W3 9QU,46710502,46710502,133491,27/5/2027,,
Fernleigh,37,Tamworth Road,,ASHBY-DE-LA-ZOUCH,LE65 2PW,79844108,79844108,171470,1/2/2027,,
BUTLER'S COTTAGE,,OTTERBURN TOWER HOTEL,,Newcastle upon Tyne,NE19 1NS,0084505A,1592001104090,,2/1/2026,E,
,3,Market Place,,SHEPTON MALLET,BA4 5AZ,00900N14,2200030034112,,4/11/2026,E,
Gurdwara Nanaksar,,Sycamore Road,,Warley,B66 4NT,49907907,49907907,0,1/6/2014,,
"UNIT 26, ABBEY INDUSTRIAL ESTATE",,Mount Pleasant,,WEMBLEY,HA0 1NR,03800203,1012833143020,,2/11/2025,D,
Cuan Mor,60,George Street,,OBAN,PA34 5SD,1146621406,1146621406,226271,1/4/2028,,
Unit 1,83,High Street,,Brackley,NN13 7BW,04811N13,1100015873861,18018,4/9/2027,E,
K T'arn,37,Horsemarket,,Barnard Castle,DL12 8LX,0380102D,1591023148065,36,24/10/2027,E,
,,58-78 High Street,,Southall,UB1 3DB,00845H86,2000027291187,,2/11/2025,E,
,67,Haddon Road,,Leeds,LS4 2JE,80977705,80977705,205192,21/4/2027,,
"Unit 12-13,Bartlett Park",,Gazelle Road,,Yeovil,BA20 2PJ,03801H01,2000025948468,6372,6/11/2026,E,
,,Walford Road,,ROSS-ON-WYE,HR9 5PQ,04024040,1418285881006,,2/11/2025,D,
Camelot Castle,,Tintagel,,,PL34 0DQ,03801N14,2200022226795,129568,20/5/2027,E,
Unit 4,,unit 4 St Katherines Court,,Swansea,SA1 7ER,03801200,2199997704928,3152,7/11/2026,E,
1/3,14,Park Circus,,Glasgow,G3 6AX,04800225,1800037910012,,2/11/2025,D,
1/3,14,Park Circus,,Glasgow,G3 6AX,04800D02,1800037910021,,2/11/2025,D,
UNIT 13,,ST. MARTINS WAY,,BEDFORD,MK42 0LF,00845074,1012364411306,,8/11/2026,E,
ENGEBRET LTD,,SANDWICK ROAD FILLING STATION,,Stornoway,HS1 2SL,03801P08,1712792951207,182497,1/10/2028,E,
Golden Lion,,Menherion,,Redruth,TR16 6NW,00845N14,2200023819120,,13/6/2026,E,
Newton Court,Unit 7,Westrand,,WOLVERHAMPTON,WV9 5HB,00845N12,1415697213003,,8/11/2026,E,
,732,Romford Road,,London,E12 6BT,03004201,1200021594513,4670,10/11/2026,E,
Unit 1,,Marstone Business Park,,"Rudgate, Tockwith",YO26 7QF,0380102A,2300000465642,,2/11/2025,E,
Unit 15,,Cwmdu Industrial Estate,,Swansea,SA5 8JF,03801N12,2100040308860,12319,14/11/2026,E,
,UNIT 14,MARSTON MOOR BUSINESS PARK,,YORK,YO26 7QF,0481102B,2380002344347,,2/11/2025,E,
Alton Manor Farm,,,,Belper,DE56 2SH,03801013,1100008688860,400,14/11/2026,E,
,91,HIGH ROAD,,BENFLEET,SS7 5LN,03136201,1012596525461,2495,14/11/2026,E,
Unit 04,,Marston Business Park,,York,YO26 7QF,0380002A,2300000860199,,2/11/2025,D,
Quantum House,,Hobson Industrial Estate,,Newcastle upon Tyne,NE16 6EA,17821004,17821004,109379,2/10/2026,,
,135,Central Parade,,Herne Bay,CT6 8SS,03800202,1900031176527,,2/11/2025,D,
,54,London Road,,LONDON,SE23 3HF,03801202,1200026737318,19244,14/11/2026,E,
,6,Lees Road,,Ashton-under-lyne,OL5 0PF,03801631,1610002703370,7,2/11/2025,D,
,4,"Wick Ind Est, Gore Road",,NEW MILTON,BH25 6SJ,03801H02,2000020017166,38927,15/11/2026,E,
,Unit B12,Crabtree Road,,Egham,TW20 8RN,03801H06,2000060056795,288,2/11/2025,E,
Oaklands Residential Home,,Coed-Yr-Ynys Road,,Crickhowell,NP8 1NA,04102N14,2199990721519,,13/10/2028,E,
"Hill Farm Orchards Ltd , Hill Farm",,Droxford Road,,Southampton,SO32 2PY,03801H06,2000023846106,1329,2/11/2025,E,
Plot 1,,Blackboy Lane,,Chichester,PO18 8BE,03801H06,2000057293975,2809,20/11/2026,E,
,,3 Lowman Green,,Tiverton,EX16 4LA,04807210,2200019295167,1633,2/11/2025,E,
,4,Bessemer Court,,Middlesbrough,TS6 7EB,0380102B,1591047937220,1506,2/11/2025,D,
Racehorse Inn,,Wellbrook Street,,Tiverton,EX16 5JW,00845N13,2200030083012,,27/5/2028,E,
Unit 4,,Pulloxhill Business Park,,Bedford,MK45 5EU,00900202,1014571445304,,20/11/2026,E,
,,Leicester Road,,Hinckley,LE10 3DR,2436301602,2436301602,88368,20/12/2027,,
Unit 5-6,,Bessemer Court,,Middlesborough,TS6 7EB,0380102A,1591047939194,12962,22/5/2027,D,
Unit 4,,Watchmoor Park,,Camberley,GU15 3AQ,03801H07,2000004714638,14438,21/11/2026,E,
Perkins Butchers,108,Union Road,,Accrington,BB5 3DA,03801024,1610022587274,11728,2/2/2027,E,
"1 Mile End, Electric",1,Mile End,,Bath,BA1 6PT,03801N13,2200012418275,18288,20/9/2027,E,
UNIT 17B,,CROFTY INDUSTRIAL ESTATE,,SWANSEA,SA4 3RS,03801N12,2100041375228,1738,22/11/2026,E,
BUCKINGHAM GOLF CLUB LIMITED,,Tingewick Road,,Buckingham,MK18 4AE,69089608,69089608,131409,1/8/2028,,
,18,Bessemer Court,,CLEVELAND,TS6 7EB,0380102B,1591046026587,9911,2/11/2025,D,
Unit 6,,Commondale Court Euroway Estates,,Bradford,BD4 6SF,0380102A,2300000138923,10384,24/11/2026,E,
The Tshirt Factory Europe Ltd,,"Units 1A, 100 Barkby Road",,Leicester,LE4 9LF,00845L02,1170001419357,,24/11/2028,E,
Unit J The Maltings,,Station Road,,Sawbridgeworth,CM21 9JX,05800204,1014571238076,,2/11/2025,D,
,2,Morris Road,,Leicester,LE2 6BR,04800037,1100012206260,,2/11/2025,D,
Unit 13,,Rochsolloch Road,,Airdrie,ML6 9BB,03801D01,1800014995960,3793,24/11/2026,E,
PAMS FASHIONS WALL STREET,22,Bridgegate,,Irvine,KA12 8BQ,03801D01,1800017376242,64,2/11/2025,E,
,,Julias Way,,NOTTINGHAM,NG17 7RB,8923452507,8923452507,31912,20/10/2026,,
E Reading,,56 St Marys Butt,,READING,RG1 2LG,03801H07,2000010523730,,25/11/2026,E,
,13,Broad Street,,Stoke-on-Trent,ST1 4HS,03800007,1411274303005,,2/11/2025,D,
,5,Fellside Road,,Newcastle,NE16 4AL,0380102B,1591056843837,3550,12/12/2026,E,
,31,Broad Street,,Stoke-On-Trent,ST1 4HS,03800007,1414648810003,,2/11/2025,D,
Hull City Wire Works Ltd,,Wiltshire Road,,HULL,HU4 6PE,0380102D,2360515165010,56627,29/6/2026,E,
Blunts Shoes,43,Broad Street,,Staffordshire,ST1 4HS,05800021,1419648810002,,2/11/2025,D,
Royal Oak,112,Belgrave Gate,,Leicester,LE1 3GR,04031N14,1100012407434,20542,23/1/2028,E,
Dairycoates Industrial Estate,,Wiltshire Road,,HULL,HU4 6PA,0481102D,2360515183019,40049,29/6/2026,E,
"And Units 1, Unit 2",,"Mill Mead Industrial Centre, Mill Mead Road",,LONDON,N17 9QU,00845071,1014569269739,,1/1/2026,E,
,24,"Kepler, Lichfield Road Industrial Estate",,TAMWORTH,B79 7XE,03801N12,1100021954335,16730,9/5/2026,E,
,,Rareridge Lane,,SOUTHAMPTON,SO32 1DX,04111H49,2000023866237,69122,7/2/2028,E,
Dairycoates Industrial Estate,,Wiltshire Road,,HULL,HU4 6PA,0380102C,2360515077914,19500,29/6/2026,E,
Meltex House 61,,Lichfield Industrial Estate,,Tamworth,B79 7XE,03800013,1100770099670,,2/11/2025,D,
,,Beech Avenue,,NORWICH,NR8 6HP,00845071,1030082604041,,29/6/2026,E,
,30,Western Road,,Hove,BN3 1AF,04815202,1900004335213,2968,17/7/2027,E,
Unit C,,Mortimer Road,,Leicester,LE19 2GA,04800037,1100018409419,,2/11/2025,D,
Ullesthorpe Garden & Aquatics Centre,,Lutterworth Road,,Lutterworth,LE17 5DR,03801013,1100018089320,,2/11/2025,D,
UNIT 66B,,MILLMEAD ROAD,,LONDON,N17 9QU,00845072,1030083670782,,1/1/2026,E,
Station Garage,,Northport,,Wareham,BH20 4AS,03801H06,2000022327796,4854,17/6/2026,E,
30-32,,Woodside Park Road,,London,N12 8RP,03801204,1013010452558,16484,1/1/2027,E,
,3,"Boughton Parade, Loose Road",,Maidstone,ME15 9QD,201799206,201799206,152167,24/4/2027,,
,2,The Crescent,,Yeovil,BA20 1XQ,03801H02,2000026014630,15097,2/11/2025,D,
Unit D1,,Dominion Way,,Littlehampton,BN16 3HQ,03801203,1900030401167,6003,24/2/2027,E,
,39,Buckingham Street,,Aylesbury,HP20 2NQ,00845071,1023541464620,,23/8/2027,E,
,,Chippenham Golf Club,,Chippenham,SN15 5LT,00900H86,2000055316549,,1/11/2026,E,
,,U 7 Taylor Street,,Darwen,BB3 1DQ,03800131,1610022781985,,2/11/2025,D,
Unit U2,,"Rudford Industrial Estate, Ford Road",,ARUNDEL,BN18 0BF,04811H17,2000018560819,7191,29/6/2027,E,
The Forge Workshop,,Checkendon,,Reading,RG8 0SP,03801H09,2000050891775,22963,1/8/2026,E,
,15a,Victoria Road,,MABLETHORPE,LN12 2AF,03801N13,1100000612298,20907,1/1/2027,E,
,,U 9-11 Taylor Street,,Blackburn,BB3 1DQ,03800631,1610022781994,,2/11/2025,D,
Empire House,28,Main Street,,Hull,HU10 6BU,0481102C,2361800369110,13284,30/6/2026,E,
UNIT 1,,MOORLAND WAY,,LINCOLN,LN6 7JW,03801N14,1100002528327,,1/1/2027,E,
,8,Victoria Road,,Shipley,BD18 3LA,0380102C,2300000142780,10362,2/11/2025,D,
Unit 2,,Dalby Court,,Northwich,CW9 7TN,00900D02,1300000222040,,30/6/2027,E,
,20,Burnley Road,,Burnley,BB12 8BX,03801131,1610014134839,,2/11/2025,D,
Stephens House and Gardens,17,East End Road,,Finchley,N3 3QE,00845071,1014571648628,,1/1/2027,E,
Warehouse,,Linden Road,,Benfleet,SS7 4BA,03801203,1023545582381,8266,1/1/2028,E,
,14,"Rowallen Parade, Green Lane",,DAGENHAM,RM8 1XU,04808202,1200039855225,7096,17/6/2026,E,
,16,Wolverhampton Road,,Stafforf,ST17 4BP,03800007,1460001466771,,2/11/2025,D,
Ken Fish,8,LIMBRICK LANE,,,BN12 6JL,04811203,1900024406598,12478,30/6/2027,E,
JP Auto's,1,Arch Hill Street,,Dudley,DY2 9QE,03800007,1414417303000,,2/11/2025,D,
,116,High Street,,Chichester,PO20 0QG,03801H02,2000018652016,12877,1/1/2026,E,
"SHOP, A",241,Mere Road,,Leicester,LE5 5GS,04800037,1100012981059,,2/11/2025,D,
,253,Chillingham Road,,New Castle Upon Tyne,NE6 5LL,0380102D,1591057259193,,1/7/2026,E,
Jervis Arms,,Onecote,,Leek,ST13 7RU,07811N12,1422083000009,68485,1/8/2026,E,
Unit 8,,,,Brierley Hill,DY5 1QA,03800007,1415510880008,,2/11/2025,D,
Phase 1 Industrial Estate,,Unit 11 & 12 Wallows Road,,Brierly Hill,DY5 1QA,03800007,1411810880007,,2/11/2025,D,
,2,"Mulberry Court, Victoria Road",,WARRINGTON,WA4 2DB,03801D01,1300005710820,,1/7/2027,E,
,,Main Street,,Keswick,CA12 5JF,72451805,72451805,23878,1/10/2026,,
LAND ADJACENT 17,,STATION ROAD,,MALDON,CM9 4LQ,03801201,1050000042228,5449,23/1/2027,E,
,130,New Walk,,Leicester,LE1 7JA,03800013,1100013713679,,2/11/2025,D,
,14,HIGH OAKS,,ST. ALBANS,AL3 6DL,03801204,1012476635892,,1/7/2026,E,
Rear Bankfield House,132,New Walk,,Leicester,LE1 7JA,03800013,1100013713730,,2/11/2025,D,
,,AVENUE INDUSTRIAL ESTATE,,Cardiff,CF23 8HE,9187149604,9187149604,988189,8/3/2027,,
"GRANT BOWMAN,The Coach House",,Stanley Road,,BRADFORD,BD2 1AS,0090002D,2316514233217,,1/1/2027,E,
UNIT 21,,LEESIDE ROAD,,LONDON,N17 0QJ,00845074,1050001765995,,30/4/2026,E,
,10,Arran way,,Birmingham,B36 0QG,03800007,1418369251008,,2/11/2025,D,
,110,Wey Hill,,Haslemere,GU27 1HS,03801H02,2000016431572,38270,1/1/2026,E,
,12,Arran Way,,Birmingham,B36 0QG,03800007,1417369251006,,2/11/2025,D,
Kdp Enterprises Ltd,,Tyddyn-Yr-Eglwys,,Llanfymach,SA35 0AR,04100N14,2199999179253,153271,1/1/2028,E,
,28A,Arran Way,,Birmingham,B36 0QG,03800007,1412369251007,,2/11/2025,D,
,107,Annesley Road,,Nottingham,NG15 7DR,04811037,1100006300606,2853,12/4/2026,E,
144aPriorswood Road,144a,Priorswood Road,,Taunton,TA2 8DN,03802N12,2200014486018,16458,2/1/2028,E,
SIR CHRISTOPHER HARDING HOUSE,,NORTH SHORE,,WHITEHAVEN,CA28 7XY,8914186904,8914186904,339321,22/10/2027,,
St Johns Social Centre,,Arran Way,,Birmingham,B36 0QE,03031N14,1413622351006,63048,9/1/2026,E,
bicester court hotel,2A,Market Square,,Bicester,OX26 6AA,04108H48,2000008458408,42353,2/11/2025,D,
N/A,32,Lowtown,,PUDSEY,LS28 7AA,71253706,71253706,158416,1/4/2027,,
4A,,WEST GATE,,STEVENAGE,SG1 1QR,03801204,1012825209400,,1/7/2026,E,
,,Osprey Court,,BRISTOL,BS14 0BB,03801N12,2200041032372,5954,3/1/2026,E,
,20,Walsall Enterprise Park,,WALSALL,WS2 9HQ,9334434302,9334434302,103039,1/4/2031,,
Westfield Lodge,,Irthlingborough Rd,,Wellingborough,NN9 5PN,03801N12,1100021010359,8363,14/1/2027,E,
,68,Hollyhedge Lane,,Walsall,WS2 8PZ,04807N14,1415627150008,,2/11/2025,E,
,30,Old Bond Street,,London,W1S 4QQ,03801202,1200026252990,61401,4/1/2028,E,
Antony Preston Antiques,,The Square,,Stow On The Wold,GL54 1AB,03800007,1417865871004,,2/11/2025,D,
,,Codnor Gate Industrial Estate,,Ripley,DE5 3YD,00845991,1100039627772,,1/7/2026,E,
Grand Casino,,Promanade,,Penzance,TR18 4HH,00900N14,2200030105400,,4/1/2027,E,
Offices Finials House,,The Square,,Cheltenham,GL54 1AF,04800010,1411775871005,,2/11/2025,D,
Glenford Grange,,Little Glen Road,,Leicester,LE2 9TW,03801013,1100014152945,1989,2/11/2025,D,
Unit 20,,"Kent Park Industrial Estate, Ruby Street",,LONDON,SE15 1LR,03801204,1200032723709,6817,2/11/2025,E,
Unit 1 Phase 1 Ind Estate,,Wallows Road,,Brierley Hill,DY5 3ST,03801N12,1417610880007,4974,1/7/2026,E,
,,Unit 4a Church Street,,Biggleswade,SG18 0JS,03801203,1012445538050,15668,5/6/2027,E,
Unit 1 Kepler,,Lichfield Road Ind Estate,,Tamworth,B79 7XE,00845L03,1100021954229,,5/1/2026,E,
,,"Cashs Business Centre, Widdrington Road",,COVENTRY,CV1 4PB,03801N14,1100021722641,21542,2/11/2025,E,
,BOLTON,United Kingdom,,Bolton,BL1 2AX,03801004,1630000580354,28845,1/7/2026,E,
Office 1 First Floor,,30a Horsefair,,Banbury,OX16 0AE,04800010,1411105181005,,2/11/2025,D,
The Royal Oak,,Harwich Road,,Colchester,CO4 3HP,03801203,1012611516405,26477,27/8/2027,E,
6-7 KEPLER,,LICHFIELD ROAD INDUSTRIAL ESTATE,,TAMWORTH,B79 7XE,03801N12,1100021954247,6122,5/1/2026,E,
,48,Elliott Road,,Cirencester,GL7 1YG,00845H86,2000027381167,,1/7/2026,E,
,9,Kepler,,Tamworth,B79 7XE,00845L02,1170000539340,,5/1/2026,E,
Office 2,,"First Floor, Stormark House",,Banbury Oxon,OX16 0AE,04800010,1412105181007,,2/11/2025,D,
"ELLIOTT ROAD, UNIT 1& 2",,LOVE LANE IND EST,,CIRENCESTER,GL7 1YS,00845H87,2000027381185,,1/7/2026,E,
Office 3 Second Floor,,,,Banbury Oxon,OX16 0AE,04800010,1413105181009,,2/11/2025,D,
,,GRETTON BROOK ROAD,,CORBY,NN17 4BA,00845L03,1160000926702,,1/8/2026,E,
184A,,New Road,,Rainham,RM13 8RS,03801202,1012574208790,6568,23/8/2026,E,
Unit 2 Ten Acres End,1082,Pershore Road,,Birmingham,B30 2YG,03801N12,1414585111003,3812,2/11/2025,E,
,12,Main Street,,Street,BA16 9QA,00845N14,2200030046118,,15/7/2026,E,
,118,Dean Road,,South Shields,NE33 4AW,,1591038267465,2314,6/1/2026,E,
,5,"Mayfield Mobile Home Park, Draycott Road",,DERBY,DE72 3DA,03801013,1100011315429,4551,2/7/2027,E,
Unit 2,104,Stewarts Road,,London,SW8 4UG,00900204,1200060052779,,20/4/2027,E,
Block B - 2nd Floor,,Abbey Park Street,,Leicester,LE4 5AF,04800037,1100012406547,,2/11/2025,D,
Unit 5,,Pindar Road,,Hoddesdon,EN11 0DD,03801202,1015681382299,4522,2/7/2026,E,
,,"Darren Drive, Prince of Wales Industrial Estate",,NEWPORT,NP11 5AR,00845300,2199989659447,,3/2/2027,E,
Chaintabs Ltd,6,Grafton Road,,Birmingham,B11 1JP,03801N12,1418918211000,12411,2/11/2025,E,
3rd Floor Block B,,Abbey Park Street,,Leicester,LE4 5AF,04800037,1100012406565,,2/11/2025,D,
,,Reliance Enterprise Park,,MANCHESTER,M40 3AL,03801631,1610018253423,11374,2/7/2026,E,
Unit 1a,,Abbey Park Street,,Leicester,LE4 5AF,03800013,1100012276417,,2/11/2025,D,
,33-37,Foley Street,,Maidstone,ME14 5BD,03801203,1900037236508,32722,13/2/2028,E,
,Unit 12,Whitting Valley Road,,Chesterfield,S41 9EY,03801013,1100009037664,1429,15/1/2026,E,
,,Bush House,,ATTLEBOROUGH,NR17 2AF,04807203,1012719964851,11839,3/9/2027,E,
Ashton Lawns Farm,,Lawns Avenue,,Wigan,WN5 8UH,00900374,1600000078489,,9/1/2028,E,
Sangra Building,,Abbey Park Street,,Leicester,LE4 5AF,04800037,1100012406342,,2/11/2025,D,
CSANGRIA BUILDING,,Abbey Park St,,Leicester,LE4 5AF,04800037,1100050147852,,2/11/2025,D,
63-65,,London Road,,Waterlooville,PO7 7EX,03500H01,2000015486678,1147,9/1/2027,E,
Stall 52,,Guildhall Market,,Bath,BA2 4AW,03801110,2200040477420,1968,2/7/2027,E,
Block A,,Abbey Park Street,,Leicester,LE4 5AF,04800037,1100012406644,,2/11/2025,D,
,8b,Coopers Way,,Southend-on-Sea,SS2 5TE,03801203,1012532279336,25154,10/1/2026,E,
Stall 51-52,,Guildhall Market,,Bath,BA2 4AW,03801110,2200012357348,1465,2/7/2027,E,
Ground Floor Block C,,Abbey Park Street,,Leicester,LE4 5AF,04800037,1100012406653,,2/11/2025,D,
,,Coopers Way Yard,,Southend-on-Sea,SS2 5TE,03801201,1050000428901,60,6/8/2026,E,
Flat,,84 - 86 London Road,,Coventry,CV1 2JT,03800013,1100024042831,,2/11/2025,D,
"UNIT 69, MARSDEN MALL",,ARNDALE CENTRE,,Nelson,BB9 9SL,03801131,1610014295420,,2/11/2025,E,
,Unit 7,Crabbe Street,,Stourbridge,DY9 7BJ,03801007,1419010101001,1,19/9/2026,E,
,44,Market Hall,,Nelson,BB9 9SL,03801631,1610014295191,13538,2/11/2025,D,
,241,High Street West,,Sunderland,SR1 3DE,0084505A,1591059348836,,20/9/2026,E,
16-32,,Bellgrove Parade,,Welling,DA16 2RE,00845071,1200010168788,,2/11/2025,E,
,,Pendle Rise Shopping Centre,,Nelson,BB9 9SL,03801631,1610014294807,,2/11/2025,E,
,2,Pendle Way,,Nelson,BB9 9SL,03801631,1610014295740,243,2/11/2025,E,
"Storage Unit, Hill Farm",,Droxford Road,,SOUTHAMPTON,SO32 2PY,00845H86,2000051417800,,1/2/2026,E,
HAMMOND CLOSE CENTENARY BUSINESS CENTRE,UNIT 11,ATTLEBOROUGH FIELDS IND ESTATE,,NUNEATON,CV11 6RY,04808037,1100022056122,63,2/11/2025,E,
The Admiral Shopping Centre,5,Pendle Way,,Nelson,BB9 9SL,03800631,1610014295777,,2/11/2025,D,
Corenso House,2,Patriot Drive,,MILTON KEYNES,MK13 8PU,4018308007,4018308007,181991,25/4/2027,,
,,21A Peel Street,,Accrington,BB5 1EA,03801131,1610022416588,8615,29/4/2026,E,
2,,TOWER ROAD,,BIRKENHEAD,CH41 1FN,49056603,49056603,261717,16/7/2027,,
Unit 2,,Boulevard,,Hull,HU3 4AY,0380102B,2360510812913,3818,25/9/2027,E,
,Unit 14a,The Admiral Shopping Centre,,Nelson,BB9 9SL,04813284,1610014295545,388,2/11/2025,E,
,7,Pendal Way,,Nelson,BB9 9SL,03800631,1610014295786,,2/11/2025,D,
,41,"MARKET HALL, ARNDALE CENTRE",,Nelson,BB9 9SL,03801131,1610014295173,15085,2/11/2025,D,
Unit 2,,Light Industrial Units,,Rhyl,LL18 6DD,03801D01,1300009318039,2711,2/11/2025,E,
,Unit 12,Pendle Rise Shopping Centre,,Nelson,BB9 9SL,03801204,1610014295518,13538,2/11/2025,E,
Spring Lodge,,Powers Hall End,,WITHAM,CM8 2HE,5026282704,5026282704,0,,,
Hayes Cottage Nursing Home,,Grange Road,,Hayes,UB3 2RR,9188913306,9188913306,516516,1/4/2027,,
,51,High Street,,WITNEY,OX28 6JA,04800140,2000008984604,,2/11/2025,D,
Unit 21,,Arndale Centre,,Nelson,BB9 9SL,03800631,1610014295554,,2/11/2025,D,
,211,Swanshurst Lane,,Birmingham,B13 0AR,04800010,1418241911002,,2/11/2025,D,
,,Avenue Road Extension,,Leicester,LE2 3EJ,00845058,1100039350824,,9/1/2028,E,
7A,7 - 9,Union Street,,Stratford on Avon,CV37 6QT,03800007,1415547081009,,2/11/2025,D,
,2,MOORLANDS ROAD,,Merriott,TA16 5NF,72788908,72788908,104930,4/8/2026,,
,267,Alcester Road South,,Birmingham,B14 6EB,03801007,1417055501007,8628,2/11/2025,E,
Glyn Clydach Hotel,,Longford Road,,Neath,SA10 7AJ,00845300,2199989650611,,19/2/2026,E,
,3,Bridge Street,,Bridgnorth,WV15 6AF,03801007,1416499802002,11053,23/3/2027,E,
,124,High Street,,RUSHDEN,NN10 0PD,03801N12,1100020862960,17625,17/11/2027,E,
,126,A High Street,,Rushden,NN10 0PD,03800013,1100020862988,,2/11/2025,D,
,56,Kingsbury,,Aylesbury,HP20 2JE,04807202,1012458456007,,22/7/2028,E,
,,Alma Street,,Smethwick,B66 2RL,00900633,1411888160004,,2/11/2025,E,
ARGYLE WORKS,,ALMA STREET,,SMETHWICK,B66 2RL,03800007,1416888160003,,2/11/2025,D,
,,36a Tontine Street,,Stoke On Trent,ST1 1LY,03801N13,1410879610007,1838,2/11/2025,E,
UNIT 3,,ALMA STREET,,SMETHWICK,B66 2RL,03801N12,1419888160009,,19/12/2027,E,
,,"2,Hobbs House",,Harrow,HA1 3EX,03801203,1012854358682,10727,28/9/2026,E,
,,Binley Road,,Coventry,CV3 1HB,04031037,1100042000106,50720,2/11/2025,D,
"Unit 5, 1st Floor",,Abbey Park Street,,Leicester,LE4 5AF,04800037,1100012406500,,2/11/2025,D,
,,2-4 High Street,,Beckenham,BR3 1AZ,00845072,1200010182072,,13/11/2025,E,
,1/2,Westgate,,West Yorkshire,BD18 3QU,0380102A,2315410193014,930,28/9/2026,E,
"Block B, 1st Floor",,Abbey Park Street,,Leicester,LE4 5AF,04800037,1100012406608,,2/11/2025,D,
Blue Anchor Hotel,,BLUE ANCHOR,,Minehead,TA24 6JP,00900N14,2200021752003,,4/4/2026,E,
,41,Valley Road,,Stourbridge,DY9 8JG,03800007,1421710100008,,2/11/2025,D,
,4,THE ROWS,,HARLOW,CM20 1BX,00845073,1030008531161,,28/11/2026,E,
,27,Sea Road,,Bournemouth,BH5 1DH,03800H02,2000020394718,,2/11/2025,D,
,9,Sandpits Lane,,Coventry,CV6 2FR,04811037,1100023450233,,2/11/2025,D,
THE PLOUGH INN,,KEYWORTH ROAD,,NOTTINGHAM,NG12 5QQ,00900N14,1160001169060,,29/9/2026,E,
Unit 14A,,Brookleaze Trading Estate,,Bristol,BS31 2AL,03801110,2200040935556,12,29/9/2027,E,
Unit 16a,,St Katherines Court,,Swansea,SA1 7ER,03800200,2199997705008,,2/11/2025,D,
,4,Ball Green,,Manchester,M32 0QT,03801024,1630000369604,20647,3/10/2027,E,
,49,Frederick Street,,Edinburgh,EH2 1EP,00845G02,1800035160800,,1/10/2027,E,
,,Unit 12,,Swansea,SA1 7ER,03801200,2199997704876,266,2/11/2025,E,
,1-6,Station Road,,London,NW7 2JU,03801203,1013013565608,6868,31/10/2026,E,
St Katherines Court,,"Unit 12, Clarke Way",,Swansea,SA1 7ER,04811201,2199997705062,4453,2/11/2025,E,
St. Lukes Court / Unit 21,,Clarke Way,,Swansea,SA1 7ER,03801200,2199997704955,25,27/6/2027,E,
,400,Roding Lane South,,WOODFORD GREEN,IG8 8EY,00845072,1200010134618,,30/9/2026,E,
Barnet and Southgate College,,Unit 1 Baird Road,,Enfield,EN1 1SJ,00845071,1014571661275,,30/9/2027,E,
,10,Union Street,,Stratford Upon Avon,CV37 6QT,03800007,1416447081005,,2/11/2025,D,
,145,London Road North,,LOWESTOFT,NR32 1NB,00845071,1014572307571,,30/9/2026,E,
"Unit 7, Bartlett Court",,Sea King Road,,Yeovil,BA20 2NZ,03801H02,2000025947998,,14/11/2025,D,
Unit 21 Bartlett Court,,Sea King Road,,Yeovil,BA20 2NZ,04044H16,2000025948148,631,30/9/2026,E,
,N/A,,,WIDNES,WA8 8TL,12797300,12797300,287506,22/3/2027,,
Unit 25,,Bartlett Court,,Yeovil,BA20 2NZ,03801H01,2000025948193,393,2/11/2025,E,
"Unit 8, Bartlett Court",,Sea King Road,,Yeovil,BA20 2NZ,03801H02,2000025948004,,14/11/2025,D,
9,,WARDENTREE PARK,,SPALDING,PE11 3ZN,03801N14,1160000435315,,1/11/2027,E,
,975,Stratford Road,,Birmingham,B28 8BG,04536040,1419605551008,14411,21/1/2027,E,
"NATIONAL YOUTH AGENCY, EASTGATE HOUSE",19 - 23,HUMBERSTONE ROAD,,Leicester,LE5 3GJ,00845L02,1160000104354,,2/11/2025,E,
,1,Wharf Road,,Birmingham,B11 2DX,04811010,1411602041000,,2/11/2025,D,
Eclipse Night Club,,,,Bodmin,PL31 1EB,8818959902,8818959902,0,2/2/2017,,
,,MARKET PLACE,,UTTOXETER,ST14 8HN,04800037,1100025424573,,2/11/2025,D,
,63,Bedford Street,,Warwick,CV32 5DN,04828037,1100024321370,31640,2/11/2025,D,
Farm Shop Supply,,Washingpool Farm,,Bristol,BS35 5RE,03046N14,2200040767652,210078,21/9/2026,E,
T/A Sunshine Stores,93,Upr Bristol Road,,Weston Super Mare,BS22 8DN,04800210,2200013152603,,2/11/2025,D,
,59,Middle Street,,Yeovil,BA20 1LQ,04800140,2000026022107,,2/11/2025,D,
,,Forth Banks,,Newcastle Upon Tyne,NE1 3SG,0084502D,1591040431569,,1/10/2027,E,
,125,High Street,,NORTHALLERTON,DL7 8PQ,0090002D,1591021389930,,1/7/2027,E,
,12,Ground Floor,,NOTTINGHAM,NG1 5BG,04811N12,1100005871468,5740,14/3/2027,E,
,41,High Street,,Bristol,BS36 1JG,8865283302,8865283302,355189,6/9/2027,,
,50,King Street,,Alfreton,DE55 7DD,04031037,1100008354427,21293,30/4/2026,E,
UNIT 6B,,GRAYCAR BUSINNESS PARK,,DERBY,DE13 8EN,8855410703,8855410703,6273,18/11/2026,,
,54,High Street,,Gwynedd,LL57 3AN,03801D02,1300011779490,23592,26/11/2026,E,
Cancer Research Campaign,217,High Street,,Northallerton,DL7 8LW,0084502D,1591014767798,,10/2/2026,E,
,,Abbey Road,,LLANDUDNO,LL30 2EL,75131600,75131600,5591,7/7/2026,,
0038236032,,Kipping Lane,,Bradford,BD13 3EL,78738508,78738508,51377,21/10/2026,,
Woodlarks,,Lodge Hill Road,,Farnham,GU10 3RB,46910510,46910510,0,1/1/2030,,
,,Yarmouth Road,,Woodbridge,IP12 1QQ,03136204,1012905027685,28738,2/6/2026,E,
,,8-15 Highlands Court,,Leigh-On-Sea,SS9 2SL,04100201,1012522272723,963,29/11/2026,E,
,25,Schneider Close,,FELIXSTOWE,IP11 3SS,03801202,1012909973371,5396,22/5/2026,E,
,3,Royal Mail Social Cl,,Northampton,NN1 2TN,03801N12,1100019636202,12503,20/3/2027,E,
Prospect House,,Little Money Road,,Norwich,NR14 6JD,00845071,1014569164168,,30/4/2028,E,
,91,Stafford Street,,WILLENHALL,WV13 1RT,03801007,1411056750007,3689,29/11/2026,E,
,73,"Crouch Street,",,"COLCHESTER,",CO3 3EZ,70185800,70185800,196640,9/10/2027,,
,197,Richardshaw Lane,,Pudsey,LS28 6AA,0380102A,2313620131110,1475,15/3/2026,E,
"B, Unit 3",,Temple Road,,LEICESTER,LE5 4JG,03801013,1100012294727,10481,30/11/2026,E,
Isoma Conveyors,,George Holmes Way,,Swadlincote,DE11 9DF,00845L02,1100039382409,,30/4/2026,E,
Inn At The Park,3-4,"Deemount Terrace,",,"ABERDEEN,",AB11 7RX,47098306,47098306,235715,28/3/2027,,
,18,St. Peters Wharf,,NEWCASTLE UPON TYNE,NE6 1TW,0481102A,1591060926254,18867,1/12/2026,E,
,22,Walter Road,,Swansea,SA1 5NN,03801N12,2199998274419,8773,28/3/2026,E,
Boxing Gym,,Welfare Road,,Doncaster,DN6 7PP,0380202D,2335958657910,41522,30/4/2027,E,
Tube Care Inspection,,Bessemer Way,,Great Yarmouth,NR31 0LX,04807202,1023460343393,20411,1/12/2026,E,
1st Floor Office,,337-339 Lincoln Road,,Peterborough,PE1 2PF,03801202,1050000336464,4614,1/12/2026,E,
,2,Bridge Street,,Norwich,NR14 6EZ,04100202,1012710869270,,15/3/2024,E,
Roka Restaurant,37,Charlotte Street,,London,W1T 1RR,9116478306,9116478306,0,4/6/2014,,
SAM TURNERS,17,STOKESLEY BUSINESS PARK,,MIDDLESBROUGH,TS9 5PT,0380102C,1580000442058,,1/12/2026,E,
,1-2,Knowsley Rd Ind Est,,Haslingdon,BB4 4RX,9109179406,9109179406,339616,1/7/2027,,
,Non-PAF De,Henry Wells Square,,HEMEL HEMPSTEAD,HP2 6BJ,04811204,1012966379260,,1/5/2028,E,
,,22/2 High Oaks,,St Albans,AL3 6DL,03136202,1012476639577,5810,16/3/2027,E,
,,Lutterworth Road,,LUTTERWORTH,LE17 5DR,04812N13,1100018446829,11936,1/12/2026,E,
Unit 3,,Greenlea Park,,London,SW19 2JD,00845071,1200010212736,,13/2/2027,E,
,17,St. Pauls Square,,Bedford,MK40 1SL,03136202,1012345854905,6283,4/7/2028,E,
J & J Wilson,40-44,Queen Street,,BUDE,EX23 8BB,03801N12,2200011645270,12528,1/5/2027,E,
Peveril Of The Roak,127,Great Bridgewater Street,,Manchester,M1 5JQ,04811024,1610000089520,53768,4/8/2027,E,
,,The Esplanade,,SIDMOUTH,EX10 8NR,00900N14,2200030085951,,25/10/2027,E,
Unit 11,,Beechings Way,,ALFORD,LN13 9JE,17188401,17188401,173130,18/4/2026,,
Hardware Shop,,Market Place,,Saxmundham,IP17 1AG,03801202,1012715229840,3322,1/5/2027,E,
Unit 5,,Lancaster Way,,Colchester,CO6 2NS,00845072,1014572704558,,2/12/2026,E,
Gables Manor Care Home,,Ingleby,,LINCOLN,LN1 2PQ,04032N14,1100002301234,132175,1/5/2027,E,
,96,Furtherwick Road,,Canvey Island,SS8 7AJ,00900204,1014571696000,,23/5/2027,E,
Stopsley Baptist Church,,St Thomas's Road,,Luton,LU2 7XP,00900071,1014572317231,,1/5/2027,E,
Sikhh Temple,,Hounslow BusnPk,,Hounslow,TW3 3UD,03801H09,2000002799996,135349,1/4/2030,E,
,Units 1 &,Park Drive Ind. Estate,,Braintree,CM7 1AP,73111707,73111707,77613,22/10/2026,,
ELEPHANT HOTEL 1,,WOOLTON ST,,LIVERPOOL 25,L25 5NH,00845G01,1300035383090,,1/7/2026,E,
1st Floor Office,302,Abingdon Road,,OXFORD,OX1 4TE,03801H02,2000009244982,9010,17/3/2027,E,
4TH FLOOR REAR,125,Queens Road,,Brighton,BN1 3WB,03801202,1900060501750,4722,5/12/2026,E,
,,Stoke Holy Cross,,NORWICH,NR14 8PA,03136203,1012723184627,121109,1/5/2026,E,
35,37,Blackstock Road,,London,N4 2JF,03801204,1200021507501,38327,26/9/2027,E,
St Mary's Erpingham,,St. Marys Plain,,Norwich,NR11 6PL,03136202,1012733229416,3803,1/5/2028,E,
,,325A Reepham Road,,Norwich,NR6 5AD,04811201,1012688630342,1443,6/12/2026,E,
Fairlawns,,300-302 Hagley Road,,Birmingham,B17 8DJ,8814470501,8814470501,105951,2/4/2026,,
,3,David Donnelly Place,,Glasgow,G66 1DD,47758603,47758603,3202,20/4/2026,,
,20,Piries Place,,Horsham,RH12 1EH,04811201,1900026367160,31109,8/9/2026,E,
,Non-PAF De,Oldends Lane,,STONEHOUSE,GL10 3RQ,00845127,1421458100008,,18/3/2026,E,
Beacon Street Garage,Unit 3,Greenhough Road,,Lichfield,WS13 7AU,03801007,1419560840009,2366,6/12/2026,E,
Unit 3,,Charter Street,,Leicester,LE1 3UD,00845058,1100039201096,,1/8/2026,E,
Unit 35,,Shipley Indoor Market,,Shipley,BD18 3QU,0380102A,2390000098640,608,18/3/2026,E,
,9-15,Town Hill,,WREXHAM,LL13 8NA,00845G01,1300060377280,,6/12/2026,E,
,6,Linmar House,,Andover,SP10 3LU,3943217300,3943217300,100291,7/3/2027,,
G E Wood Dental Surgeon ;Total Insurance,241,Manningham Lane,,Bradford,BD8 7ER,0380102B,2316006681515,9954,18/3/2026,E,
,72,Market Street,,Hyde,SK14 1ES,04813154,1610003396529,,3/11/2024,E,
Services,4,Lisle Avenue,,Kidderminster,DY11 7DE,03801N12,1418566391005,2304,7/12/2026,E,
,1339,Ashton Old Road,,Manchester,M11 1JT,03801004,1610001363994,9250,1/8/2026,E,
T/A Daco,265,Acklam Road,,Middlesbrough,TS5 7BP,0480802B,1591049522035,5694,2/11/2025,E,
,12,High Street,,SUTTON,SM1 1HN,643841006,643841006,44385,27/6/2026,,
,1043,Bulls Head,,BOLTON,BL2 6PY,,1610029759684,50247,1/5/2027,E,
,15,Raddlebarn Road,,Selly Oak,B29 6HJ,04811010,1418107701002,3334,3/7/2026,E,
Office 2,,Pond Court,,Billingshurst,RH14 0SB,03801H01,2000016963159,842,8/12/2026,E,
"Unit 3, Ashley Business Centre",,Hanworth Lane,,Chertsey,KT16 9GF,03801201,1900091584518,1144,24/7/2026,E,
Leefe House,27,Abbey Street,,MARKET HARBOROUGH,LE16 9AA,03801N12,1100020716656,12532,8/12/2026,E,
,80,Everdon Way,,Peterborough,PE3 7BW,03136202,1012874052668,18472,19/3/2027,E,
Munchkins,,MERRYLAND,,ST IVES,PE27 5ED,04807203,1012432070869,,10/12/2026,E,
Unit 11,,Bartlett Court,,Yeovil,BA20 2NZ,03801H02,2000025948078,6281,13/12/2026,E,
,,"Newby Road Industrial Estate, Newby Road",,STOCKPORT,SK7 5DA,00845074,1620001095831,,1/11/2026,E,
Town Hall Hotel (House),,Market Place,,Richmond,DL10 4QL,0380102A,1591045155750,,12/4/2029,E,
,10,Union Street,,Stratford On Avon,CV37 6QT,03801N12,1417447081007,5491,15/12/2026,E,
,7,Gatley Road,,Cheadle,SK8 1LY,00900424,1600000074493,,1/5/2027,E,
Beechwood Engineering,,Cocker Avenue,,Poulton-Le-Fylde,FY6 8JU,00845074,1600000023319,,1/10/2027,E,
,17,The Drive,,Sidcup,DA14 4ER,04811204,1200021317288,41979,26/12/2025,E,
Dental Practice,63,Eastern Road,,Romford,RM1 3PB,03801203,1050000053568,15772,1/8/2026,E,
,29,Lampits Hill,,Stanford-le-hope,SS17 9AA,,1012554759764,3124,16/12/2026,E,
,418,Hinckley Road,,Leicester,LE3 0WA,19237802,19237802,94440,8/3/2028,,
Banards Gallery,15,Queens Road,,Llandudno,LL30 1AZ,04009D01,1300008907920,9771,1/5/2026,E,
PRIMROSE COURT RESID,,SOUTH ROAD,,STOCKTON-ON-TEES,TS20 2TB,0080105A,1580000577224,,17/12/2026,E,
,,Claywheels Lane,,SHEFFIELD,S6 1LZ,45412208,45412208,208661,18/10/2027,,
Units 9-10,,May Street,,Broxburn,EH52 5NF,03801D01,1800020111378,15050,9/9/2026,E,
Busy Bee Nursery Ltd,,Brading Road,,ISLE OF WIGHT,PO33 1QG,00845H87,2000019892467,,1/5/2026,E,
SAXON LODGE CARE HOME,,SOUTH ROAD,,STOCKTON-ON-TEES,TS20 2TB,0080105A,1580000119653,,17/12/2026,E,
Un 14,,The Shires,,Trowbridge,BA14 8AT,03801H01,2000006303057,1587,20/6/2026,E,
,77b,Hart Road,,Benfleet,SS7 3PB,03801201,1012599960516,1277,22/12/2026,E,
Ramgarhia Community Centre,,Masons Hill,,London,SE18 6EJ,65373809,65373809,1,2/11/2025,,
Silvermere Golf Centre,,Redhill Road,,COBHAM,KT11 1EF,8815730001,8815730001,328918,1/4/2030,,
,155,Marsh House Lane,,Warrington,WA1 3QZ,03801D02,1300051356770,4333,2/11/2025,E,
,377,Leeds Road,,Bradford,BD3 9LY,0350002D,2314407481813,21671,27/3/2026,E,
,4,Penta Court,,Hertfordshire,WD6 1SL,04811203,1013025970426,12216,22/12/2026,E,
,,HOLTON ROAD,,Poole,BH16 6LE,1586904,1586904,33859,1/10/2026,,
,26,North Parade,,Matlock Bath,DE4 3NS,04811N13,1100009204519,29761,3/5/2028,E,
,377,Leeds Road,,Bradford,BD3 9LY,0453404A,2314407481822,28114,27/3/2027,E,
,624,Finchley Road,,London,NW11 7RR,04100202,1012989169503,4518,23/12/2026,E,
Unit,1,Station Yard,,Ipswich,IP6 8AS,03801201,1012975866301,57260,11/6/2027,E,
T Venables Books,60,Main Street,,KEIGHLEY,BD22 8DP,0380102B,2312654151810,8029,23/12/2026,E,
,,Bagshot Park,,BAGSHOT,GU19 5PJ,60305003,60305003,1,1/4/2026,,
Fore Street,,,,Holsworthy,EX22 6EB,03801N12,2200011607762,29318,19/11/2026,E,
,,"Waverledge Business Park, Waverledge Street",,BLACKBURN,BB6 7LS,03801631,1610022009414,2568,2/5/2028,E,
,Unit 5,Barton Trading Estate,,Bristol,BS5 9RD,00900N12,2200017962800,,23/12/2026,E,
Block B,170a,Lincoln Road,,PETERBOROUGH,PE1 2NW,03801202,1030076739047,20906,2/5/2026,E,
Unit F9 Regent Arcade,,High Street,,Cheltenham,GL50 1JZ,00900633,1415071071000,,28/3/2026,E,
,226,Colne Road,,Burnley,BB10 1DY,03801631,1610014114805,4514,24/12/2026,E,
Unit 24,,Crofty Industrial Estate,,SWANSEA,SA4 3RS,00845L02,2100041609190,,29/12/2026,E,
Unit 30,,Irlam Business Centre,,Manchester,M44 6GP,03801631,1630000638233,3687,10/4/2026,E,
,,Annabell Court,,Weston-Super-Mare,BS22 7AA,00845570,2200042011105,,1/12/2025,E,
Mr Mister,,25-29 Dalkeith Street,,BarrowIn-Furness,LA14 1ST,03801004,1610005648400,6464,2/5/2027,E,
"Ostrich Inn,",,High Street,,SLOUGH,SL3 0JZ,16513706,16513706,281895,15/10/2026,,
,76-78,Eastgate Street,,GLOUCESTER,GL1 1QN,03801007,1413866912009,370,1/1/2027,E,
,82,Boleness Road,,WISBECH,PE13 2XQ,,1023496722953,,22/3/2026,E,
Coin-Op Launderette,7,Kings Parade,,ESSEX,SS17 0HR,03801202,1012552920689,9368,22/3/2026,E,
,26a,Lyon Road,,Walton-on-thames,KT12 3PU,00845204,1900026032432,,5/7/2026,E,
,,Arundel Road,,ARUNDEL,BN18 0SD,03801H09,2000018478926,71127,1/1/2027,E,
,16,St. Cuthberts Street,,BEDFORD,MK40 3JG,03801203,1012345739900,2410,2/11/2025,E,
"UNIT 4, SNAYGILL INDUSTRIAL ESTATE",,KEIGHLEY ROAD,,,BD23 2QR,0380102D,2316530675310,49959,3/1/2027,E,
Unit 5,16A,Pony Road,,Oxford,OX4 2RD,03801H08,2000050695396,16971,3/1/2027,E,
Westinghouse Launder;7,,Oxford Road,,Oxfordshire,OX14 2ED,04811H17,2000009308331,13532,23/3/2026,E,
,21,Agaton Road,,PLYMOUTH,PL5 2EW,45909610,45909610,119601,1/4/2027,,
,788,Oldham Road,,Manchester,M35 9FE,03801004,1610023796592,6940,9/4/2028,E,
Unit 5,,Kingsbury Works,,London,NW9 8UP,03801203,1012839783123,10602,2/11/2025,E,
,48,Coombe Lane,,London,SW20 0LA,03801202,1200028366342,41227,24/2/2028,E,
,286,Broomloan Road,,GLASGOW,G51 2JQ,03800D01,1800033301805,,2/11/2025,D,
Block A - Ground Floor,,Shonki Building,,Leicester,LE4 5AF,04800037,1100012406592,,2/11/2025,D,
,84-86,The Flat,,GLOUCESTER,GL1 1QN,04811N12,1415766912007,,4/1/2027,E,
Shonki Building,,Abbey Park Street,,Leicester,LE4 5AF,04800037,1100012406690,,2/11/2025,D,
Unit 2,,Galleyhill Trading Estate,,Swanscombe,DA10 0LQ,03801204,1900043140636,27656,22/3/2026,E,
,,Lurley,,Tiverton,EX16 9QS,04807N14,2200019404942,16687,24/2/2028,E,
,Unit No 2,Abbey Park Street,,Leicester,LE4 5AF,04800037,1100012406389,,2/11/2025,D,
Unit 4C,,Abbey Park Street,,Leicester,LE4 5AF,04800037,1100012406412,,2/11/2025,D,
FIRST FLOOR Unit 4c,,Abbey Park Street,,Leicester,LE4 5AF,03811013,1100012406538,17884,2/11/2025,D,
"Wilson (Whitburn) Ltd Units 3 & 4,",3-4,Phoenix House,,SUNDERLAND,SR1 3BT,0084502A,1591026242188,,2/11/2025,E,
,13,Wainman Road,,Peterborough,PE2 7BU,03801204,1012877550043,15672,25/2/2027,E,
,129,Earls Lane,,Slough,SL1 5TD,03801H09,2000052584186,50376,26/2/2028,E,
Unit 6b,,Sangra Buildings,,Leicester,LE4 5AF,03800013,1100012406290,,2/11/2025,D,
Unit 15A - 4th Floor,,Abbey Park Street,,Leicester,LE4 5AF,03800013,1100012406510,,2/11/2025,D,
"Unit 9a, Third Floor",,Abbey Park Street,,Leicester,LE4 5AF,04800037,1100012406459,,2/11/2025,D,
,7,Free Church Passage,,St Ives,PE27 5AY,04800200,1012432031309,,2/11/2025,D,
PMA House,7,Free Church Passage,,St. Ives,PE27 5AY,03800202,1012432031070,,2/11/2025,D,
Shop,,Maiden Lane,,Stamford,PE9 2AZ,03801013,1160001176953,151,2/11/2025,D,
NEW SUPPLY,Unit 3,ST. MARTINS BUSINESS CENTRE,,BEDFORD,MK42 0LF,03801202,1050001138878,30700,28/2/2028,E,
Unit,9,"Charles Watling Way, Bowthorpe Employment Area",,Norwich,NR5 9JH,04811202,1012695211793,3524,1/3/2026,E,
1st & 2nd Floor Flats,3,Maiden Lane,,Stamford,PE9 2AZ,04830037,1100001080876,,2/11/2025,D,
Oldwood,,Oldwood Sty Michaels,,Ternbury Wells,WR15 8TB,04800040,1411904012008,,2/11/2025,D,
,,68A Otley Road,,Bingley,BD16 3EE,0380102A,2310556461519,549,1/3/2026,E,
The Pharmacy B,,Sea View,,SWANSEA,SA4 3YF,03801200,2199997492410,1515,1/3/2027,E,
Unit 3,,Throstle Street,,Blackburn,BB2 1TQ,03801631,1610021618008,2081,25/9/2027,E,
The Pharmacy A,,Seaview,,SWANSEA,SA4 3YF,03801N12,2199997492400,9895,1/3/2027,E,
Lower Plowsters,,,,Ludlow,SY8 4DG,04800010,1415937502003,,2/11/2025,D,
,14,Bridgnorth Road,,Wolverhampton,WV6 8AA,04811N13,1415337870000,32900,2/11/2025,E,
Whelptons Farm,,Louth Road,,Market Rasen,LN8 5LF,03801013,1100003044407,3022,14/3/2028,E,
The Star Inn,,Bucknell Road,,Bicester,OX26 2DG,03800H32,2000008422642,,2/11/2025,D,
Top Flat,39,Sheep Street,,Northampton,NN1 2NE,03801013,1100019661342,12670,2/11/2025,D,
,5,Salop Street,,Wolverhampton,WV3 0RX,03801007,1418947080002,44,2/3/2026,E,
Un 2,,Minster Ind Est,,Oxfordshire,OX29 0QS,03801H07,2000009047252,6703,11/7/2027,E,
Northampton Ex Servicemens Clu,47,Sheep Street,,Northampton,NN1 2NE,04800037,1100019661398,,2/11/2025,D,
Mr Wiliam Marriot,,Louth Road,,Market Rasen,LN8 5LF,03801N12,1100003044416,6829,14/3/2028,E,
,15,Potters Lane,,Milton Keynes,MK11 3HF,03801013,1100015058143,3507,5/3/2027,E,
,10,New Broadway,,Worthing,BN11 4HP,04811201,1900039410461,1038,2/11/2025,E,
Chicken Sheds,,Half Way Farm,,Attleborough,NR17 1AS,03801202,1012717758463,10071,3/3/2028,E,
,,Cheltenham Road East,,Gloucester,GL2 9QL,03801N12,1411439503004,24736,1/10/2026,E,
,,Outer Harbour,,PWLLHELI,LL53 5AY,04011D03,1300000468144,27271,2/11/2025,E,
Addtl Landlord Supply,101,Station Road,,Llanelli,SA15 1YS,03801200,2100040837525,226,21/2/2026,E,
Fron Oleu,,,,Dolgellau,LL40 2PS,04811D01,1300010023952,2494,2/11/2025,E,
,,"1,Eldon Row",,Dolgellau,LL40 1PY,03801D03,1300010028019,,2/11/2025,E,
,11,Grosvenor Road,,RIPLEY,DE5 3JE,04807N12,1100008235793,4323,12/3/2026,E,
Garage,,Rochdale Old Road,,Bury,BL9 7SD,03800631,1610028915777,,2/11/2025,D,
Unit 3b,,Oldmixon Crescent,,Weston Super Mare,BS24 9AY,03801110,2200012894040,1685,5/3/2028,E,
Betfred,,29A Crowtree Road,,Sunderland,SR1 3JU,0090002C,1591056071513,,7/3/2026,E,
Unit 39,,Industrial Estate,,Gaerwen,LL60 6HR,03802D02,1300013418170,4988,2/11/2025,E,
,40,Upper Gungate,,Tamworth,B79 8AA,04811N13,1100021872374,4888,6/3/2028,E,
Crosland Cutters Ltd,,Nimmings Road,,Halesowen,B62 9JE,03800007,1410619690008,,2/11/2025,D,
,19,MARKET SQUARE,,LUTON,LU1 5RD,03136204,1012367014448,30707,21/11/2025,E,
,29,Beam Street,,Nantwich,CW5 5NA,03801D01,1300007839447,3921,5/8/2026,E,
Sharnbrook News,26,High street,,Milton Keynes,MK44 1PF,06800081,1160000102490,,2/11/2025,D,
,,"Harrier Park, Southgate Way",,PETERBOROUGH,PE2 6YQ,03800202,1012876638097,,2/11/2025,D,
,42,Church Road,,Port Talbot,SA12 8ST,03800200,2199996712403,,2/11/2025,D,
Ddol Farm,,,,Wrexham,LL13 0SN,00900D03,1300011489027,,8/3/2027,E,
,87,Parker Drive,,Leicester,LE4 0JP,07800081,1100039511136,,2/11/2025,D,
Unit 5,17,Pony Road,,Oxford,OX4 2RD,03801H02,2000008016350,4704,9/3/2027,E,
Bright House,121,Parker Drive,,Leicester,LE4 0JP,04800037,1100012267263,,2/11/2025,D,
,SOVEREIGN,TONTINE STREET,,STOKE-ON-TRENT,ST1 1LY,04536010,1418479610000,22067,9/3/2026,E,
Bright House,121,Parker Drive,,Leicester,LE4 0JP,03800013,1100014645053,,2/11/2025,D,
Bright House,121,Parker Drive,,Leicester,LE4 0JP,03800013,1100014645044,,2/11/2025,D,
,SOVEREIGN,TONTINE STREET,,STOKE-ON-TRENT,ST1 1LY,03500007,1419479610001,18223,9/3/2026,E,
,11a,Princes Street,,Stafford,ST16 2BN,03801N14,1418234420000,28800,3/5/2026,E,
,127,Parker Drive,,Leicester,LE4 0JP,03800013,1100025699136,,2/11/2025,D,
,1,Beechcroft Road,,GOSPORT,PO12 2EP,8337503,8337503,187600,8/1/2026,,
Bkidz,,Grooms Bakery,,KING'S LYNN,PE31 8HD,03801201,1050000458491,2020,23/4/2028,E,
,195-197,Hilton Road,,Wolverhampton,WV4 6DE,04811N12,1415049470007,11050,25/2/2027,E,
Hanley Swan,,Malvern,,Worcs,WR8 0EQ,07800021,1429869100002,,2/11/2025,D,
,,Station Road South,,WARRINGTON,WA2 0QS,00900D04,1300035391844,,2/11/2025,E,
,23a,Market Street,,Crewkerne,TA18 7JU,03801N12,2200014749975,2243,29/4/2026,E,
Farburn Industrial Estate,6,Wellheads Road,,Aberdeen,AB21 7HG,00845P81,1714586472019,,2/11/2025,E,
Horse & Jockey,32,Hope Street,,Wrexham,LL11 1BD,04044D04,1300011200337,26712,25/9/2026,E,
,,2 Lakeside Court,,Cwmbran,NP44 3GA,03801N12,2100040795159,1463,2/11/2025,E,
Care Centre,,,,Redhill,RH1 6YY,00800071,1900036001194,,2/11/2025,D,
71a,,Regent Street,,Cambridge,CB2 1AB,03801203,1012801495023,11340,2/11/2025,E,
,,Farringdon Hill Farm,,Bridgwater,TA5 1TJ,04800N13,2200021292403,,2/11/2025,D,
Dental Surgery,72,Beaumont Leys Lane,,Leicester,LE4 2BA,03801N12,1100012435636,6183,18/6/2026,E,
,ASHVALE 1,ALEXANDRA WAY,,"ASHCHURCH, Tewkesbury",GL20 8NB,00845127,1420179100005,,2/11/2025,E,
,36-38,Chalton Street,,LONDON,NW1 1JB,8839337907,8839337907,28936,2/10/2028,,
Ravenace Metals & Plastics Ltd,,Steelbright Road,,Smethwick,B66 2NW,00845127,1422387000009,,2/11/2025,E,
,146,Ewell Road,,Surbiton,KT6 6HE,03800203,1900022021241,,2/11/2025,D,
,2,Stockton End,,Sandy,SG19 1SB,00800071,1014568235428,,2/11/2025,D,
,42,Linden Grove,,London,SE15 3LF,03801202,1200034062626,5720,23/5/2026,E,
Unit 3,14,Mill Hill Road,,Cowes,PO31 7EA,04811H17,2000019245947,950,1/3/2027,E,
,7,Moss Lane,,Manchester,M45 6QE,03801631,1610029188491,14095,10/12/2025,E,
,10,Sidwell Street,,Leicester,LE5 4GQ,00845058,1100039350035,,2/11/2025,E,
"Unit 2, Alliance Court",,Eco Park Road,,Ludlow,SY8 1FB,03801N13,1460001462703,25306,2/11/2025,E,
Unit 17d,,Raleigh Hall Industrial Estate,,STAFFORD,ST21 6JL,03800N13,1416988910009,,2/11/2025,D,
,,Fabian Road,,Eston,TS6 9RH,0084505A,1591017975260,,3/4/2027,E,
Temporary Builders Supply,33,The Cut,,London,SE1 8LF,03801203,1200042381961,115378,12/1/2026,E,
,9,CHARLOTTE STREET,,,ZE1 0JL,03094P28,1712913265209,17,11/8/2026,E,
Garrolds Farm,,Woodgates End,,Dunmow,CM6 2BN,03801201,1012487269022,12,2/11/2025,E,
,20,Churchill Precinct,,Dudley,DY2 7BJ,04811010,1428689000008,20188,3/7/2026,E,
Garage,,Rookery Lane,,Leicester,LE6 0GL,03801013,1100013146950,999,2/11/2025,E,
,39,Mayflower Way,,BEACONSFIELD,HP9 1UG,04044H17,2000013494765,21199,26/6/2026,E,
3,,SKINNER STREET,,GILLINGHAM,ME7 1HD,04812204,1900031161558,,2/11/2025,E,
,,Bristol Road,,BRISTOL,BS40 6HJ,00900N14,2200030040445,,2/11/2025,E,
"Unit 3, Mid Sussex Bus Park",,Folders Lane East,,Hassocks,BN6 8SE,03801203,1900070641835,2281,2/11/2025,E,
,142,Cambridge Road,,Hitchin,SG4 0JN,04807201,1012821067790,3313,20/5/2026,E,
Unit 5,,Kirkland Avenue,,Mansfield,NG18 5QP,04800037,1100004399638,,2/11/2025,D,
,,"Unit 15, Sheddingdean Business Centre",,BURGESS HILL,RH15 8QY,04811203,1900004324912,2429,27/2/2026,E,
Kirkland Avenue,,INTAKE BUSINESS CENTRE,,Mansfield,NG18 5QP,03801N13,1100003897970,3,2/11/2025,E,
Redriff House,,Wantz Road,,Dagenham,RM10 8PS,03136203,1012501205182,44342,22/9/2026,E,
"UNIT E, MSS POWER FABRICATIONS",,OLD HEATH ROAD,,WOLVERHAMPTON,WV1 2RP,8850885602,8850885602,452400,1/9/2026,,
HIGHLINE PRECISION ENG,,HALLAM WAY,,MANSFIELD,NG19 9BG,04800037,1100003874147,,2/11/2025,D,
,Unit 11,Highlands Road,,Solihull,B90 4NY,00845127,1423577100000,,10/1/2026,E,
,4,Grange Terrace,,Kilmarnock,KA1 2JR,51049706,51049706,223344,20/5/2027,,
"Suite 54, Beacon Buildings",,Leighswood Road,,Walsall,WS9 8AA,03801007,1412562850006,474,23/9/2026,E,
,103,CASTLEGATE,,Berwick-upon-Tweed,TD15 1LF,8813370907,8813370907,186623,30/4/2028,,
Ground Floor Shop,283,King Street,,London,W6 9NH,03801201,1200038271895,3991,10/1/2026,E,
Mansfield Co,,14 Church Street,,Mansfield,NG18 1AA,00800247,1100039363629,,2/11/2025,D,
,107,Frisby Road,,LEICESTER,LE5 0DQ,9120684509,9120684509,20607,27/4/2026,,
,42,Holderness Road,,Hull,HU9 1EF,0382602B,2365214439215,7677,10/1/2028,E,
,MEMORIAL A,VICTORIA EMBANKMENT,,NOTTINGHAM,NG2 2JY,03800N12,1100005302018,,2/11/2025,D,
,2,Forest Drive,,Epping,CM16 7EY,03801204,1012514685713,35423,3/9/2027,E,
Trent Bridge Medical,68,Bridgford Road,,WEST BRIDGFORD,NG2 6AP,04811037,1100006711560,1,2/11/2025,E,
East Store Mid Camp,,Raw Camps Industrial Est,,Kirknewton,EH27 8DF,03801D04,1800020219675,,11/1/2026,E,
Rufford Hotel,53,Melton Road,,West Bridgeford,NG2 7NE,04828037,1100007274453,,2/11/2025,D,
Top Knot Hair Fashions,119,Sherwood Street,,Mansfield,NG20 0JU,03800013,1100005021838,,2/11/2025,D,
Young Peoples Centre,,Station Road,,Leyburn,DL8 3HZ,0387302C,1591015379006,21740,16/1/2026,E,
,176,Somerford Road,,Christchurch,BH23 3QG,03801H02,2000020241988,6127,11/4/2026,E,
,,Crew Lane,,Southwell,NG25 0TX,04800037,1100039375759,,2/11/2025,D,
,111,Camden Road,,Tunbridge Wells,TN1 2QY,57441501,57441501,43864,9/4/2026,,
,53,Villette Road,,Sunderland,SR2 8RD,0084502D,1591055002458,,24/7/2028,E,
Unit 19,,Downton Ind Est,,Salisbury,SP5 3HU,03801H01,2000027004855,715,11/1/2027,E,
Unit B2,,Mosley Street,,MANCHESTER,M1 4AH,04811024,1620001739520,33744,12/1/2026,E,
Unit 4 Abbey Shopping Centre,2,Abbey Street,,Accrington,BB5 1EB,03801631,1610022531990,670,12/1/2028,E,
ARMY CAMP FLOODLIGHTING,,LOW FIELDS,,FULBECK,NG32 3JF,03801013,1100002801556,6848,22/7/2026,E,
Unit 106,,Coed Aben Road,,Wrexham,LL13 9UH,05045E01,1300000488489,4912,19/1/2027,E,
,22,Arundel Road,,Eastbourn,BN21 2EL,78834807,78834807,159989,2/5/2028,,
Richmond House,,brant road,,Grantham,NG32 3JF,04800037,1100001111521,,2/11/2025,D,
,140,London Road,,SHEFFIELD,S2 4LT,0481102B,2330143302410,4664,2/11/2025,E,
Marine View Rest Home,279,Kingsway,,Hove,BN3 4LJ,66736005,66736005,108237,1/10/2026,,
,,Station Road,,Grantham,NG33 4RA,03801013,1100001527466,12277,2/11/2025,D,
,37,GROSVENOR ROAD,,RIPLEY,DE5 3JE,03801N12,1100051008500,3451,14/1/2028,E,
Unit 1 & 2,,The Point,,Sleaford,NG34 8GN,03800013,1160000210692,,2/11/2025,D,
,693,Wimborne Road,,Bournemouth,BH9 2AT,03801H04,2000020874012,36380,14/1/2027,E,
,,Christmas Illuminations,,Warwick,CV34 4EW,00863804,1100039931661,,1/12/2025,E,
2-3,,"TYTHERINGTON SHOPPING CENTRE,BROCKLEHURST WAY",,MACCLESFIELD,SK10 2HB,03801004,1610011925879,13439,14/1/2026,E,
"Unit 13,Diamond Point",1,Diamond Road,,Norwich,NR6 6AW,03801201,1050001960191,4881,2/11/2025,E,
,,James Carter Road,,BURY ST. EDMUNDS,IP28 7DE,03801201,1012947009358,55,4/7/2027,E,
,,5A Alkmaar Way,,Norfolk,NR6 6BF,03801202,1030022068967,16973,13/3/2028,E,
,21,Aldridge Road,,Birmingham,B42 2TJ,05800021,1420366100006,,2/11/2025,D,
,25,James Carter Road,,Bury St. Edmunds,IP28 7DE,03801203,1012947008201,10136,4/7/2027,E,
E H Middleton & Son Decorators Ltd,986a,Abbeydale Road,,Sheffield,S7 2QF,0380102C,2331720670719,370,2/11/2025,E,
Workshop No,2,Beech Drive,,Norwich,NR6 6RN,03801201,1012681526102,895,2/11/2025,E,
FONZ LEATHER STYLES LIMITED,280,Windsor Street,,BIRMINGHAM,B7 4DW,9203083302,9203083302,65907,30/4/2028,,
Temporary Address,,Rear Of,,London,NW11 0QB,06801204,1050000449957,,2/11/2025,D,
,8,Woodford Road,,London,E7 0HA,03801202,1200034053073,20561,1/4/2028,E,
,1374,London Road,,Leigh-On-Sea,SS9 2UH,03801203,1012524045560,25147,15/1/2028,E,
Royal Oak,1117,Finchley Road,,London,NW11 0QB,04800204,1015680224704,,2/11/2025,D,
,,Blundell Lane,,SOUTHAMPTON,SO31 1AA,00845H86,2000027463908,,16/1/2027,E,
Landlords Supply Block 7,,25/32 Chandos Way,,London,NW11 7HF,04807202,1012988356914,,2/11/2025,E,
,25,North Road,,London,N6 4BE,75773506,75773506,215734,1/4/2028,,
,62,Bunting Road,,Northampton,NN2 6EE,04807037,1100019224780,2898,16/1/2026,E,
Dolphine Site 14946,,Chandos Way,,London,NW11 7HF,03800202,1023482637526,,2/11/2025,D,
,42,St Andrews Road,,Sheffield,S11 9AL,0380102B,2330253434810,8377,23/4/2026,E,
NORTH STREET WORKING MENS CLUB,70-72,North Street,,COALVILLE,LE67 5HA,04031N14,1100018959262,1300,16/6/2026,E,
Vodafone Cell Site,,Golders Green Depot,,Chandos Way,NW11 7GF,03800202,1012988354847,,2/11/2025,D,
,622A-622C,Finchley Road,,London,NW11 7RR,03801201,1012989168350,4010,2/11/2025,E,
"Unit 5, Block 13",,Greenhill Industrial Estate,,Alfreton,DE55 4BR,03801013,1100008290127,66,17/1/2027,E,
Barrack Hill Primary School,,Berrycroft Lane,,STOCKPORT,SK6 3AU,9213037200,9213037200,514474,1/10/2026,,
Gas Weiss Plumbing & Heating Ltd-Unit 2,Unit 2- 3,Idea Construction Services Ltd-Unit 3,,London,NW2 1BG,03800202,1050000253454,,2/11/2025,D,
U13 Claremont Way,,Claremont Way,,LONDON,NW2 1BG,03800202,1012994474685,,2/11/2025,D,
,54,Mill Street,,BRIDGNORTH,WV15 5AG,03801007,1414131513004,373,18/1/2027,E,
Unit 15,,"Claremont Way Industrial Estate, Claremont Way",,LONDON,NW2 1BG,00800072,1023536920055,,2/11/2025,D,
,33,High Street,,Leiston,IP16 4EL,04138201,1012712996314,14034,18/1/2028,E,
Unit 19,,"Claremont Way Industrial Estate, Claremont Way",,LONDON,NW2 1BG,03800202,1012994471230,,2/11/2025,D,
Second Floor Rear,159,Brent Street,,London,NW4 4DH,03800202,1013004046820,,2/11/2025,D,
,2,Bridge Street,,STOURPORT-ON-SEVERN,DY13 8XD,03801007,1413775591006,2814,23/1/2028,E,
,,"Unit 4,Norfolk Bridge Business Park",,Sheffield,S4 7YW,0481102B,2380000974923,,16/5/2026,E,
,81,Stafford Street,,Willenhall,WV13 1RT,03801N12,1418156750005,6766,19/1/2027,E,
Third Floor,159,Brent Street,,London,NW4 4DH,03800202,1013004046138,,2/11/2025,D,
Accomodation,51-53,Church Road,,London,NW4 4DU,03800203,1013005858074,,2/11/2025,D,
Offices;f10,4,Scott Lane,,Woodbridge,IP12 1TJ,00845071,1023508636038,,2/11/2025,E,
,51-53,Landlords Supply,,LONDON,NW4 4DU,03801201,1023509512101,,2/11/2025,D,
Flat B,53,Church Road,,LONDON,NW4 4DU,03801201,1023545920887,,2/11/2025,E,
Grange Farm Ormesby Hall,,,,Middlesbrough,TS7 9AT,0090002B,1591012212759,,18/1/2026,E,
Bryncoch Farm,,,,CARMARTHEN,SA32 8DX,03801200,2199998867145,2842,18/1/2027,E,
,57,Church Road,,London,NW4 4DU,03801201,1013005859227,,2/11/2025,E,
,15-17,Stoney Street,,NOTTINGHAM,NG1 1LP,04800037,1100005094933,,2/11/2025,D,
JINNAH RESTAURANT LTD,34,Cheltenham Parade,,Harrogate,HG1 1DB,8930290206,8930290206,237611,1/5/2028,,
Unit 4,,Brindley Road,,Coventry,CV7 9EP,04811037,1100023647474,5948,30/1/2026,E,
189,,Nottingham Road,,Alfreton,DE55 4JG,03800013,1100007966439,,2/11/2025,D,
QUEENS THEATRE LTD,,SHAFTESBURY AVENUE,,LONDON,W1V 8BA,9892301,9892301,634615,1/10/2026,,
,22,Ridley Road,,London,E7 0LT,03801202,1200025452413,13012,30/8/2026,E,
N/S - M Pick,4,Town Street,,Retford,DN22 8PT,04800037,1100003330946,,2/11/2025,D,
Dale Farm,,Rue Hill,,Stoke On Trent,ST10 3HD,04811N12,1413731040007,1823,29/1/2026,E,
,186,RIVERFORD ROAD,,GLASGOW,G43 2DE,03801D01,1800033353868,7415,4/8/2027,E,
St. Bartholomews Church,,Town Street,,Retford,DN22 8PT,03826013,1100003769442,2279,7/2/2026,E,
,47,Barton Road,,Milton Keynes,MK2 3HU,04811N12,1100015423280,17594,23/3/2027,E,
Bilston & District Labour Club,71,Wellington Road,,Bilston,WV14 6AY,03031N13,1427708000002,76228,14/3/2028,E,
Unit 5,,Abbey Wood Business Park,,Bristol,BS34 7JU,03801N14,2200031660974,33821,23/3/2026,E,
Ye Olde Harrow,80,Broad Street,,Sheffield,S2 5TG,0380102C,2331222839910,,2/11/2025,D,
,,86-88 Broad Street,,Sheffield,S2 5TG,0380102A,2331222836219,3,1/8/2026,E,
,,86-88 Broad Street,,Sheffield,S2 5TG,0380202A,2331222836228,38,1/8/2026,E,
,26,Boswell Street,,London,WC1N 3JZ,03801202,1200023610993,171593,20/2/2027,E,
,57,Billing Road,,Northampton,NN1 5DB,03801N12,1100019185253,5475,26/3/2026,E,
,1,Cambuslang Road,,Glasgow,G73 1AP,03801D01,1800016874032,,2/11/2025,E,
,,64-66 Market Street,,Longon,ST3 1BS,2535968706,2535968706,34277,22/4/2027,,
Stirling House,,Denny End Road,,CAMBRIDGE,CB25 9PB,48632103,48632103,281904,2/2/2028,,
"Unit 2, Chiltern Works",,Lincoln Road,,High Wycombe,HP12 3RQ,03801H07,2000013119485,8194,24/3/2027,E,
23-25,,St. Georges Street,,Northampton,NN1 2TN,03800013,1100019636294,,2/11/2025,D,
Main Road,,Swalcliffe,,Banbury,OX15 5EP,00845L02,1429289100004,,1/3/2028,E,
,7,Spencer Parade,,Northampton,NN1 5AA,03800013,1100019677937,,2/11/2025,D,
TASTY GRILL,23,,,Hampshire,PO13 9LD,3966635604,3966635604,89062,28/1/2027,,
FLAT 2,37-39,Cambridge Street,,Cleethorpes,DN35 8HD,0380002B,2371431825619,,2/11/2025,D,
FIRST FLOOR,681,WARWICK ROAD,,SOLIHULL,B91 3DA,03801007,1470000580857,1468,2/11/2025,E,
Landlords Supply 43 To 52,,Taverners Hall 170a,,Peterborough,PE1 2NW,03801202,1030076738354,12616,25/3/2026,E,
NIXON'S ESTATE AGENTS,32-34,Kirkintilloch Road,,Glasgow,G64 2AL,03801D01,1800015176433,3173,2/11/2025,E,
Hales Industrial Park,,Rowleys Green Lane,,Coventry,CV6 6AT,7908504,7908504,35055,3/6/2026,,
,1,Harrison Close,,Milton Keynes,MK5 8PA,9090891808,9090891808,77137,1/1/2027,,
Deansgate Court,244,Deansgate,,Manchester,M3 4BQ,49300902,49300902,236313,20/5/2027,,
,30,Church Rd,,Bilston,WV14 8YB,03801N12,1419046090002,3513,2/11/2025,E,
Aldro School,,Lombard Street,,Surrey,GU8 6AS,00845H87,2000027420816,,1/4/2026,E,
,,Unit 1A,,Clayton West,HD8 9TR,0084505B,2380001050962,,1/12/2027,E,
,,Unit 12D Oakway Court,,Durham,DH7 8XD,0380102B,1591044209616,8267,18/7/2028,E,
,.,"125, N/A",,Essex,SS7 1PD,8933800,8933800,218892,1/1/2027,,
,,29a Standish Street,,Burnley,BB11 1AP,03800631,1610013878608,,2/11/2025,D,
,,U 5 Moorland Way,,Lincoln,LN6 7JW,03801N12,1100002528390,8225,26/3/2026,E,
,,29b Standish St,,Burnley,BB11 1AP,04811161,1610013878592,,2/11/2025,D,
,,Saxon Way,,Royston,SG8 6DN,04139204,1012781708120,51266,26/3/2027,E,
SHIRLEY HOTEL,2,Hull Road,,Blackpool,FY1 4QB,03500004,1610004088956,,8/2/2027,E,
,1,old mill park,,GLASGOW,G66 1SS,03801D04,1800034504846,130620,1/5/2026,E,
,.,"QUEEN STREET, 2",,,LN8 3EH,50780106,50780106,134517,1/3/2026,,
,,Colorado Way,,CASTLEFORD,WF10 4TA,9108866701,9108866701,96330,16/6/2026,,
,,18-20 Grovenor Street,,Manchester,M1 7JJ,04811161,1610005895750,,2/11/2025,D,
,24,BREST ROAD,,PLYMOUTH,PL6 5XP,03801N14,2200040396843,132072,1/4/2026,E,
2ND FLOOR OFFICE;27,,HIGH STREET,,,SL4 1LH,03800631,1640000551340,,2/11/2025,D,
,37-39,Monton Green,,Eccles,M30 9LL,03800631,1610019413790,,2/11/2025,D,
Stoke Bottom Farm,,Stoke St. Michael,,Avon,BA3 5HW,03801N12,2200012122004,2855,11/4/2026,E,
Unit,7,CAMPHILL INDUSTRIAL ESTATE,,WEST BYFLEET,KT14 6EW,04016204,1900027058715,164885,2/7/2027,E,
Liverpool Road,566,,,Irlan,M44 6ZA,03800631,1610019213510,,2/11/2025,D,
,,Stoke Bottom Farm,,Bath,BA3 5HW,03801110,2200012122900,2565,4/4/2026,E,
,52,Faulkner Street,,MANCHESTER,M1 4FH,84152901,84152901,210029,12/4/2027,,
,5,The Square,,Bradford,BD8 0QB,0380102C,2310628041717,5286,2/11/2025,D,
,,Commerce Way,,Edenbridge,TN8 6ED,00845071,1900043000957,,28/3/2026,E,
,911,London Road,,HIGH WYCOMBE,HP10 9TB,3328084805,3328084805,147079,15/2/2027,,
Manningham Middle School,,Manningham Lane,,BRADFORD,BD8 7HS,5848603,5848603,1,2/11/2025,,
Ashford Manor Golf Club,,Fordbridge Road,,Ashford,TW15 3RT,03801H09,2000002196570,173077,4/7/2026,E,
,193,Richardshaw Lane,,Pudsey,LS28 6AA,0481102C,2313620101611,535,2/11/2025,D,
,73,Wandsworth High Street,,London,SW18 2PT,03801203,1200021620606,,2/11/2025,E,
,10,Curzon Park South,,CHESTER,CH4 8AB,9153342503,9153342503,110155,30/9/2027,,
Star Garage Buildings,,Church Street,,Nairn,IV12 4AP,03801P07,1712101120583,4108,2/11/2025,D,
Diamonds,263,Bradford Road,,Shipley,BD18 3AB,0481102A,2315707771219,3217,28/3/2026,E,
Inn at the Park Hotel,4,Deemount Terrace,,ABERDEEN,AB11 7RX,03801R54,1714756260311,48683,28/3/2027,E,
Cousins Products Ltd,,63-65 Cumbernauld Road,,Glasgow,G31 2SN,03800100,1800026572655,,2/11/2025,D,
Cundy Abbeyfields Farm,,Newstead Abbey Park,,Nottingham,NG15 8GE,04811N12,1100003893121,874,29/3/2026,E,
37/39,,Ruthven Lane,,Glasgow,G12 9XX,03801D01,1800025307722,495,2/11/2025,E,
,,52-57 Prince's Square,,London,W2 4QB,00845071,1200010088272,,10/10/2026,E,
,30,North Street,,SALISBURY,SP2 0HJ,68199801,68199801,55623,16/4/2027,,
,37/39,Ruthven Lane,,GLASGOW,G12 9XX,03801D01,1800025307731,2154,2/11/2025,E,
Quarry Banks Farm,,Newstead Abbey Park,,Nottingham,NG15 8GE,04807N12,1100004270776,7549,29/3/2026,E,
Kobe,,106/108 New Road Side,,Leeds,LS18 4QB,9185108007,9185108007,167936,1/9/2027,,
unit-49,,Main Street,,Glasgow,G69 6AD,03801D01,1800029188866,,2/11/2025,E,
,20,High Street,,Poole,BH15 1BP,03801H09,2000021529378,26631,29/3/2026,E,
Dreghorn Inn,39,Main Street,,Irvine,KA11 4AQ,03801D01,1800029897243,16676,2/11/2025,E,
Unit 6,,Pump Lane,,Hayes,UB3 3NB,71830606,71830606,1,25/6/2028,,
Starters,99,High Street,,YARM,TS15 9BB,03800998,1591049435775,,2/11/2025,D,
Pennine House,,Roman Ridge Road,,Sheffield,S9 1GB,0380102B,2333911619010,18938,30/3/2028,E,
SMUGGLERS INN,,TEIGNMOUTH ROAD,,DAWLISH,EX7 0LA,67062409,67062409,121905,25/5/2026,,
Unit 8,,"Watermill Business Centre, Edison Road",,ENFIELD,EN3 7XF,,1013041651364,7,10/4/2027,E,
,17-19,High Street,,LONDON,NW10 4NE,03801202,1200037674525,292,13/5/2026,E,
Unit 1B,,Gregory Road,,Bury St. Edmunds,IP28 7DF,04811203,1012947014872,18019,2/11/2025,D,
Main Building,,Landsdown Road,,Cheltenham,GL50 2JA,9150677508,9150677508,115852,1/4/2027,,
BRANDMART,75,BARRIE ROAD,,GLASGOW,G52 4PX,03801D02,1800028296454,1387,2/11/2025,E,
,87,Etnam Street,,Leominster,HR6 8AE,03801N12,1414727602000,7387,30/3/2026,E,
Unit 1K,,Gregory Road,,Bury St. Edmunds,IP28 7DF,04800203,1012947017172,,2/11/2025,D,
Plot 1,,The Wallows,,Brierly Hill,DY5 1QA,03800007,1418510880003,,2/11/2025,D,
Greenacres,,Fishguard Holiday Park,,Fishguard,SA65 9JH,00845N14,2199989653427,,1/10/2027,E,
,,Chapel Street,,DALTON-IN-FURNESS,LA15 8DA,18078107,18078107,962680,1/4/2028,,
Unit 2,,Ipplepen Business Park,,Newton Abbot,TQ12 5UG,04803210,2200020908423,806,28/1/2028,E,
SIMMONSIGNS LTD,,STAFFORD PARK 5,,TELFORD,TF3 3AS,8818789207,8818789207,547035,1/8/2027,,
,87,Etnam Street,,Leominster,HR6 8AE,03801007,1413727602008,6308,30/3/2026,E,
Zane House,9,St Owen Street,,Hereford,HR1 2JB,04800010,1418151881005,,2/11/2025,D,
,117,Abercorn Street,,PAISLEY,PA3 4DH,56668603,56668603,178389,7/9/2026,,
Luccombe Manor Hotel,11,Popham Road,,Shanklin,PO37 6RG,68559805,68559805,221344,26/10/2027,,
,29,Woolton Street,,Liverpool,L25 5NH,03093D02,1300034435171,23863,20/5/2026,E,
,,"Unit 3, 1 Aurora Avenue",,CLYDEBANK,G81 1BF,03801D02,1800054776848,1871,2/11/2025,E,
9-11,,St. Owen Street,,Hereford,HR2 1JB,,1460001554230,959,2/11/2025,E,
Crooked Billet,,Middle Street,,Waltham Abbey,EN9 2LD,03801203,1012765209539,31986,31/10/2027,E,
Hakkadim Chinese Restaurant,5,Second Avenue,,Clydebank,G81 3BD,03801D02,1800024934690,35533,14/11/2026,E,
11-13,,St. Owen Street,,Hereford,HR1 2JB,03801007,1460001547534,4268,6/5/2026,E,
Old Civic Centre Car Park,,Black Horse Lane,,Ipswich,IP1 2EF,03136202,1012894163633,10008,16/4/2027,E,
,127,Bridgnorth Road,,Stourbridge,DY8 3NX,04800010,1410744680002,,2/11/2025,D,
Burley Coach House,,The Cross,,Ringwood,BH24 4AB,03801H06,2000026585623,351,31/3/2026,E,
37,,BALDOCK STREET,,WARE,SG12 9DH,03801203,1012767955968,,2/8/2027,E,
Hinckley Rugby FC Greene King Stadium,,Leicester Road,,Hinckley,LE10 3DR,03801N14,1170000747167,67152,18/9/2026,E,
,227,High Street,,BROMLEY,BR1 1NZ,03801203,1200037700974,33066,21/12/2026,E,
,,Ladeside Road,,INVERURIE,AB51 3UT,03801R58,1725400183109,30615,2/11/2025,E,
,,U101,,Leeds,LS11 8LU,0380202D,2341908122012,51290,23/12/2025,E,
,24,Hollycroft,,HINCKLEY,LE10 0HG,2435800705,2435800705,43447,16/6/2027,,
,,Lon Hen Felin,,CAERNARFON,LL55 2BD,00845G02,1300060181682,,23/12/2025,E,
5-7,,ST. JAMES ROAD,,TORPOINT,PL11 2BJ,13429309,13429309,59662,1/6/2026,,
,,227-229 Cleethorpes Road,,Grimsby,DN31 3BE,8869381906,8869381906,29589,26/2/2027,,
,17,Skindin,,Dunvegan,IV55 8ZS,03801P06,1712677876501,1821,2/11/2025,E,
St Michael & All Angels Church,,Linden Grove,,NEWCASTLE,ST5 9LJ,56276900,56276900,1,2/11/2025,,
Unit 9,,Mowlem Trading Estate,,London,N17 0QJ,04800203,1013069671804,,2/11/2025,D,
Shop,2,White Hart Lane,,LONDON,N17 8DP,03801201,1013070821805,23845,2/11/2025,E,
"Grimsby Gymnastics, Unit 2",,"Bradley Corner, Wilton Road",,GRIMSBY,DN36 4AS,0380102B,2374610126210,10846,13/3/2028,E,
,8,White Hart Lane,,London,N17 8DP,03801202,1013070823876,22432,2/11/2025,E,
Unit D Watkins House,,Pegamoid Road,,London,N18 2NG,00845072,1050001572396,,25/1/2026,E,
,121,High Road,,London,N2 8AG,03801202,1012989807520,3,12/9/2026,E,
,,Cibyn Industrial Estate,,CAERNARFON,LL55 2BD,00900D03,1300011815155,,24/12/2026,E,
"1314-1316, High Road",,London,,,N20 9HJ,03800003,1013018033584,,2/11/2025,D,
,48,Milden Road,,Ipswich,IP2 0LB,04807203,1012890471212,10368,2/9/2026,E,
"1314-1316, High Road",,London,,,N20 9HJ,03800003,1013018034045,,2/11/2025,D,
,1334,HIGH ROAD,,LONDON,N20 9HJ,03136201,1013018039336,7199,2/11/2025,E,
,1338,High Road,,London,N20 9HJ,08800204,1014568703701,,2/11/2025,D,
Landlords Supply,,Flat 3a Cheapside,,London,N22 6HH,03800202,1050000016910,,2/11/2025,D,
Finchley Police Station,193,Ballards Lane,,LONDON,N3 1LZ,00800074,1023533570795,,2/11/2025,D,
,221,Nether Street,,London,N3 1NT,03136203,1013009433653,,2/11/2025,D,
,,Magdalen Street,,Norwich,NR3 1LE,03801203,1012689932145,18193,30/1/2026,E,
,1,Portview Road,,BRISTOL,BS11 9LS,,2200016627666,76771,28/8/2026,E,
SUNNYSIDE HOUSE,,SUNNYSIDE ROAD,,ILFORD,IG1 1HU,75574309,75574309,138719,1/2/2027,,
,,1a East End Road,,London,N3 3QE,,1023495719230,10632,2/11/2025,E,
,65,High Street,,BRIDGWATER,TA6 3BQ,04803N14,2200021372069,,16/12/2026,E,
,104,Gower Road,,SWANSEA,SA2 9BZ,00900N12,2199989643233,,17/10/2026,E,
Alexandar Buildings,5,Blackstock Road,,London,N4 2JF,03801202,1200039230729,1377,2/11/2025,E,
Flat,2,Winchester Road,,Eastleigh,SO53 2FZ,00900Q04,2000027465409,,,E,
,13,Cross Street,,Galston,KA4 8AA,03801D04,1800017964867,,1/7/2029,E,
,418,Seven Sisters Road,,London,N4 2LX,03801201,1200025880912,,2/11/2025,E,
,85,CASTLE ROAD,,SALISBURY,SP1 3RW,68390409,68390409,173380,29/3/2028,,
,13,Thane Villas,,London,N7 7PH,03800202,1200020043534,,2/11/2025,D,
,15,Thane Villas,,London,N7 7PH,03800202,1200020043580,,2/11/2025,D,
,,Sea Road,,PEVENSEY,BN24 6EH,655050709,655050709,86041,13/9/2026,,
,103A,London Road,,SEVENOAKS,TN13 1BH,683020203,683020203,54004,17/4/2027,,
,649,Green Lanes,,London,N8 0QY,04807201,1013085277769,3665,2/11/2025,E,
,65-67,Radford Road,,NOTTINGHAM,NG7 5DR,8880436007,8880436007,90936,8/11/2027,,
,659,Green Lanes,,London,N8 0QY,03800202,1013085280060,,2/11/2025,D,
,Unit 5,Old Ipswich Road,,Claydon,IP6 0AJ,02653007,1015680501627,,25/5/2027,E,
,659,Green Lanes,,London,N8 0QY,04800200,1013085280292,,2/11/2025,D,
,659,Green Lanes,,London,N8 0QY,03800202,1013085280752,,2/11/2025,D,
,1,Lyme Street,,AXMINSTER,EX13 5AU,8877396500,8877396500,123509,7/10/2026,,
43a,,Cley Road,,Swaffham,PE37 7NP,9209330200,9209330200,50655,18/8/2027,,
,60,J Grime & Sons,,Thornton-Cleveleys,FY5 1AG,00900424,1600000023540,,1/4/2026,E,
Flat 4 2nd Floor,18,Goose Gate,,,NG1 1FF,03800013,1100007382804,,2/11/2025,D,
Community Hall,,Stanley Avenue,,Mablethorpe,LN12 1DP,8865162806,8865162806,27187,3/10/2027,,
HOUSNG ADV CENT,807,High Road Leyton,,LONDON,E10 7AA,3265142503,3265142503,0,11/12/2028,,
,15-17 BASE,STONEY STREET,,NOTTINGHAM,NG1 1LP,04800N12,1100005096008,,2/11/2025,D,
,,View Point,,GRAVESEND,DA12 4LF,04811204,1900090337081,,7/4/2026,E,
Acton Main Line Goods Yard,,Horn Lane,,London,W3 0BP,00845H86,2000000731081,,12/2/2026,E,
,,Whitley Road,,DEWSBURY,WF12 0LZ,45980706,45980706,1,1/6/2026,,
,UNIT 3,STONEY STREET,,NOTTINGHAM,NG1 1LP,04800037,1100005315781,,2/11/2025,D,
Unit 5,,15/17 Stoney Street,,Nottingham,NG1 1LP,04800N12,1100005094942,,2/11/2025,D,
,,Derwent Street,,CONSETT,DH8 8LS,48694900,48694900,45647,1/10/2027,,
Lift supply,25,Stoney Street,,Nottingham,NG1 1LP,03800013,1100005315898,,2/11/2025,D,
,,The Brickmakers Arms,,Windlesham,GU20 6HT,00845H87,2000003483108,,22/10/2027,E,
,237,Chingford Mount Road,,LONDON,E4 8LP,51097201,51097201,0,28/2/2017,,
,52,High Street,,KINGSTON UPON THAMES,KT1 1HN,05802201,1900012425652,76932,2/11/2025,E,
,CARLTON TE,STONEY STREET,,NOTTINGHAM,NG1 1LP,04800N12,1100005315763,,2/11/2025,D,
Thurland Chambers,4,Thurland Street,,Nottingham,NG1 3DR,04874N12,1100005255440,100,1/7/2026,E,
,4,Thurland Street,,Nottingham,NG1 3DR,04831037,1100005255430,497,1/7/2026,E,
,37,Victoria Centre,,Nottingham,NG1 3QE,03801013,1100005532488,,2/11/2025,D,
,27,Kings Road,,ST. LEONARDS-ON-SEA,TN37 6DU,66812803,66812803,12740,22/9/2026,,
,91,Victoria Centre,,Nottingham,NG1 3QE,03801N12,1100007492613,17310,2/11/2025,E,
,250,Victoria Centre,,Nottingham,NG1 3QQ,03800013,1100005532966,,2/11/2025,D,
Early Learning Centre,,Unit 33,,Nottingham,NG1 3QN,03800013,1100007492622,,2/11/2025,D,
,,69-73 Derby Road,,Nottingham,NG1 5BA,03800013,1100005745718,,2/11/2025,D,
,16,Euston Road,,GREAT YARMOUTH,NR30 1DY,83585310,83585310,1,22/3/2028,,
,,CHESTER ROAD,,STOCKPORT,SK12 1QT,8814557008,8814557008,173122,14/10/2026,,
Hall Livesley Brown,25,Chester Street,,WREXHAM,LL13 8BG,00900D01,1300011141610,,2/11/2025,E,
,331,Brindle Road,,Preston,PR5 6YP,00845801,1620001491692,,15/6/2026,E,
,10,Main Road,,Rochester,ME3 9AD,03801203,1900016146188,15618,17/5/2027,E,
,25a,Chester Street,,WREXHAM,LL13 8BG,03801D02,1300000472744,2579,21/7/2026,E,
Unit 1,,Little Money Road,,NORWICH,NR14 6JD,00800073,1014568649880,,2/11/2025,D,
BLACKEY BUS CAFE,,THE CAR PARK AT THE VILLAGE HALL,,NORFOLK,NR14 8AE,03801202,1050001055185,5823,2/11/2025,E,
Quayside Exchange,197,High Street East,,Sunderland,SR1 2AX,0084505A,1507488369994,,2/11/2025,E,
,228,Merton Road,,London,SW19 1EQ,04808201,1200027818321,22952,22/7/2026,E,
Sewage Plant,,Harling Road,,Norwich,NR16 2JU,03800203,1012983734140,,2/11/2025,D,
,1a,Chapel Street,,Derby,DE21 7JP,03801013,1100010116623,4551,29/1/2027,E,
S TEK FABRICATIONS,,UNIT T3 SNETTERTON PARK,,NORWICH,NR16 2JU,03801202,1050002325906,6426,15/10/2027,E,
Landlords Supply,,,,Waltham Abbey,EN9 2RJ,03801201,1023535239672,16724,27/1/2026,E,
Unit 6,,Postmill Close,,Wymondham,NR18 0NL,03801201,1012718514701,1173,2/11/2025,E,
Queens Arms,55,Southside Street,,Plymouth,PL1 2LA,03801N13,2200010299702,21428,22/7/2026,E,
Christ Church,,Coxley,,Somerset,BA5 1RQ,03046110,2200012252965,,29/1/2026,E,
,53,Mott Street,,Birmingham,B19 3HE,03801007,1418495531004,1038,1/1/2026,E,
,40,St. Giles Street,,NORWICH,NR2 1LW,04807202,1012690624446,1046,2/11/2025,E,
,,Unit 12 Radford Fields,,Oswestry,SY10 8HA,00900D01,1300012703767,,2/11/2025,E,
The Ancient House,,Main Road,,Wells Next The Sea,NR23 1AD,03800203,1012647751525,,2/11/2025,D,
Claremont Lodge,,Fontwell Avenue,,CHICHESTER,PO20 3RY,00845H86,2000054210967,,22/7/2026,E,
Landlord Supply,18a,The Avenue,,West Ealing,W13 8PH,03801H03,2000057759150,534,25/2/2027,E,
The Ancient House,,Main Road,,Wells Next The Sea,NR23 1AD,04800200,1012647751757,,2/11/2025,D,
BRIDGE HOUSE,2-4,Vicarage Road,,CAMBERLEY,GU17 9AX,4034907605,4034907605,25231,13/7/2026,,
,89,London Road,,Sheffield,S2 4LE,0380202A,2330150328715,36376,23/7/2026,E,
,1,Hopton Road,,DEVIZES,SN10 2EU,03801H08,2000051604024,24547,3/2/2026,E,
,25,Second Drove,,Peterborough,PE1 5XA,04807201,1012881050415,2488,2/11/2025,E,
Unit 13,,Weybourne Road Industrial Estate,,Sheringham,NR26 8AF,03136203,1012733576025,,2/11/2025,D,
Oaklands Property &D,9,Manor Road,,Gravesend,DA12 1AA,03801203,1900041134979,9123,1/2/2027,E,
,18,Brook Street,,Cromer,NR27 9EY,03801201,1012735309765,,2/11/2025,E,
,5,High Street,,Stoke-on-Trent,ST8 6AW,03801007,1419302830008,19362,1/2/2026,E,
Bankfield House,,V15 Offices,,Leicester,LE1 7JA,03801N13,1100013713711,120807,23/7/2026,E,
Unit 10D,,Folgate Road,,North Walsham,NR28 0AJ,03801201,1012729316192,2775,2/11/2025,E,
,Shop 3,"Ryknild House, Burnett Road",,Sutton Coldfield,B74 3EL,03801N12,1417800031002,7436,5/3/2028,E,
Denmark House,,Furnace Road,,Ilkeston,DE7 5EP,00845058,1100039212549,,2/11/2025,E,
"SHOP, 1270,",,"PERSHORE ROAD, STIRCHLEY,",,BIRMINGHAM,B30 2XU,03801007,1470001426890,6775,25/9/2026,E,
Unit H,84,Aylsham Road,,NORWICH,NR3 2HN,03136201,1012681227560,1191,2/11/2025,E,
,36,STATION AVENUE,,COVENTRY,CV4 9HS,03801N14,1100770869427,31980,17/7/2026,E,
Landlords Supply,7,Manor Road,,Gravesend,DA12 1AA,03801201,1900019135514,44,25/7/2027,E,
Flat 23,,Marine Parade,,Great Yarmouth,NR30 2ES,04800007,1012673705410,,2/11/2025,D,
MICHAEL WEINIG (UK),5,Blacklands Way,,ABINGDON,OX14 1DY,03801H09,2000009378988,42465,25/7/2026,E,
Workshop,132,Gordon Road,,Great Yarmouth,NR31 0EA,03800202,1012671679576,,2/11/2025,D,
,233,Sandon Road,,Meir,ST3 7BL,04811N14,1416720230009,28993,1/9/2026,E,
UNIT 21,,Putney Exchange,,London,SW15 1TW,03801201,1200031041711,5557,5/2/2026,E,
,7,Blacklands Way,,Abingdon,OX14 1DY,00845H86,2000027354934,,25/7/2026,E,
CELTIC HOUSE,,INDUSTRIAL ESTATE,,GAERWEN,LL60 6HR,04811D01,1300035429815,,2/11/2025,E,
,1,High Street,,NEWMARKET,CB8 8LX,03500203,1012791986829,9794,25/7/2027,E,
Basement,137,Harley Street,,London,W1G 6BF,03801204,1200051229535,29006,18/6/2027,E,
Trademark Car Sales,9,Brinell Way,,Yarmouth,NR31 0LU,04807202,1012671809526,4468,2/11/2025,E,
,1,High Street,,NEWMARKET,CB8 8LX,04608200,1012791987051,4880,25/7/2027,E,
Slee Blackwell,,Cross Street,,Barnstaple,EX31 1BA,04042N12,2200013995574,6140,25/7/2027,E,
Slee Blackwell,10,Cross Street,,Barnstaple,EX31 1BA,04034N14,2200013995556,34649,25/7/2027,E,
Unit 6,,Cooke House,,Great Yarmouth,NR31 0LU,04807203,1012671810674,11607,2/11/2025,D,
DAVID INMAN OPTICIANS,265,FULWOOD ROAD,,SHEFFIELD,S10 3BD,0481102B,2330820708818,7859,2/2/2027,E,
Harfreys Storage Depot,,Harfreys Industrial Estate,,Great Yarmouth,NR31 0LX,03801202,1023525029976,16724,2/11/2025,D,
,100,North End Road,,London,W14 9EX,04807203,1200030599590,59386,2/2/2027,E,
Bessemer Way,,Harfreys Storage Centre,,Norfolk,NR31 0LX,04807203,1012671784457,,2/11/2025,D,
Bessemer Way,,Harfreys Industrial Estate,,Great Yarmouth,NR31 0LX,03801202,1012671784689,,2/11/2025,D,
,80,HIGH STREET,,STOKE-ON-TRENT,ST7 1PY,03801N12,1419663210004,3113,2/11/2025,D,
,4,High Street,,Stoke-On-Trent,ST7 4RL,03801N14,1416404610000,18890,25/7/2027,E,
Top Floor,115,London Road North,,Lowestoft,NR32 1LZ,03801202,1012702277392,,2/11/2025,D,
149-151,,London Road North,,Lowestoft,NR32 1NB,03800202,1012702284752,,2/11/2025,D,
,39,Elizabeth Road,,Bishop's Stortford,CM23 3RL,03136204,1012754313515,32195,26/7/2026,E,
,,"Unit 9, Theobald Business Centre",,Hitchin,SG4 0TY,04811201,1012820907946,5306,2/2/2026,E,
NORTH DENES CARAVAN PARK,,NORTH DENES,,Lowestoft,NR32 1UX,03800203,1012702460470,,2/11/2025,D,
,117,Bury New Road,,Manchester,M45 6AA,03801014,1650000026570,25518,8/2/2026,E,
,19,Rapier Street,,Ipswich,IP2 8JX,03801202,1012887084925,21554,9/2/2026,E,
,,19c Station Square,,Lowestoft,NR32 1BA,03800202,1012695467780,,2/11/2025,D,
,44,Stowell Street,,Newcastle upon Tyne,NE1 4XQ,0084505B,1591046833594,,26/7/2026,E,
Dagmar House,19,Station Square,,Lowestoft,NR32 1BA,03800202,1012702260149,,2/11/2025,D,
2 Dunlop Close,,Gretton Brook Road,,Corby,NN17 4BA,04874N14,1160000569960,23586,26/7/2027,E,
,21,STATION SQ,,LOWESTOFT,NR32 1BA,03801201,1012702260609,771,5/3/2028,E,
,71,Mansfield Road,,NOTTINGHAM,NG1 3FN,03801N12,1100005502492,5645,2/11/2025,E,
,47,Barton Road,,Milton Keynes,MK2 3HU,04811N12,1100015423270,21495,26/7/2027,E,
1st Floor,,19a Station Square,,Lowestoft,NR32 1BA,03800202,1012702258993,,2/11/2025,D,
"R LONGSTAFF & CO,",2,West End,,Spalding,PE12 7LW,04811N12,1100000514369,2888,5/2/2026,E,
"Unit 2, Grantwood House",,The Ridgeway,,IVER,SL0 9HW,03801H02,2000003921479,8880,10/6/2028,E,
Ryan Shopping Centre,4,Station Square,,Lowestoft,NR32 1BA,04807203,1012702262448,,2/11/2025,D,
Sun Shing Chinese Take Away,94,Bridget Street,,Warwickshire,CV21 2BU,04828N13,1100025010566,11273,19/3/2026,E,
,3,Cooke Close,,Lowestoft,NR33 7NW,03801201,1012701817390,101,2/11/2025,E,
,,"Penfold Works,",,WATFORD,WD24 4YY,04811203,1014570210896,977,3/2/2027,E,
Logic House,Unit 9c,Hafreys Road,,Great Yarmouth,NR31 0LS,03801202,1012671800550,32551,27/7/2027,E,
,15,Fawcett Street,,SUNDERLAND,SR1 1RH,0090002D,1591056951170,,2/11/2025,E,
,262,Lock Up Shop,,Kessingland,NR33 7SB,04811201,1023545873206,1763,2/11/2025,E,
Unit 30,,Pinbush Road,,Lowestoft,NR33 7NL,04811201,1023523093376,8,2/11/2025,E,
,,20a Bay 1 Abbey Industrial Estate,,Wembley,HA0 1NR,04138204,1012833139111,31004,12/5/2028,E,
BELLA BRONZE,25,"GROSVENOR ROAD,",,DERBYSHIRE,DE5 3JE,03801N14,1170001306565,42256,18/9/2026,E,
,780,Mandarin Court,,WARRINGTON,WA1 1GG,00845K01,1300054168465,,26/12/2025,E,
,259,Wroxham Road,,Norwich,NR7 8RL,04139204,1012674880717,91903,1/8/2026,E,
Unit B3,,Rudford Industrial Estate,,Arundel,BN18 0BF,03801H03,2000057648471,71,29/7/2028,E,
The Gatehouse,,Gate House,,Hitchin,SG4 0TY,04100203,1012820882645,26591,28/12/2026,E,
The Innovation Centre,,Common Road,,Ely,CB6 2HZ,00900203,1023543561992,,30/7/2026,E,
,,Unit 23,,Swansea,SA4 3RS,03801N13,2199989617632,33990,7/4/2028,E,
,17,Vine Street,,Evesham,WR11 4RE,00900N14,1415233081001,,12/5/2026,E,
,4,Church Green,,COLCHESTER,CO6 1UD,70198506,70198506,112905,3/7/2027,,
,94,High Street,,Mablethorpe,LN12 1AS,04811037,1100000594114,1238,2/11/2025,D,
Unit 5A,,Armstrong Road,,BENFLEET,SS7 4PW,03801202,1012598863644,4890,13/5/2027,E,
Unit 1,,Bridgeman Street,,Walsall,WS2 9PG,03801N13,1410773060009,726,15/5/2027,E,
THE HARECASTLE,,Liverpool Road,,STOKE-ON-TRENT,ST7 1EA,71712600,71712600,164505,13/6/2018,,
,282,Baring Road,,LONDON,SE12 0DS,00845072,1200060430423,,15/5/2028,E,
Unit 5,,LYSANDER MEWS,,London,N19 3QP,03801204,1200027820000,6103,2/11/2025,E,
Unit H4 Beckingham Business Pk,,Beckingham Street,,Maldon,CM9 8LZ,03801201,1012626998628,3392,2/9/2026,E,
The Bell Inn,,Bath Road,,Marlborough,SN8 1QD,04812H17,2000007602959,,28/2/2026,E,
Bradshaw Farm,,Ipstones,,STOKE-ON-TRENT,ST10 2LL,03801007,1418393040000,3109,6/3/2028,E,
Bradshaw Farm,,Ipstones Edge,,Stoke-on-Trent,ST10 2LL,04811N14,1417393040008,127328,6/3/2028,E,
Redmires Buildings Services,,Clifton Street,,Sheffield,S9 2DQ,5020718505,5020718505,23102,14/2/2026,,
Goose Green Farm,,Moss House Lane,,Preston,PR4 4TD,04811154,1610020499068,6296,20/5/2028,E,
Bowburn Industrial Estate,,Bowburn,,Durham,DH6 5AD,0380102C,1591038473763,,1/10/2030,E,
Unit 10,,Chancerygate Business Centre,,Manchester,M44 6GP,,1630000638048,34159,14/4/2027,E,
,92,North End Road,,London,W14 9EX,00845071,1200010009369,,23/5/2027,E,
,3,The Maltings,,Burton upon Trent,DE14 1SE,00800058,1100039213384,,2/11/2025,D,
,8,Dolphin Lane,,Boston,PE21 6EU,04811037,1100000203999,17414,23/5/2028,E,
"UNIT 10, DAVY COURT",,"CASTLE MOUND WAY, CENTRAL PARK",,RUGBY,CV23 0UZ,03811N13,1100770406013,14318,2/11/2025,E,
,,WALSTEAD ROAD,,Walsall,WS5 4DP,6079901,6079901,33577,22/7/2026,,
Haywards Yard,,Lindal Road,,London,SE4 1EP,03800202,1200034615331,,2/11/2025,D,
,,57-61 Faulkner Street,,Manchester,M1 4FF,12765702,12765702,520294,1/10/2028,,
"OFFICE,",,REAR OF 183,,"LONDON,",NW9 6LP,03801203,1050001952571,,2/11/2025,E,
Abril Industrial Waxes Ltd,,Sturmi Way,,Bridgen,CF33 6BZ,00845L02,2199989640580,,1/4/2028,E,
,,Youth Centre,,Warrington,WA5 2EY,03801D01,1300005796517,,23/7/2026,E,
,,Lake Drive,,POOLE,BH15 4LR,69139810,69139810,92388,9/3/2027,,
,56,Grey Street,,Newcastle upon Tyne,NE1 6AF,0090005A,1591058635871,,1/1/2027,E,
,44,Bradford Road,,Shipley,BD18 3NT,0380102C,2315602151613,20148,28/2/2028,E,
Oakwood Industrial Estate,,Harling Road,,Norwich,NR16 2JU,03801202,1030049703929,7158,28/5/2027,E,
Guru Nanak Sikh Temple,126,High Street,,Birmingham,B66 3AP,2498856908,2498856908,8523,1/3/2027,,
,1,Pountney Road,,London,SW11 5TU,03801202,1200027780801,2897,29/5/2028,E,
,91,High Street,,Swanage,BH19 2LZ,68194802,68194802,323773,9/10/2026,,
1st Floor Rear of Chapel Place,6a,White Hart Lane,,London,N17 8DP,03801203,1013070823184,17784,29/5/2027,E,
,496,Wallisdown Road,,Bournemouth,BH11 8PT,00845H87,2000027447942,,17/6/2027,E,
Working Mens Club,,Sheffield Road,,Sheffield,S13 7ES,58020403,58020403,7978,2/5/2027,,
Miracom House,,Dunlop Road,,IPSWICH,IP2 0UG,03801203,1012890592654,18703,14/4/2028,E,
,24,Green Lane,,Northwood,HA6 2QB,04807202,1012403359279,7268,28/4/2026,E,
,,3a Fuller Road,,Harleston,IP20 9EA,03801201,1012707413759,4694,30/5/2027,E,
,,3c Fuller Road,,Harleston,IP20 9EA,03801201,1012707414673,13397,30/5/2027,E,
ST ANNES,,ST. ANNES CLOSE,,GRAYS,RM16 2AY,63340110,63340110,242712,15/2/2028,,
SDC Property - Limegrove House (Main),,Caxton Road,,BEDFORD,MK41 0QQ,00845072,1014568365377,,1/6/2027,E,
,,Ettingshall Road,,WOLVERHAMPTON,WV2 2JP,60207306,60207306,110114,10/5/2027,,
New Grange Farm,,Town Street,,York,YO43 3PA,03800999,2365490852012,,2/11/2025,D,
Oakwood Yard,,Harling Road,,NORWICH,NR16 2JU,00845073,1050000701661,,1/6/2030,E,
,628,Finchley Road,,LONDON,NW11 7RR,03136204,1012989171112,101925,3/6/2028,E,
"Unit 11, Lower Darwen Mill",,Albert Place,,Darwen,BB3 0QE,03801631,1610022124687,76,4/6/2028,E,
Unit 5/6,UNIT 5/6,Day Street,,WALSALL,WS2 8EJ,03801007,1460001925810,80,13/8/2026,E,
Newhaven Residential Home,,Mumby Road,,Lincolnshire,LN13 9RF,04812N14,1100000532340,36101,4/6/2028,E,
Basement Room,47,Preston New Road,,Blackburn,BB2 6AE,03801631,1610021696896,3343,24/6/2026,E,
,87-95,Neilston Road,,Paisley,PA2 6ES,03801D02,1800033728732,4265,2/11/2025,E,
,47,Preston New Road,,Blackburn,BB2 6AE,04811161,1610021696850,6168,24/6/2026,E,
,6,Southcote Road,,Bournemouth,BH1 3SR,76502300,76502300,46535,1/9/2027,,
36/37,,Lancaster Gate,,,W2 3NA,03801204,1200040573980,86136,6/6/2028,E,
Ground Floor,114a,Cromwell Road,,LONDON,SW7 4ES,03801204,1200061283799,29893,6/6/2027,E,
,6,Coldharbour,,Sherborne,DT9 4HA,03107H33,2000025586797,16775,2/11/2025,E,
Radlett United Free Church,,Station Road,,RADLETT,WD7 8JX,03801204,1012427816327,36514,6/6/2028,E,
,58,Allendale Road,,Newcastle Upon Tyne,NE6 2SU,0380102C,1591059127620,10545,9/6/2028,E,
Envy,50,Bridge Street,,Norwich,NR14 6EZ,04807201,1012710881462,3564,2/7/2026,E,
STAG & PHEASANT,34,Spilman Street,,CARMARTHEN,SA31 1LQ,04828N14,2199998988141,41684,2/11/2025,E,
,22,The Lea,,Stoke-On-Trent,ST4 8DY,04800010,1412858420000,,2/11/2025,D,
,32,High Street,,Broadway,WR12 7DT,03800007,1417759571006,,2/11/2025,D,
,,Forge House,,BROADWAY,WR12 7DP,04811010,1414859571006,5698,15/8/2027,E,
,58,High Street,,Broadway,WR12 7DT,03801007,1412459571000,3887,19/5/2026,E,
,135,Clifton Road,,Rugby,CV21 3QN,04811N12,1100025028350,6206,1/10/2027,E,
,53,All Saints Road,,Wolverhampton,WV2 1EG,00900N14,1412791770008,,25/9/2027,E,
,64,High Street,,Broadway,WR12 7DT,03800007,1416359571002,,2/11/2025,D,
Millbrook Medical Conferences,8,Midland Court,,Lutterworth,LE17 4PN,03801N13,1100024222484,22627,6/4/2026,E,
,,High Street,,Broadway,WR12 7DT,04800040,1416859571000,,2/11/2025,D,
,,Cross Guns,,WOLVERHAMPTON,WV11 1TW,03801N14,1415584580003,32633,30/1/2027,E,
,6,Turnpike Close,,LUTTERWORTH,LE17 4YB,03801013,1100024235961,1003,1/10/2028,E,
Wrightune,Unit G,Whiteley Road,,Oxford,OX10 9RG,03801H06,2000010218555,97,2/11/2025,D,
"UNIT 3 NEWTOWN STEAM MILLS,",UNIT 3,,,Gloucestershire,GL14 2JD,03801007,1418797422001,67,2/11/2025,E,
,29,Regent Street,,Hinckley,LE10 0BA,04811037,1100018616358,2380,2/11/2025,E,
Unit 5,,Newton Road,,Gloucestershire,GL14 3JD,03801007,1410897422002,5,2/11/2025,E,
,7,Astley House,,Chipping Norton,OX7 5SR,03801H01,2000008815311,,2/11/2025,E,
,198,High Street,,Leicester,LE9 7LQ,04828N12,1100018211327,23484,15/7/2026,E,
Stall 39,,General Market,,NEATH,SA11 1DP,03801200,2199998659452,,21/7/2026,E,
,29,Swinegate,,York,YO1 8AZ,0380102D,1591016352751,155967,5/3/2027,E,
Stall 41,,Green Street,,Neath,SA11 1DP,03800N13,2199998659443,,2/11/2025,D,
Broadholme Lane Caravan Park,,Swallows Nest,,BELPER,DE56 2JF,04031N14,1100770458020,37195,1/7/2026,E,
Stall 53,,Neath Market,,Neath,SA11 1DW,03800200,2199998659328,,2/11/2025,D,
STAINCLIFFE ADVERTISING,938,Leeds Road,,Bradford,BD3 8EY,0380102A,2314501165014,,2/11/2025,D,
Unit 19,,Crofty Penclawdd,,Swansea,SA4 3RS,03801200,2199997488510,71822,2/11/2025,D,
Ings View Service Station Ltd,,Shipton Road,,YORK,YO30 5RB,0780102C,1591052532753,,3/8/2026,E,
Unit 20a,,Crofty Industrial Estate,,SWANSEA,SA4 3RS,03801N13,2199997488440,6715,2/11/2025,E,
UNIT 22,,CROFTY IND ESTATE,,PENCLAWDD,SA4 3RS,03801200,2199997488370,39637,2/11/2025,D,
Lee Fung Chinese Take Away,100,Walton Road,,East Molesey,KT8 0DL,64267805,64267805,43069,28/9/2026,,
,unit 22B,Crofty Industrial Estate,,"Penclawdd, Swansea, West Glamorgan",SA4 3RS,03800200,2199997488380,,2/11/2025,D,
,50,Bath Road,,BRIDGWATER,TA7 9QQ,00845N14,2200030046368,,5/2/2026,E,
,26,Elswick Road,,Washington,NE37 1LH,0380102D,1591051575296,29164,14/11/2027,E,
UNIT 50,,Crofty Industrial Estate,,Penclawdd,SA4 3RS,03801200,2199997488343,,2/11/2025,D,
Shires Garage,,Somerton Road,,,TA10 9SQ,00900N14,2200013810608,,23/12/2027,E,
,94,St Aldates,,Oxford,OX1 1BT,03800H07,2000008728467,,2/11/2025,D,
,99,St Aldates,,Oxford,OX1 1BT,04800141,2000008728607,,2/11/2025,D,
Old Quarry Works,,Badgers Cross Lane,,Somerton,TA11 7JF,00845570,2200042086625,,1/10/2026,E,
26 Oxford Road,,Penmill Trading Estate,,Yeovil,BA21 5HR,04076144,2000026164015,,2/11/2025,D,
,28,Benedict Street,,Glastonbury,BA6 9EX,04577251,2200021043858,,11/2/2026,E,
,,Main Street,,Keighley,BD20 8TT,03800999,2314357441714,,2/11/2025,D,
,4,Midland Cottages,,Hitchin,SG5 1RW,,1012821485242,3099,23/10/2027,1,
2600 Parkway Court,,John Smith Drive,,Oxford,OX4 2JY,03801007,1413540431003,5065,2/11/2025,E,
,19a,Hermitage Road,,"Hitchin, Hertfordshire",SG5 1BT,04807203,1012821639114,16026,7/2/2027,E,
Unit 1,,Claymore,,Tamworth,B77 5DQ,04800037,1100022310679,,2/11/2025,D,
Unit 4 Claymore,,Tame Valley Industrial Estate,,Tamworth,B77 5DQ,03800013,1100022310819,,2/11/2025,D,
,,INSHANKS FARM,,Stranraer,DG9 9HQ,03800D03,1800016407341,,2/11/2025,D,
Unit 11,,Avenue One,,Letchworth,SG6 2HB,03801202,1012812935682,,1/1/2028,E,
Claymore,,Tame Valley Business Park,,Tamworth,B77 5DQ,04800037,1100022310702,,2/11/2025,D,
Kings Priory School,,Huntingdon Place,,North Shields,NE30 4RF,0084505B,1592001035367,,1/4/2026,E,
Unit 2,,Viking Park,,Tamworth,B77 5DQ,03800013,1100022796867,,2/11/2025,D,
Saith Seren,,Chester Street,,Wrexham,LL13 8BG,00900D04,1300011141540,,23/1/2026,E,
,21,Leazes Pk Road,,Newcastle upon Tyne,NE1 4PF,0380102B,1591060290496,17545,1/10/2028,E,
Wadderton Conference Centre,37,,,Blackwell,B60 1BL,06800021,1412302002007,,2/11/2025,D,
,35-47,"Kirkgate, Hotel",,HUDDERSFIELD,HD1 1QT,71087008,71087008,376353,6/3/2028,,
,87,South Lambeth Road,,LONDON,SW8 1RH,8892760908,8892760908,670867,1/5/2026,,
THE WORKSHOP,,STOKE BOTTOM FARM,,RADSTOCK,BA3 5HW,03801110,2200043028633,152,2/11/2025,E,
,15,Load Street,,BEWDLEY,DY12 2AE,05801N13,1425241200007,,19/8/2026,E,
,1202,WALKER ROAD,,NEWCASTLE UPON TYNE,NE6 3JN,0084502C,1591053761702,,1/4/2027,E,
,,Hempstead Lane,,HAILSHAM,BN27 3PR,03800202,1900014305590,,2/11/2025,D,
Cottage Gifts,10,Castle St,,Beaumaris,LL58 8AP,03800D01,1300012360022,,2/11/2025,D,
,,Castle Street,,Beaumaris,LL58 8AP,06800D04,1300035431248,,2/11/2025,D,
Westmoor Bakery,10,Armstrong Drive,,Newcastle Upon Tyne,NE12 7EB,0380102B,1591041685424,10090,1/8/2027,E,
,9,BEAUMARIS,,GWYNEDD,LL58 8AP,00900D03,1300035430740,,2/11/2025,E,
WALTER HOUSE,,BESSEMER WAY,,ROTHERHAM,S60 1EN,8812948305,8812948305,73592,1/4/2026,,
Spinning Wheel Tea Rooms,1,Bulkeley Place,,Beaumaris,LL58 8AP,04044D02,1300012359417,6373,8/6/2027,E,
REDHURST HOTEL,27,EASTWOODMAINS ROAD,,GLASGOW,G46 6QE,51009503,51009503,151962,22/7/2026,,
,,"Aston Business Park, Shrewsbury Avenue",,PETERBOROUGH,PE2 7BF,03801202,1030054964945,7498,16/9/2028,E,
,,Wolmley Wall Coverings,,Sutton Coldfield,B76 1NR,03801N12,1417333731004,23116,25/2/2027,E,
Vale Of Lune Rufc,,Powderhouse Lane,,Lancaster,LA1 2TT,75616209,75616209,70157,1/3/2026,,
,85,Leicester Road,,LOUGHBOROUGH,LE12 7AJ,04829N14,1100013941819,137759,24/11/2027,E,
,37,Market Place,,RICHMOND,DL10 4QL,0380102A,1591057143851,3761,3/7/2026,E,
,,,,LEICESTER,LE9 2AL,,1100018222940,2274,4/11/2026,E,
WYKEN WORKING MENS CLUB,,ANSTY ROAD,,COVENTRY,CV2 3FL,70820710,70820710,216239,1/6/2026,,
The Hair Studio,89,Station Avenue North,,Houghton Le Spring,DH4 6HT,0380102A,1591053174926,1812,4/7/2026,E,
Unit 25B,,The Avenue,,Glasgow,G77 6EY,03500D02,1800028830600,34602,2/11/2025,E,
Gorsey Clough Nursing Home Ltd,,Harwood Road,,BURY,BL8 3PT,8918979006,8918979006,389180,1/8/2026,,
Unit 25B,,The Avenue,,Glasgow,G77 6EY,04516240,1800028830610,177,2/11/2025,E,
,.,"Stadium Works Dogford Road, Steglight Ltd T/A Bacchus",,Oldham,OL2 6UA,1540567009,1540567009,18639,4/1/2027,,
Unit 1,,Hoddesdon Industrial Centre,,Hoddesdon,EN11 0DD,03801202,1012762762337,4637,5/7/2026,E,
White Gables,16,,,Felixstowe,IP11 7DE,03136204,1012909666320,68505,16/7/2026,E,
,87,Fieldgate Street,,London,E1 1JU,03801202,1200040891384,22515,6/7/2026,E,
"CAROMEP, UNIT 1B, HOPTON COURT",,HOPTON ROAD,,Devizes,SN10 2EU,03801H01,2000006603863,488,6/7/2026,E,
WHITE COTTAGE FARM,,COMBS LANE,,STOWMARKET,IP14 3BN,74811909,74811909,,1/1/2031,,
,22,New Star Road,,Leicester,LE4 9JD,00900058,1100039202364,,2/11/2025,E,
Key Music,18,Dolphin Lane,,Boston,PE21 6EU,04811N12,1100000204097,4925,7/7/2026,E,
BURNLEY HOUSE COUNTRY HOTEL,,Hutton -Le-Hole,,York,YO62 6UA,0380102B,1591044017688,7277,2/11/2025,E,
The Knowle,,School Lane,,ROCHESTER,ME3 7HP,04016204,1900002126153,79911,5/4/2026,E,
,2,Lowndes Street,,LONDON,SW1X 9ET,61836208,61836208,46765,30/6/2027,,
,8,Westmorland Road,,Newcastle upon Tyne,NE1 4EG,0084502D,1591013789044,,9/7/2026,E,
,,Tattenhoe Lane,,MILTON KEYNES,MK3 7EG,50396902,50396902,377228,1/3/2031,,
,10A,St. Johns Road,,Clacton-on-sea,CO15 4BP,04807201,1012631579766,742,2/11/2025,E,
"Unit 5,Beehive Business Centre",,Beehive Lane,,Chelmsford,CM2 9TE,03801203,1012923138116,1852,18/8/2026,E,
,,Greencroft Wynd,,Annan,DG12 6BG,78047200,78047200,238437,15/12/2027,,
,45,Scotland Road,,Nelson,BB9 7UT,00900801,1640000655670,,13/7/2026,E,
,57,Derby Street,,Bolton,BL3 6HE,03500004,1610030522290,9837,13/7/2026,E,
,405,Bath Road,,Slough,SL1 5QL,03801H03,2000005640224,5123,14/7/2026,E,
BUSBY HOTEL,,FIELD ROAD,,GLASGOW,G76 8RX,15074409,15074409,548151,22/7/2026,,
Unit 27 Stroud Business Centre,,Oldends Industrial Estate,,Oldends,GL10 3RQ,04811010,1410940461004,1288,18/7/2026,E,
,,114-116 ST Georges Road,,London,SE1 6EU,3390554201,3390554201,136757,16/6/2027,,
,95,Macclesfield Road,,STOCKPORT,SK7 6DT,03801024,1610020252493,27566,18/7/2026,E,
Crown Hotel,,Hall Street,,SUDBURY,CO10 9JL,18820804,18820804,215967,6/6/2027,,
LONGBECK ESTATE,,Longbeck Estate,,REDCAR,TS11 6HH,9156251504,9156251504,519263,4/10/2028,,
Unit 2B,160-162,Halifax Road,,SHEFFIELD,S6 1LH,0380102C,2380001966659,,19/7/2026,E,
Fairfax House,,Cromwell Pk,,Chipping Norton,OX7 5SR,03801H08,2000050576634,12710,22/7/2026,E,
,218,London Road,,LEICESTER,LE2 1NE,03801N14,1100013362500,16052,13/8/2026,E,
Casa Cafe,42160,Church Gate,,Loughborough,LE11 1UD,04811N12,1100013207274,9621,26/7/2026,E,
,267A,Acklam Road,,MIDDLESBROUGH,TS5 7BP,1324856100,1324856100,183926,13/5/2026,,
Unit 2,,Greenhough Road,,Lichfield,WS13 7AU,03801007,1418560840007,19,27/7/2026,E,
Hounslow Conservative Club,,Gresham Road,,Hounslow,TW3 4BX,9156388801,9156388801,43235,27/6/2026,,
,7,Town Hill,,Wrexham,LL13 8NA,04811D03,1300011268380,,27/7/2026,E,
,95,London Road,,LEICESTER,LE2 0PF,03801N12,1100013360804,7100,30/1/2027,E,
The Cradle Nursery,306-308,Leicester Road,,Wigston,LE18 1JX,04554N12,1100013606355,11212,22/2/2027,E,
,37,St. Lukes Terrace,,SUNDERLAND,SR4 6NQ,0380102B,1591057262140,2213,5/12/2027,E,
WEST WICKHAM METHODIST CHURCH,,HAWES LANE,,WEST WICKHAM,BR4 9AA,79307003,79307003,107908,1/10/2026,,
Greenkeeper's Shed,,Broome Lane,,Leicester,LE7 4SD,03801N14,1100013118145,,11/8/2026,E,
The Mendip Inn,,Gurney Slade,,Radstock,BA3 4UU,00845570,2200030950956,,2/11/2025,E,
,78,High Street,,Newcastle Upon Tyne,NE3 1HB,0380102C,1591038070776,31345,1/8/2026,E,
,,Three Horse Shoes,,EXETER,EX5 5EU,4243857205,4243857205,245235,3/5/2027,,
,,LAMPITS HILL,,STANFORD-LE-HOPE,SS17 9AA,63078101,63078101,105307,10/3/2026,,
The Wallows Industrial Estate,,Brierley Hill,,West Midlands,DY5 1QA,03801N12,1416120880005,7917,2/8/2026,E,
B & M CENTRE LTD,Unit 30,New Albion Ind Estste 26 3 0 9 12/09/1980 X 0 Bank of Scotla,,Yoker,G13 4DJ,03801D01,1800032815385,4547,2/8/2026,E,
,,Unit 1,,Nottingham,NG5 7ER,04812N14,1100025542063,162146,2/1/2028,E,
,30,Oak Hill,,Woodford Green,IG8 9NY,12909408,12909408,675386,2/11/2025,,
,101,Old Christchurch Road,,Bournemouth,BH1 1EP,03801H06,2000020861193,2027,7/10/2026,E,
Lambrook,,Winkfield Row,,Berkshire,RG42 6LU,00845H86,2000052279692,,1/10/2028,E,
Gosford Road,,,,Beccles,NR34 9QP,03801202,1012706737321,1565,3/8/2026,E,
,21,Honiton Way,,Warrington,WA5 2EY,03801D03,1300005796368,8061,13/6/2026,E,
,37A,MAIN STREET,,NEWMILNS,KA16 9DA,03801D03,1800017989658,25096,1/7/2026,E,
,,Cresta Torrs Park,,Ilfracombe,EX34 8AY,03873N13,2200014372765,11435,9/5/2027,E,
,137a,Harrison Road,,LEICESTER,LE4 6NP,04817N14,1100039672650,111662,1/12/2025,E,
UNIT 1,83,,,Northamptonshire,NN13 7BW,03801013,1100015873843,3725,6/8/2026,E,
29,,Olive Street,,Sunderland,SR1 3PE,0380102B,1570000270766,1191,7/8/2026,E,
,,Langer Road,,FELIXSTOWE,IP11 2BS,03136203,1012909909890,16742,22/4/2026,E,
AUDI DUNDEE SHOWROOM,,KINGS CROSS ROAD,,DUNDEE,DD2 3PT,9180059500,9180059500,359352,1/10/2026,,
WHITE HORSE VINTAGE,,White Horse Lane,,LEICESTER,LE4 4EF,00845058,1100051241811,,30/12/2025,E,
Unit 3 & 4,,Roman Park,,Tamworth,B77 5DQ,04811N12,1100022310590,1779,9/8/2026,E,
PEMBERTON WOODHOUSE LTD,,WOODHOUSE LANE,,WIGAN,WN6 7NF,76756410,76756410,602486,1/9/2026,,
The Bakery,17,Penda Way,,Sandbach,CW11 1GS,1633542402,1633542402,0,27/1/2017,,
Unit 38,,Saffron Court,,BASILDON,SS15 6SS,04811202,1012562771127,11553,10/8/2026,E,
Lickhill Road,,Stourport-on-Severn,,Worcestershire,DY13 8SB,00900N14,1419117491006,,4/4/2026,E,
,,Mintsfeet Road,,KENDAL,LA9 6DE,03801014,1610005063093,2286,8/9/2026,E,
Moor Fisheries,30,Cumberland Street,,Sheffield,S1 4PT,0380102A,2333722438114,19079,24/9/2027,E,
,11d,Farthing Road,,IPSWICH,IP1 5AP,00845071,1014570809124,,14/7/2027,E,
A,5,Swannington Road,,Leicester,LE9 6TU,04817N12,1100018060075,9291,25/7/2027,E,
Cullen Golf Club,,The Links,,Buckie,AB56 4WB,03094R68,1713761585005,29888,1/8/2026,E,
Elf Service Station,,Worcester Road,,Stourport-On-Severn,DY13 9AJ,03801N12,1411276591006,4339,16/9/2026,E,
Block 9,,Lion Barn Industrial Estate,,Ipswich,IP6 8NZ,03136202,1012975820760,4265,15/7/2027,E,
CRAIGMARLOCH NURSERY,,GARVELL ROAD,,GLASGOW,G65 9BS,9090858709,9090858709,549840,1/5/2026,,
13,,GRAINGER ROAD INDUSTRIAL ESTATE,,SOUTHEND-ON-SEA,SS2 5DD,03801202,1023545785311,1721,1/11/2027,E,
,59,Tom-A-Mhoid Road,,DUNOON,PA23 7HP,00900S13,1711660205604,,1/8/2027,E,
,162,Walsall Road,,Cannock,WS11 9RB,03801007,1414749050001,595,15/12/2025,E,
Unit 9,,Townsend Piece,,Aylesbury,HP19 8BQ,03801201,1012459350932,1074,17/7/2028,E,
White House Farm,,,,Dorchester,DT2 7DE,04044H16,2000026414741,9103,30/5/2027,E,
,,"Unit 7,The Breydon Centre",,Great Yarmouth,NR31 0LU,03801201,1012671806534,5566,17/7/2026,E,
Sheertherm Ltd,Unit 6,Brinnell Way,,Great Yarmouth,NR31 0LU,03801202,1050000268549,2416,17/7/2026,E,
,98,JOAN STREET,,LONDON,SE1 8DA,9097071502,9097071502,57567,2/11/2025,,
Unit 9 Highlands Road,,Shirley,,Solihull,B90 4NY,04811N12,1413619931007,42016,2/11/2025,E,
The Old Library,,Bookham Grove,,LEATHERHEAD,KT23 4NS,03801202,1900015070350,18598,30/11/2027,E,
,,By South Penrice,,Gower,SA3 1LA,03801200,2100040329870,2224,17/7/2027,E,
,.,The Horse & Jockey The Horse Jockey 10,,,WS13 6QA,00900N14,1429724000007,,17/2/2027,E,
Penrice Old Farm Hou,,Penrice,,Swansea,SA3 1LA,03801200,2100040769405,2432,17/7/2027,E,
Kings Langley Hotel,1,West Cliff Road,,Dorset,BH2 5ES,67936400,67936400,99986,4/11/2026,,
,82,Spital Hill,,SHEFFIELD,S4 7LG,0380102A,2380001922396,8785,19/7/2026,E,
A-GAS UK LTD,,BANYARD ROAD,,BRISTOL,BS20 7XH,8853024407,8853024407,181303,1/5/2027,,
,202,Walton Road,,Liverpool,L4 4BB,00900D01,1300035386932,,2/11/2025,E,
,,Westbury Leigh,,WESTBURY,BA13 3SB,03801H08,2000006486120,53938,10/5/2026,E,
"Unit Mc4a, Unit 11",,"Maes y Clawdd, Maesbury Road Industrial",,OSWESTRY,SY10 8NN,04011D04,1300013520840,6954,2/11/2025,E,
,200,Bath Street,,Glasgow,G2 4HG,00900D03,1800036596315,,8/6/2026,E,
Unit 3,,344-346 St Saviours Road,,Leicester,LE5 4HJ,03801N14,1100012367162,24074,21/7/2028,E,
HQ7,,Headquarters Road,,Westbury,BA13 4JR,,2000027340870,,2/11/2025,D,
,BLOCK 5,6-7 Old Mill Industrial Estate,,Mansfield,NG19 9BG,03015013,1100004561292,1934,22/7/2028,E,
,43,Clarence Road,,Grays,RM17 6QJ,03801202,1012548046066,,1/7/2026,E,
Taiyuan Ltd,4,Weir Street,,FALKIRK,FK1 1RA,1079227608,1079227608,157990,28/6/2028,,
,54,Morley Road,,Doncaster,DN1 2TN,0482802C,2332158591915,11921,30/10/2027,E,
,215,ACCRINGTON ROAD,,BLACKBURN,BB1 2AQ,03801131,1610023883127,3756,26/6/2026,E,
,,Westering,,Lochgilphead,PA31 8SR,03801P06,1711954445259,,1/10/2027,E,
,2,Unit 6 Phase,,Sheerness,ME12 1DB,03802201,1900028248311,5,24/7/2026,E,
Wrosley Framing,5,Bridgewater Road,,Manchester,M28 3JE,04811661,1610009788876,565,15/1/2026,E,
Fraser House,,Nether Hall Road,,DONCASTER,DN1 2PW,0380102B,2332169457010,9761,27/2/2018,E,
Shop,2,Oxford Road,,Hereford,HR3 5AJ,03801200,2199990775611,6416,24/7/2027,E,
Exeter Inn,,Church Street,,IVYBRIDGE,PL21 0QR,00900N14,2200020165208,,4/1/2027,E,
Suite 5,90,High Street,,Braintree,CM7 1JP,04811203,1012490752607,15081,1/5/2027,E,
,425,High Road,,Wembley,HA9 7AB,03801202,1012831438490,11095,25/7/2026,E,
,,New Street,,DONCASTER,DN1 3QU,0350002A,2333757901716,195,2/11/2025,E,
ESSEX COUNTY COUNCIL,,Discovery Centre,,BRAINTREE,CM77 7FS,03801203,1050000010174,15040,2/11/2025,E,
,,Llannerch Hindda,,Llandovery,SA20 0NB,04811N14,2199998952925,,2/11/2025,E,
,Unit 11,"Capital Business Park, Manor Way",,BOREHAMWOOD,WD6 1GW,03801204,1030021710162,12518,26/7/2028,E,
106b,,North Street,,Essex,RM11 1SU,03801201,1012581276697,4263,18/7/2028,E,
F P W Axles Ltd Unit D4,,Enfield Road,,Accrington,BB5 6NN,04808024,1600000030404,191286,1/2/2026,E,
,24,Steeley Lane,,Chorley,PR6 0RD,03801004,1610020774815,3002,2/11/2025,E,
P.i. Costing Limited,3,Regent Terrace,,Doncaster,DN1 2EE,0380002C,2333457187015,,10/11/2025,D,
"13A, WOOLTON STREET","13A,",Woolton Street,,LIVERPOOL,L25 5NH,03801D01,1300003587173,6581,2/11/2025,E,
J Freeman Licensed Grocer,21,Cleghorn Avenue,,Lanark,ML11 7AZ,03801D04,1800018389970,39104,23/12/2025,E,
Unit 3,,Whittingtons Court,,Doncaster,DN2 4PE,0380102B,2331959675017,,6/7/2029,E,
Health Resource Centre,,Adelaide Terrace,,Newcastle Upon Tyne,NE4 8BE,0084505A,1591058331479,,1/8/2027,E,
,,Hall Green,,DISS,IP22 5UU,04807202,1012984426675,5147,12/9/2026,E,
The Wayzgoose,,Rochester Airport Industrial Estate,,Rochester,ME1 3QX,00845204,1900012151732,,1/8/2028,E,
,30,Abbeygreen,,LANARK,ML11 0EQ,03826D02,1800035228937,19,17/2/2026,E,
,20,Elmdon Road,,Birmingham,B27 6LH,59834710,59834710,73307,7/4/2026,,
Rix Hairdressing,29,Chapel Street,,DERBY,DE21 7JP,04811N12,1100010116794,1257,11/8/2026,E,
Mr Jonathan Sadler T/A The Whitehouse G,47,ST MARY'S STREET,,KIRKCUDBRIGHT,DG6 4DU,04025D02,1800036230324,,1/3/2027,E,
,3,Albany Road,,WEYMOUTH,DT4 9TH,00070H88,2000050266488,,1/8/2027,E,
Burgess Hill,,Unit 2 Marchants Way,,,RH15 8QY,03801202,1900027361832,6354,1/8/2026,E,
Hartley Farm,,Hartley,,Bradford-on-Avon,BA15 2JB,00845H87,2000006209832,,4/11/2026,E,
T & A Motors,,Unit 7C Treenwood Industrial Estate,,Bradford On Avon,BA15 2AU,03801H02,2000006225737,7285,15/9/2026,E,
Pss (London) Limited,124,Mile End Road,,London,E1 4UN,03801204,1200029072589,58007,14/3/2026,E,
28-30,,Cross Street,,Tenbury Wells,WR15 8EE,03801007,1413012012008,16458,29/4/2026,E,
Boa Catering Ltd,2,Bridge Yard,,Bradford-on-Avon,BA15 1EJ,00845H86,2000054867800,,28/5/2027,E,
,53,Bedford Hill,,LONDON,SW12 9EZ,03801201,1200028713639,341,11/4/2028,E,
,220,Sheffield Road,,Barnsley,S70 4PF,0350002B,2330917170910,13638,1/11/2027,E,
,,376B Doncaster Road,,Barnsley,S70 3RH,0380102C,2330607125611,434,2/11/2025,D,
,,21 Dodworth Road,,Barnsley,S70 6DW,0380102B,2331317440018,2273,6/10/2026,E,
,69,King's Cross Road,,LONDON,WC1X 9LN,03801202,1200026761222,5573,2/9/2026,E,
Basement,1,St. Thomas Street,,London,SE1 9RY,03800202,1200030800307,,2/11/2025,D,
,30,Hertford Road,,London,N1 5QT,00900204,1200061095597,,8/10/2027,E,
,11,Fitzwilliam Street,,Hyland Common,S74 0NJ,0482902D,2333328420013,65612,11/5/2028,E,
Unit 1 Croft Court,,Sandall Carr Road,,Doncaster,DN3 1QL,0380102D,2331697124011,32994,29/6/2028,E,
,32,Firth Park Road,,SHEFFIELD,S5 6WN,8907458909,8907458909,7016,2/11/2025,,
,217-219,,,,E14 0ED,03801202,1200020021266,10458,2/11/2025,E,
,,Herne Bay Road,,Whitstable,CT5 2LR,03801202,1900045157650,24577,11/11/2025,E,
,,Station Lane,,Co.durham,DH2 1AJ,0090002D,1591057674300,,30/9/2026,E,
,21,Chestnut Grove,,London,SW12 8JB,04807204,1200033134387,122664,2/11/2025,E,
,82,High Street,,Annan,DG12 6DW,8873952506,8873952506,110882,27/1/2028,,
,1,Amor Way,,Letchworth Garden City,SG6 1UG,04808204,1012813971370,,13/3/2026,E,
Mehek Restaurant And Bar,45,"London Wall,",,"LONDON,",EC2M 5TE,3392836401,3392836401,57722,11/4/2027,,
Five Ways,,Kingsdown Park,,Whitstable,CT5 2DT,03801203,1900010175546,,21/6/2028,E,
THE GRAPES,164,WHITLEY ROAD,,WHITLEY BAY,NE26 2LX,0380102C,1591050371934,64605,20/10/2027,E,
,9-11,Beltinge Road,,Herne Bay,CT6 6DB,04811204,1900005178730,45278,2/10/2026,E,
Jubilee Cottages,,143 St. Andrews Road,,Lytham Saint Annes,FY8 1YB,11422105,11422105,120760,1/10/2027,,
Canterbury Steak & Grill,10,St. Peters Street,,Canterbury,CT1 2AT,04829202,1900025172583,26330,20/7/2028,E,
The Green,,Highams Road,,HOCKLEY,SS5 4DG,03136202,1012605783429,11028,5/8/2027,E,
Suttons Newsagents,180,Somercotes Hill,,Alfreton,DE55 4JS,04817N14,1100008343249,62939,24/10/2027,E,
,236,YORKSHIRE STREET,,ROCHDALE,OL16 2DP,03801144,1610012336916,6785,2/6/2027,E,
The Flat,,Savile Road,,Castleford,WF10 1PH,03800999,2355622481412,,2/11/2025,D,
,33,Alexandra Street,,SOUTHEND-ON-SEA,SS1 1BW,03800203,1050000107568,,2/11/2025,D,
,52,High Street,,Ipswich,IP6 8AP,04811202,1012975892756,7043,7/2/2028,E,
(BUREAU VERITAS C P S UK LTD),31,KINGSLAND GRANGE,,WARRINGTON,WA1 4RW,87258001,87258001,91367,2/11/2025,,
LONDON CAPITAL CLUBS,15,Abchurch Lane,,LONDON,EC4N 7BB,78119603,78119603,54456,26/12/2027,,
Common Road Social Club,,Common Road,,Pontefract,WF9 3EE,0380102C,2351622418111,5734,28/9/2026,E,
The Daneway Inn,,Daneway,,Cirencester,GL7 6LN,03811N14,1416825171009,59801,28/3/2027,E,
The Bell Inn,,Sapperton,,Cirencester,GL7 6LE,00900N14,1410066171004,,1/5/2026,E,
,1,Wide Way,,MITCHAM,CR4 1BP,64521209,64521209,84660,7/1/2028,,
,60-62,Wicker,,SHEFFIELD,S3 8JD,8906578409,8906578409,668618,10/1/2028,,
,,Hencotes,,Hexham,NE46 2EE,0090002D,1591044202080,,1/12/2030,E,
,,The Glyntwrog inn,,Caernarfon,LL55 4AN,00845D04,1300035431568,,18/11/2027,E,
ROSEMOUNT WORKS,,HUDDERSFIELD ROAD,,ELLAND WEST YORKSHIRE,HX5 0EG,9158163809,9158163809,5227,2/11/2025,,
,,Amhall Business Park,,Westhill,AB32 6UF,8909064101,8909064101,409371,5/4/2027,,
Unit 17,,Pinbush Road,,Lowestoft,NR33 7NL,04807204,1012701820152,74459,31/7/2027,E,
,,Parkway,,DEESIDE,CH5 2NL,47711206,47711206,510230,1/4/2027,,
,,Pentrefelin,,Wrexham,LL13 7NB,00845D04,1300037718257,,1/10/2026,E,
TEESIDE WAREHOUSE,,FLECK WAY,,STOCKTON-ON-TEES,TS17 9JZ,9099973407,9099973407,382789,1/10/2026,,
E Thomas Pant Joinery Ltd,1,Miners Road,,Wrexham,LL12 0PJ,00845G01,1300060215357,,1/11/2026,E,
,72-77,Lower Tower Street,,BIRMINGHAM,B19 3NF,8812921902,8812921902,60007,2/11/2025,,
"NEW BUILDING, (SITE OPP CHARLFIELD),",,Ringwood Road,,Southampton,SO40 7HT,9089127608,9089127608,1,2/11/2025,,
DERBY GRAMMAR SCHOOL TRUST LIMITED,,Rykneld Road,,Derby,DE23 7BH,57553108,57553108,332788,1/4/2028,,
Dean Court,,Thislebarrow Road,,Bournemouth,BH7 7AF,8915556007,8915556007,539009,1/4/2026,,
Widemouth Manor Hotel,,Widemouth Bay,,Bude,EX23 0DE,00845570,2200011714809,,2/7/2026,E,
,12,Elbow Lane,,Liverpool,L37 4AW,03801D03,1300000136445,20664,1/10/2026,E,
Swynnerton Arms Stoke On Trent,,Windmill Hill,,Stoke-on-trent,ST3 7PP,57347902,57347902,152634,14/10/2028,,
0025206387,62,Queensdale Road,,LONDON,W11 4SG,75595609,75595609,138405,20/4/2026,,
,58,Church Street,,Berwick-Upon-Tweed,TD15 1DU,03801D01,1800031175779,17829,6/5/2027,E,
Manse Care Home,,The Manse Care Kirkgate,,"Kirkham, Preston",PR4 2TN,83247503,83247503,183065,1/10/2027,,
,101,Mitcham Road,,London,SW17 9PD,8812992308,8812992308,166313,1/2/2027,,
Factory Unit,,24A Park Road,,Ryde,PO33 1HH,00845H86,2000027437137,,2/9/2028,E,
,150,London Road,,Oxford,OX3 9ED,68888903,68888903,119251,11/4/2028,,
House of Zabre,12,Union Street,,Ryde,PO33 2DU,03801H01,2000053154239,179,4/5/2026,E,
,69-71,Whitworth Road,,Rochdale,OL12 0RD,03801274,1610012425682,158,30/5/2026,E,
C2,,Haviland Road,,Dorset,BH21 7RY,03801H02,2000021826784,1062,7/4/2026,E,
,27,West Gate,,Stevenage,SG1 1QR,,1023525155787,,14/8/2026,E,
Priory Street Centre,15,Priory Street,,York,YO1 1ET,18433606,18433606,196483,1/4/2026,,
Bitterne Manor,,Kemp Quay Industrial Park,,Southampton,SO18 1BZ,68104505,68104505,79366,19/3/2028,,
,564,London Road,,ISLEWORTH,TW7 4EP,03801H03,2000002953521,41894,6/11/2026,E,
,22,Market Street,,Kirkby Stephen,CA174QT,04511591,1610031949944,,20/2/2026,E,
232-234,,WATERLOO STREET,,BOLTON,BL1 8HU,1454289700,1454289700,6227,12/3/2027,,
Flat Above;j Wood & Co,5,Mottram Moor,,Hyde,SK14 6LA,04811004,1610002841335,205,2/11/2025,E,
,222,Colne Road,,Burnley,BB10 1DY,03801631,1610014114823,,16/8/2026,E,
,5,Shelford Road,,Nottingham,NG12 2AE,04811N13,1100006879022,19810,19/8/2026,E,
,4,Regent Street,,RUGBY,CV21 2QF,04811037,1100025164415,5659,19/8/2026,E,
,15,Wood Street,,Bolton,BL1 1EB,04511591,1610029818499,,2/11/2025,D,
,10,Market Square,,St. Austell,PL26 6UD,03801N12,2200022572071,17433,1/10/2026,E,
"Suite 60, Beacon Buildings",,Leighswood Road,,Walsall,WS9 8AA,03801007,1412152703000,536,22/8/2026,E,
First Floor,376,Harrogate Road,,LEEDS,LS17 6PY,0380102A,2343316276711,3192,25/8/2026,E,
Golf Driving Range,,Redhills,,Penrith,CA11 0DR,,1610032028530,43998,16/5/2027,E,
,118,North Street,,Hornchurch,RM11 1SU,03801202,1012581279689,,24/6/2026,E,
,16,St Mary Road,,Benfleet,SS7 1NR,04807202,1012596255449,8371,27/8/2026,E,
,26-28,Staines Road,,Hounslow,TW3 3JS,00900Q04,2000053922655,,3/9/2028,E,
Drs Surgery,,Tunley Holme,,Preston,PR5 8ES,04811024,1610021296818,33051,2/11/2025,E,
China Hong (UK) Ltd.,,1-5 Staines Road,,Hounslow,TW3 3HH,00800H86,2000027305148,,2/11/2025,D,
,28,Parkway,,London,NW1 7AH,04807204,1200034593306,71310,28/8/2026,E,
,,Botsford Street,,Sheffield,S3 9PF,0380002D,2334351603018,,2/11/2025,D,
"Unit 4, Swallowfield Centre",,Swallowfield Way,,HAYES,UB3 1AW,03801H04,2000003225256,68884,16/5/2026,E,
,5,The Parade,,BRISTOL,BS14 9DB,04807N12,2200015395736,9131,28/8/2026,E,
,73,High Street,,Sandown,PO36 0DQ,8835915306,8835915306,33507,12/3/2028,,
,,39a Sea Road,,Sunderland,SR6 9BS,0380102A,1591059264887,2876,29/8/2026,E,
,447,Lady Margaret Road,,SOUTHALL,UB1 2QB,00845H86,2000051965382,,30/11/2025,E,
A S C House,,Commerce Way,,Edenbridge,TN8 6ED,03801204,1900049383780,38814,30/8/2026,E,
Alexander House,30,Station Brow,,Leyland,PR25 3NZ,03801131,1620000578785,2190,2/11/2025,E,
,419,Bentley Road,,DONCASTER,DN5 9TJ,0380102B,2334867426217,,5/11/2027,E,
Shop 5,,5,,Clacton-on-Sea,CO16 8NZ,03136201,1012631782850,1494,1/9/2026,E,
Coalport II,,Stafford Business Park,,Telford,TF3 3BD,00845127,1422410000007,,3/11/2025,E,
,79,Magdalen Way,,GREAT YARMOUTH,NR31 7AA,03136203,1012670258862,,1/9/2026,E,
,42-44,COLDHARBOUR LANE,,HAYES,UB3 3EP,03801H09,2000001782556,24321,26/1/2027,E,
Lemon Fencing Ltd,,ASSENDUN WORKS,,HOCKLEY,SS5 5LD,00845071,1030052292342,,1/9/2026,E,
Brookside Pavilion,,Brookside Road,,HAYES,UB4 0PL,03801H03,2000002144702,3481,2/11/2025,E,
Link House,,Bolton Road,,Bolton,BL4 9BT,03801204,1610029327223,12747,23/8/2027,E,
,20,Mountfield Road,,,N3 3NE,04807203,1023464685331,11814,2/9/2026,E,
FIRST FLOOR,143,Rochdale Road,,Bury,BL9 7BA,03801144,1610028882660,2832,7/9/2026,E,
,18,Stowell Street,,NEWCASTLE UPON TYNE,NE1 4XQ,0084502D,1591051863927,,5/6/2028,E,
A15,,Kirkland Avenue,,Mansfield,NG18 5QP,04811N12,1100004399790,2023,9/9/2026,E,
Eastern Avenue,,East Road,,Romford,RM6 6YJ,03136203,1012507552266,7609,29/5/2027,E,
Green Dragon,52,Kent Street,,Dudley,DY3 1UY,03801N14,1425180100003,37232,15/6/2027,E,
,,21 Sawmills Road,,Diss,IP22 4GG,03801202,1023481574006,4141,11/9/2026,E,
,,Thames Road,,Barking,IG11 0ND,04808202,1200037503253,8501,28/10/2027,E,
,174,FIRTH PARK ROAD,,SHEFFIELD,S5 6WQ,0380102A,2334602716715,1023,12/9/2026,E,
Unit 17,,Wantz Road,,DAGENHAM,RM10 8PS,03801203,1012501198288,7323,25/10/2028,E,
,20,Finchfield Road West,,Wolverhampton,WV3 8AZ,03801007,1415952870002,3518,14/9/2026,E,
,2,Henry Wells Square,,Hemel Hempstead,HP2 6BJ,03801202,1012966376960,14634,16/9/2026,E,
,,Culver Hill,,STROUD,GL5 5BA,67377906,67377906,122420,30/6/2026,,
,149,Percival Road,,Enfield,EN1 1QT,04811202,1013030951072,11812,18/9/2026,E,
,,Stambridge Road,,Rochford,SS4 2AX,63318409,63318409,80712,10/4/2026,,
Oxhill Central Club,1,Eden Terrace,,Co.Durham,DH9 7LW,0380102A,1591023659031,,21/8/2026,E,
62a,,Front Street,,Stanley,DH9 0HU,0380102A,1591059072157,3927,7/11/2027,E,
UNIT 3-4,,Spitfire Road,,Salisbury,SP4 6GB,00845H86,2000051245099,,3/1/2028,E,
,62,Plymouth Street,,Swansea,SA1 3QQ,00845N13,2199989612528,,18/9/2026,E,
,26,South View,,STANLEY,DH9 7UD,0480702B,1591020977240,7303,1/7/2028,E,
,68,Cromford Road,,RIPLEY,DE5 3FP,04828N14,1100008251944,,14/4/2027,E,
Second Floor,16-18,Whitechapel Road,,LONDON,E1 1EW,03801203,1200024381259,336,2/11/2025,E,
,26-27,St Davids Arcade,,"Swansea,",SA1 3QW,03801N14,2199998324414,20158,18/9/2026,E,
Unit 2,7,Saxon Way,,Royston,SG8 6DN,03801202,1012781706052,2332,20/9/2026,E,
"Salad Days,Unit 9a-9e",,Tanfield Lea Industrial Estate North,,Stanley,DH9 9UU,0380102B,1591060590175,1112,29/7/2027,E,
,48,Carmarthen Road,,Llanelli,SA14 6SU,03220N14,2199996981029,71380,20/9/2026,E,
"Unit 1,",,Wandle Trading Estate,,Mitcham,CR4 4HW,03800203,1900013081183,,2/11/2025,D,
The Buddah Padipa Temple,14,Calonne Road,,London,SW19 5HJ,03801203,1200034262178,3564,22/9/2026,E,
Landlord Supply,19,Wellington Street,,Luton,LU1 2QH,03801202,1050001930940,286,22/9/2026,E,
Commerce Street,,Cuparmuir,,Cupar,KY15 5SL,00845G02,1800050567173,,10/5/2028,E,
The Village Hall,,Granborough,,Buckingham,MK18 3NJ,03801N12,1100016070921,1234,24/9/2026,E,
8 CHESTNUT COTTAGES,,HIGH STREET,,POLEGATE,BN26 5TB,04016203,1900046270950,1759,24/9/2026,E,
11,,BRIDGE STREET,,BELPER,DE56 1AY,03801013,1100008867446,748,13/2/2027,E,
,49,Friern Barnet Road,,LONDON,N11 3EG,03801201,1023545636920,4175,2/11/2025,E,
,46,Westgate,,Rotherham,S60 1AS,0380102B,2330472148711,6630,27/7/2026,E,
,4,Mowbray Drive,,Blackpool,FY3 7JR,03801024,1610003635241,8541,15/4/2028,E,
,1,Peel Avenue,,Blackpool,FY3 7AQ,03801004,1610003641574,3159,15/8/2026,E,
,,249-251 Dickson Road,,Blackpool,FY1 2JH,,1610003700087,11737,12/8/2027,E,
Blackpool Catering Equipment,195,Dickson Road,,Blackpool,FY1 2HQ,03801004,1610003717815,14545,2/11/2025,E,
,83-85,Adelaide Street,,BLACKPOOL,FY1 4LU,00900424,1600000022096,,8/9/2028,E,
,Unit 17,Broomhouse Lane Industrial Estate,,Doncaster,DN12 1EQ,0380102A,2334259678910,47,10/4/2027,E,
,12,General Street,,BLACKPOOL,FY1 1RW,03801631,1610003653481,6514,2/11/2025,D,
Innerleithen Road,,,,Peebles,EH45 8BA,03801D01,1800020464670,717,23/4/2026,E,
Information Bureau,,St Annes Rd West,,Lancashire,FY8 1SB,03801004,1610004487043,11191,2/11/2025,E,
Atlas,8,St. Davids Road South,,Lancashire,FY8 1TB,04005024,1610004555270,41961,7/9/2027,E,
,11,Alexandria Pharmacy,,Lytham St Annes,FY8 1JF,03801004,1610004593406,,28/10/2026,E,
Three Tuns Hotel,,Murray Street,,Filey,YO14 9DG,0404302D,1591041180140,32040,13/5/2027,E,
,160,Warwick Road,,SCUNTHORPE,DN16 1EU,0380102B,2374654470016,9749,1/12/2025,E,
Pasture House Farm,,Neds Lane,,Preston,PR3 6HT,03500014,1610023197659,10320,1/10/2026,E,
SAM TAYLOR HAIRDRESSER,,U 3 Hall Pk Centre,,LYTHAM ST. ANNES,FY8 4QF,03500144,1610004635934,5838,3/11/2027,E,
Jan Wilkinson And Son Ltd,334,Park Lane,,Poulton Le Fylde,FY6 0LU,00845074,1620001136540,,13/9/2027,E,
,,Unit 7,,Blackpool,FY4 5GU,03801014,1630000583968,11621,1/4/2026,E,
,,7A Dicconson Terrace,,Lytham St Annes,FY8 5JY,04800661,1610006129452,,2/11/2025,D,
,,Red Marsh Drive,,Thornton-Cleveleys,FY5 4HP,03801004,1610004790630,5246,7/2/2028,E,
,,ST ANDREWS ROAD,,PAR,PL24 2LX,03801N14,2200022397826,18482,16/2/2026,E,
,51,Sea Road,,ST. AUSTELL,PL25 3SG,00900N14,2200030117647,,30/9/2026,E,
,51,Rossall Road,,Thornton Cleveleys,FY5 1HG,03801631,1610004693643,680,2/11/2025,E,
Fleetwood Dental Laboratories,145,Poulton Road,,Fleetwood,FY7 7AP,03801004,1610004894603,4699,15/8/2027,E,
Unit 5 Plot 5,,Bracewell Ave,,Lancashire,FY6 8JF,03801004,1610004349111,4200,1/2/2027,E,
,11,Church Street,,Poulton-Le-Fylde,FY6 7AP,03801144,1610004323196,15715,16/4/2028,E,
,4,Railway Street,,North Shields,NE29 6QD,0380102D,1591035738960,7175,1/7/2027,E,
,1,Comely Place,,FALKIRK,FK1 1QQ,03801D01,1800018935486,1528,2/11/2025,E,
,41,Wilson Road,,CARDIFF,CF5 4LL,03801N14,2199993165264,,5/2/2026,E,
2Nd Floor,17,Ridley Place,,Newcastle Upon Tyne,NE1 8JQ,03800998,1591055265335,,2/11/2025,D,
,70,Pitt Street,,NEWCASTLE UPON TYNE,NE4 5ST,0090002A,1591050292097,,10/5/2026,E,
,30-38,Steyne Gardens,,WORTHING,BN11 3DZ,48833708,48833708,109389,1/9/2026,,
UNIT,,BREMBER ROAD,,HARROW,HA2 8UJ,19811505,19811505,216906,1/8/2026,,
Alford Arms,,Frithsdon,,Hemel Hempstead,HP1 3DD,8813467709,8813467709,221543,13/2/2026,,
,109,London Road,,BEXHILL-ON-SEA,TN39 3LB,66777109,66777109,116801,1/4/2028,,
ST. CATHERINES COURT,46-48,Portsmouth Road,,Guildford,GU2 4DU,00845071,1900060537774,,1/10/2027,E,
RAVENSCROFT,,Liverpool Road,,PRESTON,PR4 5HA,52388902,52388902,,1/10/2028,,
,98,KIMBOLTON ROAD,,BEDFORD,MK40 2PF,49176804,49176804,159999,1/10/2026,,
,5,Beveridge Walkway,,Newton Aycliffe,DL5 4EE,0404302B,1591052376562,310,2/11/2025,E,
Hunday Manor Hotel,,,,Workington,CA14 4JF,00845801,1600000049576,,30/8/2026,E,
,1,Station Approach,,Kent,BR7 5NN,03801204,1200034503933,29317,26/4/2027,E,
,48,LEADENHALL MARKET,,London,EC3V 1LR,61872100,61872100,165934,2/4/2026,,
,4,Avondale Road,,St Leonards -On -Sea,TN38 0SA,00845204,1900010428076,,24/4/2026,E,
,38,,,STONE,ST15 8AS,70441006,70441006,140536,12/3/2026,,
Knighton Heath Golf Club Ltd,,Francis Avenue,,Bournemouth,BH11 8NX,8816151506,8816151506,,1/3/2029,,
"Unit 8/A, Graves Yard Industrial Estate",96b,Upper Wickham Lane,,WELLING,DA16 3HQ,03801201,1200021356710,1352,4/9/2027,E,
Sandhill Garden Centre,,Wyton Road,,Hull,HU12 8TY,0380102A,2365420457910,3162,1/3/2026,E,
Le Taj Restaurant;,31,Osborne Road,,Southsea,PO5 3LR,03105H31,2000013636330,26296,2/11/2025,E,
,206,Yarm Road,,Darlington,DL1 1XD,0090002D,1591034135515,,3/12/2026,E,
Unit,42222,Gunnery Terrace,,London,SE18 6SW,,1200051102183,7830,10/5/2028,E,
,30,STEYNE GARDENS,,Worthing,BN11 3DZ,48833809,48833809,103225,1/9/2026,,
,23,Portland Terrace,,Newcastle Upon Tyne,NE2 1QS,0380102B,1591056055957,6152,23/12/2025,E,
,,Fern Avenue,,Newcastle upon Tyne,NE2 2RA,0380102A,1591017104454,30515,1/1/2028,E,
post office,,MABE BURNTHOUSE,,PENRYN,TR10 9HG,00900N14,2200030110697,,25/9/2026,E,
,,CRAIGEND ROAD,,TROON,KA10 6HD,00900D04,1800035217085,,1/4/2028,E,
,31,Worcester Road,,SUTTON,SM2 6PT,04811203,1900041088523,,2/11/2025,E,
,373,Bury New Road,,Manchester,M25 1AW,9178619401,9178619401,21102,9/1/2026,,
,Non-PAF De,"Jon Davey Drive, Treleigh Industrial Estate",,REDRUTH,TR16 4AX,00845570,2200040365117,,10/9/2026,E,
,32,Wansbeck Road South,,Newcastle Upon Tyne,NE3 3HQ,0380102B,1591015451266,7893,27/12/2025,E,
null,,DOLPHIN STREET,,COLYTON,EX24 6NA,4239877606,4239877606,35629,18/12/2026,,
,29-30,Pearson Park,,HULL,HU5 2TD,48915104,48915104,293937,12/1/2028,,
,175,Stoke Newington High Street,,LONDON,N16 0LH,03005204,1200022896645,122157,14/12/2026,E,
,3,Station Close,,DAVENTRY,NN11 4FJ,04808037,1100019071760,,2/11/2025,E,
,40,The Grove,,NEWCASTLE UPON TYNE,NE3 1NH,0480702D,1591017805684,77796,1/8/2028,E,
,,166 DELCE RD,,KENT,ME1 2EP,672819105,672819105,38472,23/5/2027,,
Royal Hotel,,Melville Square,,Crieff,PH6 2DN,8818762905,8818762905,294423,13/5/2027,,
,,Kent Street,,BATTLE,TN33 0SD,48841909,48841909,,1/10/2028,,
,67,The Avenue,,Fareham,PO14 1PE,03801H02,2000013978339,,2/11/2025,E,
Gym Office Unit 2,,Curve Court 2,,London,NW4 2AF,00900204,1030074713890,,1/1/2026,E,
,19,Quebec Street,,DURHAM,DH7 9XA,0383502B,1591050311581,3175,17/5/2026,E,
,7,Hampden Way,,London,N14 5DJ,03801202,1012999948450,751,2/11/2025,E,
CATHEDRAL VIEW HOUSE NURSING HM,,KENWYN CHURCH ROAD,,TRURO,TR1 3DR,81483303,81483303,30505,19/4/2028,,
,244,West Street,,FAREHAM,PO16 0HS,03801H09,2000014193693,,6/5/2024,E,
Waterside Mill,,Langholm,,,DG13 0DG,57009601,57009601,139059,1/6/2026,,
Trimmings Unit,,Coronation Street,,STOCKPORT,SK5 7PJ,00845801,1620001713105,,1/1/2028,E,
,1,Skinner Street,,WHITBY,YO21 3AH,1910735710,1910735710,13731,9/4/2026,,
,249,Oakeigh Road North,,London,N20 0TX,03136202,1013021349264,1,2/11/2025,E,
,2,Anjou Crescent,,FAREHAM,PO15 5DA,,2000014458002,18685,1/7/2026,1,
,6,Goatbeck Terrace,,DURHAM,DH7 8JJ,0380102A,1591023691806,2174,20/4/2027,E,
"COMFORT INN, HYLTON RETAIL PARK",10,"TIMBER BEACH ROAD, SUNDERLAND ENTERPRISE PARK",,SUNDERLAND,SR5 3XG,0084505A,1580000524445,,13/12/2025,E,
Master Autoglass,3,Rochester Airport Ind,,Rochester,ME1 3QX,03801201,1900033150558,7402,2/11/2025,E,
Kent,ROCHESTER,United Kingdom,,,ME1 3QX,03873203,1900033150567,22949,23/9/2028,E,
"Unit 8, Sutherland Court",,"Moor Park Industrial Centre, Tolpits Lane",,WATFORD,WD18 9NA,03801203,1012426523263,4341,29/11/2026,E,
"Unit 14, Jupiter Business Park",,Bentley Road,,DONCASTER,DN5 9TJ,0084502A,2380001643564,,28/6/2026,E,
,,Boulton Road,,Solihull,B91 2JU,03801007,1417643051000,4870,2/10/2027,E,
,120,The Gossamers,,Watford,WD25 9AD,03136204,1012420986013,54930,15/10/2027,E,
UNIT 5-6,,BURNSIDE INDUSTRIAL ESTATE ROEBUCK ROAD,,ESSEX,IG6 3UG,04807202,1012508084940,10766,1/6/2026,E,
,119,Oakwood Road,,St. Albans,AL2 3QB,03801201,1012471652485,2103,31/12/2025,E,
,81,Thorne Road,,Doncaster,DN1 2ES,0084505A,2380001055232,,26/9/2026,E,
The Street,,Rockland St. Mary,,Norwich,NR14 7AH,04808203,1012723867723,,27/10/2026,E,
Unit 8,,Fountain Drive,,Hertford,SG13 7UB,00845204,1023512949223,,27/9/2028,E,
,90,High Street,,Blackburn,BB1 4LA,03801014,1610021983308,12408,27/9/2028,E,
Unit B5,,Blaby Industrial Park,,Leicester,LE8 4GZ,04811N12,1100013039593,9711,28/9/2027,E,
,409,High Road,,Woodford Green,IG8 0XG,03801201,1200038456783,4096,14/8/2026,E,
,90,Cranbrook Road,,Ilford,IG1 4NH,03801201,1200023889212,7328,9/4/2026,E,
Unit 11-12,,"Energy,Development Centre",,Aberdeen,AB23 8GD,03801P07,1700052276706,15806,28/9/2028,E,
,84,HIGH STREET,,LONDON,E17 7LD,03801202,1200034387141,3042,12/4/2027,E,
Unit 3,,Burma Drive,,HULL,HU9 5SD,0084505A,2366530522012,,29/9/2026,E,
COMMUNITY CENTRE,1,Chippenham Mews,,London,W9 2AN,03802204,1200029406155,35624,30/9/2027,E,
52-54,,Whalebone Lane South,,Dagenham,RM8 1BB,03801201,1012506323378,5892,1/4/2026,E,
,44,THE BRIDGES,,SUNDERLAND,SR1 3LB,0380102D,1507073300118,26292,2/11/2025,E,
,18,Cross Lane,,WAKEFIELD,WF2 8DB,0380102B,2352091042010,5831,2/11/2025,E,
,76,METROCENTRE,,GATESHEAD,NE11 9YR,0580102D,1591058087472,30867,2/11/2025,E,
Clanville Garage,,Clanville,,Andover,SP11 9HZ,03801H08,2000007837555,15478,10/6/2027,E,
The Old Barn,,Roberttown Lane,,Liversedge,WF15 7LY,0380102D,2325667558210,18334,23/10/2027,E,
,68,HILL STREET SHOPPING CENTRE,,MIDDLESBROUGH,TS1 1TB,0680702C,1591058041023,19750,2/11/2025,E,
,UNIT N21,LINTHORPE ROAD,,MIDDLESBROUGH,TS1 5BU,0580102D,1591030800300,24337,2/11/2025,E,
,35,Nuns Moor Road,,NEWCASTLE UPON TYNE,NE4 9AU,0380102D,1591056432403,50130,13/3/2027,E,
,35,Andover Road,,Andover,SP11 9LU,03801H02,2000027768560,14085,7/10/2027,E,
,452,Marton Road,,Middlesbrough,TS4 3AA,0380102A,1591052472040,2025,1/10/2027,E,
Building,,Old Stockbridge Road,,Andover,SP11 7EF,03801H04,2000007766754,57562,2/3/2026,E,
,60,JAMES CARTER ROAD,,BURY ST. EDMUNDS,IP28 7DE,00845073,1014572806677,,1/10/2027,E,
Rear Of Tanerdy Garage,,Old Corona Factory,,Camarthen,SA31 2EY,03801200,2199998984500,2118,15/7/2028,E,
Living Accommodation,107,Leeds Road,,DEWSBURY,WF12 7BU,0482902C,2352271285110,,13/5/2024,E,
"MAC LTD,34A",,WATER ROYD LANE,,MIRFIELD,WF14 9SG,0481102B,2321132861911,5904,2/11/2025,E,
,8,Morning Lane,,LONDON,E9 6NA,03801202,1200060890205,33080,25/8/2027,E,
,,Lonsdale Road,,LONDON,SW13 9QN,03801204,1200051196952,57916,1/10/2027,E,
,20,Nuffield Way,,ABINGDON,OX14 1RL,00845H86,2000027355380,,2/11/2025,E,
Unit 18,,Victoria Springs Bus Park,,Liversedge,WF15 6BU,0380102B,2300000196154,14341,25/3/2027,E,
Supply to 647,643-649,High Road Leyton,,LONDON,E10 6RA,03800201,1200023696972,,2/11/2025,D,
,,Home Meadow Farm,,Carmarthen,SA33 6AJ,04807N13,2199999005413,29382,1/11/2026,E,
,UNIT N21,MARLOWES,,HEMEL HEMPSTEAD,HP1 1BL,03137204,1012967881856,22915,2/11/2025,E,
,120,Bradford Road,,Wakefield,WF3 2JL,0380102C,2342720654715,15583,2/11/2025,E,
Offices,48,Richmond Road,,KINGSTON UPON THAMES,KT2 5EE,03801202,1900014024210,16750,4/5/2026,E,
,67,Lake Lock Road,,Wakefield,WF3 4HP,0380102C,2353794564914,11519,18/7/2026,E,
,36,HIGH STREET,,LONDON,SW19 2AB,03801202,1200038019164,3464,16/2/2026,E,
,46,Bridgford Road,,Nottingham,NG2 6AP,03801N12,1100006711515,5818,1/10/2027,E,
,19,High Street,,Dereham,NR19 1DZ,04811202,1012741936983,3552,1/10/2026,E,
"Unit 3, Sankey Valley Ind Est",,Junction Lane,,Newton Le Willows,WA12 8DN,03801024,1610009460686,25581,30/8/2028,E,
Prospect House,24,Ellerbeck Court,,MIDDLESBROUGH,TS9 5PT,0084505C,1580000367330,,1/10/2028,E,
,Unit 3C,Manners Avenue,,Ilkeston,DE7 8EF,04874N12,1100011414351,7561,1/10/2026,E,
Royal Hotel,24,Hanover Street,,STRANRAER,DG9 7RZ,00900D03,1800035286060,,23/10/2026,E,
,35,"Kingsway Industrial Park, Kingsway Park Close",,DERBY,DE22 3FP,03801N12,1100051079431,5742,10/6/2028,E,
,,Garage,,Stranrear,DG9 7HH,04692D01,1800016364325,4724,2/11/2025,E,
,74,Victoria Road,,RUISLIP,HA4 0AH,04201202,1012411750365,39606,7/10/2027,E,
,5,Sheuchan Street,,Stranraer,DG9 0DU,03801D03,1800016371624,,2/11/2025,E,
Crown House,,West Carr Road,,Retford,DN22 7SN,,1100003329286,19447,1/10/2026,E,
,1293,Lincoln Road,,Peterborough,PE4 6LJ,3099965000,3099965000,109870,19/3/2028,,
,37,Rayners Lane,,HARROW,HA2 0UE,03801204,1012857273473,25366,11/12/2025,E,
,,THE EMBANKMENT,,WELLINGBOROUGH,NN8 1LD,2216714702,2216714702,,1/10/2026,,
Unit 4 Derwent Business Centre,,Clarke Street,,DERBY,DE1 2BU,03801013,1100009753670,33037,20/4/2027,E,
Dreelside Engineering,,Station Road,,Anstruther,KY10 3JA,03801D03,1800023975357,26913,1/7/2027,E,
,,Hawshaw Lane,,BARNSLEY,S74 0HA,8856381705,8856381705,108109,28/3/2026,,
,,Rowley Lane,,BARNET,EN5 3HW,00900204,1014569458330,,17/6/2027,E,
,,Prestonhall Industrial Estate,,CUPAR,KY15 4RD,00900D01,1800051851829,,12/6/2027,E,
54-58,,Kings Road,,Lancing,BN15 8DY,47092204,47092204,215830,1/4/2027,,
,,Fishers Green,,STEVENAGE,SG1 2JA,00845071,1023530835635,,1/10/2027,E,
,11,Bridge Street,,BALLATER,AB35 5QP,03094R69,1714252001001,,1/6/2030,E,
BLACKLAKE INN,,Hilderstone Road,,STOKE-ON-TRENT,ST3 7NT,03801N13,1419124320003,135358,11/9/2026,E,
,1d,Humber Road,,London,NW2 6EG,03801202,1200036452476,1,2/11/2025,E,
,2,Melville Crescent,,EDINBURGH,EH3 7HW,56784302,56784302,66425,10/7/2026,,
,,Oldfield Street,,STOKE-ON-TRENT,ST4 3PQ,58916000,58916000,143030,6/10/2026,,
,1b,Armitage Road,,LONDON,NW11 8QB,04807202,1023545845946,5423,2/11/2025,E,
,17,Commercial Road,,Port Talbot,SA13 1LN,00845300,2199989667800,,19/4/2026,E,
16A,,Russell Parade,,London,NW11 9NN,03801203,1012989690687,22421,1/12/2026,E,
SANDYFORD GARAGE,,High Street,,STOKE-ON-TRENT,ST7 4PR,03801007,1411701610005,7054,23/10/2027,E,
1629 Restaurant Limited,20,Clifton Road,,LOSSIEMOUTH,IV31 6DJ,03688R67,1713646971207,45416,28/2/2027,E,
,,,,Chislehurst,BR7 6AG,04811203,1200035171520,34992,8/11/2025,E,
MICROPROPAGATION SERVICES (E M) LTD,,KIRK LEY ROAD,,LOUGHBOROUGH,LE12 6PE,9395208,9395208,13827,6/12/2026,,
,18,Midland Road,,SCUNTHORPE,DN16 1DQ,0084505B,2374672959017,,7/3/2026,E,
,234,Roundhay Road,,Leeds,LS8 5AA,8842180107,8842180107,122452,14/1/2028,,
,,Greyhound Lane,,WOLVERHAMPTON,WV4 4UN,03031N14,1420739000002,101153,1/2/2028,E,
LLOYDS BANK PLC,32,Gosforth Centre,,Newcastle Upon Tyne,NE31JZ,9353793506,9353793506,13359,2/11/2025,,
,,Leigh Road,,RUGBY,CV21 1DS,48672003,48672003,216335,29/4/2028,,
"THE FISH INN,",48A,Newhampton Road West,,WOLVERHAMPTON,WV6 0RY,03801N12,1412400280001,21272,4/3/2028,E,
,102,Albert Road,,Southsea,PO5 2SN,3956536809,3956536809,32,2/11/2025,,
,,Traynor Way,,Peterlee,SR8 2RT,9128225203,9128225203,130751,24/7/2026,,
,,20-22 Gladstone Street,,Gainsborough,DN21 2LY,2231163105,2231163105,12735,26/4/2026,,
,74,Church Lane,,Rickmansworth,WD3 8HE,04811202,1012421164038,13574,5/2/2026,E,
Air Care Products Ltd,111,Gosbecks Road,,Colchester,CO2 9JT,00845072,1012616956597,,2/12/2026,E,
Tandoori Nights,50,High Street,,Poole,BH15 1BT,03801H07,2000021529768,20754,20/6/2028,E,
,,Friarton Road,,PERTH,PH2 8DF,03801R51,1717015778600,1910,26/3/2026,E,
,73,Old Woking Road,,West Byfleet,KT14 6LF,634077308,634077308,33626,20/11/2027,,
PENNINGS VIEW,,PORTON ROAD,,SALISBURY,SP4 7LL,3944911007,3944911007,44073,1/3/2027,,
Rear Of The Woolpack,,Dawley Road,,Hayes,UB3 1EJ,00845H86,2000050438794,,7/2/2028,E,
71-73,,BEECH ROAD,,STOCKPORT,SK3 8HD,11062202,11062202,,26/11/2028,,
,4,St. Lawrence Lane,,WORTHING,BN14 7JH,03801202,1900003368760,7280,1/4/2026,E,
"ARMYTAGE ROAD INDUSTRIAL ESTATE,",,Armytage Road,,BRIGHOUSE,HD6 1QF,8822527107,8822527107,185142,2/10/2017,,
The Royal Oak Inn,,Watery Lane,,Louth,LN11 8LZ,8826835509,8826835509,237854,14/5/2026,,
,187,Ayr Road,,PRESTWICK,KA9 1TP,00845G01,1800035306442,,2/11/2025,D,
,143,South Farm Road,,West Sussex,BN14 7AX,04811202,1900021409601,11048,2/11/2025,E,
,8,Westfield Avenue,,Goole,DN14 6JX,1898454010,1898454010,16487,5/10/2027,,
,,Viking Road,,Great Yarmouth,NR31 0NU,00845071,1014568975569,,4/4/2026,E,
Cathedral Hotel,7,Milford Street,,Salisbruy,SP1 2AJ,00845H86,2000027484689,,9/12/2025,E,
,3,Farm Road,,Hove,BN3 1FB,04829201,1900015374220,16613,8/9/2026,E,
,3,Mill Road,,Eastbourne,BN21 2LY,14890805,14890805,187441,1/5/2026,,
LL supply,,mateo drive,,Bournemouth,BH9 2FD,03801H01,2000020932598,,29/7/2026,E,
Whistle And Flute,,Mill Lane,,Biggleswade,SG18 8AZ,03136203,1012445770818,32262,7/2/2026,E,
Bird in Hand,,Marybrook Street,,BERKELEY,GL13 9BA,51415604,51415604,126418,28/7/2028,,
Kingshurst District & Labour Club,51,Clopton Crescent,,Birmingham,B37 6QU,00900127,1417119351005,,1/10/2027,E,
Reg:Winchester,,83 High Street,,Winchester,SO23 9AP,03801H02,2000024617308,6159,30/6/2027,E,
La Fontana,,Oxford Road,,Wantage,OX12 0HP,03801H08,2000009383630,40350,27/3/2028,E,
Henbury Golf Club,,Henbury Road,,Bristol,BS10 7QB,00900N14,2200030010102,,28/8/2026,E,
,2,Hollandhurst Road,,COATBRIDGE,ML5 2EG,03801D01,1800015728456,5965,16/10/2027,E,
,202,St Andrew's Road,,Bridport,DT6 3BS,00845540,2200030052593,,27/7/2026,E,
,,18-18A Bruton Place,,London,W1J 6LY,,1200051903921,135391,27/8/2026,E,
First & Second Floor,9,Queens Road,,BRIGHTON,BN1 3WA,03801202,1900031389495,2212,3/4/2026,E,
,125,Queens Road,,BRIGHTON,BN1 3WB,03801203,1900030389244,9892,2/11/2025,E,
PORTA VIA,179,BANK STREET,,COATBRIDGE,ML5 1HA,03826D04,1800015652587,26760,9/8/2027,E,
,1288,Wimborne Road,,Bournemouth,BH10 7AJ,03801H01,2000020879828,1109,21/2/2026,E,
,51a,Uttoxeter Road,,STOKE-ON-TRENT,ST3 1NY,8817028007,8817028007,17119,28/7/2026,,
GARTSHERRIE ROAD,,,,COATBRIDGE,ML5 2EU,03801D03,1800015637826,15495,1/10/2028,E,
TOP LOCK HOTEL,,Copthurst Lane,,CHORLEY,PR6 8LP,04005014,1610021262526,48722,11/3/2027,E,
,88a,Woodside Street,,COATBRIDGE,ML5 5NR,03801D02,1800015658393,6895,8/4/2028,E,
,,Unit 3 Hagmill Road,,Coatbridge,ML5 4XD,03802D02,1800029369012,5139,20/1/2026,E,
,187,Findon Road,,Worthing,BN14 0EP,03800202,1900034400264,,2/11/2025,D,
Unit 1,565,Blandford Road,,Poole,BH16 5BW,03801H06,2000022286234,4185,15/7/2026,E,
,79,Southampton Row,,LONDON,WC1B 4ET,62503803,62503803,95943,2/1/2028,,
,165b,Chapel Street,,AIRDRIE,ML6 6LH,03801D02,1800015054284,,14/7/2028,E,
DORSET COUNTY COUNCIL,,JOLLIFFE AVENUE,,POOLE,BH15 2HF,8821078200,8821078200,160582,1/10/2026,,
,,Poole Arms,,Poole,BH15 1HJ,03801H03,2000021528588,49631,19/8/2026,E,
,19,High Street,,AIRDRIE,ML6 0DT,03826D04,1800029095087,29414,1/3/2026,E,
,250,Barkerend Road,,Bradford,BD3 9DB,0380102B,2314403601213,7570,2/11/2025,E,
,115,Station Road,,,SA15 1YS,03801N13,2199996850042,25816,2/11/2025,E,
,134,Church Street,,Leeds,LS10 2AZ,53054608,53054608,1,15/10/2026,,
15-23,,Telford Road,,Glasgow,G67 2AX,03801D04,1800060714437,53126,19/8/2028,E,
,,Rannoch Court,,,G67 4LS,03826D03,1800015483616,24757,29/4/2026,E,
Unit 36,,Dawkins Road Industrial Estate,,Poole,BH15 4JD,,2000022060961,7060,2/10/2027,E,
,24,Catherine Street,,St. Albans,AL3 5BX,8818365502,8818365502,30418,31/5/2026,,
,40,Glenacre Road,,Glasgow,G67 2NX,00900D04,1800035242338,,25/8/2027,E,
,61,Deerdykes View,,Glasgow,G68 9HN,03801D02,1800019712584,7334,15/2/2026,E,
Lochranza Distillery,,Lochranza,,Isle Of Arran,KA27 8HJ,08100R99,1711738385305,258633,2/1/2027,E,
,177,Prospecthill Road,,Glasgow,G42 9LQ,00900D04,1800035271941,,24/11/2026,E,
,,1-3 Tobago Street,,Greenock,PA15 1PB,03802D04,1800035197330,73718,19/5/2027,E,
,11-15,Hallcraig Street,,Airdrie,ML6 6AH,03801D01,1800015056069,15629,27/8/2027,E,
,85,Lauchope Street,,Airdrie,ML6 8SW,03801D03,1800030343538,14671,18/6/2028,E,
,,39-49 Alexander Street,,Airdrie,ML6 0BA,03801D04,1800035118125,85663,17/4/2028,E,
,1,WESTGATE STREET,,Launceston,PL15 7AB,4208549700,4208549700,70,26/9/2026,,
,31-32,Durham Street,,SCARBOROUGH,YO12 7PT,52707207,52707207,1,2/11/2025,,
MASTER SUPER SWEETS,129,Legrams Lane,,Bradford,BD7 2AA,0380102A,2311007901111,2072,2/11/2025,E,
Waste Transfer Site,14,St Georges Avenue,,Poole,BH12 4ND,03801H06,2000053202032,13247,1/12/2026,E,
Lovat House,,Gavell Road,,Glasgow,G65 9BN,03801D03,1800019616801,7220,10/1/2027,E,
Alderney Plating(1986) Ltd,,Thrush Road,,Poole,BH12 4NP,00845H86,2000027448139,,19/4/2026,E,
CALLANDER GOLF CLUB,,Callander,,Perthshire,FK17 8EN,77257206,77257206,1,2/11/2025,,
Auchengeich Road,,Moodiesburn,,Glasgow,G69 0JN,00900D04,1800035216685,,4/12/2027,E,
,5,Lake Road,,Ambleside,LA22 0AD,04812661,1610005291190,,2/11/2025,E,
,,Methodist Church,,Bideford,EX39 6AB,03046110,2200011657977,4196,2/11/2025,E,
PRINCE OF WALES HOTEL,,Tavistock Road,,YELVERTON,PL20 6QF,00845N14,2200030130026,,26/9/2027,E,
Horns Cross Repair,,,,BIDEFORD,EX39 5DH,03801N12,2200040111119,10879,27/10/2026,E,
,117,Sydney Street,,London,SW3 6NR,03801203,1200025733224,5491,1/10/2026,E,
Unit 40,40,Coneygre Industrial Estate,,Tipton,DY4 8XP,03873N12,1418491660008,23753,24/1/2026,E,
Lowes Transport,,Powke Lane,,Warley,B65 0AL,04536N14,1416744290006,53963,19/4/2027,E,
Top Brandocks,,Greenbury Way,,Chelmsford,CM1 3FE,,1050000518955,,31/5/2026,E,
,41,LINDEN ROAD,,NEWCASTLE UPON TYNE,NE3 4HA,0380102D,1591015433666,65869,1/9/2028,E,
,,Dromintee Road,,Coalville,LE67 1TX,04811N14,1100039621432,62067,1/7/2028,E,
Unit 4,,Park Lane Est,,Warley,B69 4JK,03800007,1423257000003,,2/11/2025,D,
,36,WIKELEY WAY,,CHESTERFIELD,S43 1AQ,04828N13,1100008451690,,17/4/2026,E,
,,Hawkeswood Road,,SOUTHAMPTON,SO18 1AB,03801H09,2000027737508 2000027737508,27460,6/2/2027,E,
,3,High Street,,,HR8 1DS,04811N12,1412595981005,16512,6/9/2027,E,
,,Storforth Lane,,CHESTERFIELD,S40 2TU,03801N13,1100051190886,,1/11/2028,E,
Oakhill Medical Practice,,Oakhill Road,,Sheffield,S18 2EJ,0380102A,2300000489165,2098,19/11/2026,E,
Patricia House,,Bodmin Road,,Coventry,CV2 5DG,,1100025711430,17964,19/4/2027,E,
9-11,,Honey Street,,BODMIN,PL31 2DL,00845N14,2200030113100,,1/8/2027,E,
FAO Finance Department,,St. Rumbolds Street,,LINCOLN,LN2 5AR,17148310,17148310,156784,2/10/2026,,
19-21,,MARKET PLACE,,WHITEHAVEN,CA28 7JB,04005024,1610030974675,32694,25/3/2026,E,
,,Molefre,,Gwynedd,LL72 8NN,03801D03,1300011906894,19247,28/10/2026,E,
Unit11 A Parkrose Ind Est,,Middlemore Road,,Oldbury,B66 2DZ,03801N12,1417766070005,5318,23/3/2027,E,
Unit 5,,Oldbury Road,,West Midlands,B66 1NU,03801N12,1419523860009,7243,9/6/2027,E,
Alcester Road,,Bromsgrove,,BIRMINGHAM,B48 7JD,04807N14,1425247100006,,2/11/2025,E,
,2,LINNELL WAY,,KETTERING,NN16 8PS,03801N12,1100020323142,6228,2/11/2025,E,
Nutson Farm,,Higher Nutson,,Chulmleigh,EX18 7HT,04807N14,2200014253710,163149,27/2/2027,E,
,,Old Chard Road,,HONITON,EX14 9NN,03801N14,2200041338382,19201,1/10/2027,E,
Limitless Training Club Ltd,,Water Street,,Kettering,NN16 0JR,03801013,1100020656750,4181,13/7/2026,E,
,24,Leslie Street,,BLAIRGOWRIE,PH10 6AH,03801P07,1717388815003,7874,2/11/2026,E,
Davy Sports & Social Club,630,Prince of Wales Road,,SHEFFIELD,S9 4ER,0380102D,2336587912013 2336587912013,35537,1/10/2026,E,
,44,Masters Lane,,HALESOWEN,B62 9HL,04800010,1417327690000,,2/11/2025,D,
Little Chef,A6,Harborough Road,,KETTERING,NN14 2UG,00845N14,1100039222227,,2/11/2025,E,
Tyn Lon Garage,,Ffordd Caergybi,,Llanfairpwllgwyngyll,LL61 5SX,00845D04,1300035431805,,1/4/2026,E,
,,8 Alexandra Road,,Farnborough,GU14 6DA,00900Q02,2000017236746,,31/5/2026,E,
,60,Long Lane,,Halesowen,B62 9LS,,1413917790004,8579,2/9/2026,E,
Albury House,6,Albury Road,,GUILDFORD,GU1 2BT,00900204,1900001383631,,25/8/2026,E,
,8,High Street,,Rowley Regis,B65 0DT,03801007,1419929680000,3636,15/10/2028,E,
"UNIT 7-8,",,Portway Road,,Rowley Regis,B65 9BY,03801N13,1414709880008,15591,31/1/2026,E,
,309,London Road,,CAMBERLEY,GU15 3HE,03801H01,2000004778297,4024,2/11/2025,E,
,,LAKE ROAD,,WINDERMERE,LA23 3BJ,03801024,1610005222391,45681,17/7/2027,E,
,8,"Enterprise Industrial Estate, Station Road West",,ALDERSHOT,GU12 5QJ,03801H07,2000016233460,436,15/7/2027,E,
39,,ASHLEY ROAD,,LEEDS,LS9 7AJ,19456904,19456904,141299,1/4/2028,,
Pro Tech Precision,,Station Road West,,Aldershot,GU12 5QD,00845H89,2000027416350,,5/3/2026,E,
"Unit 1A, Brookside Units",,"Pinhoe Trading Estate, Venny Bridge",,EXETER,EX4 8JN,00845570,2200030063122,,19/10/2028,E,
,,BULLOCK STREET,,WEST BROMWICH,B70 7HE,03801N13,1417165313002,,5/4/2026,E,
,6,High Street,,Chard,TA20 1QB,00900N13,2200030054410,,20/3/2027,E,
"HOLLY HALL SCHOOL,",,Scotts Green Close,,Dudley,DY1 2DU,03801007,1422499000003,,2/11/2025,D,
,630,Prince of Wales Road,,SHEFFIELD,S9 4ER,19042102,19042102,41011,10/10/2026,,
HERDWICK COTTAGES LTD,53A-53B,HIGHGATE,,KENDAL,LA9 4ED,03500204,1610005099044,6113,14/3/2026,E,
,22,HIGH STREET,,EDINBURGH,EH1 1TF,04001D01,1800021401955,3052,13/3/2027,E,
,46,Croydon Road,,REIGATE,RH2 0NH,03801202,1900070189700,4639,4/4/2026,E,
Highview House,1st Floor,,,Epsom,KT18 5QJ,03801204,1900028090960,15363,19/9/2026,E,
,78,Birmingham Street,,Oldbury,B69 4EB,03801N12,1411966360006,12483,1/8/2026,E,
,104,Easter Road,,EDINBURGH,EH7 5RH,03801D01,1800022606033,405,2/1/2028,E,
,,Ruthvenfield Avenue,,PERTH,PH1 3WB,03801P06,1700051174047,3755,2/11/2025,E,
,3c,Lutton Place,,EDINBURGH,EH8 9PD,03801D01,1800031681853,2794,2/11/2025,E,
,3,West Telferton,,EDINBURGH,EH7 6UL,00845G01,1800035237054,,1/11/2026,E,
,,A1 Industrial Estate,,Edinburgh,EH15 2QA,00900D04,1800054008277,,1/2/2029,E,
Health Centre,133,Glover Street,,Perth,PH2 0JB,00845P81,1717014025436,,1/1/2026,E,
2a,,Shelah Road,,Halesowen,B63 3PG,03800007,1419845090005,,2/11/2025,D,
BAY 2,,GARTSHORE BUILDINGS,,Perth,PH2 8BB,03801R51,1717015796006,10,13/12/2026,E,
,38,Well Street,,London,E9 7PX,03801202,1200041845193,14968,29/7/2027,E,
,92,Barnehurst Road,,BEXLEYHEATH,DA7 6HG,03801201,1200025529581,1226,12/3/2028,E,
Midlands Buddhist Association,34,Holyhead Road,,BIRMINGHAM,B21 0LT,03811N14,1428186100004,39148,20/9/2028,E,
HIGH STREET SURGERY,100-106,High Street,,Dover,CT16 1EQ,03801204,1900060831911,26297,4/3/2028,E,
,37,"37, CRAYFORD HIGH STREET,",,DARTFORD,DA1 4HH,03006204,1200026192472,8981,26/6/2026,E,
,UNIT 6,Marshbrook Close,,COVENTRY,CV2 2NW,8825218704,8825218704,20466,2/11/2025,,
,65,Alexandra Road,,Morecambe,LA3 1RW,03801014,1640000286283,17269,14/11/2026,E,
INSTITUTE OF COUNSELLING,6,Dixon Street,,Glasgow,G1 4AX,04005D01,1800025108495,,2/11/2025,E,
"FOURWOOD JOINERS & CASEMAKERS, UNIT 7",,Monkmoor Road,,SHREWSBURY,SY2 5TZ,03800N13,1413203600005,,2/11/2025,D,
,6,High Street,,Shrewsbury,SY1 1SP,00900N13,1413916100001,,7/9/2027,E,
,,Ennerdale Road,,Shrewsbury,SY1 3NR,05801N14,1416134300009,21459,28/9/2026,E,
,12,Place Lane,,SEAFORD,BN25 1LA,03801202,1900047283658,5656,21/9/2026,E,
,12,Park Avenue,,DEAL,CT14 9AL,03801201,1900013201989,19336,11/9/2028,E,
,49-50,Wyle Cop,,Shrewsbury,SY1 1XJ,00845N12,1428211000008,,6/7/2026,E,
,1,Ivy Terrace,,EASTBOURNE,BN21 4QU,03801202,1900022292412,7267,20/3/2027,E,
Unit 23,,Sandwells Centre,,West Bromwich,B70 7NG,03800007,1419254260007,,2/11/2025,D,
,,Langney Rise,,EASTBOURNE,BN23 7DD,04811202,1900018300188,3085,28/8/2027,E,
The Special Carrier Ltd,,Kedleston Road,,Dover,CT16 3NX,00845071,1900070040328,,6/2/2026,E,
,70,Victoria Street,,PAIGNTON,TQ4 5DS,00845N14,2200030092903,,1/10/2026,E,
,32,Broad Street,,SEAFORD,BN25 1ND,03801201,1900047283676,7573,8/6/2026,E,
,193,London Road,,DOVER,CT16 3DG,03800300,1900009203813,,2/11/2025,D,
Alchemy Inns Ltd,28,Abbotsinch Road,,Grangemouth,FK3 9UX,03801D04,1800018857340,,2/11/2025,E,
The Francis Centre,,Wretham Road,,Birmingham,B19 1ED,00900N14,1411302331005,,16/8/2026,E,
UNIT 6,,ICKNIELD STREET,,BIRMINGHAM,B18 5AU,03801N14,1417878531002,20103,17/7/2026,E,
,,Telford Road,,SALISBURY,SP2 7PH,03801H07,2000052097573,5568,12/7/2027,E,
,5,SOUTH TERRACE,,DORCHESTER,DT1 1DE,03801H03,2000026005592,10458,20/11/2026,E,
N/A,15,Bury Street,,GUILDFORD,GU2 5AW,64167206,64167206,29549,19/9/2026,,
E W Turner And Company Limited,,Shaw Street,,West Bromwich,B70 0TX,00845127,1418111070003,,4/3/2026,E,
Frederick House,,Hurricane Way,,Wickford,SS11 8YB,04811202,1012569798310,21839,10/10/2026,E,
,,York Road,,SHEFFIELD,S9 5DH,0380102D,2335021817718,46261,28/7/2028,E,
"Shop, Station Yard",,Station Yard,,IPSWICH,IP6 8AS,04138202,1012975865840,46555,11/10/2026,E,
,,12a Folgate Road,,Norfolk,NR28 0AJ,03801201,1012729318491,2670,2/11/2025,E,
,90,Eastgate Street,,Glouester,GL1 1QN,03801N12,1414766912005,2,4/1/2026,E,
Unit 7,,"Egham Business Village, Crabtree Road",,EGHAM,TW20 8RB,03801H07,2000003647929,20360,3/7/2027,E,
Unit 16 St. Luke Court,,Clarke Way,,Swansea,SA1 7ER,03801N12,2199997705017,,12/10/2027,E,
UNIT 1,,"Phoenix Industrial Park, Freshfields Road",,HARWICH,CO12 4EL,04812201,1023523205610,3340,12/6/2026,E,
Bottom flat.,,Craigard House,,Campbeltown,PA28 6EP,03801R53,1711903004301,63113,15/9/2027,E,
,53,The Strand,,Exemouth,EX8 1BR,67764105,67764105,51351,13/12/2025,,
Unit 7,,Fountain Drive,,HERTFORD,SG13 7UB,00845074,1050001661372,,13/10/2026,E,
,2,St. Ann's Crescent,,London,SW18 2LR,02811001,1200040109349,10397,14/10/2028,E,
,,Woodgate,,Birmingham,B32 4AG,79921403,79921403,73384,24/1/2026,,
Charles Green,309,Hale Lane,,Edgware,HA8 7AX,04811203,1013017899497,8609,31/10/2026,E,
,55,High Street,,IPSWICH,IP7 5AB,04811203,1050000504483,38880,14/10/2026,E,
,1-5,Lowther Street,,CARLISLE,CA3 8ES,03801631,1610031457093,2344,2/11/2025,E,
Honey Pot Farm,,Honey Pot Lane,,Clacton-on-Sea,CO16 9BJ,00900204,1014569920170,,2/11/2025,E,
,,High Street,,Henfield,BN5 9DB,00900204,1900045384406,,27/5/2028,E,
,,Boughton Green Road,,Northampton,NN2 7AG,00845N14,1100039218461,,2/4/2028,E,
The Camrose Football Ground,,Western Way,,Basingstoke,RG22 6HW,03800H37,2000017832917,,2/11/2025,D,
Unit 8-10,,Holly Road,,Thornton-Cleveleys,FY5 4LR,83972003,83972003,,1/9/2030,,
"Plot C1, Unit 3",,Redgate Road,,WIGAN,WN4 8DT,00900414,1610010704713,,15/10/2027,E,
,31,West Street,,BOURNE,PE10 9NB,04811N12,1100001270240,7732,16/10/2026,E,
,353,Fulham Road,,London,SW10 9TW,03801202,1200025775800,9530,16/10/2027,E,
4 Woodland Business Village,,Coronation Road,,Basingstoke,RG21 4JX,03800H02,2000018142113,,2/11/2025,D,
The Beehive,,Beehive Lane,,Sutton Coldfield,B76 9HG,46889108,46889108,192463,21/10/2027,,
,,GREAT BINFIELDS ROAD,,"LYCHPIT, BASINGSTOKE, HAMPSHIRE",RG24 8TF,00845H86,2000027425016,,2/11/2025,E,
,,62A Bridge Road East,,Welwyn Garden Centre,AL7 1JU,03801202,1023509348114,4564,16/10/2028,E,
,33,Dean Street,,Newcastle Upon Tyne,NE1 1PQ,0090002D,1591010557288,,17/10/2026,E,
Whiteley Local Centre,,Gull Coppice,,FAREHAM,PO15 7LB,9155561604,9155561604,149993,2/11/2026,,
,4,Woburn Walk,,London,WC1H 0JL,03801201,1200020146889,17351,19/10/2026,E,
Pirtek,20a,Riverside Industrial Park,,Ipswich,IP2 8JX,04807203,1012887085380,16430,20/10/2026,E,
Ferro Fields,,Brixworth Industrial Estate,,Northampton,NN6 9UA,04811N14,1100019961068,,1/4/2030,E,
W BREWIN & CO LTD,145,PARKER DRIVE,,LEICESTERSHIRE,LE4 0JP,2929307,2929307,228187,1/10/2027,,
,253a,Ditchling Road,,BRIGHTON,BN1 6JD,03801201,1900091048466,133,18/2/2026,E,
Sprinkle Farm House,,,,Haverfordwest,SA62 4HL,03801N13,2199999653530,8804,21/10/2026,E,
Sprinkle Farm Buildings,,,,Haverfordwest,SA62 4HL,04811N14,2199999653540,2659,21/10/2026,E,
,91,Northfield Road,,Coventry,CV1 2BQ,04811N14,1100024044801,27670,21/10/2026,E,
,7a,Brooks Lane,,MIDDLEWICH,CW10 0JH,04009D01,1300007799900,375,29/3/2026,E,
,18,Bank Street,,ASHFORD,TN23 1BE,04811202,1900023218800,8229,2/11/2025,D,
Unit 7,,Holme Industrial Estate,,York,YO43 4AZ,0380102B,2364400190717,9355,21/10/2028,E,
,49,Lancaster Road,,Enfield,EN2 0BS,03801201,1013060264575,4269,21/10/2028,E,
,8,"Lysander Mews, Lysander Grove",,LONDON,N19 3QP,03801201,1200027820038,5121,9/7/2026,E,
,,Northwich Road,,NORTHWICH,CW8 3EU,03801D04,1300008437028,39918,4/1/2028,E,
Unit 3,,Lysander Mews,,London,N19 3QP,,1200027820056,4106,9/7/2026,E,
,30,Central Avenue,,Kilmarnock,KA1 4PS,03826D02,1800035135291,,1/6/2028,E,
,6,Vernon Street,,BLACKBURN,BB2 2AX,03801631,1610022136600,9884,12/3/2026,E,
Unit 7,,"Lysander Mews, Lysander Grove",,LONDON,N19 3QP,03801202,1200027820029,4367,9/7/2026,E,
5 Slate Hall Farm Cottages,5,Slate Hall Farm Cottages,,Cambridge,CB23 8HB,01801001,1012778621294,3847,2/11/2025,E,
Old Curing House,,Sutton Road,,GREAT YARMOUTH,NR30 3NA,00900071,1014571431738,,22/10/2026,E,
,,Mossy Lea Rd.,,Wigan,WN6 9RF,03500274,1610021338965,19497,1/10/2026,E,
,38,Kensington Garden,,Brighton,BN1 4AL,03801201,1900027391340,4494,8/10/2028,E,
Shanghai Chinese,20,East Street,,Blandford Forum,DT11 7DR,03801H02,2000022219112,2964,1/5/2027,E,
,,17 - 19,,Merthyr Tydfil,CF48 3HB,03801N13,2100041137586,45633,22/10/2027,E,
Manor Park,3,Boleyn Court,,Runcorn,WA7 1SR,00900D03,1300005585911,,2/11/2025,E,
14 -15,,Frederick Road,,Birmingham,B15 1JD,50272805,50272805,27289,20/2/2027,,
,23,East Barnet Road,,BARNET,EN4 8RN,3044510407,3044510407,28141,10/4/2027,,
,83-84,Queen Street,,Exeter,EX4 3RP,00845N13,2200030061603,,1/1/2026,E,
Plot 1,1,Camps Industrial Estate,,West Lothian,EH27 8DF,00845G02,1800061054082,,23/10/2026,E,
First Floor,2,,,Brunswick Road,BN3 1DG,03801203,1900045335979,12364,26/9/2027,E,
The Pheasant,300,Kimbolton Road,,Bedford,MK41 8YR,04138204,1012355580912,64298,1/10/2026,E,
Raywaite Accident Repairs,18,Cornwall Street,,Manchester,M11 2PS,03801131,1610001350230,14140,30/10/2026,E,
Thorncliffe Farm Shop,,Westfield Lane,,Huddersfield,HD8 9SZ,0380102D,2300000906764,187379,23/10/2028,E,
,,Knowsley Road,,St. Helens,WA10 4PX,10816200,10816200,2982,11/9/2028,,
Towers,,Botany Avenue,,Mansfield,NG18 5NG,80088505,80088505,0,1/4/2030,,
,14,Fancy Road,,POOLE,BH12 4QZ,03801H07,2000055403147,13378,1/4/2027,E,
Bomag (great Britain) Ltd,,Sheldon Way,,Aylesford,ME20 6SE,48790301,48790301,476739,5/11/2026,,
,120-122,Queen Street,,NEWTON ABBOT,TQ12 2EU,67566505,67566505,192170,10/11/2026,,
Thorndike Medical Court,,Longley Road,,ROCHESTER,ME1 2TH,00845071,1900033424672,,25/9/2027,E,
Lordswood Industrial Estate,,Revenge Road,,Chatham,ME5 8UD,00845071,1900032425772,,15/10/2026,E,
,127,Fairleigh,,SHEFFIELD,S2 1LB,0380102C,2331333112918,11197,4/7/2027,E,
,10,Bardolph Street East,,Leicester,LE4 6EG,51118003,51118003,366560,1/6/2027,,
,1-8,Clinton Street,,NEWARK,NG24 4AE,04811037,1100003123430,8810,12/3/2027,E,
,33,Craighouse Terrace,,Edinburgh,EH10 5LH,04027D04,1800021709067,392161,1/4/2028,E,
SHEFFIELD AERO CLUB,,Netherthorpe Aerodrome,,Worksop,S80 3JQ,0380102D,2331774985714,18097,25/10/2027,E,
The Ropewalk,,,,Southwell,NG25 0EW,00845L02,1100770781507,,9/10/2026,E,
Unit 02A,,Parkway Development,,Sheffield,S9 4WN,0380102D,2300000740007,70172,1/7/2028,E,
Brighton & Hove Reform Synagogue,,Palmeira Avenue,,Hove,BN3 3GE,00845071,1900014001063,,8/11/2027,E,
Travellers Rest,,Trevarrian,,NEWQUAY,TR8 4AQ,06027N14,2200030114186,60549,12/2/2026,E,
Lunch Stop,216,West Street,,Sheffield,S1 4EU,0481102B,2331631316910,,11/1/2027,E,
80A,,Tower Road,,Newquay,TR7 1LY,03800110,2200022102413,,2/11/2025,D,
Unit 2,12,Abbotsfield Road,,St. Helens,WA9 4HU,9141068908,9141068908,201452,5/11/2027,,
,663,Chesterfield Road,,SHEFFIELD,S8 0RY,0380102A,2333340502816,13002,2/11/2025,E,
622-624,,Abbeydale Road,,Sheffield,S7 2BA,0380102B,2330230562817,13312,27/1/2026,E,
Chameleon,244,Denton Lane,,Oldham,OL9 8PE,03801004,1610002188463,3183,31/7/2026,E,
N/A,2,"Cathedral Lanes Shopping Centre, Broadgate",,COVENTRY,CV1 1LL,60176209,60176209,205282,28/7/2027,,
,29,Blackstock Road,,Sheffield,S14 1AB,0380102B,2333142892119,5412,2/11/2025,E,
44,,GEORGE STREET,,MANCHESTER,M1 4HF,00845801,1600000005286,,8/5/2028,E,
,"74A,",Hylton Road,,Sunderland,SR4 7BA,0080002A,1580000166973,,2/11/2025,D,
The Greyhound,86,Eltham High Street,,LONDON,SE9 1BW,03006204,1200040023259,17382,25/4/2028,E,
(rear supply),1,Edwin Road,,Manchester,M11 3ER,00900424,1600000060143,,2/11/2025,E,
BIMO LTD,2b,Hale Lane,,Mill Hill,NW7 3NX,04811204,1013012932411,,2/11/2026,E,
,56,Currier Lane,,Ashton-Under-Lyne,OL6 6TB,03801024,1610003581989,82181,28/1/2028,E,
,361,Palatine Road,,Manchester,M22 4FY,04813004,1610028153717,7468,12/8/2028,D,
Par House,,Lumley Sixth Pit,,Houghton Le Spring,DH4 6DU,0090002D,1591046829551,,1/9/2027,E,
,102,Fleet Road,,LONDON,NW3 2QX,3291915508,3291915508,12052,22/2/2028,,
Workshop,1,Cundy Street,,Hyde,SK14 4AZ,03801131,1610003336361,39,26/4/2026,E,
Railway Work,,Station Road,,Bruton,BA10 0NL,03801H07,2000025357491,,1/12/2028,E,
New Normanton Mills,,Stanhope Street,,Derby,DE23 6QJ,88415108,88415108,422557,23/12/2026,,
,17,Shanwell Road South,,TAYPORT,DD6 9YB,57160100,57160100,210593,8/1/2028,,
,2,Moorside Road,,STOCKPORT,SK4 4DT,03801004,1610019490163,8690,12/4/2027,E,
,11,Watergate Row South,,CHESTER,CH1 2LE,03801D01,1300010507526,9680,1/10/2026,E,
,448,WILMSLOW ROAD,,MANCHESTER,M20 3BW,03801631,1610000675650,16024,7/2/2026,E,
First & Second Floor,84,Freeman Street,,South Humberside,DN32 7AG,0400104A,2370610562810,8410,1/12/2027,E,
,17,Florist Street,,STOCKPORT,SK3 8DW,03801014,1610019921598,1499,2/11/2025,E,
,187,Windmill Lane,,WALTHAM CROSS,EN8 9AW,03801202,1013051253638,16479,11/8/2027,E,
CHADDERTON MILL,,FIELDS NEW ROAD,,CHADDERTON,OL9 8PB,00845074,1640000240010,,2/11/2025,E,
,61,Broad Lane,,London,N15 4DJ,3047352509,3047352509,47145,15/8/2026,,
,,SANDYHURST LANE,,ASHFORD,TN25 4PE,04829203,1900047197929,28740,1/4/2028,E,
,270,Broadway,,Kent,DA6 8BE,03801203,1200033164595,7826,13/1/2027,E,
,77,High Street,,OLDHAM,OL3 6AP,1612583500,1612583500,9948,24/1/2028,,
Hillbrow Hotel,48-49,Princess Square,,London,W2 4PX,03801201,1200023579970,29428,25/8/2027,E,
,,90a Islington Street,,Leicester,LE2 7SQ,8930248600,8930248600,28950,9/1/2026,,
N/A,155,Longford Road,,CANNOCK,WS11 0LG,17110801,17110801,68306,21/5/2027,,
Grantley Court,22,York Road,,SUTTON,SM2 6HH,65435502,65435502,1,17/9/2026,,
Camber Docks,,Gunwhale Road,,Portsmouth,PO1 2JX,00900Q04,2000027397992,,5/7/2026,E,
,87,Earlsfield Road,,LONDON,SW18 3DA,64760609,64760609,152791,1/8/2026,,
St Helens,,Bryn Road,,West Glamorgan,SA2 0AR,74372101,74372101,101315,28/10/2026,,
Eastfield,,Hill Brow Road,,Liss,GU33 7PS,04800H23,2000015984316,,2/11/2025,D,
,113-116,Bute Street,,Cardiff,CF10 5EQ,6211201,6211201,200376,28/1/2026,,
Bramley Golf Club,,Links Road,,Guildford,GU5 0AL,00845204,1900031424731,,1/5/2026,E,
,19,Bonehurst Road,,Horley,RH6 8PP,48757606,48757606,242667,3/2/2027,,
William Morris House,,Chipmans Platt,,Gloucester,GL10 3SH,67351001,67351001,310992,2/8/2026,,
,27,Rhiw Road,,COLWYN BAY,LL29 7TW,8430250607,8430250607,12580,5/6/2026,,
,54,Westow Hill,,LONDON,SE19 1RX,8899392009,8899392009,10641,7/12/2027,,
Frederick Knight Sports Ground,,Willoughby Lane,,London,N17 0RY,00900203,1023479985625,,8/4/2026,E,
TECHINCIAL DESIGN CONSUL,,Canons Lane,,TADWORTH,KT20 6DP,644956006,644956006,31318,2/11/2025,,
,76,Dartford Road,,Dartford,DA1 3ER,,1200025928495,19760,26/12/2025,E,
FAIRFIELD PARK HEALTH CENTRE,,TYNING LANE,,BATH,BA1 6EA,8089308,8089308,99570,1/10/2028,,
Rowden Surgery,,Rowden Hill,,Chippenham,SN15 2SB,03801H09,2000006830433,53692,28/6/2027,E,
MILL ON THE FLEET,,High Street,,CASTLE DOUGLAS,DG7 2HS,04588D04,1800016262298,16734,7/10/2027,E,
,2,Station Road,,Kettering,NN14 1RL,04828N14,1100020946680,45106,1/2/2027,D,
Bow Triangle Business Centre,5,Eleanor Street,,LONDON,E3 4UR,03801201,1200038996184,7986,2/11/2025,E,
Browns Woodworking,,Lancefield Place,,Corsham,SN13 0HZ,03801H07,2000006035928,6060,5/4/2027,E,
,222,Rykneld Road,,DERBY,DE23 4AN,81035803,81035803,172115,19/5/2027,,
Unit 7,,Harris Road,,Calne,SN11 9PT,03801H07,2000006786341,12176,1/9/2026,E,
,,Charbridge Way,,Oxfordshire,OX26 4ST,8858379706,8858379706,1,2/11/2025,,
,3,Boileau Parade,,LONDON,W5 3AQ,03801H02,2000000784696,1934,13/5/2026,E,
,,"Northcoat Road, Off Loxdale Street",,BILSTON,WV14 0TP,8822759600,8822759600,20324,2/11/2025,,
Launceston Medical Centre,,,,Launceston,PL15 9HH,04800N14,2200016194892,,2/11/2025,D,
Old Tollbooth Cafe,,The Old Pier,,Stonehaven,AB39 2JU,03801R58,1724094132207,,1/11/2028,E,
Whitbygate,,Thornton Dale,,North Yorkshire,YO18 7RY,0280701A,1591052468372,,15/11/2026,E,
,,Glenshee,,Blairgowrie,PH10 7QD,00845P81,1717256405464,,4/11/2025,E,
,26b,Evan Street,,STONEHAVEN,AB39 2ET,03801P07,1714079501713,,20/1/2028,E,
Old Bank House,,Clows Top,,Kidderminster,DY14 9HL,03801N12,1416640012006,10201,20/3/2026,E,
"Unit 3, Empress Heights",,College Street,,Southampton,SO14 3LA,03801H02,2000056048905,7763,20/10/2026,E,
Unit 18,,North Lane,,Aldershot,GU12 4QP,03801H02,2000052148953,11627,30/12/2025,E,
Launderette,8,Grosvenor Road,,Aldershot,GU11 1DP,03801H07,2000016979594,13287,16/8/2027,E,
,186,Desborough Road,,High Wycombe,HP11 2QA,04811H17,2000013086323,3445,5/3/2026,E,
Basement & Ground Floor,386,Harrow Road,,London,W9 2HU,03800202,1200022675768,,2/11/2025,D,
,145,Victoria Road,,Aldershot,GU11 1JW,03801H02,2000016977834,5945,30/9/2026,E,
The Kebab Centre;201,,North Lane,,Aldershot,GU12 4SY,03801H04,2000016256315,30238,25/9/2029,E,
,,Rope Walk,,Southampton,SO31 4HB,00845H86,2000027463777,,1/10/2027,E,
Reade Signs,4,Holder Road,,ALDERSHOT,GU12 4RH,07873H74,2000027411360,115190,15/2/2026,E,
Thousand Acres,,Biddenden,,Ashford,TN27 8BF,,1900047202296,26798,6/9/2026,E,
,53,Sycamore Drive,,Sleaford,NG34 8BN,04811N14,1100001856164,28277,23/11/2026,E,
Strawberry Bank Hotel & Restau,72,Main Road,,Coventry,CV7 7NF,46112504,46112504,350215,1/5/2026,,
Trevanion House,,Trevanion Road,,Wadebridge,PL27 7PA,03801110,2200022263486,44020,31/5/2027,E,
Sutton Corner Garage,,Sheep Pen Lane,,Seaford,BN25 4QR,03801202,1900045279232,6503,24/10/2026,E,
,,,,MAYBOLE,KA19 7LB,03801D02,1800014942294,,3/4/2026,E,
,323,WEST STREET,,Glasgow,G5 8LG,9099480305,9099480305,17537,17/5/2026,,
,15,Eccleston Street,,London,SW1W 9LX,03801204,1200038531368,98509,1/10/2026,E,
Sutton Corner Garage En,,Sheep Pen Lane,,Seaford,BN25 4QR,,1900045279241,,,1,
,,Troydale Lane,,PUDSEY,LS28 9LD,0481102D,2313509465019,78199,2/11/2025,E,
,45,Centenary Street,,CAMBORNE,TR14 8HP,04042N13,2200023439821,8153,25/10/2026,E,
,3,Westow Street,,LONDON,SE19 3RY,03801204,1900010098750,25330,24/10/2028,E,
Block A Unit 1a,,Crompton Way,,CRAWLEY,RH10 9QR,00812204,1900037428059,,24/5/2026,E,
,17-23,Lancing Road,,Croydon,CR0 3EN,00900204,1900043000646,,1/10/2026,E,
Shop House Of Allington,,The Borough,,Wedmore,BS28 4EB,03801110,2200013672114,4214,24/10/2028,E,
,134,Cricklewood Lane,,London,NW2 1HS,00900204,1014571169760,,24/10/2027,E,
Shop,44,Sandy Park Road,,Bristol,BS4 3PF,03801110,2200032182745,212,25/10/2028,E,
Restorante Fratelli,,Bell Villas,,Newcastle Upon Tyne,NE20 9BE,0084505C,1580000696507,,31/3/2026,E,
Unit 11,,Milmead Industrial Centre,,London,N17 9QU,03800202,1013077408540,,2/11/2025,D,
Welcome Change Community Hub,316,Kitts Green Road,,Birmingham,B33 9SB,03801N12,1410872151005,5546,1/4/2026,E,
HEATHERTON SPORTS PARK,,ST. FLORENCE,,TENBY,SA70 8RJ,00845300,2199999901062,,1/10/2026,E,
,,Poynders Road,,London,SW4 8NX,03801203,1200034357253,4537,4/7/2027,E,
,132,High Street,,Berkhamsted,HP4 3AT,04807202,1012960394893,5543,3/10/2026,D,
,654-655,Washwood Heath Road,,BIRMINGHAM,B8 2HJ,00845127,1420916100002,,1/5/2026,E,
,131,Garvock Hill,,DUNFERMLINE,KY11 4JU,8826212102,8826212102,144007,25/1/2026,,
,.,"AZTEC WEST, UNIT 1410",,,BS32 4RT,4184894110,4184894110,52451,1/5/2026,,
Quarryfield Ind Est,,Mere,,Wiltshire,BA12 6LA,04044H21,2000025575606,56,25/10/2026,E,
Unit 1B,,Quarryfield Industrial Estate,,Warminster,BA12 6LA,04811H16,2000025575624,36,25/10/2026,E,
First Floor,,3A Mitcham Road,,Croydon,CR0 3RU,03801202,1900070808185,12316,21/4/2028,E,
,215,Glasgow Street,,Ayreshire,KA22 8JT,03801D02,1800029987854,2501,24/5/2027,E,
Quarryfield Ind Est,,Mere,,Wiltshire,BA12 6LA,03801H01,2000025575615,3515,25/10/2026,E,
EVESHAM HOTEL CO,,COOPERS LANE,,EVESHAM,WR11 1DA,9708102,9708102,473755,1/9/2027,,
Quarryfields Industrial Estate,,,,WARMINSTER,BA12 6LA,03801H06,2000025575759,33843,25/10/2026,E,
Westacre,,Sleepers Hill,,WINCHESTER,SO22 4NE,49767210,49767210,462172,1/9/2027,,
Quarryfield Ind Est UN A2,,Mere,,Wiltshire,BA12 6LA,04045H22,2000025575795,8350,25/10/2026,E,
Quarryfield Ind Est,,Mere,,Wiltshire,BA12 6LA,03801H06,2000025575633,720,25/10/2026,E,
Quarryfield Ind Est,,Mere,,Wiltshire,BA12 6LA,04044H23,2000025575800,14208,25/10/2026,E,
,231,Violet Lane,,Croydon,CR0 4HN,03801204,1900029109780,26716,1/7/2026,E,
Quarryfield Ind Est,,Mere,,Wiltshire,BA12 6LA,04044H24,2000025575829,31764,25/10/2026,E,
Un B7 B8 & B9,,Quarryfield Ind Est,,Warminster,BA12 6LA,03801H09,2000025575810,22362,25/10/2026,E,
,,1A GARRATT CLOSE,,CROYDON,CR0 4PW,03801201,1900060189119,15104,1/10/2028,E,
Unit 2,,Huntingdon Court,,Swadlincote,DE12 7DS,04808037,1100018049648,1226,10/3/2027,E,
,,Wildmere Road,,BANBURY,OX16 3JZ,04800040,1416804871008,,2/11/2025,D,
Quarryfield Ind Est,,Mere,,Wiltshire,BA12 6LA,04811H19,2000025575786,54455,25/10/2026,E,
,397,Lewisham High Street,,London,SE13 6PG,03801204,1200021886098,19381,30/9/2027,E,
,208,High Street,,Prestatyn,LL19 9BP,04009D02,1300009650360,27848,28/3/2027,E,
The Brewhouse,,Dorney Court,,Windsor,SL4 6QP,00900Q03,2000055636891,,25/10/2026,E,
,334A,Lewisham High Street,,London,SE13 6LE,04874203,1200021885280,34691,27/3/2026,E,
Unit 5,,George Reynolds Ind Estate,,County Durham,DL4 2RB,0084505B,1591039543288,,26/10/2026,E,
Riverside,,Hawley Road,,Camberley,GU17 9EP,03801H02,2000050350085,13504,26/10/2026,E,
,8,Spinnaker Road,,Gloucester,GL2 5FD,03801N14,1412855812002,19625,26/10/2028,E,
28-29,,Poplar Drive,,Birmingham,B6 7AD,03801N12,1410809331007,4277,26/10/2026,E,
,1A,GATEHOUSE WAY,,AYLESBURY,HP19 8DB,03801201,1012458392523,1113,13/8/2026,E,
,34,Loampit Hill,,London,SE13 7SW,03801203,1200036688838,17636,9/7/2027,E,
Un M3,,Rudford Ind Estate,,Arundel,BN18 0BF,04044H21,2000018560720,6433,27/10/2026,E,
METAL COATING SERVICES LTD,,ROTTERDAM ROAD,,HULL,HU7 0XD,77322707,77322707,995666,1/11/2028,,
,611,Walsall Road,,Birmingham,B42 1EH,03801007,1417508421000,11405,10/5/2026,E,
,41-45,Prontaprint,,Birmingham,B6 4HT,03801N14,1414032431002,66073,2/7/2026,E,
,117,East Parade,,Keighley,BD21 5HX,0482902C,2311659411810,,2/11/2025,E,
,,Withymills Farm,,Timsbury,BA2 0EY,03801N13,2200041230865,,27/10/2026,E,
Fradley Business Park,,Lancaster Road,,Lichfield,WS13 8RY,9101712806,9101712806,311586,1/9/2027,,
,80,LANCASTER STREET,,BIRMINGHAM,B4 7AR,03801N14,1412228111002,,2/11/2025,D,
,5,Kestrel Park,,Brentwood,CM13 1TN,03801202,1012589060585,3856,28/10/2026,E,
Nicholsons Sealing Technologies Ltd,,Amos Drive,,Stanley,DH9 7YE,8824411704,8824411704,317084,3/10/2026,,
,88,Borough High Street,,London,SE1 1LL,00800071,1200010187052,,2/11/2025,D,
,Unit 3,"Millbrook Business Park,",,Waltham Abbey,EN9 2RJ,,1023509336155,2316,29/10/2026,E,
The Pavilion,,"Dukes Meadow, Dan Mason Drive",,LONDON,W4 2SH,60944408,60944408,168794,21/10/2027,,
St Edburgs Church,,Church Street,,Bicester,OX26 6AY,00845H86,2000054582083,,29/10/2027,E,
,,M E M Centre,,Sheerness,ME12 1AU,00900073,1900030425423,,1/9/2026,E,
Carpenters Arms,91,Black Lion Lane,,London,W6 9BG,03801204,1200038234670,62431,8/10/2026,E,
,61,Queen Street,,BLACKBURN,BB6 7QP,03801131,1610022030781,12632,30/10/2026,E,
Unit A,11,Cibyn Industrial Estate,,Caernarfon,LL55 2BD,03801D01,1300011815484,1306,2/11/2025,E,
Unit 2,,Higher Walton Mill,,Preston,PR5 4DJ,8825231808,8825231808,41524,1/2/2027,,
,,"White Horse Yard, Church Street",,WHITBY,YO22 4BW,0084502D,1591041883030,,30/10/2026,E,
"Jacks, Thurland Chambers",4,Thurland Street,,NOTTINGHAM,NG1 3DR,03801N13,1100005255421,7068,31/10/2026,E,
Cedar Cottage,,Marden Park,,Caterham,CR3 7JE,03801202,1900024122554,11082,1/10/2027,E,
,2,Leeming Road,,Borehamwood,WD6 4DU,03801203,1013025079175,32802,20/3/2026,E,
Yellow Lion,24,Church Street,,Rotherham,S61 4DX,0482802D,2336550142019,30851,6/4/2026,E,
,,279-283 Brompton Road,,London,SW3 2DY,03006202,1200035438986,68448,8/8/2027,E,
Adams Hydraulics,,George Cayley Drive,,York,YO30 4XE,49003110,49003110,29207,6/2/2028,,
39-41,,"Chapel Street, Chapel Street",,"WEST YORKSHIRE,",BD1 5BY,8920133509,8920133509,1,2/11/2025,,
,31,High Street,,Salisbury,SP4 9DR,,2000027149277,31868,10/1/2027,E,
,91,Elgar Street,,London,SE16 7QW,8818307005,8818307005,33996,19/8/2028,,
ALL TECH ASSOCIATES,Invalid Po,,,,LA5 9XP,1521868308,1521868308,23269,4/4/2027,,
,37,Pinfold Road,,Leicester,LE4 8AS,76094704,76094704,147099,4/1/2028,,
,5-6,Sundon Park Parade,,LUTON,LU3 3BH,5069606609,5069606609,135594,2/11/2025,,
,,Badentoy Road,,ABERDEEN,AB12 4YA,71017009,71017009,146752,22/7/2026,,
"JONIC ENGINEERING LI, 2A",,SPEEDWELL ROAD,,BIRMINGHAM,B25 8EU,00845L02,1420017100004,,1/4/2026,E,
Worden High School,,Westfield Drive,,Preston,PR25 1QX,03801004,1610021027306,13894,1/10/2027,E,
Unit 127A,,John Wilson Business Park,,Whitstable,CT5 3QY,03801201,1900018180710,2056,26/2/2026,E,
,19A,The Green,,Hunstanton,PE36 5AH,03801202,1012645924639,18966,7/11/2025,E,
,19,The Green,,Hunstanton,PE36 5AH,04138202,1012645924407,10232,7/11/2025,E,
,21,The Green,,HUNSTANTON,PE36 5AH,04138204,1012645925093,1378,7/11/2025,E,
New Bungalow,,Millfield Court,,York,YO19 6AH,0380102B,1591014905828,10311,10/6/2026,E,
,31-32,Colliergate,,York,YO1 8BN,0090002C,1591043038933,,13/2/2026,E,
Unit 100,,Cheltenham Road East,,Gloucestershire,GL2 9QJ,00845L02,1414317113000,,10/11/2025,E,
67/69,,North Gate,,Newark,NG24 1HD,03801N12,1100003165040,21705,11/11/2025,E,
,78,Birmingham Road,,Sutton Coldfield,B72 1QR,04811N13,1416410521000,6388,1/2/2028,E,
,338,Padiham Road,,BURNLEY,BB12 6ST,03801144,1610013862110,8315,12/11/2025,E,
,,1-2 Kings Parade,,Stanford Le Hope,SS17 0HR,03801201,1012552918156,25054,13/11/2025,E,
Unit 7,,11-15 Francis Avenue,,Bournemouth,BH11 8NX,03801H09,2000027889831,,16/11/2025,E,
,21,Starbeck Avenue,,NEWCASTLE UPON TYNE,NE2 1RJ,0380102C,1591045645202,25447,17/11/2025,E,
Eden Leisure Village,,Millcroft Road,,Glasgow,G67 4AG,03801D03,1800060651628,44241,4/4/2027,E,
,4,Acomb Mews,,York,YO24 3BQ,0403702B,1591059653152,2323,11/4/2028,E,
,,,,CARDIGAN,SA43 3DG,,2199999215247,3660,25/8/2026,E,
Unit 2,,Oughton Road,,Birmingham,B12 0DF,00900N13,1423091100002,,2/11/2025,E,
Tyhen,,Ferwig,,CARDIGAN,SA43 1QJ,04807N14,2199999163954,180908,1/10/2028,E,
,2,Hendre Road,,Bridgend,CF35 5NW,,2199996262012,,23/4/2028,E,
,50,Foxwell Street,,Worcestershire,WR5 2ET,03801007,1415820612009,23975,6/7/2026,E,
,28,Station Road,,Darlington,DL3 6SU,1319904205,1319904205,37012,11/12/2026,,
,334,Lymington Road,,Christchurch,BH23 5EY,04044H18,2000020116327,4630,20/11/2025,E,
,21,Steward Street,,Birmingham,B18 7AE,03801007,1410067731000,7416,22/11/2025,E,
,48-50,Warwick Road,,Kenilworth,CV8 1HH,04817N14,1100024730422,52944,22/11/2025,E,
,Unit 2,Galdames Place,,,CF245PF,8881799902,8881799902,46233,1/10/2027,,
,4,Thurlow Street,,Bedford,MK40 1LR,03136201,1012346308002,221,2/11/2025,E,
,25,Sincil Street,,LINCOLN,LN5 7ET,04811N12,1100002608052,5562,29/11/2025,E,
100,,High Street,,Carnoustie,DD7 6AE,03094P27,1716686183001,23,2/11/2025,E,
Unit 3a,,Central Park,,Lutterworth,LE17 4PN,00845058,1160000872580,,20/5/2027,E,
Golden Cockrel,5,Brothock Bridge,,ARBROATH,DD11 1NF,03094R68,1716580312002,3194,19/9/2026,E,
"Unit 1, The I O Centre",,Fingle Drive,,Milton Keynes,MK13 0AT,03801N13,1160000901433,8069,17/1/2026,E,
Landlords Lighting,91-99,High Street,,Yarm,TS15 9BB,0380102A,1591058141289,621,1/12/2025,E,
,27,Putney Close,,Brandon,IP27 0PA,03801202,1012944177592,33190,1/12/2025,E,
,4,Farthing Road,,Ipswich,IP1 5AP,,1012890643946,44400,1/12/2027,E,
Drury Precision Engineering Ltd,8,Beechings Way,,Alford,LN13 9JE,00845L03,1170001340450,,28/11/2027,E,
,13,Benbow Court,,Milton Keynes,MK5 6JG,04800N12,1100014815716,5315,23/9/2026,E,
"BELL GROUP UNIT 9, MERCURY COURT",,ORION WAY,,NORTH SHIELDS,NE29 7SN,0380102C,1580000328650,23971,1/12/2025,E,
,169,Beacon Street,,Lichfield,WS13 7BG,03801N14,1414170840005,18616,28/8/2026,E,
,,Bank Avenue,,Leeds,LS27 9JE,1842028908,1842028908,28730,18/3/2027,,
,,Castle Hotel,,Bamburgh,NE69 7BW,0084505A,1591052239476,,1/8/2028,E,
,460,Greenford Road,,Greenford,UB6 8SQ,03801H04,2000001086653,64279,3/10/2027,E,
Sky Box Outside 2 & 4,,Galloway Street,,Ayr,KA8 9PE,03800D01,1800060296048,,2/11/2025,D,
,,Barnard Road,,Bradford,BD4 7DX,0380102C,2312720411515,4780,7/4/2026,E,
Royal Ascot Golf Club,,Winkfield Road,,Ascot,SL5 7LJ,01801100,2000052494790,23008,1/6/2028,E,
,,25-29 Dalmarnock Road,,Glasgow,G40 4LA,00900D04,1800035204857,,30/4/2026,E,
,2,West Road,,Bourne,PE10 0UZ,04032N12,1100001280345,30332,22/6/2026,E,
,143,Wincheap,,Canterbury,CT1 3SE,,1900047153249,3949,24/9/2028,1,
,5-9,Record Street,,London,SE15 1TL,03801204,1200041520455,31675,14/9/2028,E,
Wheatsheaf Hotel,,Mill Lane,,St Helens,WA9 4HN,00900D04,1300035397934,,25/3/2026,E,
Cottingley Pharmacy,7,The Parade,,Bingley,BD16 1RP,0380102B,2310251781815,8107,10/3/2026,E,
,,21c Horse Fair,,Rugeley,WS15 2EJ,00845N13,1410513413000,,18/9/2027,E,
,164,London Road,,St. Albans,AL1 1PQ,03801202,1012479189124,3590,27/3/2028,E,
,4-5,Gough Square,,LONDON,EC4A 3DE,61522106,61522106,15701,19/8/2026,,
Block F,,Lyndhurst Road,,Ascot,SL5 9EF,00900Q04,2000054054846,,1/3/2026,E,
Dunn 2000,,The Barton,,North Tawton,EX20 2BB,03801N13,2200011820250,14246,2/2/2028,E,
"SQUASH CLUB, Maldon Leisure Centre",,Park Drive,,Maldon,CM9 5UR,9537505,9537505,321887,17/7/2027,,
New Farm Buildings,,Fernside,,Faversham,ME13 9LL,00900204,1900026426596,,18/12/2026,E,
Instrument Training Centre,,Station Road,,Leiston,IP16 4JD,00800071,1014569766075,,2/11/2025,D,
,,Unit 8,,London,SW18 1SW,628658006,628658006,1,2/11/2025,,
"PRINCE OF WALES YOUTH CLUB,",,Military Road,,CANTERBURY,CT1 1YX,03801204,1900019171994,30216,28/7/2028,E,
Community Centre,,Royden Road,,Wirral,CH49 4RH,03801D03,1300013555382,14235,16/4/2027,E,
,,Aston Brook Street East,,Birmingham,B6 4AP,59511708,59511708,532708,15/9/2026,,
Blessings Chinese Take Away,98,Ocker Hill Road,,TIPTON,DY4 0UW,2494093906,2494093906,58563,24/11/2026,,
,1,Oaten Hill Place,,CANTERBURY,CT1 3HJ,,1900000153378,3635,2/11/2025,E,
Car & Kitchen,,Market Place,,SETTLE,BD24 9EF,03500131,1610023737347,6965,27/8/2027,E,
Derby Arms,2,Nelson Place,,Birkenhead,CH42 2AL,04811D04,1300013880954,44249,15/4/2026,E,
Bridge House,,Green Hills,,Canterbury,CT4 6LE,04004204,1900017203553,35851,28/7/2027,E,
,,14 Otley Road,,Shipley,BD17 7SE,0084505A,2316513776017,,13/10/2027,E,
Unit B,,Davis Road Industrial Estate,,Chessington,KT9 1TQ,,1900070083020,,11/7/2026,E,
Manor Wines Ltd,,Woodlands Manor,,Adisham,CT3 3LG,04004204,1900048183332,15158,1/5/2027,E,
,110,West Street,,ERITH,DA8 1AN,523210602,523210602,322,2/11/2025,,
,11,Hartlebury Road,,Oldbury,B69 1DF,03801N13,1416300460000,24645,18/7/2028,E,
Furnham Close Industrial Estate,,Furnham Close,,Chard,TA20 1DA,00900N14,2200041279666,,16/4/2026,E,
,68,Elstow Road,,Bedford,MK42 9LX,2973007804,2973007804,11,2/11/2025,,
178,,HIGH STREET,,TONBRIDGE,TN9 1AJ,,1900090295802,,24/3/2027,E,
COMMERCIAL UNIT AT THE REAR OF,11,North Street,,WAREHAM,BH20 7LA,9199369601,9199369601,31622,3/6/2027,,
Oakleigh,,Wragmire Bank,,Carlisle,CA4 0BL,04811004,1610031581687,2668,28/10/2027,E,
Unit 4,,17-21 High Street,,Swindon,SN1 3EP,4263251506,4263251506,53387,4/6/2027,,
Irthing Vale Quality Foods Ltd,,Tyne Street,,Carlisle,CA1 2NP,00900424,1630000829222,,15/6/2028,E,
,7,HORTON ROAD,,WEST DRAYTON,UB7 8JD,49402910,49402910,201053,1/5/2026,,
,,Funeral Parlour,,Dunkeld,PH8 0JR,03801P07,1700052221799,7959,30/6/2027,E,
2,,DOMINION ROAD,,BOURNEMOUTH,BH11 8LH,03801H09,2000021312984,,1/4/2031,E,
Chip Shop;41,,Newbury Street,,Hungerford,RG17 8PG,03801H04,2000007486088,19004,19/2/2026,E,
,1,SAXON STREET,,Leicester,LE3 0BL,2170661403,2170661403,11260,8/3/2026,,
,89,Percy Street,,NEWCASTLE UPON TYNE,NE1 7RW,63890404,63890404,302536,28/7/2026,,
The Bangla Fusion,,Liverpool Old Road,,Preston,PR4 5JQ,00900424,1600000027234,,18/8/2027,E,
,Unit 2,Bromfield Industrial Est,,Mold,CH7 1JR,03801D01,1300035425271,,1/6/2023,E,
,76,Houghton Road,,Houghton Le Spring,DH5 9PJ,0090002C,1591037344116,,19/2/2026,E,
Coffee Shop,,North Street,,Peterhead,AB42 5HH,03801P09,1700051714640,99770,1/7/2026,E,
COWFIELD MILL,,NORTHWAY LANE,,Tewkesbury,GL20 8HG,4164549002,4164549002,195134,2/11/2025,,
,,,,ELY,CB7 4LS,03136202,1012797187126,7586,14/3/2028,E,
The Old Blue Ball,19,Hall End,,Wednesbury,WS10 9ED,03801N13,1417880660000,33355,2/10/2027,E,
,67,High Street,,March,PE15 9JJ,03136201,1012865221587,56164,16/2/2027,E,
,1,Rowdell Road,,NORTHOLT,UB5 6AG,9179451405,9179451405,105626,27/5/2026,,
,1060A,Manchester Road,,Bradford,BD5 8NN,0380102A,2312315046119,,2/11/2025,E,
The Village Inn,1-3,Stuart Street,,Glasgow,G74 4JH,00900D04,1800035296635,,12/2/2027,E,
Old Brewery,,Shore Street,,Barrow In Furness,LA14 2UB,03801004,1610005665985,20122,2/11/2027,E,
,Unit 23,Pitcliffe Way,,Bradford,BD5 7SG,0380102B,2312517147510,25357,1/6/2026,E,
,,94 - 100 High Street,,Southall,UB1 3DN,00900Q04,2000027291178,,29/11/2026,E,
,42,Kirkton Park,,Glasgow,G74 4HX,03801D02,1800017087193,7966,2/11/2025,E,
,,TREGONIGGIE INDUSTRIAL ESTATE,,Falmouth,TR11 4SN,8850583406,8850583406,34894,17/9/2027,,
N/A,94,Clifden Road,,ST. AUSTELL,PL25 4PA,67725409,67725409,127727,22/5/2026,,
,16,High Street,,Wirral,CH64 9TY,03801D01,1300011414936,20237,25/3/2027,E,
,,47-49 Borough High Street,,London,SE1 1NB,03801204,1200040992170,68415,3/1/2027,E,
,19,Market Street,,Ellon,AB41 9JD,03801P06,1700052035840,1442,12/9/2029,E,
,,Culley Court,,PETERBOROUGH,PE2 6XD,03801204,1030042821175,164229,18/1/2026,E,
Crown Hotel,,North Scale,,BARROW-IN-FURNESS,LA14 3RP,03801274,1610005549602,79473,7/11/2027,E,
N/A,7,MARINE PARADE,,DAWLISH,EX7 9DJ,8311810,8311810,194334,1/10/2026,,
,,Fairview Close,,MARGATE,CT9 2QE,00845071,1900001384421,,1/12/2027,E,
White Horse Inn,,Balmedie,,Aberdeen,AB23 8XR,04807P14,1714380982519,21493,28/4/2026,E,
Echo 24 Building,2,West Wear Street,,Sunderland,SR1 1XD,9183414610,9183414610,126392,26/9/2028,,
10,,HOLDOM AVENUE,,MILTON KEYNES,MK1 1QU,16322901,16322901,210628,19/6/2026,,
River Wyre Caravan Park,30,Mains Lane,,Poulton-Le-Fylde,FY6 7LF,00845801,1600000023294,,3/10/2026,E,
Adventure Store Ltd,,Dereham Business Park,,Dereham,NR19 1WD,03801204,1023505411669,23415,2/11/2025,E,
,15,Carlyle Avenue,,GLASGOW,G52 4XX,50116701,50116701,130053,2/11/2025,,
The Dartmoor Diner,,Roborough Down,,Plymouth,PL6 7BQ,4217297004,4217297004,104792,20/8/2027,,
,,Tenax Road,,MANCHESTER,M17 1JT,49308806,49308806,37487,18/2/2026,,
Unit 1,241,Uppingham Road,,Leicester,LE5 4DG,04828N13,1100012365271,,5/7/2027,E,
Seaton Hirst Primary Care Centre,,Norham Road,,Ashington,NE63 0NG,8831534700,8831534700,111042,21/12/2026,,
,,Devon Square,,Newton Abbot,TQ12 2HN,04056N12,2200020596790,11348,21/3/2027,E,
Shop,12,East Street,,Newton Abbot,TQ12 1AG,03801N13,2200032055940,85246,2/11/2025,E,
,,Armstrong Road,,LONDON,SE18 6RS,00845071,1200052005286,,3/6/2027,E,
,35,Fore Street,,Totnes,TQ9 5HN,03801110,2200020819785,1004,30/10/2027,E,
,299,High Road,,London,E11 4HH,03801203,1200037145267,9248,31/12/2025,E,
,5,Glenilla Road,,LONDON,NW3 4AJ,03801202,1200040291535,,13/9/2026,E,
,30-32,Courtenay Street,,NEWTON ABBOT,TQ12 2DT,04807N13,2200040246952,15498,2/11/2025,E,
Lindrick Accountancy,203,Outgang Lane,,Sheffield,S25 3QY,0380102D,2335391964916,126888,1/11/2027,E,
EAST DARTMOOR BAPTIST CHURCH,,Hind Street,,NEWTON ABBOT,TQ13 9HT,03500110,2200020391734,2585,18/5/2028,E,
Unit 4 Anchor Buildings,,Battle Road,,Newton Abbot,TQ12 6RY,03801N14,2200020359615,56318,9/9/2026,E,
T/A Kenton Bar News;7,,Mallowburn Crescent,,Newcastle Upon Tyne,NE3 3YL,0380102C,1591058802327,14813,31/12/2025,E,
,67,High Bridge,,Newcastle upon Tyne,NE1 6BX,0380102B,1591059531107,,29/4/2027,E,
,48,Crossley Terrace,,Newcastle-Upon-Tyne,NE4 5NY,0380102B,1591052062695,5841,13/8/2026,E,
,141-143,Benwell Lane,,NEWCASTLE UPON TYNE,NE15 6RT,0380102B,1591060553883,10050,2/11/2025,D,
Ground Floor Shop,301,Plumstead High Street,,London,SE18 1JX,03801201,1200050967970,3556,29/4/2027,E,
Dry Cleaners,,Station Parade,,Maidenhead,SL6 9BR,00845H86,2000027394635,,8/2/2028,E,
Next Door To Willesden Train,1,Greater London House,,Old Oak Lane,NW10 6UD,03801201,1200024021400,13583,2/11/2025,E,
,4,Princes Road,,LONDON,N18 3PR,03801204,1023534798075,96684,20/1/2028,E,
2ND FLOOR LEFT,5,Charlotte Square,,Newcastle Upon Tyne,NE1 4XF,0380102A,1591057734749,42,2/11/2025,E,
Burnham Beeches Golf Club,,Green Lane,,Slough,SL1 8EG,04024143,2000004964650,6718,1/10/2027,E,
,1d,Wyatt Park Road,,LONDON,SW2 3TN,04874203,1200060953291,10056,2/11/2025,D,
,88,Wyndham Road,,LONDON,SE5 0UB,03835201,1200026606387,35,2/11/2025,E,
,7,Shropshire Street,,Market Drayton,TF9 3BZ,04811N14,1413029620000,30725,17/5/2027,E,
Sports Dispute Resolution,1,Salisbury Square,,London,EC4Y 8AE,03800203,1200023118643,,2/11/2025,D,
,36,Cambrian Road,,NEWPORT,NP20 4AB,03220200,2199991163567,6124,2/11/2025,E,
,118,Commercial Street,,London,E1 6NF,03801202,1200041464298,11517,24/3/2026,E,
Unit 8,,Locomotion Way,,Newcastle Upon Tyne,NE12 5UJ,0090002C,1580000577447,,5/5/2027,E,
,,Chapel Street,,Cwmbran,NP44 1DL,03801N14,2199992254825,5508,7/7/2026,E,
,104,Palace Gardens Terrace,,London,W8 4RT,03801203,1200026830531,3637,29/8/2027,E,
,47,Blandford Road,,NORTH SHIELDS,NE29 8NU,0380102C,1591025886280,7579,19/5/2027,E,
Unit 11,,Fleet Business Park,,Fleet,GU52 8BF,03801H02,2000027413020,9193,31/10/2026,E,
Units 3 & 4,6,Wallis Road,,Middlesbrough,TS6 6JB,0380102C,1591056976280,,11/1/2026,E,
Typhoon International Ltd,,Limerick Road,,Redcar,TS10 5JU,0084505B,1591017059633,,2/11/2025,E,
,,The Sterling Complex,,Ipswich,IP1 5AP,03802202,1023498593313,,10/11/2027,E,
Yatton Village Hall,,The Causeway,,Bristol,BS49 4HL,04060N13,2200030139534,29692,31/10/2028,E,
,98,Newport Road,,Cardiff,CF24 1DG,03800200,2199994146402,,2/11/2025,D,
,,251-255 Linthorpe Road,,Middlesbrough,TS1 4AS,0380102D,1591059560775,36316,12/11/2025,E,
,61,St Augustines Street,,Norwich,NR3 3BG,04138202,1012689764473,24273,2/11/2025,E,
Unit 10,,Upcott Avenue,,Pottington Business Park,EX31 1HN,03801110,2200014281569,1676,12/11/2026,E,
,141,Eastney Road,,Southsea,PO4 8DZ,03801H04,2000014997866,43750,8/2/2027,E,
,28A,HIGH STREET,,ROYSTON,SG8 9AG,03801201,1012769837360,6790,15/11/2025,E,
,UNIT 1,"JUNCTION COURT , 9 STATION ROAD",,WATFORD,WD17 1AP,03801202,1050001182478,7511,15/11/2025,E,
,UNIT 2,JUNCTION COURT,,,WD17 1AP,03801202,1050001182469,1092,15/11/2025,E,
,143,Stand Lane,,"MANCHESTER,",M26 1JR,22100700,22100700,121583,20/12/2027,,
,1886,Dumbarton Road,,GLASGOW,G14 0YA,1033431900,1033431900,60825,19/6/2027,,
,413-415,High Road,,WEMBLEY,HA9 7AB,04808204,1012831432744,,16/11/2025,E,
,226,Kingsway,,Bristol,BS5 8NS,04800251,2200017864323,,2/11/2025,D,
Greenbank Pensioners Club,,Greenbank Avenue,,Whitehaven,CA28 9QT,03801014,1610030999703,8331,18/11/2025,E,
Unit Z,,Rudford Industrial Estate,,Arundal,BN18 0BF,03801H09,2000054501447,80478,18/11/2026,E,
Unit 5,,Whitelands Road,,Ashton-under-Lyne,OL6 6UY,55242305,55242305,106394,3/5/2027,,
Cannards Well Inn,,Cannards Grave,,Shepton Mallet,BA4 4LY,00900N14,2200012100029,,21/5/2026,E,
METRO CENTRE,Unit 14,The Watermark,,Gateshead,NE11 9SY,,1580000496391,,19/11/2025,1,
,58,Brunswick Street,,Nelson,BB9 0SL,03801004,1610014257257,6264,19/11/2026,E,
ULTIMA FURNITURE SYSTEMS,,PHOENIX AVENUE,,PONTEFRACT,WF7 6EP,0084505C,2380000401125,,9/8/2027,E,
,Unit 6,Maitland Road,,Ipswich,IP6 8NZ,,1012975820539,10595,21/11/2026,E,
,UNIT 2,"Snaygill Industrial Estate, Keighley Road",,SKIPTON,BD23 2QR,0481102D,2314751628011,33033,21/11/2026,E,
King Gearge Store,100,King George Road,,WARE,SG12 7DT,04874201,1012767603836,1917,22/11/2027,E,
,,MEIKLE MOSSIDE FARM,,KILMARNOCK AYRSHIRE,KA3 6AY,9090053004,9090053004,163683,1/6/2026,,
,407,Hagley Road West,,Birmingham,B32 2AD,03801N12,1412945121000,6020,22/11/2026,E,
,19,High Street,,Witney,OX29 7RH,04044H18,2000009111270,22908,9/2/2028,E,
,407,Hagley Road West,,Birmingham,B32 2AD,03801N12,1411945121009,5633,22/11/2026,E,
,20,Mountfield Road,,London,N3 3NE,04807203,1012999455108,11874,24/11/2026,E,
,26,Mountfield Road,,,N3 3NE,04130203,1012999455793,25059,24/11/2026,E,
,279,Linthorpe Road,,MIDDLESBROUGH,TS1 4AS,0380102A,1591015092781,588,26/11/2025,E,
,388-390,Lees Road,,OLDHAM,OL4 5EP,03801131,1610001674898,13795,13/4/2027,E,
The Barton,,,,North Tawton,EX20 2AN,04808N13,2200011829226,15192,7/4/2027,E,
Harveys Of Oldham,,Glodwick Road,,Oldham,OL4 1YU,00845801,1600000015169,,1/3/2028,E,
MANCHESTER FLORAL SUNDRIES,UNIT 88,Acorn Centre,,Oldham,OL1 3NE,03801024,1610001823691,45969,17/2/2027,E,
,13,Malvern Street,,Oldham,OL8 1TT,03801631,1610002333323,444,2/11/2025,E,
Anchor Inn,,Eagle Street,,Bolton,BL2 5PJ,03801014,1610029819846,,7/4/2029,E,
Buildings,,CLAY HALL FARM,,DISS,IP22 2BQ,04800203,1012984802721,,2/11/2025,D,
26-28,,Green Street,,Edinburgh,EH6 5PB,03800D01,1800050310909,,2/11/2025,D,
,Non-PAF De,Warren Square,,PETERLEE,SR8 4JE,0380102B,1591036801122,16317,1/3/2026,E,
,57,High Street,,Minster,CT12 4BT,705766202,705766202,13496,25/1/2027,,
,223,Shields Road,,Newcastle Upon Tyne,NE6 1DQ,0084502B,1591010779061,,1/2/2026,E,
Sandgate Service Station,15,Lostock Road,,Manchester,M41 0SU,03801004,1610027158635,1921,2/11/2025,E,
,570,London Road,,SUTTON,SM3 9AB,8826910003,8826910003,71485,11/7/2027,,
UNIT 4,,Daisyfield Ind Park,,Bury,BL8 2BD,03801024,1610028591141,12411,2/11/2025,E,
INDOOR BOWLS CENTRE,,BEECHDALE ROAD,,NOTTINGHAM,NG8 3FH,19023603,19023603,227074,1/10/2026,,
,20,Hessary Drive,,PLYMOUTH,PL6 7DG,03801N12,2200010648703,33306,13/10/2026,E,
WELLHEAD ELECTRICAL SUPPLIES LTD,,WELLHEADS CRESCENT,,ABERDEEN,AB21 7GA,11928609,11928609,186151,1/4/2026,,
Rose Valley Workshop,,,,Pembroke,SA71 5NJ,03801N13,2199999785742,11449,22/9/2026,E,
Unit D,12,Smithfield Street,,London,EC1A 9JX,00845072,1200060051863,,13/3/2028,E,
Unit 2,,Malmesbury Road,,Cheltenham,GL51 9PL,00900N14,1413509361000,,25/3/2026,E,
Rr Engineering,,Thornborough Road,,Scarborough,YO11 3UY,0084505B,1591056452696,,1/12/2030,E,
Unit 4,,Welton Road,,Warwick,CV34 5PZ,03801N12,1100024261154,21255,1/1/2028,E,
Thermotec Plastics Limited,,Electra Park Industrial Estate,,BIRMINGHAM,B6 7DZ,59522803,59522803,60532,13/3/2028,,
,.,"Lonsdale Road, The Harrodian School",,,SW13 9QN,8932501001,8932501001,62568,1/11/2027,,
David Inman (Opticians) Ltd,902,Ecclesall Road,,Sheffield,S11 8TR,0380102B,2331000842711,22890,2/2/2027,E,
,53,St. James's Street,,Brighton,BN2 1QG,46210706,46210706,244763,18/12/2026,,
,,Endbutt Lane,,Liverpool 23,L23 0TR,04009D04,1300000892106,52926,19/4/2028,E,
Briardene,39,Osborne Road,,Blackpool,FY4 1HQ,03801004,1610004048581,3381,31/3/2026,E,
"Unit 2,Power Park",2,"Towers Business Park,Wheelhouse Road",,RUGELEY,WS15 1UZ,9083002703,9083002703,41740,9/2/2027,,
"Springs Health Club, SDI Fitness (DW)",,Timber Beach Road,,Sunderland,SR5 3XG,0084505B,1592001075323,,1/4/2029,E,
12956,,Sunderland Fawcett St,,Sunderland,SR1 1RS,0084505A,1591017427130,,1/4/2026,E,
,51,Roman Road,,LONDON,E2 0HU,9213190107,9213190107,140519,11/12/2027,,
,281,North Street,,BRISTOL,BS3 1JP,03801N12,2200015746511,7675,19/5/2027,E,
Newcastle Silverlink,,Unit F1,,Newcastle,NE28 9ND,0084505B,1580000248758,,1/4/2029,E,
,70,Liverpool Road,,LIVERPOOL,L36 3RF,03801D04,1300001189207,30137,1/7/2026,E,
,,UNIT B;363,,LEEDS,LS8 4BU,0084505B,2380002199422,,1/4/2029,E,
1,,Supply To,,Maybole,KA19 7JS,,1800060313190,5561,2/11/2025,E,
Unit A2,,Walsall Ent Park,,Walsall,WS2 9HQ,9130625802,9130625802,1,21/1/2026,,
,,Unit 2 The Swan Shopping Centre,,Birmingham,B26 1AD,03801N12,1470000421260,7637,1/4/2026,E,
UNIT 1,,THE MOOR,,SHEFFIELD,S1 3FP,0084505B,2380001935340,,1/4/2029,E,
Regency House 29-32,,Oriental Place,,Brighton,BN12 2LL,00845071,1900070122246,,1/12/2026,E,
,2,"Ground Floor Office, Ground Floor Office",,TONBRIDGE,TN12 6GF,03801203,1900025272385,28103,22/6/2026,E,
Workshop,,1 Grange Road,,Bristol,BS13 8LE,03801110,2200042193976,1234,28/8/2026,E,
Low Rutter Hoff Farm,,,,Appleby-In-Westmorland,CA16 6EQ,03801204,1610031966806,12177,6/1/2028,E,
,19,Figtree Lane,,Sheffield,S1 2DJ,03800999,2331611458911,,2/11/2025,D,
,192,Station Road,,COVENTRY,CV7 7FD,00845127,1421787100005,,1/4/2026,E,
,,18-20 Park Street,,Slough,SL1 1PD,03801H07,2000005786990,5178,3/6/2027,E,
Western Union,7,Stonehills,,WELWYN GARDEN CITY,AL8 6NA,04811202,1012462656720,,1/4/2026,E,
Woolton,,19A Woolton Street,,Liverpool,L25 5NH,03801D02,1300003587225,4811,1/4/2026,E,
,55,Black Prince Road,,London,SE11 6AB,03801203,1200023103540,32556,17/3/2028,E,
Unit 128,,Percy Street,,SHEFFIELD,S3 8BT,0380102B,2333909466815,575,2/11/2025,E,
Unit 42,30,Eastmuir Street,,Glasgow,G32 0HS,04890D03,1800026396788,3687,2/11/2025,E,
,25,Burgate,,CANTERBURY,CT1 2HA,8834097102,8834097102,9638,1/5/2028,,
,,48,,Redcar,TS10 3DR,0090002D,1591036396239,,1/4/2029,E,
,64,North Street,,Bristal,BS3 1HJ,03500N12,2200015677373,8175,2/11/2025,E,
,,Enterprise Close,,MANSFIELD,NG19 7JY,8931534606,8931534606,151607,1/12/2027,,
Chetwynde School,,Rating Lane,,BARROW INFURNESS,LA13 0NY,00845074,1630000198054,,1/4/2026,E,
,134,High Street,,SOUTHEND ON SEA,SS3 0ET,00845071,1023466313047,,1/4/2029,E,
,,Marsh Lane,,Boston,PE21 7ST,04800037,1100000247142,,2/11/2025,D,
The Penny Black,,Marchants Way,,Burgess Hill,RH15 8QY,00845072,1900031360770,,1/4/2026,E,
"Unit D Phase 2, Vector",31,Waleswood Way,,Sheffield,S26 5NU,9144290408,9144290408,89427,22/9/2026,,
Unit A,,Brook Park East,,Shirebrook,NG20 8RY,04034N14,2200019887030,34937,1/4/2029,E,
,45,North View,,BRISTOL,BS6 7PY,04040210,2200016510889,,20/12/2027,E,
,1,Canal Street,,Sheffield,S4 7ZE,0090005A,2300000702154,,15/7/2026,E,
LANDLORDS SUPPLY,,24-26 QUEEN STREET,,Newton Abbot,TQ12 2EF,03801110,2200042203747,121,1/4/2029,E,
,87,Whiteladies Road,,Bristol,BS8 2NT,03801110,2200016350080,2626,15/9/2028,E,
PHOTOGRAPHERS STUDIO,unit 3,Back Mills Road,,High Peak,SK22 3EJ,04800591,1610012215023,,2/11/2025,D,
Highfields Nursing Home,,Culver Street,,NEWENT,GL18 1JA,11033105,11033105,17583,2/11/2025,,
Unit 6B,,Exchange Shopping Centre,,Putney,SW15 1TW,04808201,1200031041377,63743,1/4/2029,E,
Ye Olde Carpenters Arms,9,High Street,,Newport,NP20 1FQ,03220N14,2199991343917,78822,1/10/2026,E,
West Derby,,573 West Derby Road,,Liverpool,L13 8AE,04811E02,1300002598546,9260,1/4/2026,E,
Carnival Park,Unit 6,Carnival Close,,Basildon,SS14 3WN,00845071,1030027372530,,17/4/2027,E,
A,1,Saxelby Road,,MELTON MOWBRAY,LE14 3TU,04812037,1100001672474,8349,2/11/2025,E,
13537,,Burnley St James,,Burnley,BB11 1NH,00845801,1600000032590,,1/4/2026,E,
ALLOYS HOUSE,,ST. ANDREWS ROAD,,BRISTOL,BS11 9HS,03801N14,2200016681334,,1/4/2029,E,
Sheepwash Barn,,Bedgebury Road,,Cranbrook,TN17 2RA,02811001,1900024269753,,14/12/2014,E,
,,9-11 Kenilworth Street,,Leamington Spa,CV32 4QS,04811037,1100024413678,20020,1/4/2029,E,
,1,Fisher Road,,Welshpool,SY21 8JF,45894702,45894702,197990,1/5/2026,,
,.,"LONDON ROAD, 205",,,S2 4LJ,2154118502,2154118502,73394,15/5/2026,,
Unit 28b,,Burnett Business Park,,Bristol,BS31 2ED,03801N13,2200041302873,20083,10/9/2027,E,
,,CHURCH LANE,,Leeds,LS16 8DE,46459801,46459801,136913,1/8/2026,,
1,,23,,Cirencester,GL7 1JH,03800H07,2000012789285,,1/4/2029,D,
Haywards Heath,,West Sussex,,,RH16 2JZ,04811204,1900023355621,91686,1/1/2031,E,
PRINCESS ALEXANDRA HOME FOR THE BLI,,BOSWORTH PLACE,,BLACKPOOL,FY4 1SH,7743610,7743610,206435,1/10/2027,,
"Unit C, Fleets Point",,Willis Way,,POOLE,BH15 3SS,00845H87,2000050733759,,1/4/2026,E,
,,21-23 Ling Road,,Loughborough,LE11 2LW,8843623603,8843623603,189286,1/11/2026,,
Blenheim Road,,,,CARDIFF,CF2 5DR,51782901,51782901,67597,1/12/2026,,
,4,Smith Way,,Enderby,LE19 1SX,8878627610,8878627610,54781,1/1/2031,,
,,Rushes Road,,Petersfield,GU32 3AR,68451605,68451605,450213,1/4/2028,,
,,West End,,HAILSHAM,BN27 4NN,04811202,1900030308608,10058,1/4/2026,E,
,.,Unit One Dukesway,,Team Valley Trading Estate,NE11 0PZ,10018003,10018003,89702,2/11/2025,,
Reflex Litho,,St. Helens Way,,Thetford,IP24 1HG,70366108,70366108,1,1/4/2026,,
New Red Lion Farm,,Jolt Lane,,Haughton,ST18 9JG,04811N14,1414358803007,33627,2/4/2026,E,
,,Off Clements Mead,,Reading,RG31 5WJ,03801H02,2000011434212,6475,18/8/2027,E,
Depot Short Street,,Albert Cresent,,Bristol,BS2 0SU,03801N12,2200017974220,16613,31/8/2026,E,
,31,Broadwalk Shopping Centre,,Bristol,BS4 2QU,03801N14,2200015315651,5553,2/11/2025,E,
Causes Yard,,Wellwood Street,,Morpeth,NE65 0EB,0380102B,1591020334346,6659,2/11/2025,E,
,,Brook Path,,SLOUGH,SL1 5EJ,49706807,49706807,50756,10/9/2027,,
,33,Hildens Drive,,Reading,RG31 5HY,03801H02,2000011441502,29274,11/3/2026,E,
Romney Huts,,Boldridge,,Tetbury,GL8 8JG,00845H86,2000027336058,,8/9/2026,E,
,155,Cannon Street Road,,LONDON,E1 2LX,3228905105,3228905105,84099,9/7/2027,,
,3-4,Baxter Gate,,LOUGHBOROUGH,LE11 1TG,04811037,1100013176875,6729,3/4/2026,E,
Natural Gas Safety Training,UNIT 2D,"NELSON WAY,",,Cramlington,NE23 1WG,9090834807,9090834807,,26/1/2030,,
,4,St. Barnabas Road,,READING,RG4 8RA,03801H02,2000009933043,85,22/10/2026,E,
The Greyhound Inn,,Keymer Road,,Hassocks,BN6 8QT,00900204,1900043428275,,1/3/2027,E,
,5,Broad Street,,Alresford,SO24 9AR,04065H19,2000017917260,31514,6/4/2026,E,
,,LITTLE JOHNS FARM,,Reading,RG30 1LQ,04044H17,2000010484922,,13/3/2028,E,
Miners Arms,136,Mina Road,,Bristol,BS2 9YQ,03801110,2200017215105,,2/11/2025,E,
,.,"ENGLISH ESTATES, UNIT BT 50/99",,STOCKTON-ON-TEES,TS17 9JY,1328289504,1328289504,220859,1/4/2031,,
Peter,,Lochloy Road,,NAIRN,IV12 5AE,00845S14,1712056452320,,1/11/2026,E,
,263,Oxford Road,,READING,RG1 7PY,00900456,2000055552140,,2/11/2025,E,
,64,Gregory Boulevard,,NOTTINGHAM,NG7 5JD,9157222704,9157222704,70962,10/7/2026,,
Stairltg Ltg,6,Kenwood Court,,West Sussex,PO22 7EZ,03801H01,2000018601759,263,4/4/2026,E,
,64,Shaftesbury Avenue,,LONDON,W1D 6LU,62110503,62110503,357555,9/5/2028,,
,391,Dudley Road,,Birmingham,B18 4HD,02807004,1418296501000,16280,7/8/2028,E,
,20,Rose Green Road,,Bognor Regis,PO21 3ET,03801H01,2000019016800,5334,1/6/2026,E,
,15,Bridge Street,,Heywood,OL10 1JB,03801004,1620000663075,1586,12/10/2027,E,
F J Payne & Son Limited,,Oakfield Industrial Estate,,Witney,OX29 4AW,00845H86,2000027362457,,1/9/2026,E,
DOUGHTY ENGINEERING LIMITED,,Crow Arch Lane,,Ringwood,BH24 1NZ,8814790609,8814790609,170690,1/4/2027,,
Cargo Fleet Social Club,,Cargo Fleet Lane,,Middlesbrough,TS3 8NN,0084505A,1591016600939,,24/4/2027,E,
Lock Up Shop,14,North Street,,Emsworth,PO10 7DG,03801H02,2000015246654,29483,7/6/2027,E,
Unit 25,,"Izons Industrial Estate, Oldbury Road",,WEST BROMWICH,B70 9BS,03801N13,1413857460004,22835,12/6/2027,E,
,68,Albert Road,,COLNE,BB8 0AG,04812004,1610014474575,6166,6/9/2026,E,
,,New Street,,Banbury,OX15 0SS,03801H02,2000051863705,8612,2/11/2025,E,
BAYNARDS TRADING,,,,BICESTER,OX27 7SG,03801H02,2000050065320,13083,23/4/2026,E,
,105,Coventry Street,,BIRMINGHAM,B5 5NY,00845127,1441003077004,,1/8/2027,E,
Systemation Euro Ltd,19,Mansion Close,,Northampton,NN3 6RU,04817N14,1100019794619,71479,24/4/2028,E,
,30-38,STEYNE GARDENS,,Worthing,BN11 3DZ,48833910,48833910,197641,1/9/2026,,
,,Arabesque School Of Dance,,Chichester,PO19 8NY,03801H01,2000050486450,3689,23/6/2027,E,
Ground Floor,39,Marlborough Road,,Castle Bromwich,B36 0EH,03801N12,1419053151004,4486,2/8/2027,E,
,,91a Upper Clapton Road,,London,E5 9JU,63268308,63268308,147584,24/10/2026,,
,21,Wardour Street,,London,W1D 6PN,3391943700,3391943700,614298,16/5/2027,,
,34,Camden Road,,LONDON,NW1 9DP,03801201,1200036907800,17407,23/7/2027,E,
Unit 6,,Wyvern Estate,,New Malden,KT3 4PH,8821489008,8821489008,25364,1/10/2026,,
,,Forge Lane,,BURTON-ON-TRENT,DE13 0HL,03801013,1100011887202,,2/11/2025,E,
Trelavour Stores,,St.dennis,,St. Austell,PL26 8AR,03800N12,2200022456436,,2/11/2025,D,
,,"Saxon Way, Priory Park",,HESSLE,HU13 9PB,8867541510,8867541510,1,2/11/2025,,
,634,Mumbles Road,,Swansea,SA3 4EA,03801N12,2199997567828,256,2/11/2025,D,
Unit 5,,Dickinson Place,,Bognor Regis,PO22 2QU,03801H09,2000055171500,,1/6/2028,E,
,,Unit 2,,Leicester,LE8 6HP,03801N14,1100039622817,,1/10/2027,E,
,85,Donnington Park,,CHICHESTER,PO20 7DU,04811H18,2000018474754,39329,1/10/2027,E,
UPRIGHT UK LTD,,HALESFIELD 17,,TELFORD,TF7 4PW,8876586702,8876586702,152755,25/5/2028,,
Corporation Depot,,,,Hartlepool,TS24 7LR,0090002D,1591025392592,,26/7/2028,E,
,2,Hardham Road,,Chichester,PO19 8BU,03800H07,2000018513270,,2/11/2025,D,
Matform Business Centre,,Terminus Road,,Chichester,PO19 8UL,03801H02,2000018466949,108177,4/8/2027,E,
,11,Westwood Road,,TROWBRIDGE,BA14 9BR,44667405,44667405,,1/4/2029,,
,56,East Street,,Chichester,PO19 1JG,03801H02,2000018882110,3897,5/6/2027,E,
,11,Ship Street,,Brecon,LD3 9AD,03801N12,2199990752172,381,2/11/2025,E,
,21,Brighton Road,,Lancing,BN15 8RJ,597675407,597675407,25777,2/11/2025,,
,,High Street,,TRANENT,EH33 1LN,00845D04,1800035245677,,28/12/2026,E,
,40-42,North Street,,Leighton Buzzard,LU7 1EN,69107505,69107505,209260,2/4/2028,,
Greystone Mill,,Feather Road,,Bradford,BD3 9DJ,0084505A,2316514420113,,15/8/2026,E,
Unit 2,,Cibyn Industrial Estate,,Caernarfon,LL55 2BD,05800D03,1300013527669,,2/11/2025,D,
"Unit 13,Redhill 23 Business Park",,Holmethorpe Avenue,,Redhill,RH1 2GD,9189719809,9189719809,5167,4/9/2027,,
Zone 6,,Cibyn Ind Estate,,Caernarfon,LL55 2BD,00845G02,1300054685018,,28/2/2026,E,
,2a,Chestnut Avenue,,Derby,DE3 9HH,04028N12,1100010266880,27477,2/7/2026,E,
,41,Sussex Avenue,,CANTERBURY,CT1 1RY,711809404,711809404,49279,2/11/2025,,
,80,Aldwick Road,,Bognor Regis,PO21 2PE,03801H03,2000018557523,,18/3/2028,E,
,3,Cleveland Street,,SALTBURN-BY-THE-SEA,TS13 4QU,0380102A,1591057636800,15207,17/11/2026,E,
,29,Church Street,,REIGATE,RH2 0AD,03801201,1900014341757,5940,28/11/2027,E,
,3,Flansham Lane,,Bognor Regis,PO22 6AA,04108H48,2000019163709,,1/5/2026,E,
,3A,St. Peters Square,,HEREFORD,HR1 2PG,2444249409,2444249409,9968,1/5/2026,,
,19,Broad Street,,Powys,SY16 2NA,03801D03,1300012634226,21202,25/4/2026,E,
,13a,High Street,,Saltburn-by-the-Sea,TS12 2PE,0480702A,1591039191189,3387,2/11/2025,E,
The Elmer Hotel,89,Elmer Road,,Bognor Regis,PO22 6HD,04064H19,2000018986733,59474,1/4/2027,E,
The Cheapsake Mill,,Bridge Street,,Fareham,PO17 5JJ,03801H02,2000015066268,48635,25/4/2026,E,
,2,Station Road,,BOGNOR REGIS,PO21 1QE,03500H02,2000018804804,4040,27/1/2026,E,
,5,Croydon Road,,CATERHAM,CR3 6PA,04004201,1900040121747,12928,1/6/2026,E,
,54,Mercer Walk,,Ellesmere Port,CH65 0AP,14097506,14097506,1,24/2/2026,,
Unit 2 Rear 82 96,,Bordesley Green,,Birmingham,B9 4TS,03801007,1415909551000,13,28/6/2026,E,
Unit 1,9,Leigh Road,,Havant,PO9 2ES,03801H01,2000027723063,1678,5/9/2026,E,
,3,Weir Road,,London,SW12 0LT,03802203,1200042548248,25951,25/11/2025,E,
Green Haworth Golf Club,,Accrington,,,BB5 3SL,04005014,1610022376010,33982,4/10/2026,E,
,,Tiptoe Road,,NEW MILTON,BH25 5SJ,3911702301,3911702301,21937,26/2/2026,,
"Innate, Stewart House",,Stewart Street,,WOLVERHAMPTON,WV2 4JW,00845127,1413837403001,,2/11/2025,D,
,23,Tyne View,,Newcastle Upon Tyne,NE15 8RA,0090002B,1591037375220,,2/11/2025,E,
Holy Island,,,,BERWICK-UPON-TWEED,TD15 2RX,04552241,1800020923764,,2/11/2025,E,
Adjacent,,North Park Lane,,GODSTONE,RH9 8ND,03801202,1900060515993,6842,7/2/2027,E,
,38,Burners Lane,,MILTON KEYNES,MK11 3HB,69068600,69068600,42377,3/4/2026,,
,9,Holy Bones,,Leicester,LE1 4LJ,48291900,48291900,363997,1/10/2026,,
The Barn Fruit Farm,,Ely Road,,Chittering,CB25 5PH,00900202,1023503251505,,15/4/2028,E,
,Unit 4,Richard Street,,WIGAN,WN3 4JN,03801014,1610011113561,28148,2/11/2025,E,
,2,High Street,,CAMBRIDGE,CB23 1HN,04138204,1012782673666,31012,16/6/2026,E,
Chester Fields,,Chester Bridge Road,,Chester,CH2 4JR,03801D04,1300060106807,138395,1/8/2026,E,
The Surgery,,Priors Walk,,EYEMOUTH,TD14 5PE,04001D03,1800020583011,991,2/11/2025,E,
,31,Medomsley Road,,CONSETT,DH8 5HE,0084502A,1591141349751,,29/4/2026,E,
,,Mordington,,Berwick Upon Tyne,TD15 1UF,03801D03,1800020664460,,15/8/2023,E,
,57,Frodsham Street,,CHESTER,CH1 3JJ,00845G01,1300035405512,,22/10/2028,E,
,10-15,Market Passage,,Cambridge,CB2 3PF,00845072,1015685275049,,6/6/2026,E,
,20,Park Street,,Bootle,L20 3DG,03801D04,1300060426096,14841,26/9/2028,E,
,,Whitesands Lodge,,Penzance,TR19 7AR,02811030,2200023045341,6062,16/3/2027,E,
,47,Harlech Road,,OSWESTRY,SY11 2EA,2482104700,2482104700,3989,2/11/2025,,
Victoria Farm,,Highcross Road,,Lutterworth,LE17 5AU,04811N14,1100018323365,55073,15/3/2027,E,
,2,Orchard Road,,Royston,SG8 5HD,47200203,47200203,286086,1/11/2027,,
N/A,,SECOND AVENUE,,MILTON KEYNES,MK1 1EA,74654403,74654403,37090,11/1/2027,,
,,,,BRANTHAM,CO11 1NH,06873204,1030062024106,81870,16/6/2026,E,
AMBER BEACH,2,Middlesex Road,,BEXHILL-ON-SEA,TN40 1LP,66778706,66778706,86083,1/4/2026,,
Knowle Grange Nurser,,"Wadhurst Road,",,Kent,TN3 9EJ,680608009,680608009,187825,20/8/2027,,
Spectrum Electrical Engineers,10,Coton Lane,,Birmingham,B23 6TP,03801007,1413395721004,80,2/11/2025,E,
,2,Farmer Street,,London,W8 7SN,03801201,1200022516631,29065,1/10/2026,E,
UNIT U,,"Penfold Works, Imperial Way",,WATFORD,WD24 4YY,04807204,1012420019320,115649,1/10/2027,E,
Regency Hair Fashions,106,Highgate,,Kendal,LA9 4HE,03800631,1610005105229,,2/11/2025,D,
The Ambassador,24,Bank Street,,Irvine,KA12 0AD,03801D04,1800017337829,29158,1/3/2027,E,
,19,Quay Street,,Woodbridge,IP12 1BX,04139202,1012905893173,82496,20/3/2026,E,
,442,Chester Road North,,Sutton Coldfield,B73 6RG,03801007,1417787721008,1078,2/11/2025,E,
,79-81,Fergushill Road,,Kilwinning,KA13 7LW,03801D04,1800029943652,50923,25/11/2027,E,
,,Henry Street,,ROCHDALE,OL11 1EN,03801631,1630000491698,13538,2/11/2025,D,
,27,Cowper St,,London,EC2A 4AP,03801202,1200024600198,7925,21/8/2026,E,
,203,Holburn Street,,Aberdeen,AB10 6BL,03094R67,1714772423509,23794,26/4/2026,E,
,,"A North Shore,Crawford Lodge",,Ardrossan,KA22 8PG,00900D04,1800035226220,,19/3/2026,E,
Cotswold Hills Golf,,Ullenwood,,Cheltenham,GL53 9QT,00845N14,1419153171006,,1/7/2026,E,
,20,Beeches Walk,,Sutton Coldfield,B73 6HN,00845N14,1418210521002,,26/3/2027,E,
,1b,Carradale Crescent,,GLASGOW,G68 9LE,00845G01,1800036574640,,21/4/2026,E,
54-56,,Windermere Raod,,Cheltenham,GL51 3PH,03801N14,1419350961007,52196,25/3/2027,E,
,9a,Gate Lane,,Sutton Coldfield,B73 5TR,03801007,1419186621001,663,11/9/2026,E,
,567,Bury Road,,Rochdale,OL11 4DQ,03801024,1630000265240,47324,2/4/2027,E,
Residential Home,71,Ronalds Road,,London,N5 1XB,03801202,1200034457000,2632,19/11/2025,E,
Clark Clay Industries Limited,,"Corby Gate Business Park, Priors Haw Roa",,CORBY,NN17 5JG,00845L03,1100039640045,,1/10/2025,E,
Oxford Hotel,18-24,Penywern Road,,London,SW5 9SU,03007202,1200040113888,213110,14/9/2026,E,
THE LINDUM MEDICAL PRACTICE,1,Cabourne Court,,LINCOLN,LN2 2JP,,1100002235120,52418,1/9/2027,E,
Hotel Oliver,198,Cromwell Road,,London,SW5 0SN,04808204,1200030260878,41724,29/3/2027,E,
Wood Lane Farm,,Utkinton,,Tarporley,CW6 0LJ,00845D04,1300052677840,,1/10/2028,E,
,19,Promenade,,CHELTENHAM,GL50 1LP,04811N12,1419191071007,32478,4/6/2026,E,
,,Rawtenstall Road End,,ROSSENDALE,BB4 6QE,04811014,1610022691374,21529,10/9/2027,E,
"UNIT 5E, ASHFORD BUSINESS COMPLEX",,FELTHAM ROAD,,ASHFORD,TW15 1YQ,00845H87,2000054454595,,1/5/2026,E,
Dales Farm,,Clifton Road,,BLACKPOOL,FY4 4QA,00845074,1600000151907,,1/10/2027,E,
WOODLANDS NURSING HOME,,BUTTERLEY HILL,,RIPLEY,DE5 3LW,48276500,48276500,262012,1/10/2026,,
82-86,,Albion Street,,Cheltenham,GL52 2SE,00900N14,1421768100001,,24/3/2027,E,
,,Fryern Court Road,,Fordingbridge,SP6 1NG,00900Q04,2000052581751,,1/10/2027,E,
Unit 11g,,Wilson Road,,Liverpool,L36 6AN,03801D04,1300001253350,383599,25/10/2026,E,
,359,Union Road,,Accrington,BB5 3HS,03801004,1610022556578,9851,2/10/2028,E,
,9,St. Georges Drive,,LONDON,SW1V 4DJ,62141503,62141503,154921,13/2/2028,,
,,Grasmere Drive,,Lancaster,LA2 7JP,03801024,1610023777474,30564,3/10/2027,E,
,746,Green Lane,,Dagenham,RM8 1YX,00845071,1200010138231,,2/10/2027,E,
,67,Rochdale Road,,Oldham,OL2 7JT,03801004,1610001903210,,11/7/2029,E,
,20b,Spelman Street,,LONDON,E1 5LQ,03801202,1200032301505,7331,27/8/2026,E,
102-105,,Stonebridge Cross Business,,Droitwich Spa,WR9 0LW,00845127,1460001101260,,4/10/2026,E,
,261-265,Aston Lane,,Birmingham,B20 3HS,00900N14,1416191431004,,2/3/2026,E,
New Scout Mill,,Manchester Road,,Ashton-Under-Lyne,OL5 9QN,20976902,20976902,30217,2/11/2025,,
Unit 5 The Aerodrome,,Stoke Road,,Cheltenham,GL52 7RS,03801N14,1410307661001,,9/3/2027,E,
CLOCK GARAGE,,ROCK ROAD,,Wadebricge,PL27 6NW,03801110,2200022656100,4052,5/10/2028,E,
,9,Bradmore Green,,HATFIELD,AL9 7QW,,1013022364022,,,1,
,,Coat Green Farm,,Carnforth,LA6 1JG,00845801,1600000047880,,14/5/2027,E,
YARD,,R/O UNIT 8,,SWANSEA,SA4 3RS,,2100041450489,36792,5/10/2028,E,
Corner Cupboard Inn,83,Gloucester Street,,Cheltenham,GL54 5LX,00845N14,1417889013000,,20/8/2028,E,
Beacon Post Office,319,Birmingham Road,,Birmingham,B43 7AP,03801N14,1414247070009,48954,1/10/2027,E,
,7,Greyhound Road,,London,W6 8NH,03006203,1200031772403,21036,17/5/2026,E,
Unit 8,,Farmbrough Close,,Aylesbury,HP20 1DQ,00845204,1014569106209,,6/10/2027,E,
PART A;,84,LILLIE ROAD,,LONDON,SW6 1TL,03801201,1200036137957,6468,2/11/2025,E,
COMPSTON TRAVEL;SUN HOTEL,63-65,Church Street,,Lancaster,LA1 1ET,03500131,1610023023492,,2/11/2025,E,
,37,Main Street,,SKIPTON,BD23 5AD,,2314151885010,6333,6/10/2027,E,
,.,"Eastgate, The Energy Centre",,,LS2 7LY,8813903602,8813903602,1,2/11/2025,,
,363,Rocky Lane,,Birmingham,B42 1NG,04811N12,1419405421006,5459,6/12/2026,E,
Heston Industrial Mall,,"Heston Industrial Mall, Church Road",,HOUNSLOW,TW5 0LD,,2000051504278,,25/12/2026,E,
"Petrospot House Unit 3-4, Somerville Cou",,Trinity Way,,Banbury,OX17 3SN,,1413600471002,,16/9/2026,1,
,469,Roman Road,,London,E3 5LX,03801202,1200030821645,374,1/11/2028,E,
"Daval Furniture Ltd, NGN House",,Queens Mill Road,,Huddersfield,HD1 3PG,45409309,45409309,288219,10/8/2027,,
Unit 1b,,Uplyme Road,,Lyme Regis,DT7 3LS,,2200015014738,,2/11/2025,1,
,,Southend Road,,Billericay,CM11 2PR,04811201,1012566314508,3703,18/11/2027,E,
Units 34/36,,Harmhill Industrial Estate,,Leighton Buzzard,LU7 4FF,04807202,1012381342754,26797,22/8/2026,E,
,900,Llangyfelach Road,,Swansea,SA5 9AU,03801200,2199997870537,194,16/10/2026,E,
WILDSCREEN MAIN BUILDING,,ANCHOR ROAD,,BRISTOL,BS1 5TT,8860263809,8860263809,493219,1/10/2026,,
,,Thornbury Road,,PLYMOUTH,PL6 7PP,11208507,11208507,167177,1/5/2027,,
,13,St Stephens Road,,Norwich,NR1 3SP,04811202,1012685108120,5734,2/11/2025,E,
,,Chartmoor Road,,LEIGHTON BUZZARD,LU7 4WG,04807204,1015679280550,44745,28/2/2026,E,
,7,Staple Inn,,LONDON,WC1V 7QH,,1200037022690,2475,2/11/2025,1,
The Grey Horse,200,Dalkeith Road,,Edinburgh,EH16 5DT,,1800035162106,34305,22/12/2026,1,
,Unit 3,Luton Road,,"DUNSTABLE, Toddington",LU5 6HU,03801203,1030033001784,12773,30/7/2026,E,
,2,Gorsey Place,,Skelmersdale,WN8 9UP,,1610010886980,35743,11/10/2028,E,
,88,Wood End Road,,Birmingham,B24 8AE,03801N12,1411726521000,15829,10/3/2026,E,
Royal Trust House,12,Tacket Street,,Ipswich,IP4 1AY,,1012894418018,27358,1/10/2026,1,
,10-11,Glanville Road,,London,SW2 5DE,01801902,1200039387971,7957,14/10/2028,E,
,Unit 8,Farrow Road Industrial Estate,,Birmingham,B44 9ER,03801007,1417117621008,840,10/2/2026,E,
,284,Prince Regent Lane,,London,E16 3JH,03801201,1200036795761,18490,14/10/2029,E,
,98,Great Brickkiln Street,,Wolverhampton,WV3 0PU,,1414582080008,21577,15/9/2027,E,
,,Main Road,,CHELTENHAM,GL51 4XJ,03801N12,1418763271000,12360,2/7/2026,E,
,,Unit 3a,,Slough,SL3 6EG,03801H08,2000003840624,,15/10/2025,E,
,7,Birdbrook Road,,Birmingham,B44 8RA,03801007,1418772221006,6775,7/10/2028,E,
,35,High Street,,SOUTH OCKENDON,RM15 4BB,00845072,1023518996619,,1/3/2026,E,
,,Lindow Street,,Frizington,CA26 3PS,03801014,1610031099414,26562,15/10/2028,E,
Ian Coley Shooting School,,,,CHELTENHAM,GL54 4AX,,2000054996746,,6/11/2025,E,
,6,Bell Yard,,LONDON,WC2A 2JR,,1200040850402,,,1,
,78,Birmingham Road,,Bromsgrove,B61 0DF,03031007,1419991202000,31722,10/12/2027,E,
,,Roman Road,,SUTTON COLDFIELD,B74 3AN,49953005,49953005,223390,26/10/2026,,
Macken Brothers,44,Turnham Green Terrace,,London,W4 1QP,04108H49,2000000463767,106627,2/11/2025,E,
Shop;5a,,,,Bognor Regis,PO21 4TW,03801H02,2000019175235,23099,23/3/2026,E,
,53,Acklam Road,,Middlesbrough,TS5 5HA,0090002C,1591060668929,,18/3/2026,E,
Unit G,,"The Maltings, Station Road",,SAWBRIDGEWORTH,CM21 9JX,,1012752343795,,,E,
Carrwood House Residential Home Carwood,344,Grimesthorpe Road,,SHEFFIELD,S4 7EW,,2334541438011,,2/11/2025,1,
4th Floor Flat,185,Wardour Street,,LONDON,W1F 8ZA,,1200033549714,,2/11/2025,1,
,105,Rose Green Road,,Bognor Regis,PO21 3ED,04044H17,2000019017724,13097,30/9/2026,E,
,UNIT 29,The Market,,Carmarthen,SA31 1QY,,2100040856494,131,18/10/2026,E,
Unit 5,,Mitcham Industrial Estate,,Mitcham,CR4 2AP,,1200010212860,,24/11/2026,1,
,139,Chantry Gardens,,Trowbridge,BA14 9QP,,2000006282070,,7/2/2026,1,
Ryehill House West Wing,,Brass Castle Lane,,MIDDLESBROUGH,TS8 9ED,,1591025953095,34007,7/1/2027,1,
THRAPSTON AUTO POINT,,Bridge Street,,Kettering,NN14 4JP,04811N14,1100021614529,38381,16/3/2028,E,
C J B PLANT & MATERIALS,Unit 6,Riverside,,LEICESTERSHIRE,LE16 7PT,03801013,1100020785394,15823,9/2/2026,E,
,123,Dyke Road,,Hove,BN3 1TJ,04812204,1900006386283,40757,18/5/2026,E,
No Building Name,,Beach Road,,Great Yarmouth,NR29 4HS,03801202,1012665394828,6808,10/2/2026,E,
Stockingford Community Ctre,,Haunchwood Road,,Nuneaton,CV10 8DY,03801N13,1100050148829,10740,10/2/2026,E,
Unit X,,2nd Floor Westminister Buildings,,Leeds,LS2 7DT,0380102A,2300000004617,,10/5/2026,E,
,60,Spencer Street,,BIRMINGHAM,B18 6DS,00845127,1410136831000,,17/9/2026,E,
,4,Southgate,,Eckington,S21 4FT,,1100008608572,6121,14/2/2026,E,
,,CATTLEGATE ROAD,,ENFIELD,EN2 9DW,03801202,1023471337626,1652,11/1/2028,E,
,238,Gleadless Road,,Sheffield,S2 3AH,,2333042824113,2794,21/2/2026,E,
,150,Golden Hillock Road,,BIRMINGHAM,B10 0DX,88337709,88337709,213170,14/6/2026,,
The Limes Residential Home,,Glebedale Road,,Stoke-on-Trent,ST4 3AP,75509006,75509006,128321,28/11/2025,,
,13,"Kings Parade, King Street",,STANFORD-LE-HOPE,SS17 0HR,03801202,1012552923449,6172,22/2/2026,E,
,57,OLD MARKET ST,,BRISTOL,BS2 0ER,03801N12,2200017240617,5441,14/6/2028,E,
Truline,7,Wellington Place,,Milton Keynes,MK3 5NA,03801N12,1100015548616,,24/2/2026,E,
Retail Unit,34,St. Nicholas Street,,Bristol,BS1 1TG,00900203,2200042428902,,31/12/2027,E,
,,Bryncethin,,Bridgend,CF32 9YR,16801307,16801307,222546,1/2/2027,,
Unit 34/35,,The Avenue Shopping Centre,,Glasgow,G77 6EY,,1800028830692,90462,2/8/2028,E,
Shop,3,High Street,,Belper,DE56 1GF,,1100008831281,5040,1/3/2026,E,
,107,St Georges Road,,Bristol,BS1 5UW,03801110,2200015833731,1724,7/5/2026,E,
Unit 14,,Putney Exchange,,London,SW15 1TW,03801202,1200031041614,9261,1/3/2026,E,
Unit 47,,"Mill Mead Industrial Centre, Mill Mead Road",,London,N17 9QU,03801203,1013077406240,28156,2/3/2026,E,
Office,14,King Street,,Bristol,BS1 4EF,03801N14,2200017157109,29144,27/3/2027,E,
Pennies From Heaven,17,Maiden Lane,,Stamford,PE9 2AZ,04811037,1100001973412,2565,11/9/2026,E,
,,Church Street,,Wednesfield,WV11 1SS,03031N12,1419274580007,9990,3/3/2026,E,
The Downe Arms,15,Market Place,,Goole,DN14 9HE,16637006,16637006,29931,11/7/2027,,
"Care Home, Park Farm House",,Parkfield,,BRISTOL,BS16 9NS,01801010,2200017648142,32143,31/5/2026,E,
17 Hornsby Square,,Southfields Industrial,,Basildon,SS15 6SD,,1012562740077,300,21/3/2026,E,
,,Two Locks,,BRIERLEY HILL,DY5 1UU,8847888604,8847888604,0,2/11/2025,,
The Palmer Arms,,Village Road,,Windsor,SL4 6QW,75498308,75498308,78500,3/7/2028,,
,15,High Street,,Newmarket,CB8 8LX,04632200,1012791991191,54,7/3/2026,E,
,15,High Street,,Newmarket,CB8 8LX,,1012791990969,3371,7/3/2026,E,
,100,High Street,,Thame,OX9 3EH,03801202,1012450710529,1059,8/3/2026,E,
,34,Royal Industrial Estate,,JARROW,NE32 3HR,,1591036955160,,10/3/2026,E,
,.,"The Kerith Centre, Bracknell Family Church",,Berkshire,RG12 1EH,79373106,79373106,251408,1/10/2027,,
,82,East Barnet Road,,Barnet,EN4 8RQ,03801202,1012994117952,,10/3/2026,E,
,77,Melton Road,,NOTTINGHAM,NG2 6EN,8821258606,8821258606,111393,18/3/2027,,
,,"The Promenade, Clifton Down",,BRISTOL,BS8 3NJ,03801N14,2200015860503,26685,8/5/2027,E,
,,7-9 Dentons Green Lane,,St. Helens,WA10 2QF,,1300005339912,12663,12/4/2026,E,
,155,Whiteladies Road,,Bristol,BS8 2RF,,2200016373609,7226,3/10/2026,1,
,114,LONGMOOR LANE,,NOTTINGHAM,NG10 5JP,8816411405,8816411405,421460,1/10/2026,,
Ex Wiltshire Veg,,Hopton Ind Est,,Devizes,SN10 2EU,00900Q03,2000027492848,,14/3/2026,E,
Sugarbrook Mill,,Buntsford Hill,,Stoke Pound,B60 3AU,03801N14,1415238202007,104971,14/9/2027,E,
,55,High Street,,Bristol,BS16 5HD,00900N13,2200017485461,,10/1/2027,E,
,27,Main Street,,Skipton,BD23 5AD,8814375002,8814375002,171784,27/11/2026,,
,13,Church Street,,ROSSENDALE,BB4 9EX,18107907,18107907,73021,10/6/2026,,
,54,Pinbush Road,,LOWESTOFT,NR33 7NL,03801203,1023491056908,15813,20/3/2026,E,
New Nursery,,Lake Lane,,BOGNOR REGIS,PO22 0AD,03105H38,2000051334679,14270,21/3/2026,E,
Winnington Warehousing,,Winnington Lane,,Northwich,CW8 4DU,46802709,46802709,157416,15/6/2027,,
,14,Warley Hill,,Brentwood,CM14 5HA,03801203,1012590691749,11725,21/3/2026,E,
,59,Brook Street,,BRENTWOOD,CM14 5NB,19736910,19736910,44684,2/11/2025,,
,.,"London Road, 27",,,S2 4LA,21217200,21217200,166269,1/2/2028,,
Lynden Hill Clinic,,Linden Road,,Reading,RG10 0DP,50361501,50361501,417597,27/8/2026,,
Restaurant & Flat,4,Keens Lane,,Chinnor,OX39 4PF,03136201,1012451821652,28497,24/3/2026,E,
,205,SHIRLEY CHURCH ROAD,,ADDINGTON,CR05AB,66087903,66087903,170931,1/5/2026,,
,48-49,Russell Square,,", London",WC1B 4JY,62151405,62151405,121919,13/12/2026,,
,,Faenol Avenue,,Abergele,LL22 7HT,00900D04,1300000173312,,11/4/2026,E,
WIDCOMBE SOCIAL CLUB,,WIDCOMBE WHARF,,BATH,BA2 6AA,03801N14,2200042408989,56625,25/3/2026,E,
,,Upper Castle Street,,BRADFORD,BD5 7RN,8823815207,8823815207,279349,7/1/2027,,
The Dawn Nurseries,,"Shurdington Road, Shurdington",,CHELTENHAM,GL51 4UD,67014409,67014409,288210,1/12/2026,,
,543,Moseley Road,,BIRMINGHAM,B12 9BU,59719800,59719800,255033,13/12/2026,,
,369,SOUTH ROAD,,DUNDEE,DD2 2RT,1079808,1079808,501960,28/11/2027,,
,,Ashford Road,,Leicester,LE2 6AA,03801013,1100013741240,5026,7/1/2027,E,
BAND-IT CO LTD,,TELFORD CRESCENT,,CHESTERFIELD,S43 3PF,14369008,14369008,153115,1/10/2026,,
,118,Amington Road,,Birmingham,B25 8EP,9095130100,9095130100,1,1/4/2027,,
,53,ELY HOUSE HOTEL,,"TETTENHALL ROAD, WOLVERHAMPTON",WV3 9NB,46040303,46040303,131580,4/7/2028,,
Hexagon House,37-39,Surbiton Hill Road,,SURBITON,KT6 4TS,64443305,64443305,91315,21/5/2028,,
Cattlemarket,,Whitefordhill Farm,,Ayrshire,KA6 5JW,03801D03,1800014884702,22543,20/1/2026,E,
Unit U074,,Upper Thames Walk,,Greenhithe,DA9 9SR,00900204,1900060244461,,2/11/2025,E,
,96,Fordhouse Lane,,Birmingham,B30 3AH,03801N12,1413400701003,7431,21/1/2026,E,
,1-3,Evington Drive,,LEICESTER,LE5 5PF,00845058,1100050384839,,5/11/2025,E,
,Non-PAF De,St. Saviours Road,,LEICESTER,LE5 4HJ,04811N14,1100013009000,33263,21/3/2026,E,
,90,Staines Road,,TWICKENHAM,TW2 5AN,03801202,1900032005752,5499,22/1/2026,E,
Woodburn Cottage,10,Ardmore,,Isle Of Skye,IV55 8GW,03500P06,1700051334534,13579,22/1/2026,E,
Ingleby Arms,,Amcotts,,Scunthorpe,DN17 4AJ,0482902C,2330459308713,12653,23/1/2026,E,
,,18-20 Haviland Road,,Wimbourne,BH21 7RG,00845H86,2000027446790,,24/1/2026,E,
,42,CURZON STREET,,MAYFAIR LONDON,W1J 7UE,61310001,61310001,131860,1/4/2027,,
,82,Henderson Street,,Stirling,FK9 4HS,00900D03,1800036583273,,24/1/2026,E,
,65,Sutton Road,,Birmingham,B23 6QJ,03801N12,1413933721001,8649,24/1/2026,E,
"Barns, Landlords Supply Supply Water E",,Supply Water End,,Milton Keynes,MK17 9EA,,1012393720899,7118,25/1/2026,E,
,112,Meneage Street,,Helston,TR13 8RQ,51418902,51418902,12413,3/6/2026,,
,189,Cleveland Street,,Birkenhead,CH41 3QN,03500D03,1300034452423,23831,25/1/2026,E,
,,2 - 4 Links Road,,Peterhead,AB42 3PD,00099S12,1715040090713,,27/1/2026,E,
Blackfriars,,Buckingham Road,,CAMBRIDGE,CB3 0DD,3087075410,3087075410,53447,19/10/2027,,
,193,Gloucester Crescent,,WIGSTON,LE18 4YH,04817N14,1100039617612,,1/12/2026,E,
Cross Keys,87,Market Street,,St. Andrews,KY16 9NX,03826D01,1800032282365,45062,21/5/2026,E,
New City Service Station,,Whaddon Way,,Milton Keynes,MK3 7DG,03801N14,1130000012703,86874,28/1/2026,E,
THE STAR INN,,Main Road,,FARNHAM,GU10 5LW,03105H39,2000016957067,58373,25/4/2027,E,
,,Saffron Way,,LEICESTER,LE2 6UP,04811N12,1100013860105,4869,1/10/2026,E,
Knott-Avonside Limited,,Second Avenue,,Burton On Trent,DE14 2WF,8823211006,8823211006,145256,1/10/2027,,
,53,Cowley Road,,UXBRIDGE,UB8 2AE,03801H06,2000001530110,5833,28/1/2026,E,
,,Oldington Lane,,Kidderminster,DY11 7QN,2442592805,2442592805,6140,4/5/2027,,
Nichol & Hill Limited,,Kellaw Road,,Darlington,DL1 4YA,,1591033221712,71518,30/1/2026,1,
The Business Centre,3,Molly Millars Lane,,Wokingham,RG41 2EY,49809907,49809907,114586,1/4/2027,,
,11,Radford Crescent,,BILLERICAY,CM12 0DW,15985709,15985709,36436,1/12/2025,,
,2,Station Road,,WIGSTON,LE18 2DH,04031N14,1100013545065,56166,26/2/2026,E,
,100-102,Bridge Street,,Worksop,S80 1HZ,03801N12,1100003424920,1283,31/1/2026,E,
Hamalworth House,9,St. Clare Street,,LONDON,EC3N 1LQ,50927705,50927705,24013,2/11/2025,,
Eltelec Works,,Chaul End Lane,,LUTON,LU4 8EZ,03801203,1012369176902,27386,1/2/2026,E,
BAND-IT CO LTD,,TELFORD CRESCENT,,CHESTERFIELD,S43 3PF,14472607,14472607,228180,1/10/2026,,
,197,Sneinton Dale,,Nottingham,NG2 4HU,03801013,1100005388015,6129,1/2/2026,E,
"COPNOR TAKEAWAY,",147,Copnor Road,,PORTSMOUTH,PO3 5BS,8863052205,8863052205,62693,6/2/2027,,
Inn For All Seasons,,Treleigh,,Redruth,TR16 4AP,00027N14,2200030103486,,26/2/2028,E,
,,Gosford Way,,Felixstowe,IP11 9PE,03800203,1012908622359,,2/11/2025,D,
T A TAYLORS BAKERY,243D,Torquay Road,,PAIGNTON,TQ3 2HL,06026001,2200020788142,2004,15/1/2026,E,
Virginia House,56,Warwick road,,Solihull,B92 7HX,,1425527100008,,1/2/2026,E,
,,"Unit 12,Forbes Building 311-321",,Middlesbrough,TS1 4AW,0380102A,1570000288842,1865,18/9/2026,E,
Gardeners Corner,296-298,Hillmorton Road,,Rugby,CV22 5BW,04811N12,1100025084595,2399,2/2/2026,E,
Furniture Systems Limited,12,Lysander Close,,Broadstairs,CT10 2YJ,,1900043000112,,5/12/2026,E,
,,Walters Wholesale,,Nottingham,NG7 2NR,8817700900,8817700900,3335,2/11/2025,,
143,,High Rd,,London,E18 2PA,03801202,1200040934211,5494,4/2/2026,E,
,41-43,Westview Terrace,,STORNOWAY,HS1 2HP,1067603201,1067603201,19799,13/5/2027,,
,,Arturi Garden Centre,,Fair Oak,SO50 7DE,04111H49,2000051877717,211215,1/8/2026,E,
Nails Envi,38,Kingsbury,,Aylesbury,HP20 2JE,03801203,1012458453939,7189,5/2/2026,E,
,84,Bath Road,,Swindon,SN1 4AY,03500H04,2000012291023,64434,3/12/2026,E,
Unit 9 10 Clock Court,,Campbell Way,,SHEFFIELD,S25 3QD,0380102D,2380001016066,7972,11/3/2026,E,
"UNIT 43, STAHL HOUSE",,BICKENHILL LANE,,BIRMINGHAM,B37 7HE,60006206,60006206,73813,1/6/2027,,
,58-60,Oak End Way,,GERRARDS CROSS,SL9 8BR,,2000005337231,17262,14/10/2027,1,
THE RESOLUTION,,SKINNER STREET,,WHITBY,YO21 3AH,8930271101,8930271101,,31/12/2028,,
,58,Hollybank Hotel,,Stirling,FK7 0PH,03802D04,1800035145528,25502,2/11/2025,E,
,120,Harrowdene Road,,WEMBLEY,HA0 2JF,03801202,1012835978460,21578,6/5/2028,E,
,133,Chase Side,,LONDON,N14 5HD,04811203,1012998786958,3768,13/6/2028,E,
,4,Manor Road,,London,W13 0LH,03801H02,2000000924477,4461,2/11/2025,E,
UNIT 17,,PRINCEWOOD ROAD,,CORBY,NN17 4ET,77054405,77054405,,9/1/2029,,
,,Main Street,,East Riding Of Yorkshire,YO41 5JH,0380102C,2365794403915,20659,1/10/2028,E,
,23,London Street,,Swaffham,PE37 7DD,03137204,1012655597977,66102,12/11/2027,E,
,5,Baldock Street,,Royston,SG8 5AY,00900202,1023545575454,,24/12/2026,E,
,29,Gordon Avenue,,STANMORE,HA7 2RL,,1014572225928,157622,1/1/2026,E,
,2025,Spring Bank West,,Hull,HU5 5ER,13210706,13210706,64334,11/9/2028,,
CLAREMONT EVENTIDE HOUSING ASSOCIAT,68,CAVENDISH ROAD,,MATLOCK,DE4 3GY,48360803,48360803,50092,1/1/2027,,
"Unit 5, Marlin House",,Marlins Meadow,,WATFORD,WD18 8TE,00800202,1014570143041,,2/11/2025,D,
"P H, THE FOX",,Aspenden,,BUNTINGFORD,SG9 9PD,04807204,1012770729993,26488,18/6/2027,E,
,20,Bargate Drive,,Wolverhampton,WV6 0QW,00845N13,1422298000001,,27/10/2026,E,
,8,Hale Lane,,London,NW7 3NX,03801202,1013012935175,,1/4/2030,E,
,11-15,Unit 3,,London,NW10 6PT,,2000027294610,38041,4/6/2026,E,
,13-14,Broad Street,,Oxford,OX1 3BP,,2000007926035,5467,13/9/2026,E,
,184,Park Avenue,,LONDON,NW10 7XL,00845071,1014570226070,,1/10/2026,E,
Queens Head,2-4,Cambridge Road,,SANDY,SG19 1JE,04138203,1012348655616,,11/8/2026,E,
UNIT 3,,MONTGOMERY WAY,,BIGGLESWADE,SG18 8UB,00845074,1030062190160,,1/10/2027,E,
,2-4,WATTS LANE,,TEDDINGTON,TW11 8HQ,03801202,1900043007882,20256,1/12/2026,E,
,35,Allendale Road,,Sunderland,SR3 3DE,0084502C,1591046873453,,6/11/2026,E,
,99,Uxbridge Road,,London,W12 9DT,03801202,1200032983914,3639,18/9/2026,E,
110-114,,Rose Street,,Edinburgh,EH2 3JF,,1800035240136,125827,1/10/2027,1,
,28,WEST STREET,,SOUTHPORT,PR8 1QN,00845D04,1300035378444,,19/10/2026,E,
"Enertek International Ltd,",,Malmo Road,,HULL,HU7 0FY,9154767507,9154767507,86695,8/4/2028,,
Methcroft Ltd,17,Stafford Street,,Edinburgh,EH3 7BJ,02094120,1800022239344,15881,2/11/2025,E,
,630,Bath Road,,HOUNSLOW,TW5 9TL,03801H01,2000003114285,1303,7/2/2026,E,
Alfredo's Restaurant,109,Hannover Street,,Edinburgh,EH2 1DJ,00900D04,1800035299413,,30/7/2026,E,
,28,Glenburnie Road,,London,SW17 7PT,03801202,1200027135703,4575,17/2/2026,E,
"Unit 13-14, HAWES VIEW INDUSTRIAL ESTATE",,"Haws View Industrial Estate, Park Road",,BARROW-IN-FURNESS,LA14 4TN,03801004,1610005785551,,17/11/2017,E,
,36,Oakdale Road,,London,SW16 2HL,03801202,1200038387720,4075,2/11/2025,E,
,128,Lothian Road,,Edinburgh,EH3 9BG,00900D01,1800035239813,,3/3/2027,E,
Unit 1,,Shore Street,,,LA14 2UB,03801004,1610005665888,2176,25/7/2026,E,
,,3 Viewforth,,Edinburgh,EH10 4JD,03801D03,1800031440419,31432,23/5/2026,E,
Cruachan Guest House,53,Gilmore Place,,Edingburgh,EH3 9NT,03801D02,1800021636055,8456,2/11/2025,E,
Kingfisher Building,,Cooper Lane,,Ulverston,LA12 9RA,04811024,1610005507133,47687,1/4/2027,E,
,,189a Oxford Street,,Barrow-In-Furness,LA14 5QF,03801004,1610005800420,3671,22/3/2026,E,
Just Tasty,49,Ferry Road,,Barrow In Furness,LA14 2QF,03801004,1610005598511,20857,2/8/2026,E,
,95,Lothian Road,,Edinburgh,EH3 9AW,00900D04,1800035241751,,1/3/2026,E,
Unit 1,55,The Loan,,SOUTH QUEENSFERRY,EH30 9SD,,1800053872671,61057,2/12/2025,1,
,98,Hunter Avenue,,Ashford,TN24 0HG,,1900007215000,9930,3/4/2027,1,
192/193,,Speldhurst Close,,KENT,TN23 5TS,03801204,1900028217847,55071,2/11/2025,E,
16,,PENTREBANE STREET,,CAERPHILLY,CF83 1FR,03801N12,2199994851391,,31/10/2026,E,
ALMONDSBURY INTERCHA,,GLOUCESTER ROAD,,BRISTOL,BS32 4AA,19290907,19290907,301083,1/8/2026,,
Coronation Works,,Armytage Road,,Brighouse,HD6 1QA,14405603,14405603,,1/8/2030,,
The Olive Branch,,Ashford Road,,Ashford,TN27 0EE,03801202,1900015220690,10270,26/7/2028,E,
LONGROYDS,,COMMERCIAL ROAD,,HUDDERSFIELD,HD8 9EQ,12049507,12049507,200985,1/10/2026,,
,509,HIGH ROAD,,Wembley,HA0 2DH,00900204,1012831463566,,3/7/2027,E,
Unit G,,Smarden Business Estate,,Ashford,TN27 8QL,04811202,1900013219772,10496,25/2/2027,E,
,10,Academy Lane,,Loanhead,EH20 9RP,,1800032130556,14262,30/7/2027,E,
,30,Elder Street,,Edinburgh,EH1 3DX,03801D02,1800023038302,17695,28/11/2025,E,
,149,Granville Road,,LONDON,N22 5LS,03801201,1013074691325,10642,7/12/2026,E,
Longstone Inn,"30,",Longstone Road,,Edinburgh,EH14 2BH,00800D04,1800035301649,,2/11/2025,D,
,425,HIGH ROAD,,LONDON,NW10 2JN,03801202,1200038528036,23213,23/6/2026,E,
,66,Coal Clough Lane,,Burnley,BB11 4NS,03801004,1610014029735,4688,5/5/2026,E,
bellevue guest house,40,Minto Street,,Edinburgh,EH9 2BR,03801D01,1800021424377,7832,6/1/2027,E,
VANGUARD COMMUNITY CENTRE,65,BEVINGTON CLOSE,,LANCASHIRE,BB11 4SD,03801004,1620000182322,8225,21/11/2026,E,
,40,Wood Lane,,"Handsworth, Birmingham",B20 2AP,49113308,49113308,0,1/4/2026,,
,,Swaledale Road,,Dartford,DA2 6JZ,03006201,1200031908650,18695,8/12/2026,E,
,329-333,High Street,,London,E15 2TF,03801204,1200029814365,63818,14/4/2027,E,
,,Finsley Gate Car Sales Ltd,,Burnley,BB11 2HA,03801131,1610014040092,5751,27/11/2026,E,
Headley Row,,,,Burnley,BB11 2HG,03801014,1610014036166,15787,2/7/2027,E,
Ferndale Consvervative Club,56,Lake Street,,Ferndale,CF43 4HL,2772641405,2772641405,38988,1/10/2027,,
Unit 5,,Bourne Road,,Dartford,DA1 4BF,03801204,1200052045206,22663,2/12/2025,E,
Nothumberland Heath,,Hind Crescent,,Erith,DA8 3DB,03802203,1200032303121,29008,1/11/2027,E,
,1,Guinea Street,,Exeter,EX1 1BS,00900N14,2200030060380,,17/4/2028,E,
,2,Stanhope Road,,Swanscombe,DA10 0AL,,1900038140563,27378,29/1/2027,E,
,49,Tabernacle Street,,LONDON,EC2A 4AA,3407792508,3407792508,2570,2/11/2025,,
,21,Hedworth Lane,,Boldon Colliery,NE35 9HZ,0090002C,1591044741996,,3/8/2026,E,
,135,HIGH STREET NORTH,,LONDON,E6 1HZ,03801203,1200061480160,42964,2/4/2027,E,
Dog & Partridge,92,Upper Village Road,,Ascot,SL5 7AQ,04812H18,2000003393493,52419,9/2/2026,E,
,160,Mayplace Road East,,BEXLEYHEATH,DA7 6EJ,03801201,1200050409683,4763,1/4/2027,E,
,,373a Fore Street,,London,N9 0NR,03801203,1013068614726,15286,7/1/2028,E,
,10,Kennet Road,,DARTFORD,DA1 4QN,03801204,1200034612641,50731,25/5/2026,E,
Shop,237,Westbourne Grove,,LONDON,W11 2SE,03801201,1200051452500,10605,10/9/2027,E,
,,U 5,,Dartford,DA2 7WX,03801203,1200051771264,13691,15/3/2026,E,
Unit 7,,Friendship Mill,,Burnley,BB12 7PB,,1610014188212,733,2/11/2025,E,
,.,"ASKERN ROAD, PENNINE STONE LTD",,SOUTH YORKSHIRE,DN6 8DF,8931545510,8931545510,1,9/4/2026,,
,17,VICTORIA RD,,BARNOLDSWICK,BB18 6UN,0380102C,2316054611016,15196,20/10/2026,E,
Unit 14,,Churchill Way,,Nelson,BB9 6RT,03801014,1630000750821,7112,2/11/2025,E,
,Unit 14,Chaucer Industrial Estate,,Polegate,BN26 6JF,03801204,1900038295912,36907,8/11/2026,D,
,,Front Street,,Durham,DH6 1HD,1337832702,1337832702,23906,10/2/2027,,
,40,Wilton Road,,Reading,RG30 2SS,03801H02,2000011521619,4079,2/11/2025,E,
,78,Brook Street,,Chester,CH1 3DN,03801D02,1300010246020,2753,6/3/2026,E,
,,1B The Cross,,Buckley,CH7 2ED,03802D01,1300009208771,755,8/9/2026,E,
,228,Upper Fifth Street,,MILTON KEYNES,MK9 2HR,4019367006,4019367006,31519,1/12/2026,,
,,Bath Road,,READING,RG7 5RH,03801H02,2000011418309,3766,2/11/2025,E,
Flat 478,,Finchampstead Road,,Wokingham,RG40 3RG,03801H01,2000005085529,2495,1/7/2028,E,
Longacre Filling Station,,Marian,,Rhyl,LL18 6EB,,1300009895870,94530,23/10/2028,E,
,18,Frodsham Street,,Chester,CH1 3JL,03801D02,1300010316810,6437,1/9/2026,E,
Eastheath House,,Eastheath Avenue,,Wokingham,RG41 2PR,03801H02,2000005184850,47760,2/11/2025,E,
Forest Court,,Oakland Park,,Wokingham,RG41 2FD,03801H02,2000005186894,9005,1/10/2025,E,
Island Farm,,Island Farm Road,,Reading,RG7 4ES,,2000011253036,,15/11/2026,E,
March Laboratories,,Goring Heath,,READING,RG8 7SB,03801H01,2000010416950,,1/11/2027,E,
,5,Castlecroft Road,,Chester,CH4 7QD,04811E03,1300010255488,16469,1/10/2027,E,
,87,Cliveden Road,,CHESTER,CH4 8DS,03801D04,1300010273149,4040,20/9/2026,E,
,14,Eachway,,Rednal,B45 9DQ,03801N12,1412684402009,6581,26/7/2026,E,
Bearwood Primary And Nursery School,,Barons Road,,Bournemouth,BH11 9UN,03801H09,2000021695864,65226,1/10/2027,E,
Cafe,10,Holy Head Road,,Bangor,LL57 2EG,03800D01,1300012234531,,2/11/2025,D,
Barn,,N/s To Barn At Bodowyr Farm,,Llangaffo,LL60 6NH,03801D02,1300060199086,7776,20/12/2026,E,
Mona Buildings,,Station Road,,Llanfairfechan,LL33 0AP,03801D03,1300008965880,11647,21/12/2027,E,
Maes Llwyn,,,,Llanfairpwllgwyngyll,LL61 5BX,03801D01,1300012443487,,2/11/2025,E,
Cavendish Hospitality Limited,,European Design Centre,,London,NW9 5AE,3400129508,3400129508,1,19/2/2026,,
"OWENS WILLIAMS & W R JONES & CO,",15,Salem Street,,Amlwch,LL68 9BP,03801D01,1300011769447,863,10/2/2027,E,
Global Optics UK Ltd,,"UNIT 6, BRANKSTONE BUSINESS PARK",,POOLE,BH12 1DW,03801H2C,2400000096765,9238,26/9/2027,E,
Liverpool Arms,,Castle Street,,Gwynedd,LL58 8BB,00845D04,1300035430990,,16/8/2028,E,
Lower Halstead,,Halstead Lane,,Huddersfield,HD4 6XT,0380102D,2323041981510,46303,9/1/2026,E,
3rd Floor Suite 2,,Victoria House,,Stockport,SK1 3AD,03801631,1610019873614,1,2/11/2025,D,
B AMPLIVOX ULTRATONE HEARING CARE CENTRE,20,King Street,,Lancashire,FY1 3EJ,03800631,1610003589310,,2/11/2025,D,
,,Cartwright Street,,Cleckheaton,BD19 5LY,8910267300,8910267300,74515,16/9/2026,,
,99,Shop & Flat,,Blackpool,FY1 3QX,03801144,1610003644938,,30/8/2027,E,
Cheers Hotel,50,Coronation Street,,Blackpool,FY1 4PD,04811004,1610004102788,3641,17/1/2027,E,
,,,,THIRSK,YO7 1HQ,0090002B,1591022740160,,2/11/2025,E,
,18,Westgate,,Thirsk,YO7 1QS,,1591055804048,1368,1/10/2027,E,
,50,Princes Street,,Thurso,KW14 7AE,03801R52,1712485511750,14278,1/7/2026,E,
218-220,,Church Street,,Blackpool,FY1 3PT,03801631,1610004121911,3226,11/10/2026,E,
,108,Marr Terrace,,Thurso,KW14 7SW,03500P06,1712486584002,1546,2/11/2025,E,
,,Ryton Village,,RYTON,NE40 3QP,0084502B,1591054685674,,24/6/2027,E,
,7a,Bayhead,,STORNOWAY,HS1 2DU,03801R51,1712786200570,,2/11/2025,E,
,,Asccgeb,,Stornoway,HS1 2SD,00845P82,1712793780251,,1/10/2026,E,
Unit 1b,,"Adams Business Centre, Cranes Farm Road",,BASILDON,SS14 3JF,9210174408,9210174408,46031,2/11/2025,,
Bethesda Nursing Home,,Stornoway,,Isle Of Lewis,HS1 2PS,03801R59,1722789210122,31006,1/4/2030,E,
Mortonhall Golf Club,231,Braid St,,EDINBURGH,EH10 6PB,47777102,47777102,199619,21/12/2026,,
CHARLOTTE STRAKER HOUSE,,COOKSON CLOSE,,CORBRIDGE,NE45 5HB,17654101,17654101,390090,1/10/2026,,
Workshop And Offices,,Grainshore Road,,Orkney,KW15 1FL,04531022,1700051884893,7758,12/8/2027,E,
,7,"Top Oth Meadow, Wooley Lane",,ACCRINGTON,BB5 2EA,03801014,1610022501408,22912,21/10/2026,E,
,64,High Street,,Market Harborough,LE16 7AF,04828N12,1100020744389,,10/7/2026,E,
,253,Banbury Road,,Oxford,OX2 7HN,03801H02,2000008534245,31787,21/12/2027,E,
,94,Church Road,,PRESTON,PR4 6UP,1674880710,1674880710,1,13/2/2026,,
Unit 2,,Hollins Grove Street,,Darwen,BB3 1HG,03801144,1610022826847,1060,1/4/2026,E,
The Vineyard Life Church,,The Vineyard,,RICHMOND,TW10 6AQ,3358016907,3358016907,68221,4/9/2028,,
,10-12,Castle Street,,Tunbridge Wells,TN1 1XJ,65527709,65527709,0,16/8/2015,,
,33,Argyle Road,,Bognor Regis,PO21 1EB,03801H04,2000018543655,30129,19/3/2027,E,
,69,Regent Street,,BRISTOL,BS15 8LQ,03801110,2200017792750,13565,2/11/2025,E,
,31,High Street,,Sleaford,NG34 9DY,04811037,1100001905849,10054,20/10/2028,E,
,615,HARROW ROAD,,London,W10 4RA,3393159502,3393159502,11525,2/11/2025,,
,10,Manchester Street,,Brighton,BN2 1TF,04156202,1900042375932,897,10/10/2026,E,
,1,Union Street,,Stratford On Avon,CV37 6QT,,1410447081004,15287,25/6/2028,E,
Archduke Restaurant,153,Concert Hall Approach,,London,SE1 8XU,00845072,1200010197413,,21/10/2027,E,
,25,Goldsmith Street,,Nottingham,NG1 5LB,20285908,20285908,560525,1/12/2026,,
Main Building,9,Freebounes Court,,WITHAM,CM8 2BL,04205204,1012484059144,38842,2/11/2025,E,
"Wong Ting,",,6-8 Matilda Street,,SHEFFIELD,S1 4QD,48370503,48370503,295393,14/5/2026,,
,,1-7 Highlands Court,,Leigh-On-Sea,SS9 2SL,04100201,1012522272263,1287,23/10/2028,E,
1-7 Highlands Court,,London Road,,Leigh-On-Sea,SS9 2SL,04807201,1012522279621,1510,23/10/2028,E,
,,Main Street,,DUNFERMLINE,KY12 8NJ,7922206,7922206,,1/10/2028,,
FIRTHS BOUTIQUE,98A,Main Street,,Keighley,BD22 8DP,,2312654351511,15982,24/10/2028,E,
,30,East Street,,LONDON,SE17 2DN,,1200042010400,2302,2/11/2025,E,
,7,Low Lane,,BATLEY,WF17 9EW,0380102D,2352970351115,13803,21/10/2026,E,
,31a,Shop 4,,SLEAFORD,NG34 9DY,04807N12,1100001905858,9405,20/10/2028,E,
,,Annfield Road,,DUNDEE,DD1 5JH,03801R52,1716041893008,5948,4/10/2026,E,
44 Waverley Terrace,44,Waverley Terrace,,Tyne & Wear,SR4 6TA,0084505A,1592001121617,,1/11/2026,E,
Hi-Rel Lids Limited,,Unit 4B,,Harleston,IP20 9EA,00845073,1014570861791,,1/11/2027,E,
,,Novers Park Road,,Bristol,BS4 1RN,03801N13,2200015564615,56430,15/12/2025,E,
,,Leicester Road,,HINCKLEY,LE10 3DR,03826N14,1100018591154,175653,2/11/2025,E,
,Silverdale,Yockleton Stretton Heath,,Shropshire,SY5 9QQ,00845L04,1423270000001,,1/11/2027,E,
,,2a Wessex Gate,,Waterlooville,PO8 9LP,00900Q04,2000015774802,,1/10/2026,E,
,,BROOKHILL INDUSTRIAL ESTATE,,Nottingham,NG16 6NT,48329001,48329001,71,2/11/2025,,
,109,Bunting Road,,NORTHAMPTON,NN2 6EE,03801N12,1100019225162,,1/11/2027,E,
,3,Albert Place,,DARWEN,BB3 0QE,,1610022124437,29916,1/11/2025,E,
SHOP;VILLAGE STORE,7-9,Albert Place,,DARWEN,BB3 0QE,03801024,1610022124455,64807,1/11/2028,E,
,14,Dunlin Court,,BELLSHILL,ML4 3NH,03801D03,1800018777632,13072,1/12/2027,E,
Unit 2,161,"BARKBY ROAD,",,"LEICESTER,",LE4 9AB,00845058,1100039368097,,1/11/2027,E,
66a,,Charlotte Road,,London,EC2A 3PE,03801202,1200060199807,3609,18/3/2026,E,
,,Kentish Road,,SOUTHAMPTON,SO15 3GR,74238905,74238905,319742,19/9/2026,,
,,Long Drive,,RUISLIP,HA4 0HN,8928518301,8928518301,484063,2/6/2026,,
,101,Barkby Thorpe Road,,Leicester,LE4 9LX,00845L03,1170001042086,,1/11/2027,E,
,30,Arbroath Road,,Dundee,DD4 6EP,03801P07,1716328006800,5472,2/11/2025,E,
,528,Filton Avenue,,BRISTOL,BS7 0QE,00900N14,2200030010830,,1/11/2027,E,
,168,Pavilion Road,,LONDON,SW1X 0AW,03800202,1200033328641,,2/11/2025,D,
69-71,,HIGH STREET,,WESTON-SUPER-MARE,BS23 1HE,00900N14,2200030036884,,1/11/2027,E,
V & L Trading,Unit 6,Curzon Works,,Leicester,LE1 2HH,9145238007,9145238007,31350,31/3/2026,,
,,Ford Road,,Arundel,BN18 0BD,,2000018606171,,1/11/2027,E,
,10/12,High Street,,INVERKEITHING,KY11 1NN,03801D02,1800021324663,38968,5/3/2026,E,
Burnside Business Court,,"Burnside Business Court, North Road",,INVERKEITHING,KY11 1NZ,03801D04,1800051958500,13805,2/11/2025,E,
,,58-62 Bristol Hill,,Bristol,BS4 5AB,03801110,2200015197777,8171,7/11/2026,E,
,59,Gisburn Road,,BARNOLDSWICK,BB18 5HB,0380102D,2315652771010,42508,1/11/2028,E,
,18,Station Road,,COWDENBEATH,KY4 9SG,03801D01,1800020950340,5146,6/4/2027,E,
,2,High Street,,WREXHAM,LL14 4AG,2716460901,2716460901,69401,18/6/2026,,
,121b,Peckham High Street,,London,SE15 5SE,03801201,1200039673737,932,2/11/2025,E,
,75,Springbank Road,,London,SE13 6SS,922447904,922447904,38282,20/10/2028,,
,,"1,Cemetery Chapel",,Northwich,CW9 5PB,03801D04,1300060197502,,26/11/2026,E,
,1378,London Road,,Leigh-On-Sea,SS9 2UH,03873204,1023467279042,35711,4/11/2025,E,
,10,Abbotsford Road,,Bristol,BS6 6HB,03801110,2200016326840,3402,16/11/2026,E,
,,Wood End Lane,,Lichfield,WS13 8NF,8868707602,8868707602,133242,1/10/2028,,
The Lamplighters,,Station Road,,Bristol,BS11 9XA,00900N14,2200030000920,,26/1/2026,E,
,253,Ditchling Road,,BRIGHTON,BN1 6JD,04811202,1900007375886,,16/12/2025,E,
,,Quarry Steps Clifton,,Bristol,BS8 2UD,03801110,2200016370885,2132,3/1/2026,E,
"Unit 68/69, The Wulfrun Centre",,Cleveland Street,,WOLVERHAMPTON,WV1 3HH,03801N13,1470000408092,38480,11/8/2026,E,
,9,Luke Street,,LONDON,EC2A 4PX,03801201,1200042533162,730,6/6/2026,E,
,23,Coventry Street,,Stourbridge,DY8 1EP,04811N13,1410081880003,15808,15/11/2026,E,
,20,Broad Street,,BRISTOL,BS16 5NX,03801110,2200017666889,139,2/11/2025,E,
,27,Spa Road,,HOCKLEY,SS5 4AZ,04807202,1012605194399,,12/7/2027,E,
,290,Shields Road,,Newcastle upon Tyne,NE6 1DX,0090002D,1591010778290,,1/10/2026,E,
,19,The Green,,Hunstanton,PE36 5AH,04811201,1012645924179,20141,7/11/2025,E,
,128,High Street,,BRISTOL,BS16 5HH,04042210,2200017470181,,2/11/2025,E,
,81,Albert Road,,Southport,PR9 9LN,49256308,49256308,362154,2/10/2029,,
"SHOP 1,15A",,Water Lane,,Southampton,SO40 3DP,03801H08,2000053510956 2000053510956,,16/8/2026,E,
,34,Liberty Close,,WIMBORNE,BH21 6SY,03801H09,2000026951080 2000026951080,64615,1/1/2026,E,
,182,North High Sreet,,Edinburgh,EH21 6BH,50029706,50029706,166544,1/6/2026,,
,1741,Coventry Road,,Birmingham,B26 1DS,16844303,16844303,245952,1/7/2026,,
Youth Centre,,Sullivan Road,,Hampshire,RG22 4EH,03801H02,2000017948142,35209,26/6/2027,E,
,,Unit F1,,BASINGSTOKE,RG22 6HY,,2000027428141,,2/3/2026,1,
UNIT 108,,MARINER,,TAMWORTH,B79 7UL,14111204,14111204,,1/4/2029,,
Unit26,,Campbell Court,,Tadley,RG26 5EG,03801H09,2000018402360,26038,25/3/2027,E,
Azime Court,,Rock Road,,Wadebridge,PL27 6NW,03801N13,2200022126682,22130,1/8/2026,E,
Raikes Clough Industrial Est,,Raikes Lane,,Bolton,BL3 1RP,03801631,1610029714113,148,22/12/2025,E,
Unit 3,,Symons Terrace,,Redruth,TR15 1AA,,2200023613700,658,18/6/2028,1,
Unit 11a-11b,,Ackhurst Road,,Chorley,PR7 1NH,03801014,1620001134490,21294,15/7/2026,E,
,,Armstrong Mall Southwood Business Park,,Farnborough,GU14 0NR,00900Q02,2000027415054,,2/11/2025,E,
Higher Garstang House Farm,,Chapel Lane,,CHORLEY,PR6 8TB,,1610021258487,,1/10/2026,1,
Unit 5,,Fulcrum 4,,Fareham,PO15 7FT,03801H08,2000054002769,11377,17/3/2026,E,
,1a,Basset Road,,Camborne,TR14 8SE,03801110,2200023576750,4377,9/10/2026,D,
,12,Rectory Road,,Sutton Coldfield,B75 7AL,00900N13,1423665100007 1423665100007,,15/1/2027,E,
,31,West Street,,Blandford Forum,DT11 7AW,03801H06,2000050607799,20645,10/8/2027,E,
T/a The Lucky House,43,Salisbury Street,,Blandford Forum,DT11 7PX,03801H02,2000022192152,9552,23/2/2027,E,
,297,Birchfield Road,,Birmingham,B20 3BX,03801007,1412411221004 1412411221004,96176,1/10/2026,E,
THE BULL INN,1,CHURCH STREET,,KING'S LYNN,PE32 2NS,03801203,1023545808058,20487,5/1/2027,E,
Unit 9A,,Butts Pond Industrial Estate,,Sturminster Newton,DT10 1AZ,04811H17,2000026487182,4065,2/11/2025,E,
British Legion Hut,,Bath Road,,Sturminster Newton,DT10 1DU,03801H04,2000026485803,13014,2/11/2025,E,
Unit 3,,Langley Park Indus Estate,,Durham,DH7 6TX,0380102C,1570000170885,22535,4/4/2027,E,
,68,Mill Street,,Alloa,FK10 1DY,00900D04,1800035295117,,16/9/2026,E,
Banchory Lodge,,"Banchory,",,"KINCARDINESHIRE,",AB31 5HS,8900124709,8900124709,81142,1/11/2028,,
Unit 6D,,Castle Street Ind Est,,Alloa,FK10 1EU,03801D02,1800019304773,8268,25/6/2026,E,
Unit 17-18,17,Churchill Way,,LEICESTER,LE8 8UD,58334505,58334505,90432,1/10/2026,,
Ship Inn,,Wincle,,Macclesfield,SK11 0QE,,1610011696880,30232,1/7/2027,E,
PORT GLASGOW INDUSTRIAL ESTATE,,MUIRSHIEL ROAD,,PORT GLASGOW,PA14 5XS,03802D04,1800050808390,91698,1/2/2026,E,
P Hewitt & Sons Garages Ltd,,Enville Street,,Stourbridge,DY8 3PY,00900N14,1421990100007,,11/1/2027,E,
,19,Tanner Row,,York,YO1 6JB,8899007608,8899007608,75255,19/6/2026,,
,855,Portrack Grange Road,,STOCKTON-ON-TEES,TS18 2PF,63540107,63540107,9706,6/3/2027,,
,,Black Lion Court,,Congleton,CW12 1BD,03800007,1413856530005,,2/11/2025,D,
Ground Floor Offices,31,Webb's Road,,London,SW11 6RU,03801201,1200040108052,10134,18/10/2027,E,
,1,Beacon Court,,Teignmouth,TQ14 8TL,19902609,19902609,65106,14/1/2028,,
,88,Birmingham Road,,Studley,B80 7AS,2409471501,2409471501,197633,8/11/2025,,
Thetford Garden Centre Ltd,,Kilverstone Road,,Thetford,IP24 2RL,70361109,70361109,283907,1/10/2027,,
,26,Sopers Lane,,Christchurch,BH23 1JE,03801H02,2000020275383,8164,2/5/2026,E,
Unit 10,,Thirsk Retail Park,,Thirsk,YO7 1PZ,0084505B,1591040940139,,1/10/2026,E,
Unit 16 Links Yard,,Spelman Streeet,,London,E1 5LQ,03801201,1200030081582,936,2/11/2025,E,
,59,Brady Street,,LONDON,E1 5DW,03801203,1200039035361,8824,10/9/2027,E,
,203,Cannock Road,,Cannock,WS11 2DD,,1413456540001,,26/11/2026,E,
,1,Courthouse Lane,,London,N16 7YA,03801202,1200052016000,3,5/12/2026,E,
,69,Shakspeare Walk,,London,N16 8TB,03801202,1200037882741,3979,2/11/2025,E,
Laker House,,Church Street,,Sittingbourne,ME10 2JZ,00845071,1900020427966,,11/6/2028,E,
,41,Cropley Street,,London,N1 7HT,03801201,1200027667390,4180,27/7/2028,E,
,A5,Watling Street,,Hinckley,LE10 3ED,03801N13,1100018644745,16110,7/7/2027,E,
,117,Kingsland High Street,,London,E8 2PB,03801203,1200032295696,78657,12/1/2026,E,
Community Centre,,Pennys Walk,,FERNDOWN,BH22 9TH,00845H86,2000027446034,,15/9/2028,E,
Odds Farm Park,,Caravan Park,,Wooburn Green,HP10 0LA,00845H86,2000027395044,,1/12/2026,E,
No 6,,Warsall Road Sharston Industrial Estate,,Manchester,M22 4RH,21082102,21082102,0,1/7/2028,,
,,Willow Lane,,Lancaster,LA1 5NA,03801014,1600000053971,25991,1/5/2026,E,
Flat 3,79a,HAZELLVILLE ROAD,,,N19 3NB,03801201,1200062067100,1052,18/11/2027,E,
Plot 31,,Bell Lane,,UCKFIELD,TN22 1QL,00845071,1900047384746,,10/8/2026,E,
,379,Denmark Road,,LONDON,SE5 9LB,04811203,1200022659473,13777,11/5/2027,E,
Unit 9,21,Wren Street,,London,WC1X 0HF,03801201,1200022425658,374,2/11/2025,E,
Ground Floor and Basement,88-90,Farringdon Road,,London,EC1R 3EA,03801204,1200023398571,105332,1/5/2026,E,
BEAUFORT HOUSE,,BEAUFORT ROAD,,BIRKENHEAD,CH41 1HE,03093D04,1300035362764,97860,6/3/2026,E,
Basement,13,Savile Row,,London,W1S 3NE,03801201,1200039646200,12392,6/11/2027,E,
,6,Fishers Yard,,St Neots,PE19 2AF,03136202,1012442851429,3715,31/12/2025,E,
,2,Friars Way,,Tunbridge Wells,TN2 3UA,03801203,1900016280510,17373,27/1/2026,E,
Tenterden Club,,Church Road,,TENTERDEN,TN30 6AT,03801204,1900044222555,,16/8/2026,E,
,7,Churchgate,,Retford,DN22 6PA,04811N14,1100003334782,37225,10/6/2026,E,
,123,High Street,,Birmingham,B14 7BW,00845N13,1424471100001,,1/1/2026,E,
HSBC Bank Plc,,Regent Street,,Wrexham,LL11 1PR,00845G02,1300035407900,,1/1/2026,E,
,46,Cargo Fleet Lane,,Middlesbrough,TS3 0PL,0380102C,1591038623686,8572,2/7/2026,E,
,46,Cargo Fleet Lane,,Middlesbrough,TS3 0PL,0480702B,1591038653788,5605,2/11/2025,E,
,73,Wandsworth High Street,,London,SW18 2PT,03801204,1200021620615,10203,23/8/2026,E,
,12f-14f,Speedwell Way,,HARLESTON,IP20 9EH,04807201,1012707409840,22744,1/1/2026,E,
,,Bannerley Road,,Birmingham,B33 0SL,03801N14,1416778641000,29036,1/1/2027,E,
Front,11,High Street,,Leiston,IP16 4EL,04811201,1012712992170,327,27/11/2026,E,
,90,BRUNEL WAY,,THETFORD,IP24 1HP,00845094,1023467707769,,1/1/2026,E,
,43,The Bishops Avenue,,London,N2 0BN,00845073,1023472248428,,1/1/2026,E,
,183-191,Ballards Lane,,LONDON,N3 1LP,00845071,1050000521503,,28/11/2026,E,
Budget Supermarket,15-17,The Crossway,,Luton,LU1 5LY,04138204,1012366224856,63669,10/10/2027,E,
,,Edenbridge Road,,HARTFIELD,TN7 4JG,04874201,1900040283252,3156,1/1/2028,E,
,340,Old Durham Road,,Gateshead,NE8 4BQ,0380102A,1591015422024,15777,23/4/2028,E,
,54,High Street,,MILFORD HAVEN,SA73 1TF,03801200,2199999629500,2469,29/11/2026,E,
AJ Morris LTD,,"WORKSHOP, SEWSTERN INDUSTRIAL ESTATE",,SEWSTERN,NG33 5RD,03801N14,1100770445643,9579,1/1/2026,E,
,1486,Stratford Road,,Birmingham,B28 9ET,03801007,1410408151008,3221,21/11/2027,E,
,6,High Street,,GRAVESEND,DA11 9HB,,1900005137496,32,29/11/2026,E,
Unit 10,,Sterling Complex,,Ipswich,IP1 5AP,00845073,1015685855797,,30/11/2027,E,
,70,White Hart Avenue,,London,SE28 0GU,00070C57,2000053301044,,1/1/2026,E,
Rear 188-190 Stratford Road,,Shirley,,Solihull,B90 3AQ,06800021,1414273041006,,2/11/2025,D,
"Unit 10-11, The Sterling Complex",,Farthing Road,,IPSWICH,IP1 5AP,04807204,1050002081033,37218,30/11/2027,E,
Unit 11,,Sterling Complex,,Ipswich,IP1 5AP,03801204,1015684655650,97114,30/11/2027,E,
,10,Station Road,,WEST DRAYTON,UB7 7BY,03801H01,2000001571463,711,2/11/2025,E,
"Unit 4,",,Rear of 83 Skelcher Road,,Solihull,B90 2EY,04812N12,1413169041007,1132,8/5/2028,E,
,33,BOSS HALL ROAD,,IPSWICH,IP1 5BN,04807204,1012890609909,28936,12/12/2026,E,
"Unit 1, Douglas Park",,Little Money Road,,Norwich,NR14 6JD,00845072,1014569231099,,11/12/2025,E,
Unit 19,,"Apex Business Centre, Boscombe Road",,DUNSTABLE,LU5 4SB,00900204,1012368525771,,23/2/2027,E,
,40,Watt Road,,Glasgow,G52 4RY,03801D04,1800036602581,20503,1/1/2026,E,
,100-108,Commercial Street,,DUNDEE,DD1 2AJ,00845P81,1716010067662,,1/1/2026,E,
Morrison House,,Addison Way,,Ipswich,IP6 0RL,,1023502454321,,1/10/2027,E,
Unit 2 Newton Court,,Wobaston Road,,Wolverhampton,WV9 5EU,00845N12,1410697213004,,14/12/2026,E,
Summit House,,Cherrycourt Way,,LEIGHTON BUZZARD,LU7 4UH,00845074,1014570308411,,15/12/2025,E,
Unit F2,,Cradock Road,,LUTON,LU4 0JF,03801204,1012369540761,80558,14/9/2026,E,
Waverley Hotel,1,Gordon St.,,Workington,CA14 2EN,04005024,1610030697850,,24/5/2029,E,
,,TURNERS HILL,,ROWLEY REGIS,B65 9DP,03801N13,1415821980009,42142,2/1/2026,E,
,,,,WORKINGTON,CA14 1LN,03801004,1610030914259,3139,2/11/2025,E,
,630-632,Finchley Road,,London,NW11 7RR,03801204,1012989171804,38673,3/1/2026,E,
,,Unit C1,,IPSWICH,IP1 5AP,04807204,1012890647620,54067,1/8/2026,E,
Hare And Hounds,,Berkley Street,,St Neots,PE19 2TX,04138203,1012442217545,41655,4/1/2026,E,
,88,Whippendell Road,,Watford,WD18 7NE,04807201,1012425549679,4170,17/12/2027,E,
,3,North Luton Industrial Estate,,Luton,LU4 9DT,,1012373604177,34742,24/5/2026,E,
,300,FOX HOLLIES ROAD,,BIRMINGHAM,B27 7PT,03801N13,1412430151006,8706,12/2/2026,E,
,2,Church Street,,Harleston,IP20 9BB,04811203,1012707465507,3915,2/11/2025,E,
Unit 9,,Heron Avenue,,Wickford,SS11 8DL,03801204,1012570017501,70244,30/5/2027,E,
,8,High Street,,Settle,BD24 9EX,04811161,1610023729470,,18/12/2026,E,
,333,Hitchin Road,,Luton,LU2 7SW,03801202,1012381883256,18386,7/5/2027,E,
Garage,,Ethnam Farm,,Cranbrook,TN18 5PS,,1900060076140,990,7/1/2026,E,
,8,STATION YARD,,,IP6 8AS,03800202,1050002264909,,2/11/2025,D,
"Ground Floor, Station Yard",,Station Yard,,Ipswich,IP6 8AS,03801201,1015685379235,25778,2/11/2025,E,
,Non-PAF De,Chalk Hill,,DUNSTABLE,LU6 1RS,03801202,1023464318257,6755,15/8/2027,E,
Unit A,,Ark Grove Industrial Estate,,Stockton-On-Tees,TS18 2NH,0380102B,1580000507973,13568,8/1/2026,E,
Centrefurb Ltd,Unit 3,Maitland Road,,Ipswich,IP6 8NZ,04810203,1012975819844,,2/11/2025,E,
Town Council Offices,107,Helmswood Drive,,Birmingham,B37 7NS,00900N14,1417908651000,,23/3/2028,E,
,,Blue House Lane,,WOLVERHAMPTON,WV7 3FL,08870625,1460000108830,,18/10/2025,E,
,,Stones Cross House,,Bath,BA3 2QB,03046110,2200011919136,17991,13/6/2027,E,
,7,Main Street,,Ayr,KA6 7QL,03801D01,1800014905024,17801,2/11/2025,D,
Unit 1,8,Caledonia Street,,Wolverhampton,WV14 6AE,04811010,1460000437965,,20/5/2028,E,
The Rotunda,,Clarence Street,,KINGSTON UPON THAMES,KT1 1QJ,03800202,1900090131370,,2/11/2025,D,
GRETNA SOCIAL & ATHLETIC CLUB,,Dominion Road,,Gretna,DG16 5AP,03801D02,1800016104528,41278,10/1/2026,E,
,28,Old Bedford Road,,Luton,LU2 7NZ,04807201,1012379686750,2,2/11/2025,E,
Unit 25D,,Lyon Road,,Walton-On-Thames,KT12 3PU,03800201,1900036032476,,2/11/2025,D,
,485,STRATFORD ROAD,,BIRMINGHAM,B11 4LE,03801007,1412776711002,6573,30/3/2026,E,
Chantry Wynd Bistro,,Finkle Street,,Richmond,DL10 4QB,1308819001,1308819001,91346,24/11/2026,,
"Montrose House, Chertsey Boulevard",,Hanworth Lane,,CHERTSEY,KT16 9JX,04800203,1900027051310,,2/11/2025,D,
C & W Electronics Ltd,,Pool Street,,Wolverhampton,WV2 4HN,03801007,1418444770009,314,20/2/2026,E,
,1,Hanworth Lane,,CHERTSEY,KT16 9JX,07800204,1900037000670,,2/11/2025,D,
,436,Chepstow Road,,Newport,NP19 8JG,03801200,2199991482026,4683,11/1/2026,E,
Forge House Last Imp,34,High Street,,BROADWAY,WR12 7DT,03801007,1430000027085,1183,19/8/2026,E,
,2-4,King Street,,SOUTHALL,UB2 4DA,03801H01,2000000050169,23002,5/2/2026,E,
,114 / 114a,Penny Lane,,Liverpool,L18 1DQ,03801D02,1300003161737,,2/11/2025,E,
Unit 4,,Ashmore Lake Way,,WILLENHALL,WV12 4LF,03801007,1416696503005,2026,5/6/2028,E,
,Unit 4,Centurian Business Park,,Nottingham,NG6 8WA,03801N14,1100005087945,64775,1/9/2028,E,
,38-42,High Street,,Newcastle,ST5 0HE,03801007,1424213000002,822,15/1/2026,E,
,,114b Penny Lane,,Liverpool 18,L18 1DQ,03800D01,1300003161746,,2/11/2025,D,
,135,Allerton Road,,Liverpool,L18 2DD,03800D01,1300003083716,,2/11/2025,D,
LNG Furlong Kindergarten,43,Loyd Close,,Abingdon,OX14 1XR,03801H02,2000009313322,6509,15/1/2026,E,
,128,Upper Richmond Road,,London,SW15 2SP,03006203,1200021960004,8384,9/4/2026,E,
,52,Brooklands Parade,,WOLVERHAMPTON,WV1 2NE,00900N14,1424198000000,,22/10/2026,E,
,29,Rose Lane,,Liverpool,L18 5EA,03800D01,1300003171540,,2/11/2025,D,
TOHATSU MARINE LTD,UNIT 350,AMPRESS LANE,,HAMPSHIRE,SO41 8JX,03801H08,2000051644189,10464,8/12/2026,E,
,,CHURCH INSTITUTE Rose Lane,,Liverpool,L18 5EA,04044D03,1300003171559,423,2/11/2025,E,
LANDLORD SUPPLY,,ANNANDALE,,CROSBY,L23 8UG,03800D01,1300061072186,,2/11/2025,D,
Unit 4,101,Ettingshall Road,,WOLVERHAMPTON,WV2 2RF,03801007,1417349670000,615,2/11/2025,E,
16 Crawford House,,West Avenue,,WIGSTON LEICESTERSHIRE,LE18 2FB,04811N12,1100013019374,24177,4/2/2026,E,
Granby Court,Unit 15,Surrey Close,,Weymouth,DT4 9XB,03801H02,2000025783725,4430,2/11/2025,E,
Grosvenor House;,36,North Lane,,Aldershot,GU12 4QG,00845H87,2000027411403,,1/10/2026,E,
,2,St Thomas Street,,WEYMOUTH,DT4 8EW,03801H02,2000025337964,6655,30/10/2026,E,
,Unit E,Dominion Way,,Littlehampton,BN16 3HQ,00845071,1900014001124,,2/12/2027,E,
,95,Church Road,,London,SE19 2TA,03801202,1200039242501,116280,3/12/2025,E,
Gurkha Palace,78,Farnborough Road,,FARNBOROUGH,GU14 6TH,03801H01,2000017249461,20280,7/2/2027,E,
UNIT F,107,BARKBY ROAD,,LEICESTER,LE4 9LG,03801013,1170001375921,1283,30/10/2027,E,
,7,Carlton Road North,,WEYMOUTH,DT4 7PX,03801H09,2000025272944,18140,2/11/2025,E,
,,Unit 17,,EBBW VALE,NP23 4LU,00845300,2100040144981,,2/11/2025,E,
,33,Hope Street,,Weymouth,DT4 8TU,00845Q04,2000025457470,,10/8/2027,E,
,50,Warwick Road,,KENILWORTH,CV8 1HH,04811N14,1100024305963,22859,22/11/2025,E,
Construction Co Ltd,71,High Street,,Brackley,NN13 7BW,,1100015873764,6129,9/12/2025,E,
LUIGIS FL & SHOP,94,READING ROAD,,FARNBOROUGH,GU14 6NL,,2000017244756,7098,2/12/2026,1,
,,Bridlington Road,,Filey,YO14 9RS,,2365285624028,29983,11/12/2025,E,
Rear Of,62,Croydon Road,,West Wickham,BR4 9HU,03801201,1900003232526,1423,12/12/2025,E,
,20,The Shop,,SWANAGE,BH19 1BX,03801H02,2000022397552,11633,22/9/2027,E,
Great Hookley Farm,,Hookley Lane,,Godalming,GU8 6JE,03500H02,2000016744748,16483,1/10/2028,E,
,115,High Road,,Benfleet,SS7 5LN,03801203,1023536778372,17284,5/9/2027,E,
Chaplins Drive Off Stratford Road,Unit 3,Stratford Road,,NORTHAMPTON,NN7 2NJ,,1170000337925,28735,2/1/2026,1,
,23,The Esplanade,,Weymouth,DT4 8DN,,2000025310777,1573,2/11/2025,1,
Butchers Shop,8,Reforne,,Portland,DT5 2AL,03801H03,2000025581780,305,19/1/2026,E,
Unit 3,,Burma Drive,,Hull,HU9 5SD,0380102B,2365025348113,5256,14/12/2025,E,
Tasty House,1,Station Hill,,Farnham,GU9 8AA,03801H02,2000017098703,11517,8/2/2027,E,
West Holme Fm Bldgs,,West Holme,,Dorset,BH20 6AQ,03801H04,2000022347028,26681,9/5/2028,E,
9-11,,DEAN ROAD,,SOUTH SHIELDS,NE33 3PS,0380102B,1591050183360,109002,14/12/2025,E,
GUILDFORD ROAD INDUSTRIAL ESTATE,,Guildford Road,,Farnham,GU9 9PZ,00845H86,2000027878556,,10/12/2025,E,
,12,Frog Island,,LEICESTER,LE3 5BG,00845058,1100039374198,,14/12/2025,E,
,12-14,Claremont Road,,WEST BYFLEET,KT14 6DY,03801202,1900027058706,1832,2/11/2025,E,
Branksome Chambers,,Branksomewood Road,,Fleet,GU51 4JS,03800H07,2000017405625,,2/11/2025,D,
E N Robertson,,Queenswell Road,,Forfar,DD8 3JA,,1716734153004,4159,20/8/2027,E,
Unit 19,,Dreadnought Trading Estate,,Bridport,DT6 5BU,03801N12,2200014863902,3409,23/4/2026,E,
The Oddfellows Arms,172,North Allington,,Bridport,DT6 5EB,03801N12,2200014934340,12017,22/11/2027,E,
,,27c Church Street,,Weybridge,KT13 8DG,03801202,1900036034144,1416,2/11/2025,E,
"Unit 5, Prospect Business Park",,Longford Road,,Cannock,WS11 0LG,04811N12,1415511340004,8970,19/12/2025,E,
,17,Poulton Street,,Preston,PR4 2AA,00900374,1600000094861,,2/11/2025,E,
Wheelchair Care Ltd,21,West Road,,Forres,IV36 2GW,04090P79,1713539805129,21273,17/5/2027,E,
,2a,Bridge Square,,Farnham,GU9 7QR,03801H06,2000017103985,18164,20/12/2025,E,
,141-147,Trinity Road,,LONDON,SW17 7HJ,04807204,1200028602700,125120,21/12/2025,E,
Solent Road,0,Havant,,,PO9 1DQ,00845H86,2000053890357,,26/12/2025,E,
W J Wood & Son,,Purdeys Way,,Rochford,SS4 1ND,00808073,1023461143337,,27/12/2025,E,
PRINT DATA SOLUTIONS,,SINCLAIR DRIVE,,WELLINGBOROUGH,NN8 6UY,00845L02,1100039639820,,1/10/2026,E,
,37,Vale Road,,Brighton,BN41 1GD,,1900019428570,,2/11/2025,1,
,3,Powell Road,,Shipley,BD18 1BD,0380202C,2315312441011,3299,30/12/2025,E,
Nursing Home,,Dover Road,,Stockton On Tees,TS19 0JS,9212756407,9212756407,0,1/10/2027,,
,2,High Street,,BONNYBRIDGE,FK4 1DA,9090068410,9090068410,,,,
,81,Rushey Green,,London,SE6 4AF,8813512800,8813512800,91529,27/8/2028,,
,89,"Condor Close ,Woolsbridge Industrial Estate",,Wimbourne,BH21 6SU,03801H02,2000026951578,9338,16/6/2027,E,
THE TALBOT INN,,High Street,,HAYWARDS HEATH,RH17 5JX,00845204,1900018358639,,25/7/2026,E,
The Tontine Hotel,,High St,,Peebles,EH45 8AJ,08801D04,1800035301514,164969,9/2/2027,E,
,7,LANGTON STREET,,LONDON,SW10 0JL,80911001,80911001,165469,1/10/2028,,
Cademuir Toolmaking Ltd,,Unit 8 Weaver Court,,Selkirk,TD7 5NY,00845G02,1800050391164,,20/5/2026,E,
,Club House,Redbourn Lane,,Harpenden,AL5 2AX,,1012472567885,,,1,
Hazeldell,,Elton Park,,IPSWICH,IP2 0DG,76293508,76293508,336060,16/7/2028,,
Golf Club,,Spatham Lane,,East Sussex,BN6 8XJ,,1900005426252,,11/1/2026,1,
Paint Store,,Viola Street,,Bolton,BL1 8NG,04811004,1610030059155,6556,1/2/2027,E,
The Pavillion 2m Ltd,154,Green Lane,,Watford,WD19 4LT,10119402,10119402,2630,2/11/2025,,
,3,Pant Road,,Merthyr Tydfil,CF48 3SH,,2199995647180,22091,24/4/2026,1,
,20,Parlaunt Road,,Slough,SL3 8BB,,2000003980483,,10/1/2026,E,
Sawmill,,Heathside Millstone Lane,,Nantwich,CW5 5PN,03801D04,1300007867212,25648,18/3/2026,E,
,232,Ashton Road,,OLDHAM,OL8 1QN,03801131,1610002351119,42,2/11/2025,E,
Unit 13-Phase 3,,Alvaston Business Park,,Natwich,CW5 6PS,03801D02,1300060018080,10721,18/1/2028,E,
Robes,13,Church Street,,Hereford,HR1 2LR,04532N12,1414431981006,,16/5/2026,E,
,69,Lever Street,,Lancashire,BL3 2AB,04511091,1610029543910,,1/7/2027,E,
Mayer Cohen Industries Ltd,,Newtown Industrial Estate,,Newport,NP1 7PZ,14062307,14062307,46553,23/7/2026,,
,6,Research Way,,Plymouth,PL6 8BU,00845L02,2200040525144,,2/6/2028,E,
,67,Middlewich Road,,Sandbach,CW11 1HU,03801D01,1300008234238,14290,12/5/2026,E,
Unit 4,,Stonegravels Lane,,Chesterfield,S41 7LF,,1100009049970,47740,1/3/2027,1,
,,Main Road Quadring,,SPALDING,PE11 4PJ,04032N13,1100000685871,13573,28/1/2026,E,
WINSLOW HOUSE,,SPRING HILL,,STROUD,GL6 0LS,22115006,22115006,315020,1/3/2028,,
PATEL GROCERS,220,Tonge Moor Road,,Bolton,BL2 2HN,03801014,1610029841406,3002,27/2/2028,E,
BELFORD HOUSE NURSING HOME,,LYMINGTON BOTTOM,,ALTON,GU34 5AH,80098306,80098306,301618,1/2/2027,,
Bradford M D C (s0125e),25,Hallfield Road,,Bradford,BD1 3RP,0380102B,2316102331517,17637,2/3/2028,E,
The Old Cock,528,Oldham Road,,Manchester,M24 2EB,00900424,1600000111203,,6/9/2027,E,
Royal Hotel,,Ablewell Street,,Walsall,WS1 2EL,11983303,11983303,6323,2/11/2025,,
,12-14,Adelaide Street,,BRADFORD,BD5 0EA,0380102A,2312708544110,1636,2/11/2025,E,
Site.8a,Unit 8a,Festival Way,,BASILDON,SS14 3WB,00845071,1023484578262,,2/11/2025,D,
,,Ripley Road,,BRADFORD,BD4 7EX,0380102D,2380000348837,58479,2/4/2028,E,
,292,Promenade,,Blackpool,FY1 2EY,75920201,75920201,4146,2/11/2025,,
"Unit 4, Orpheus House",,,,Reading,RG7 8TA,00845H86,2000011379722,,20/9/2026,E,
,8,Blantyre Road,,MANCHESTER,M27 5ER,04811024,1610009966801,,1/6/2026,E,
,42,Atlantic Way,,BIDEFORD,EX39 1JD,00900N14,2200030079451,,1/10/2027,E,
,9,Weller Drive,,Wokingham,RG40 4QZ,03801H04,2000005058631,67762,5/5/2027,E,
Jack Pyne Partnership,,South Farm Road,,Budleigh Salterton,EX9 7AZ,00845570,2200030087986,,23/1/2026,E,
,14,Orchard Street,,BRISTOL,BS1 5EH,67830305,67830305,72670,21/10/2026,,
,49,Pendre,,Cardigan,SA43 1JS,,2199999290787,27912,22/11/2027,E,
Vithal House,86,North Street,,Manchester,M8 8RA,00800801,1600000066242,,2/11/2025,D,
,15,Middle Road Park Gate,,Southampton,SO31 7GH,68466809,68466809,81,2/11/2025,,
B Sternberg & Sons,23A,Elizabeth Street,,Manchester,M8 8BB,03801631,1610018635011,5349,2/11/2025,E,
Unit 2,,Ethel Terrace,,Sunderland,SR5 3BQ,03800998,1580000132219,,2/11/2025,D,
Flear & Thomson,126-140,Pittencrieff Street,,Dunfermline,KY12 8AN,7601410,7601410,72915,24/10/2029,,
"Old Queens Head,",44,Essex Road,,London,N1 8LN,61419708,61419708,44695,1/1/2026,,
Ye Olde Bridge Inn,,Nottingham Road,,Southwell,NG25 0SE,79684909,79684909,130965,20/8/2026,,
,16,Rose Street,,Wokingham,RG40 1XU,,2000005373499,2401,24/11/2026,E,
,3,Glendower Place,,London,SW7 3DU,3320191103,3320191103,83932,22/8/2026,,
Pulcinella,167,Hope Street,,Glasgow,G2 2UQ,00900D04,1800025133171,,1/4/2026,E,
,348,Chester Road,,MANCHESTER,M16 9EZ,03801631,1610027203429,1420,2/11/2025,E,
,701,City Point,,Manchester,M32 0RW,03801024,1610027273620,17200,1/3/2026,E,
,25,The Downs,,Altrincham,WA14 2QD,04811024,1610027478960,105238,12/8/2026,E,
The Otter Inn,,Weston,,HONITON,EX14 3NZ,00900203,2200030084683,,22/10/2026,E,
Redford Sawmill,,Redford,,Arbroath,DD11 2RD,03801R54,1716708123224,57545,12/9/2026,E,
Eastney Tavern,100,Cromwell Road,,Southsea,PO4 9PN,03104H38,2000014925505,66034,2/11/2025,E,
GRACE PATTERSONS,257,HIGH STREET,,ARBROATH,DD11 1EE,04089P11,1716584532520,611,2/11/2025,E,
Friends Of Animals League,,Foal Farm,,Westerham,TN16 3AX,00845071,1900060352830,,1/10/2026,E,
,724,Christchurch Road,,Bournemouth,BH7 6BZ,03104H34,2000020463479,65311,6/5/2026,E,
OLD BREWERY,,HIGH STREET,,TADCASTER,LS24 9SB,78912105,78912105,114775,1/1/2026,,
,3,Wickham Road,,Bournemouth,BH7 6JX,03801H01,2000020379375,277,27/10/2026,E,
Clifford Arms,,Main Road,,Stafford,ST18 0SR,8847892202,8847892202,98403,1/1/2027,,
Old Vicarage Registered Care Home,,Vicarage Road,,Llangollen,LL20 8HF,14269902,14269902,89400,5/2/2028,,
Beaumont Arms 2300480,,Church Lane,,Huddersfield,HD5 0BH,53228009,53228009,109705,19/2/2028,,
SYCAMORE HOUSE,,KNOWSTHORPE LANE,,LEEDS,LS9 0PJ,9164194907,9164194907,163373,17/8/2026,,
,56,Bigland Street,,London,E1 2ND,15052702,15052702,302631,13/12/2025,,
,508,Wimborne Road,,Bournemouth,BH9 2EX,04576140,2000020872210,,6/9/2026,E,
Malvern Hills Hotel,,Jubilee Drive Upper Colvall,,Malvern,WR13 6DW,76398803,76398803,443298,1/3/2027,,
,74,Green Road,,Bournemouth,BH9 1EB,03800H01,2000020700399,,2/11/2025,D,
,141,Weoley Castle Road,,Birmingham,B29 5QH,00900N13,1421773100004,,17/1/2026,E,
,5,Mangravet Avenue,,Maidstone,ME15 9BQ,04811202,1900044231220,4365,26/7/2027,E,
,,Main Road,,Wooler,NE71 6JD,04001D03,1800020915718,3441,2/11/2025,E,
,207,Heathway,,Birmingham,B34 6QU,03801007,1419301351005,10485,6/11/2027,E,
,25,Boulevard,,WESTON-SUPER-MARE,BS23 1NX,03801N13,2200012977982,18508,24/7/2028,E,
,47-51,Goschen Street,,BLYTH,NE24 1NL,0380102B,1591021455821,,1/12/2028,E,
Bookwise Ltd,566 568,Coventry Road,,BIRMINGHAM,B10 0UN,03801N12,1415852241008,10690,4/5/2026,E,
"Unit 1, Marlow House",22,Marlow Street,,BLYTH,NE24 2RQ,0404302C,1591044017312,,31/10/2026,E,
Hokcley Industrial Estate,,Pitsford Street,,Birmingham,B18 6PT,03801007,1413907831008,,2/11/2025,D,
Comice Place Woodfalls Business Centre,Unit 1,Gravelly Ways,,Maidstone,ME18 6DA,03802203,1900028273354,6844,2/11/2025,E,
THE WHITE HART PUB,0,Wrington Road,,Bristol,BS49 5AR,,2200030037860,,3/2/2026,1,
Bolland Hall,,Bullers Green,,Morpeth,NE61 1DF,0380102A,1591045436748,4120,6/3/2027,E,
,71,Mason Road,,Birmingham,B24 9EH,03801N12,1414865621005,5228,12/3/2027,E,
,170,Gravelly Lane,,Birmingham,B23 5SN,00900N13,1410349721006,,16/5/2026,E,
Unit 1-2,620,Bristol Road South,,BIRMINGHAM,B31 2JR,03801N12,1414892211000,14524,8/3/2026,E,
Association,,East View Avenue,,Cramlington,NE23 1DY,0380102B,1591018521891,6316,4/8/2026,E,
,524,Bearwood Road,,Smethwick,B66 4BX,03814007,1426187000005,1366,17/6/2026,E,
,,1a Brighton Road,,Birmingham,B12 8PU,,1416365811006,18844,27/8/2026,E,
,64,New Road,,Birmingham,B45 9HY,00845N14,1426291200005,,1/8/2027,E,
Unit 12 & 14,0,Bartley Green Business Centre,,Birmingham,B32 3DB,03801N12,1417773711009,9693,8/11/2026,E,
ROOF TOP CAR PARK,,Stonebow House,,YORK,YO1 7NP,03800998,1591016344290,,2/11/2025,D,
,48,Church Street,,Birmingham,B15 3SJ,03800007,1423393100000,,2/11/2025,D,
,27,Westgate,,Tadcaster,LS24 9JB,0380102B,2344545744510,13393,3/12/2027,E,
,90,Ridgacre Lane,,Birmingham,B32 1PT,03801N12,1414426021007,4623,12/6/2028,E,
Priestbridge,,Morpeth,,,NE61 3DG,0090002C,1591024568350,,1/2/2027,E,
,Non-PAF De,Portland Street,,NOTTINGHAM,NG17 7AB,04807037,1100004222230,,2/11/2025,E,
,52,Icknield Square,,Birmingham,B16 0PP,03801N13,1412470801009,23260,2/11/2025,D,
,3,Bridge Street,,Newbiggin By The Sea,NE64 6EG,0380102B,1591036728874,7604,4/4/2028,E,
,2a,Priory Street,,BIRKENHEAD,CH41 5JH,04043D02,1300006425624,9611,25/3/2027,E,
,,NORTH SEATON INDUSTRIAL ESTATE,,ASHINGTON,NE63 0YB,0380102B,1507470179995,23495,1/4/2027,E,
Welwood House,,Priory Road,,MANSFIELD,NG19 9LP,,1100004588986,3624,14/7/2026,E,
,16-17,Chancel Way,,Halesowen,B62 8SE,04811N13,1414391190008,828,20/11/2025,E,
,179,Weoley Castle Rd,,Birmingham,B29 5QH,,1418737711005,14976,12/4/2026,E,
ROBERT HOPKINS ENVIRONMENTAL,,BULLOCK STREET,,WEST BROMWICH,B70 7HE,00845H02,1470000270344,,5/4/2026,E,
Hampton Works,,Twyning Road,,BIRMINGHAM,B30 2XZ,04800N12,1425512100006,,2/11/2025,D,
,,Parsons Bank,,WELSHPOOL,SY21 0RR,04044D03,1300013038065,,2/7/2028,E,
Bearwood Corks Social Club,558,Smethwick,,West Midlands,B66 4BT,03801007,1428756000009,,14/3/2026,E,
,385,Hagley Road,,Birmingham,B17 8DL,03801N13,1410827301005,17683,2/4/2026,E,
MILLENNIUM RUBBER INTERNATIONAL LIMITED,,LONG LANE,,MACCLESFIELD,SK10 5SD,03801024,1610011469581,28165,22/2/2028,E,
,,Pikehelve Street,,West Bromwich,B70 0TU,03801N12,1417902070009,,18/11/2028,E,
,,402a Highters Heath Lane,,Birmingham,B14 4TR,03801007,1414736301003,5119,14/11/2026,E,
,168-170,Londonderry Lane,,SMETHWICK,B67 7EN,04811N14,1417408170003,25280,2/7/2026,E,
"Oaktree Farm House, Honeystreet Farm",,,,PEWSEY,SN9 5PS,02800115,2000007635430,,2/11/2025,D,
,963,Atherton Road,,Wigan,WN2 4TA,04811024,1610011275500,37012,2/4/2027,E,
,,Macclesfield Road,,MACCLESFIELD,SK10 4BJ,03801631,1610011610999,41,1/10/2027,E,
Unit 34-37,,Sapcote Business Centre,,Birmingham,B10 0HR,04811N14,1413999441008,44264,20/8/2027,E,
,500,Stratford Road,,BIRMINGHAM,B11 4AH,03801N12,1418727511005,2893,30/4/2027,E,
,28,West Main Street,,BATHGATE,EH47 0QZ,03801D03,1800030827078,27205,2/11/2025,E,
,252,Pretoria Road,,"Bordesley Green, Birmingham",B9 5LG,03801007,1417400651005,11379,2/11/2025,E,
,71-75,Promenade,,Bridlington,YO15 2QE,0084502D,2366580515011,,2/11/2025,D,
Filling Station and Garage,51,High Street,,BRIDLINGTON,YO15 1HB,0380102B,2364485639910,,1/12/2026,E,
Friary Farm,Non-PAF De,Cley Road,,HOLT,NR25 7NW,00845072,1014568790183,,28/3/2028,E,
,,1405-1409 Bristol Road South,,Birmingham,B31 2SU,03801N12,1416784411006,9604,1/7/2028,E,
,156,Station Road,,Birmingham,B33 8BT,03801N13,1415051451004,21134,1/6/2027,E,
,98,Stechford Lane,,Birmingham,B8 2AL,03031N13,1413096331001,18612,17/9/2026,E,
,3-5,Fortnum Close,,BIRMINGHAM,B33 0LG,00034127,1418397051005,,9/12/2025,E,
Unit 4,,Saxon Way,,Birmingham,B37 5AY,04811010,1414138451000,3493,21/4/2027,E,
Prject Wshp Lains Fm,,Quarley,,Andover,SP11 8PX,04044H17,2000007763354,18377,25/10/2026,E,
Lains Farm,,,,Andover,SP11 8PX,03801H02,2000007763345,11196,25/10/2028,E,
Drilling Services,,(North Sea Ltd),,,AB12 3AX,03801P07,1714476775131,73439,10/11/2026,E,
,91,London Road,,Benfleet,SS7 5TG,03801203,1012596692678,13485,17/9/2028,E,
,37,Shad Thames,,London,SE1 2NJ,03801202,1200037545217,112415,17/1/2026,E,
,11-13,Pontamman Road,,AMMANFORD,SA18 2HX,03220N14,2199997358500,,29/7/2026,E,
Welfare Hall,,Heol y Neuadd,,LLANELLI,SA14 6HR,03220N14,2199996970081,34475,19/8/2026,E,
,236,Holburn West Church,,Aberdeen,AB10 6PJ,03801R53,1714778055705,20716,10/6/2027,E,
Bph Construction Equipment Limited,,Goose Green Lane,,Pulborough,RH20 2LW,00845071,1900019428836,,4/10/2026,E,
,25,Commercial Road,,PORT TALBOT,SA13 1LN,03801200,2199996662338,121,2/11/2025,E,
Manor Farm Caravan Site,,Seaton Down Hill,,Seaton,EX12 2JA,,2200014536459,,1/5/2027,E,
,171,Kentish Town Road,,LONDON,NW1 8PD,77984406,77984406,147217,11/11/2027,,
Cleveland Motor Factors,102,Station Road,,Redcar,TS10 1RQ,0380102B,1591040924182,8175,4/1/2028,E,
Dual Brown & Sons Ltd,,Ross Road,,Stockton-on-Tees,TS18 2NH,0084505B,1599033649258,,1/9/2027,E,
Trowers Way Centre,,Holmethorpe Industrial Estate,,Redhill,RH1 2LH,03812204,1900060572529,16545,14/11/2026,E,
,16,Commercial Square,,Leicester,LE2 7SR,80720207,80720207,104535,23/8/2026,,
,1,Worsall Road,,YARM,TS15 9DD,0084505A,1580001159754,,1/1/2028,E,
,,Dovenby Craggs,,Cockermouth,CA13 0PQ,04811004,1610030894355,9058,28/10/2026,E,
,464,Linthorpe Road,,Middlesbrough,TS5 6JG,0480004A,1591017208464,,2/11/2025,D,
Ghyll Royd,,Guiseley,,Leeds,LS20 9LT,0084505A,2316514058111,,22/12/2025,E,
Unit 2,,71-77 Stoney Stanton Road,,Coventry,CV1 4FW,2423165307,2423165307,7829,17/9/2026,,
80006 OL Queen of Martyrs Presbytery,,3 Rating Row,,Beaumaris,LL58 8AL,2704459507,2704459507,18032,1/10/2022,,
,75-77,Queensway,,Milton Keynes,MK2 2DW,00900N14,1100039230478,,31/8/2026,E,
Stephen James BMW Blackheath,,1 Cedars Garage,,London,SE13 5DL,07800204,1200010178990,,2/11/2025,D,
,290,Coalway Road,,WOLVERHAMPTON,WV3 7NP,,1415697770003,17993,1/9/2028,1,
,280,Prince Regent Lane,,London,E16 3JH,03801202,1200036795716,2101,2/11/2025,E,
,280,Prince Regent Lane,,London,E16 3JH,,1200036795725,331,2/11/2025,E,
,280,Prince Regent Lane,,London,E16 3JH,03801202,1200036795734,3730,2/11/2025,E,
Alexander House,143,Pensett Road,,Brierley Hill,DY5 4EA,48692907,48692907,327106,10/11/2027,,
,535,Southport Road,,LANCASHIRE,L40 9RF,10959110,10959110,0,4/11/2028,,
Belton Road West,,Loughborough,,Leicestershire,LE11 0XL,10752503,10752503,379183,30/7/2028,,
75-79,,County Road,,Walton,L4 3QD,00900D02,1300035388150,,19/8/2026,E,
,14,Spencer Street,,Leamington Spa,CV31 3NF,,1100024502404,2243,1/9/2028,E,
"4,Foxcombe Court",,Wyndyke Furlong,,Abingdon,OX14 1DZ,00845H88,2000057151826,,1/9/2028,E,
75,,ROMAN RIDGE ROAD,,SHEFFIELD,S9 1GB,0380102D,2334632340714,59338,3/9/2028,E,
Top Flat,2,Brook Street,,Cromer,NR27 9EY,04808201,1012735306541,17824,6/9/2027,E,
,107,High Road,,Benfleet,SS7 5LN,04807201,1012596528685,2585,6/9/2026,E,
,3,Wellington Place,,Milton Keynes,MK3 5NA,03801N14,1100015548564,,7/3/2026,E,
,3,Heol Rheolau,,Swansea,SA9 1TB,03800200,2199998413074,,2/11/2025,D,
Shelbourne Limited,115,Parker Drive,,LEICESTER,LE4 0JP,03801013,1100012257060,,10/9/2028,E,
,24,St Johns Street,,Woodbridge,IP12 1EB,03500203,1012905650060,11430,11/9/2028,E,
,24,St Johns Street,,Woodbridge,IP12 1EB,04632200,1012905650292,,11/9/2028,E,
UNIT 1c,,111 Chertsey Road,,Byfleet,KT14 7AX,00845072,1900060706398,,12/9/2027,E,
Khushboo,73,High Street,,Brackley,NN13 7BW,04811N12,1100015873782,18719,13/9/2028,E,
,146,Tuckton Road,,Bournemouth,BH6 3JX,03801H02,2000020330120,3880,15/4/2027,E,
"Unit 4, Norfolk House",,"Williamsport Way, Lion Barn Industrial Estate",,Ipswich,IP6 8RW,03801202,1023531537360,3425,14/9/2028,E,
Shop,184,Somerford Road,,Christchurch,BH23 3QG,03801H01,2000020242040,1778,15/9/2028,E,
,,Bristol Road,,Highbridge,TA9 4HH,00900N14,2200021869616,,14/9/2028,E,
Birtley Home Bakery,14,Harraton Terrace,,Chester Le Street,DH3 2QG,0380102D,1591029202337,19617,16/9/2028,E,
Birtley Home Bakery;14,,Harraton Terrace,,Chester Le Street,DH3 2QG,,1591129202332,6515,16/9/2028,E,
Hobby Horse Chin Takaway; 6-8,,Broad Street,,Alresford,SO24 9AQ,03801H03,2000017917288,24870,16/9/2027,E,
Latterna Restaurant,35,Hope,,Glasgow,G2 6AE,00900D04,1800035179049,,12/4/2027,E,
Evangelical Free Church,,,,Pontyclun,CF72 8HR,03220200,2199994420245,3474,19/9/2028,E,
Towergate House,20,Ellerbeck Court,,MIDDLESBROUGH,TS9 5PT,0084505A,1580000489428,,19/9/2028,E,
Tamygraig Farm,,Tan Y Craig,,Corwen,LL21 9LD,03801D01,1300010199832,18023,20/9/2027,E,
Finway,,Dallow Road,,Luton,LU1 1TR,00900071,1014569395318,,1/9/2026,E,
,,Troed Yr Aut,,Corwen,LL21 9LD,03801D02,1300010199790,5180,20/9/2027,E,
Ty Newydd,,Carrog,,Corwen,LL21 9LD,03801D02,1300010199805,18148,20/9/2027,E,
,10,NEW ROAD,,Chippenham,SN15 1HH,4258134308,4258134308,43028,21/5/2026,,
Unit 21,,Cottage Leap,,Rugby,CV21 3XP,00845058,1100039375410,,2/11/2025,E,
A/c 4 CLUMBER CHAMBERS,8,Thurland Street,,Nottingham,NG1 3DR,03801013,1100007382159,,21/9/2028,E,
,9,Cooke Close,,Lowestoft,NR33 7NW,,1012701816936,969,21/9/2028,E,
,350,Burton Road,,Derby,DE23 6AF,74927906,74927906,77674,11/4/2027,,
,71,High Street Wimbledon,,London,SW19 5EE,04807203,1200027467253,28164,19/3/2027,E,
MOD,,148 Castle Street,,Angus,DD8 3HX,03095R69,1716733908154,31052,3/9/2027,E,
Alexander Residential Home,,Victoria Road,,Leeds,LS27 9JJ,7561705,7561705,,1/11/2027,,
Butterknowes Farm,,Longframlington,,Morpeth,NE65 8JF,0480702C,1591025444595,14090,14/4/2027,E,
,Unit 2,The Courtyard,,Sutton Coldfield,B75 7BU,03801N12,1460001476681,8492,7/10/2026,E,
ROYAL FINDHORN YACHT,,FINDHORN,,FORRES,IV36 3YE,03094R68,1713579415501,18792,10/10/2028,E,
Normanhurst,10,St. Margarets Road,,BIRMINGHAM,B8 2BA,00900N13,1414956431000,,14/2/2028,E,
Stoneham House,17,Scarbrook Road,,Croydon,CR0 1SQ,05800204,1900012426239,,2/11/2025,D,
,11,Prestbury Road,,Macclesfield,SK10 1AU,03801014,1610011884140,25546,29/10/2027,E,
,61,Queen Street,,EDINBURGH,EH2 4NA,03801D03,1800023036810,17261,26/4/2027,E,
,4,Tame Road,,Birmingham,B6 7DS,04811N12,1414900321003,3596,24/7/2027,E,
Lochend Farm,,Glasgow Road,,Newbridge,EH28 8PP,00800D02,1800035283618,,2/11/2025,D,
,309,North Deesde Road,,Peterculter,AB14 0UL,03095R67,1714668052854,2641,3/2/2026,E,
,,Lidgate Crescent,,PONTEFRACT,WF9 3NR,48935503,48935503,12972,1/10/2027,,
Unit 3,,Arden Road,,Birmingham,B8 1DL,00845127,1422265100003,,2/11/2025,E,
,6,Hermitage Terrace,,EDINBURGH,EH10 4RP,03801D01,1800021699000,8594,28/3/2026,E,
81-83,,Cato Street,,Birmingham,B7 4TS,03801N12,1411525831005,6005,1/10/2027,E,
,39,RESEARCH PARK,,CURRIE,EH14 4AP,00845G03,1800020178025,,1/10/2028,E,
M A Polishing Ltd,84,Hatchett Street,,Birmingham,B19 3NY,03801N14,1414278431008,66549,31/8/2028,E,
,17,Academy Street,,Edinburgh,EH6 7EE,03801D02,1800035163128,8394,12/5/2026,E,
,2-4,Newtoft Street,,EDINBURGH,EH17 8RE,00900D04,1800035218752,,1/12/2026,E,
4th Floor,108-114,Dundas Street,,EDINBURGH,EH3 5DQ,03800D01,1800023054509,,2/11/2025,D,
,Site 6,Arnhall Industrial Park,,Aberdeenshire,AB32 6UF,8889763506,8889763506,45450,1/11/2026,,
Unit 2c-2d,,"Mackenzie Industrial Estate,Bird Hall Lane",,STOCKPORT,SK3 0SB,55225507,55225507,0,1/11/2027,,
Mssl Gb Ltd,,Albany Road,,Gateshead,NE8 3AT,0084505B,1591160349667,,19/2/2026,E,
,30,Copheap Lane,,Warminster,BA12 0BG,03801H02,2000026349000,5020,29/3/2027,E,
,,Westland Square,,LEEDS,LS11 5SS,9322073908,9322073908,672462,1/4/2028,,
,9,Cochrane Square,,Livingston,EH54 9DR,00845G01,1800030980389,,12/11/2026,E,
Woodland House,,Clayton Wood Close,,Leeds,LS16 6QE,0084505B,2346541550015,,1/10/2026,E,
,24-28,Ivatt Way,,PETERBOROUGH,PE3 7PG,48088802,48088802,436380,1/11/2027,,
,94-116,Cowgate,,EDINBURGH,EH1 1JN,9089991807,9089991807,218391,1/5/2026,,
Just a Cut For Men,29,Justice Street,,Aberdeen,AB11 5HS,03801P07,1714735473309,773,2/9/2026,E,
,,Station Street,,ROSS-ON-WYE,HR9 7AQ,03801N12,1460001866085,4802,22/1/2028,E,
Harewood End Inn,,Harewood End,,Hereford,HR2 8JT,00900N14,1422570200009,,3/12/2027,E,
,2,St Pauls Street,,Aberdeen,AB25 1GA,03801R52,1714941612001,7066,2/11/2025,E,
,11-13,BRUNSWICK CENTRE,,London,WC1N 1AF,,1200052206334,,1/11/2026,E,
Abacus Unit 2,,Leeway Court,,NEWPORT,NP19 4SJ,03801N12,2199991344628,3617,30/9/2026,E,
,65,John Street,,Aberdeen,AB25 1LP,03094R69,1714889352655,58824,28/9/2026,E,
,244,Acklam Road,,LONDON,W10 5YG,8834723303,8834723303,271253,1/5/2028,,
Studio Flat,,Upper Grange,,Stroud,GL5 1XB,04811N12,1416375761008,2975,16/3/2026,E,
,78,Faire Road,,Leicester,LE3 8ED,04811N12,1100014544675,18491,2/11/2025,D,
Newton Garage,,Howes Road,,Aberdeen,AB21 9PD,03801R51,1714555985026,7167,1/11/2027,E,
Phatehials Launderette,85,Parliament Road,,Middlesborough,TS1 4JF,0380102B,1591014707869,21345,1/10/2028,E,
Bold Industrial Estate,,Neills Road,,ST. HELENS,WA9 4TF,8818949708,8818949708,648002,1/1/2026,,
Unit 5,,Gelders Hall Road,,Loughborough,LE12 9NH,17165007,17165007,228431,6/1/2026,,
,142,Church Hill Road,,LEICESTER,LE4 8DJ,73855801,73855801,405695,1/4/2028,,
B & Q D I Y Store,,Lamont Drive,,Irvine,KA12 8HD,12603305,12603305,298742,2/10/2027,,
Unit17,,Abercrombie Court,,Westhill,AB32 6FE,03801P07,1700052222310,14628,2/11/2025,E,
The Swan,,Petworth Road,,Godalming,GU8 4TY,3753110,3753110,283177,21/9/2027,,
Unit J,,Badentoy Avenue,,Aberdeen,AB12 4YB,03801R51,1714376511478,24778,15/8/2026,E,
Brocton Hall Golf Club,,Sawpit Lane,,Staffs,ST17 0TE,76866507,76866507,261522,1/4/2027,,
OLD PREBENDAL HOUSE,,STATION ROAD,,CHIPPING NORTON,OX7 6BQ,00845H86,2000027363734,,1/4/2027,E,
,4,New Market,,MORPETH,NE61 1PS,0084502D,1591060253936,,2/11/2025,E,
The Church,,,,Carmarthen,SA33 4PR,03801200,2199999092860,,1/3/2027,E,
Flat 1-9,175,Dalston Lane,,London,E8 1AL,03801204,1200038807470,17218,2/11/2025,E,
Mains of Scotstown - 202275,,1 Jesmond Square South,,Aberdeen,AB22 8WT,00900S13,1714698625025,,19/11/2025,E,
,328,North Deeside Road,,Aberdeen,AB15 9SE,03688R69,1714617263601,127711,7/2/2026,E,
,34,Holywell Hill,,St Albans,AL1 1BZ,03500201,1012477838104,14321,2/11/2025,E,
Richardson Fabrication,,Skitham Lane,,Preston,PR3 6BE,03801014,1620000272998,4191,1/11/2026,E,
Rustic Pine,56,Harrogate Road,,Leeds,LS7 4LA,0380102A,2343447064010,1297,11/11/2025,E,
,52,Terminal House,,London,SW1W 0AW,03801204,1200027479834,32020,24/11/2026,E,
,5,Burnbank Bus Units,,Aberdeen,AB12 3LF,03801R53,1714481350808,3201,2/11/2025,E,
SHOP,138,Wells Road,,Bath,BA2 3AH,,2200012288447,3767,26/11/2026,E,
,14,SOUTHSIDE STREET,,PLYMOUTH,PL1 2LA,03801110,2200010299242,3872,1/8/2027,E,
,,Woods Restaurant,,Bath,BA1 2QX,00845N14,2200012461786,,6/4/2026,E,
Arundel Arms Hotel,,Fore Street,,LIFTON,PL16 0AA,00845570,2200030074133,,1/7/2026,E,
Unit 3,,The Ridgeway,,Iver,SL0 9HX,03801H09,2000003921371,43505,2/8/2028,E,
Unit 18,,Brassmill Enterprise Centre,,Bath,BA1 3JN,03801110,2200012569328,2367,12/8/2027,E,
Unit 12B,,Meadowfield Industrial Estate,,Durham,DH7 8XD,0380102A,1591042852672,148,3/8/2026,E,
,443,Bearwood Road,,Smethwick,B66 4DH,,1414887360001,3164,17/9/2028,E,
Unit 16,,Saxon Way,,Royston,SG8 6DN,03801202,1012781709276,4340,6/8/2028,E,
"Unit 27, Block 7",,Hallam Way,,Mansfield,NG19 9BG,04828037,1100004558147,5137,2/11/2025,E,
Autocare,,Fengate Road,,Peterborough,PE1 5XB,00900203,1012881065820,,8/8/2028,E,
Mason Arms,,Orwell Gardens,,Stanley,DH9 7PA,0090002B,1591047424043,,9/1/2028,E,
,13,Tunsgate,,Guildford,GU1 3QT,04811201,1900044074931,5524,2/11/2025,E,
,72,Main Ridge East,,Boston,PE21 6SY,03801N12,1100000242631,5279,4/9/2026,E,
,100,Carlton Vale,,London,NW6 5HE,03801203,1200033839282,11317,5/4/2026,E,
,30,Queen Street,,Bude,EX23 8BB,04013251,2200011645340,8213,1/10/2027,E,
,585,Garratt Lane,,LONDON,SW18 4ST,51353002,51353002,60864,2/3/2026,,
,26,Queen Street,,Bude,EX23 8BB,03801N13,2200011645387,13412,1/10/2027,E,
,30,Queen Street,,Bude,EX23 8BB,00900N14,2200030080085,,1/10/2027,E,
,83,Main Street,,Loughborough,LE12 6PF,04807037,1100007110685,415,2/11/2025,E,
Spa Medical Centre,,Gp Surgery,,Snowberry Lane,SN12 6FP,03801H09,2000050961721,65485,1/4/2028,E,
,1,The Barbican,,PLYMOUTH,PL1 2LR,4216209705,4216209705,20107,12/12/2027,,
,,"Unit 1, Ember Centre",,WALTON-ON-THAMES,KT12 3PU,03801203,1900015032443,14412,12/8/2026,E,
,,"Unit C4,Oakwood Business Park",,Weston-super-Mare,BS24 9AY,03801N12,2200040903331,15495,12/8/2028,E,
,128,Salop Street,,Wolverhampton,WV3 0RX,03801N12,1417667080009,8107,13/11/2027,E,
,3,Craven Road,,Ealing,W5 2UA,03801H01,2000000875164,14096,15/4/2027,E,
A H Dodd & Co Engineering Ltd,,Market Place,,Corsham,SN13 8NZ,00800H86,2000027338668,,2/11/2025,D,
Lower Common Road Store,,Lower Common Road,,Romsey,SO51 6BT,03801H02,2000024704397,7936,17/8/2028,E,
Ashley Garage,,Bath Road,,Wiltshire,SN13 8AA,00845Q03,2000027338677,,9/3/2027,E,
,1,Aintree Road,,Greenford,UB6 7LA,83722709,83722709,1,26/2/2026,,
Regents Centre,51,The High Street,,Christchurch,BH23 1AS,00845H86,2000050626063,,17/8/2027,E,
St Stephens Parish Church,,Weir Road,,London,SW12 0LT,03801203,1200041789983,3661,2/11/2025,E,
Unit 9,,Burma Drive,,Hull,HU9 5SD,0380102C,2365025360218,2824,12/3/2026,E,
,7,Beresford Buildings,,Middlesborough,TS3 9NB,0380102C,1591039726550,17499,21/8/2028,E,
Kenwood Cottage,,The Heath,,BISHOP'S STORTFORD,CM22 7EB,03801201,1012486622038,9672,26/5/2026,E,
,,Roundstone Surgery,,Trowbridge,BA14 7EH,03801H09,2000006333098,34043,8/12/2026,E,
,30,Ritherdon Road,,London,SW17 8QD,03801204,1200025582707,25128,23/8/2028,E,
1st Floor Phase 2,,Bryersash Business Park,,Wiltshire,BA14 9AW,03801H04,2000027566204,15566,3/7/2026,E,
Skipton Hand Car Wash,,"Snaygill Industrial Estate, Keighley Road",,Skipton,BD23 2QR,0084502B,2316530475210,,31/1/2026,E,
,21 A,Northenden Road,,Cheshire,M33 2DH,03801014,1610028052930,22884,2/11/2025,E,
,7,York Street,,Bath,BA1 1NQ,04520251,2200012355128,6718,1/3/2026,E,
,,Beggar Bush Lane,,BRISTOL,BS8 3TH,03801N13,2200015800940,11849,7/10/2028,E,
,187,Nottingham Road,,Alfreton,DE55 4JG,03801013,1100008315320,,27/8/2025,E,
The Roundhouse,25,Church Street,,MELKSHAM,SN12 6LS,,2000006126479,768,2/10/2027,E,
2C,,MONK ROAD,,ALFRETON,DE55 7RL,03801013,1100008381262,2521,27/8/2028,E,
,21,Cromford Road,,Nottingham,NG16 4ED,04811N13,1100008002633,28146,15/4/2026,E,
,1,Pegasus Way,,Melksham,SN12 6TR,03801H09,2000006524556,25468,3/4/2026,E,
Units,,2-4 The Maltings,,Sawbridgeworth,CM21 9JX,03801202,1012752339655,11128,28/8/2027,E,
,11,Castle Parade,,Bournemout,BH7 6SH,03801H08,2000020640952,15277,11/4/2026,E,
Kings House,38,Kings Road,,Harrogate,HG1 5JW,9213603409,9213603409,183303,1/4/2028,,
"Unit 15,Acorn Business Centre",,Livingstone Way,,Taunton,TA2 6BD,04874N12,2200021319951,4677,4/10/2027,E,
,,WHITCHURCH ROAD,,"WELLINGTON, TELFORD",TF1 3AG,03801N12,1414180000009,7368,30/8/2026,E,
"Unit 1-3,Falcon Park",,Claymore,,Tamworth,B77 5DQ,00845058,1100039233734,,30/8/2026,E,
Unit 52,,Hayden Industrial Estate,,Bath,BA3 3RD,03801110,2200011983309,2140,31/8/2027,E,
Unit 1F,24,York Place,,MIDLOTHIAN,EH1 3EP,04800D02,1800023038074,,2/11/2025,D,
Old Chain Pier,32,Trinity Crescent,,Edinburgh,EH5 3ED,00900D04,1800035164423,,28/3/2027,E,
Unit 8,,"West Shore Road Trading Estate, West Shore Road",,EDINBURGH,EH5 1QF,04001D03,1800022811277,9034,2/11/2025,E,
,331,Birmingham Road,,Sutton Coldfield,B72 1DL,8877655801,8877655801,,1/10/2025,,
5-6 Shore,,,,Edinburgh,EH6 6QS,03801D04,1800022744364,38425,21/7/2026,E,
,6,Claremont Park,,EDINBURGH,EH6 7PH,00802D04,1800035247717,,1/6/2026,E,
,,8b Abercrombie Place,,Edinburgh,EH3 6LB,00900D04,1800035203862,,24/9/2027,E,
The Bulls Head,99,Fishbourne Road West,,Chichester,PO19 3JP,8813661402,8813661402,132488,24/2/2026,,
The Barn,,Parnell Road,,Clevedon,BS21 6DD,06800001,2200032096398,,1/1/2017,D,
Worcester Lodge,32,Castle Road,,CLEVEDON,BS21 7DE,00845N14,2200013194320,,1/5/2026,E,
,21,Dundas Street,,Edinburgh,EH3 6QG,03802D02,1800035165738,11334,23/6/2028,E,
CLARKE-RANDALL BUSINESS FURNITURE LTD,Unit 12,Denbigh Hall,,Milton Keynes,MK3 7QT,03811N14,1100040568196,89562,8/3/2026,E,
,,Glass & Thompson,,Edinburgh,EH3 6HZ,04001D01,1800031941265,,8/5/2027,E,
Unit 1a,,Watchmoor Road,,Camberley,GU15 3AJ,03801H02,2000004714586,39678,19/10/2027,E,
CHINA GARDEN RESTAURANT,89-91,Preston Street,,BRIGHTON,BN1 2HG,66529505,66529505,469597,11/3/2027,,
17 High Yard,,Trinity Chare,,Newcastle Upon Tyne,NE1 3DF,0380102A,1591055088793,1354,24/7/2027,E,
Unit 5,,Units 5-6 East Quay Mews,,Bridgwater,TA6 4AE,03801110,2200031558612,14759,4/2/2028,E,
Pelham House,,London Road,,Haywards Heath,RH17 5EU,14848301,14848301,186286,9/3/2028,,
,,"Newhailes Industrial Estate, Newhailes Road",,MUSSELBURGH,EH21 6AE,00845G01,1800052321512,,1/4/2026,E,
Unit 6,,Hornchurch Ind Est Pharmsafe,,Coventry,CV1 2QZ,,1100022820270,,2/11/2025,1,
Cockatoo Pub & Restautant,,Millerhill,,Dalkeith,EH22 1RZ,00900D04,1800036591734,106216,16/9/2015,E,
,252,East Barnet Road,,BARNET,EN4 8TF,9321807507,9321807507,43442,17/9/2027,,
,Unit 3,Wrottesley Street,,BIRMINGHAM,B5 4RT,8913101404,8913101404,317622,9/1/2026,,
,88,Edmonstone Road,,Dalkeith,EH22 1QU,00900D04,1800035216347,,13/6/2026,E,
Tynte Arms Pub,,Enmore,,Bridgwater,TA5 2DP,03801110,2200021381383,15704,7/8/2027,E,
The Thatchers Farm,,Moorland,,Bridgewater,TA7 0AN,04060N14,2200013782331,8066,29/9/2026,E,
Newbattle Golf Club,,Club House,,Dalkeith,EH22 3AD,03801D04,1800035168135,81873,30/6/2027,E,
,38,Church Road,,HIGHBRIDGE,TA9 4RL,00845N13,2200030042559,,8/9/2026,E,
THE HEALTH CLUB,570-574,COMMERCIAL ROAD,,LONDON,E14 7JD,03004204,1200039657976,84614,17/3/2026,E,
HAMBROOK,44,QUARRY BARTON,,BRISTOL,BS16 1SG,03801N14,2200017518657,42870,14/5/2027,E,
,14,"Orgreave Close,",,"SHEFFIELD,",S13 9NP,74106304,74106304,44000,2/11/2025,,
Spar Carrbridge,,(the Weaver),,Carrbridge,PH23 3AS,04030P64,1712307223202,38999,7/4/2026,E,
Laburham House,,Chapel Street,,Market Rasen,LN8 3AG,0481102B,2373233810013,2756,1/2/2026,E,
Knott End Cafe,,,,Poulton Le Fylde,FY6 0AB,03801014,1610023163065,7749,28/9/2026,E,
,,Hammond Road,,Bedford,MK41 0RQ,00900204,1014570872604,,10/4/2026,E,
Bulls Head,,Barston Lane,,Solihull,B92 0JU,04811N12,1414936441003,69062,4/6/2026,E,
,3,Centurion Way,,ERITH,DA18 4AF,00845072,1200010167696,,16/4/2026,E,
Unit 3A,,UNIT 3A,,Olney,MK46 5EA,04811N12,1100039660219,43901,16/4/2026,E,
"CLIFTON ST. ANNES P C S LTD,THE MILLINGS",5,NORTH END,,BEDALE,DL8 1AF,0090002D,1591058454393,,14/11/2025,E,
MILLSTONE MEWS,,Bridge Street,,Darwen,BB3 2AA,03801631,1610022873689,2694,17/4/2026,E,
Tylers Arms Hotel,,Heol Fawr,,TREHARRIS,CF46 6NW,03220N12,2199995119924,42956,18/4/2026,E,
Unit 2,,Apex Scaffolding,,Exeter,EX4 8HZ,03801110,2200040440100,1779,19/4/2026,E,
,160,Dudley Road,,BIRMINGHAM,B18 7QX,8840803107,8840803107,71140,2/11/2025,,
VODAFONE LIMITED,,127 HIGH STREET KINGS HEATH,,Birmingham,B14 7BW,00900N14,1423471100000,,19/4/2026,E,
,65,Vicarage Road,,West Midlands,DY8 4NP,51091200,51091200,1,2/11/2025,,
,,Workshop,,Malton,YO17 9LA,0380102A,1591031558143,640,19/4/2026,E,
SEASON ELECTRONICS LTD,UNIT 600,NEST BUSINESS PARK,,HAVANT,PO9 5TL,00845H87,2000027401869,,1/1/2027,E,
West Bridgford Baptist Church,,Melton Road,,NOTTINGHAM,NG2 7NF,19284800,19284800,131911,5/12/2027,,
Holland Park,Unit 15,Bentley Road South,,WEDNESBURY,WS10 8LN,00900N13,1470000670776,,20/4/2026,E,
,130,Lea Village,,Birmingham,B33 9SL,00900N13,1418146151003,,20/4/2026,E,
,,Mill Road,,MARKET RASEN,LN8 3BP,58540508,58540508,126683,1/1/2026,,
,Hirwaun In,,,Aberdare,CF44 9UP,00845300,2199989609108,,16/12/2026,E,
Berryhill Farm,,,,Kelso,TD5 7SX,03801D03,1800031005580,6978,20/4/2026,E,
TRANSPORT STADIUM,,WHEELERS LANE,,BIRMINGHAM,B13 0ST,51343403,51343403,1,1/5/2026,,
Unit 20,,Harvest Drive,,Lowestoft,NR33 7NJ,03801201,1012701829581,640,11/9/2026,E,
MINI FACT INDUST EST,10,,,Newtown,SY16 1DZ,03801D03,1300012650733,,2/10/2027,E,
JOSH INDIAN TAKEAWAY LIMITED,18A,VANSITTART ESTATE,,,SL4 1SE,03801H08,2000052980327,7118,2/11/2025,D,
Shop,163,Bellenden Road,,London,SE15 4DH,520521200,520521200,80594,26/11/2026,,
,2a,High Street,,King's Lynn,PE31 7ER,04812202,1012651220387,4255,25/4/2026,E,
,,WEST KNOYLE,,WARMINSTER,BA12 6AG,04811H18,2000025506969,13197,25/4/2026,E,
Orpington Village Halls Trust,311,High Street,,Orpington Village Hall,BR6 0NN,00900071,1900090572186,,25/6/2026,E,
,,Limberline Road,,PORTSMOUTH,PO3 5JF,04044H22,2000014298350,10777,3/6/2027,E,
,45,Main Ridge East,,Boston,PE21 6ST,21257908,21257908,153209,2/8/2028,,
,Unit 7,Pine Close,,Newhaven,BN9 0DH,03801204,1900030307288,12618,1/5/2026,E,
,24,Nobel Square,,Basildon,SS13 1LP,3275988903,3275988903,50999,16/7/2028,,
Unit 18,,"Mile Oak Industrial Estate, Maesbury Road",,Oswestry,SY10 8GA,04811D04,1300035434197,,26/2/2026,E,
,Unit 24,Padgets Lane,,Worcestershire,B98 0RB,03801N14,1416934302000,,1/5/2026,E,
Unit 1B,,Market Street,,Nantwich,CW5 5DG,00900D04,1300013469324,,1/5/2026,E,
,1-3,KINGSTON ROAD,,PORTSMOUTH,PO1 5RX,04044H19,2000052513681,35212,20/8/2026,E,
Retail Unit,24,Queen Street,,Portsmouth,PO1 3HN,03801H06,2000053656887,7772,24/6/2028,E,
,11,Wallace Street,,Milton Kenyes,MK13 0AR,03811013,1100015041326,2086,2/5/2026,E,
30 New John Street West,,,,Birmingham,B19 3NB,03801N12,1415178431004,6435,4/7/2026,E,
Shop,618,Kings Road,,London,SW6 2DU,04809201,1200041478254,7706,4/5/2026,E,
,1,Tower Street,,Coventry,CV1 1JS,06801N12,1100039357848,5181,11/9/2026,E,
63,,QUEEN STREET,,BLACKBURN,BB6 7QP,04812661,1610022030790,6479,5/5/2026,E,
,20,Station Yard,,IPSWICH,IP6 8AS,04143204,1012975871134,,1/12/2025,E,
Research Centre,,Daytona Drive,,Newbury,RG19 4VV,3992269906,3992269906,199452,22/8/2027,,
,18,Colwyn Avenue,,Clwyd,LL28 4RB,03801D02,1300009091331,7444,6/5/2026,E,
,103,Lowther Street,,Coventry,CV2 4GL,04812N13,1100023757813,12198,8/8/2027,E,
,79,Nuneaton Road,,Bedworth,CV12 8AP,04828N12,1100022152764,11953,18/12/2025,E,
Unit 11Old Forge Ind Est,,Dudley Road,,,DY9 7BJ,03801N13,1416657880000,7049,10/5/2026,E,
Catholic Youth Club,,Upper Sans Street,,Sunderland,SR1 1HG,0451104A,1591152016408,,2/11/2025,E,
,45,Leigh Road,,WIGAN,WN2 4SZ,,1610011272216,2825,17/8/2027,E,
,47,Blyburgate,,Beccles,NR34 9TQ,04126201,1012706631981,2630,18/5/2026,E,
,150,Chiswick High Road,,London,W4 1PR,04044H17,2000000482991,,6/9/2026,E,
,261,Somercotes Hill,,Alfreton,DE55 4HX,04811037,1100008343587,279,18/5/2026,E,
Unit 11,,Great Central Road,,LOUGHBOROUGH,LE11 1RW,03801013,1100013236805,2638,1/12/2025,E,
St Johns Hospital Trust,,St John Street,,Lichfield,WS13 6PB,04023040,1412733140003,10240,19/5/2026,E,
Jeffreys Hotel,,Jeffrey Street,,Mountain Ash,CF45 4AD,52301302,52301302,45604,13/9/2027,,
1st Floor,6,York Place,,Scarborough,YO11 2NP,0380102A,1591055949277,2649,21/5/2026,E,
George Michaels Restaurant,5,York Place,,North Yorkshire,YO11 2NP,0480702B,1591046837083,10906,21/5/2026,E,
George Michaels Restaurant,5,York Place,,North Yorkshire,YO11 2NP,0480802B,1591146837089,15515,21/5/2026,E,
10-12,,FRONT STREET,,CONSETT,DH8 0HH,22070807,22070807,153328,11/6/2027,,
Unit 8-9,,High Green Court,,Cannock,WS11 1GR,03801N14,1413295113000,34132,2/11/2025,E,
,144,Lea Village,,Birmingham,B33 9SL,03801N12,1419246151000,3173,21/5/2026,E,
Wesley Street Chambers,,Wesley Street,,Otley,LS21 1AZ,0380102C,2313390602115,8034,2/4/2026,E,
Millfield Works,,Sutherland Road,,Stoke-On-Trent,ST3 1JB,03801N12,1417487330000,5879,22/5/2026,E,
Unit 3,Non-PAF De,Station Road,,OTLEY,LS21 3HX,0380102B,2313494691114,1354,2/11/2025,E,
,4,Hawksworth Street,,Ilkley,LS29 9DU,0380102A,2312792492118,2324,18/10/2026,E,
,26,Main Street,,AYR,KA6 7QL,04001D03,1800014905186,14165,26/5/2026,E,
,3,"Hitches Yard, Church Street",,WARE,SG12 9ES,04811204,1012768047279,33960,1/9/2027,E,
,,Clippers Hairdressers,,Kenilworth,CV8 2BP,04811N12,1100024735100,26297,28/5/2026,E,
,11-15,Guildhall Lane,,Leicester,LE1 5FQ,04811N14,1100014213650,33929,17/5/2026,E,
,,Hamels Park,,BUNTINGFORD,SG9 9NA,00900204,1014570804989,,1/8/2028,E,
ELLAMES,43,REGENT ROAD,,GREAT YARMOUTH,NR30 2AJ,200635900,200635900,76237,31/8/2027,,
Butterworth Buildings 25,,High Street,,Leeds,LS27 9AL,0380102A,2345300232413,144,30/5/2026,E,
Unit 9,,Greenwich Close,,Ipswich,IP3 0DD,03801201,1012900175370,883,10/6/2028,E,
,11,Bury Street,,Stowmarket,IP14 1HA,03801201,1012971286547,1248,4/6/2026,E,
Great Wyrley Working,343,Walsall Road,,Walsall,WS6 6DP,00900N14,1415283240004,,2/11/2025,D,
PLOT 15 SOUTH,,WATERLOO,,,SA72 4RR,03801N12,2100041631131,2859,4/6/2026,E,
,,,,WISBECH,PE13 1DB,04807201,1012868145343,3558,12/9/2028,E,
Nuha,13,The Parade,,Leicester,LE2 5BB,04032N14,1100013577698,16450,6/6/2026,E,
,91,High Street,,Brackley,NN13 7BW,03801N13,1100015873987,5471,1/8/2026,E,
Unit 1,,Heath Road,,Skegness,PE25 3ST,,1100770448690,28867,13/6/2026,1,
,73,Queen Elizabeth Avenue,,Walsall,WS2 0BD,03801N12,1415652550000,5359,25/1/2028,E,
,12-18,Friar Lane,,Nottingham,NG1 6DQ,00845058,1100039206020,,18/6/2026,E,
,,"Unit 3, Boundary Court",,STOCKPORT,SK4 5GA,00845801,1620001289032,,20/6/2026,E,
,22,Woodford Road,,London,E7 0HA,03801201,1200034053152,5688,20/6/2026,E,
,,Queen Street,,WALSALL,WS2 9NU,,1420626000007,,30/11/2025,E,
40a,,Main Street,,Sanquhar,DG4 6NB,03801D01,1800029447707,1396,21/6/2026,E,
Labour Club,,Oak Road,,Leeds,LS12 2HJ,71927307,71927307,1,2/11/2025,,
,76,Marsh House Lane,,WARRINGTON,WA1 3QU,03801D03,1300004996165,17350,22/6/2026,E,
T/A Chuloes Coffee Bar,17,Bigg Market,,Newcastle On Tyne,NE1 1UN,0380102D,1591060927531,57244,3/12/2026,E,
,110,Newport Road,,Newport,NP11 7LZ,03220N14,2199990265170,56947,28/9/2026,E,
,,Stafford Park 4,,TELFORD,TF3 3BA,00900N12,1427780000003,,15/5/2026,E,
Unit 8,,Prop Factory Deve,,Shropshire,TF1 4JD,03801007,1412021500009,4748,26/6/2026,E,
,84,Lambourne Road,,Chigwell,IG7 6EN,9089322606,9089322606,145524,7/10/2028,,
MASELEY WORKSHOPS,,Station Road,,TELFORD,TF7 5BA,,1410609700003,5860,20/9/2026,E,
Empire Cinema,,Merton Road,,Watford,WD1 7BY,03136202,1012425820614,25758,9/11/2027,E,
Unit F The Wallows,,Wallows Road,,West Midlands,DY5 1QA,03801N14,1411610880006,51398,1/7/2026,E,
,196,High Street,,Harwich,CO12 3AJ,03136201,1012637017425,2705,29/6/2026,E,
B Phelps,Unit 3,Steam Mills,,Cinderford,GL14 3JA,03801007,1413551413002,,1/7/2026,E,
,1,The Studios,,Bolton,BL1 6AH,03801014,1620001625187,10201,30/1/2028,E,
158a,,Gresty Road,,Crewe,CW2 6EF,03801D03,1300007648801,1434,2/11/2025,E,
,325,Bury Road,,BOLTON,BL2 6BB,03801631,1610029803066,4169,19/9/2026,E,
,,Britannia Park Industrial Estate,,STOKE-ON-TRENT,ST6 2PZ,03801N13,1418185710003,,2/11/2025,E,
,164,Tonge Moor Road,,"Bolton, LANCASHIRE",BL2 2HN,03801631,1610029841061,5546,1/4/2026,E,
,66,Underwood Road,,Renfrewshire,PA3 1QZ,,1800033691808,1632,20/1/2026,1,
Unit 6,,Wheelock Heath Business Court,,Sandbach,CW11 4RQ,03801D04,1300060289303,26892,2/11/2025,E,
,5,Elmfield Road,,NEWCASTLE UPON TYNE,NE3 4AY,0380102B,1591058550298,6397,6/1/2027,E,
,,Peace Street,,BOLTON,BL3 5LJ,03801131,1610030440985,,2/11/2025,E,
Unit D,,Blacknell Lane,,Crewkerne,TA18 7HE,00900N14,2200014752791,,1/3/2026,E,
Unit 5,,Astonfields Road,,STAFFORD,ST16 3UF,04811010,1418889320008,1687,2/11/2025,E,
,8,Boutport Street,,Barnstaple,EX31 1RJ,03801N12,2200014038418,5397,2/11/2025,E,
,29,St James Place,,Devon,EX34 9BJ,03801110,2200014351817,8539,6/7/2028,E,
THE WAREHOUSE,32,HIGH STREET,,DEVON,EX34 9DA,00800203,2200030077905,,2/11/2025,D,
,.,Adelaide Street,,BOLTON,BL3 3NY,00845801,1600000085732,,15/8/2026,E,
CJs Stores,76,Front Street,,Haswell,DH6 2BL,0380102C,1591042828786,46323,30/5/2027,E,
,21,Whitehorse Street,,Baldock,SG7 6QB,03137203,1012811426658,17483,9/4/2028,E,
"Unit 14,Byron House",,Hall Dene Way,,Seaham,SR7 0PY,0380102A,1591052142914,2295,1/6/2027,E,
Unit 4A,,Cranfield Road,,Bolton,BL6 4SB,03800131,1620001275350,,2/11/2025,D,
J Greeley Butcher,27,Winter Hey Lane,,Bolton,BL6 7AD,04811024,1610030329099,96410,11/8/2027,E,
"Workshop Rear, Kens Den",21-23,Higher Market Street,,Bolton,BL4 8HQ,03873024,1610029301100,,4/2/2026,E,
,6,Lambley Lane,,Nottingham,NG14 5BG,2061854709,2061854709,48389,2/11/2025,,
Chestnut House,,North Street,,RUGBY,CV21 2AG,03801N13,1100025136862,3352,2/11/2025,E,
TMG Social Club Rear Of,61,Sompting Road,,Worthing,BN14 9ET,04811203,1900010411009,32707,6/3/2027,E,
,9,Bank Street,,RUGBY,CV21 2QE,03800013,1100024992946,,2/11/2025,D,
Church Inn,91,Middleton Road,,OLDHAM,OL2 5JJ,04005014,1610002034842,13993,2/11/2025,E,
,,High Street,,HENFIELD,BN5 9DE,03801201,1900001327121,1522,20/8/2026,E,
,200a,Bury Road,,BURY,BL8 3DX,03801014,1610028694663,12615,1/9/2027,E,
,18,High Street,,NEWHAVEN,BN9 9PD,04069204,1900061085712,37727,2/8/2026,E,
Unit 8b,,"Festival Way, Festival Leisure Park",,BASILDON,SS14 3WB,8868133006,8868133006,54921,25/9/2028,,
Bouan's,,Rear of 11 High Street,,Alcester,B49 5AE,03801007,1416567102000,1879,22/4/2027,E,
,7,Oozells Square,,BIRMINGHAM,B1 2HS,8888556608,8888556608,64421,17/5/2028,,
Hobson Industrial Estate,,Hobson,,Newcastle Upon Tyne,NE16 6EA,0084505A,1591057861410,,15/9/2027,E,
,2,Lon Teify,,Swansea,SA2 0YB,03220N12,2199998113961,11573,21/8/2027,E,
Rear Of,168,South Coast Road,,PEACEHAVEN,BN10 8JH,03801202,1900090782345,10665,27/3/2027,E,
Unit 13b,,Tanfield Ind Est,,Stanley,DH9 9UU,0084505A,1592007606801,,1/2/2027,E,
Langland Bay Golf Club,,Langland Bay Road,,SWANSEA,SA3 4QR,03220N14,2199997546010,,1/12/2026,E,
,9,Redcatch Road,,Bristol,BS4 2EP,03801110,2200015312508,3828,1/4/2026,E,
Pfd (Carlisle ) Ltd,60,Church Road,,WORKINGTON,CA14 5PT,1293246002,1293246002,32148,7/10/2026,,
Unit 7-8,,Acreridge Industrial Estate,,Alfreton,DE55 7RG,03801N14,1100008009044,30785,26/9/2026,E,
Village Curry House,129,Nelson Street,,Glasgow,G5 8DZ,5044598902,5044598902,520527,24/4/2028,,
,,London Road,,HINDHEAD,GU26 6AG,6298105,6298105,347949,14/11/2025,,
TANDEM HOUSE,,"Tandem Industrial Estate,Wakefield Road",,HUDDERSFIELD,HD5 0AL,1855499105,1855499105,177485,9/5/2026,,
,98,Station Road,,STOCKPORT,SK6 6PA,78002604,78002604,276257,1/10/2026,,
,136,Wells Road,,Bath,BA2 3AH,03801N13,2200012288456,,30/3/2027,E,
Floodlights,,Cefn Road,,Swansea,SA1 7HH,03220200,2199997642305,3609,1/2/2028,E,
0002640833,43,High Street,,HAMPTON,TW12 2SA,8817570509,8817570509,4781,1/4/2027,,
,1,Kings Road,,Bristol,BS4 3HH,04800251,2200015272547,,2/11/2025,D,
,19,Whitehorse Lane,,London,SE25 6RD,79704305,79704305,153029,25/7/2027,,
Geze UK Ltd,,Blenheim Way,,LICHFIELD,WS13 8SY,9101745103,9101745103,254565,1/10/2026,,
,253A,New Road,,Neath,SA10 6UU,03801N12,2199998821949,762,23/5/2026,E,
,82,St. Helens Road,,BOLTON,BL3 3NP,8906941705,8906941705,62159,18/10/2026,,
BLOCK 2 UNIT 4,,HINDSLAND ROAD,,LARKHALL,ML9 2PA,56869209,56869209,166027,1/10/2028,,
UNIT 1,,BRADBOURNE DRIVE,,MILTON KEYNES,MK7 8AT,8909727808,8909727808,106970,1/6/2026,,
,,Wordsworth Road,,WORTHING,BN11 3NH,8907994406,8907994406,197992,15/12/2026,,
R D Marine Ltd,,Clothall Road,,Baldock,SG7 6PD,69899902,69899902,120068,24/1/2028,,
S & J Signs & Graphics Ltd,,"Victoria New Works, Midland Road",,WEDNESBURY,WS10 8HE,8920177204,8920177204,59447,20/8/2027,,
Horizon Healthcare Limited,11,St. Brydes Terrace,,Lockerbie,DG11 2EJ,63398602,63398602,255637,1/4/2027,,
Un 2,,Faraday Road,,SWINDON,SN3 5HE,03801H09,2000012074920,22845,2/11/2025,E,
Chelmsley Engineering Co Ltd,,"Station Road Industrial Estate, Station",,BIRMINGHAM,B46 1HT,60014710,60014710,57561,31/5/2026,,
New Sports Hall,,Chequers Way,,Reading,RG5 3EL,00845H86,2000027850480,,23/8/2027,E,
,570-574,COMMERCIAL ROAD,,LONDON,E14 7JD,3244910000,3244910000,151239,26/3/2026,,
,18-20,Dean Street,,BLACKPOOL,FY4 1AU,9205603,9205603,169,11/7/2026,,
Black Horse Inn,,South View,,Canterbury,CT3 4EY,9116734702,9116734702,122561,26/8/2027,,
,,Church Road,,CHELTENHAM,GL53 0QJ,03801007,1413095171000,10340,2/11/2025,E,
Vorwerk House,6,Ashville Way,,WOKINGHAM,RG41 2PL,03801H04,2000054687938,22771,29/5/2026,E,
,92,Spring Lane,,Malvern,WR14 1BS,18372601,18372601,171810,1/10/2026,,
Stewartfield,,Dunrobin Drive,,Glasgow,G74 4NP,00900D04,1800035300102,,2/11/2025,D,
,115,MANCHESTER ROAD,,SHEFFIELD,S10 5DH,57967203,57967203,103655,1/10/2026,,
,151,HUNTINGDON STREET,,NOTTINGHAM,NG1 3JR,15360006,15360006,329522,1/6/2026,,
Auric Metal Furnishers Ltd.,,Herald Way,,Coventry,CV3 2RP,50267509,50267509,167572,1/4/2028,,
Liton Laundry,44,Bilton Way,,LUTON,LU1 1UU,2950930000,2950930000,1067953,1/4/2028,,
Lower Slaughter,,,,Cheltenham Glos,GL54 2HP,00900N14,1423420200009,,1/4/2028,E,
RED LION INN,,Lichfield Road,,TAMWORTH,B78 3AF,2581329210,2581329210,166907,21/3/2028,,
,10,Swindon Road,,SWINDON,SN3 4PZ,03801H01,2000011946335,264,2/11/2025,E,
,,"Shrivenham Hundred Business Park, Majors Road",,SWINDON,SN6 8TZ,03801H02,2000011937720,3258,2/11/2025,E,
,,Bradshaw Road,,BURY,BL8 3PJ,15016406,15016406,1,1/10/2026,,
,,Watling Street,,Cannock,WS11 1SF,2480547309,2480547309,187082,29/4/2027,,
,3,Prospect Street,,READING,RG4 8JB,03801H02,2000009916386,54,2/11/2025,D,
"COMMERCIAL UNION ASS, Commercial Union H",406,Commercial Union House,,Essex,IG2 6NP,18932007,18932007,135030,21/5/2028,,
,.,"Nunn Brook Road, H E C Showman Ltd",,Nottinghamshire,NG17 2HU,8818819302,8818819302,298805,1/10/2027,,
Jowitt Abrasives,,Broombank Road,,CHESTERFIELD,S41 9QJ,9081215205,9081215205,236430,19/8/2026,,
,4,Bridgewater Close,,Reading,RG30 1JT,00845H86,2000027371976,,4/7/2026,E,
TEMPERSET LTD,,Hale Trading Estate,,Tipton,DY4 7QG,5157104,5157104,178762,1/4/2028,,
,738,Oxford Road,,Reading,RG30 1EH,00900Q03,2000027372534,,18/7/2028,E,
Unit 430,,The Grange Ind Est,,Romsey,SO51 0AE,03801H07,2000054282386,7781,2/11/2025,E,
,.,"HIGH PAVEMENT, THE GALLERIES OF JUSTICE",,,NG1 1HN,8823949902,8823949902,290805,1/4/2027,,
GLEWS HOLLOW BUSINESS ENTERPRISE SITE,,ANDERSEN ROAD,,GOOLE,DN14 6UD,8818130306,8818130306,44771,1/10/2026,,
Rear,351,Blackgate Lane,,PRESTON,PR4 6JJ,00845801,1610021435516,,1/2/2026,E,
Unit 7 Fairway Business Park,,Castle Road,,SITTINGBOURNE,ME10 3FB,03801202,1900070437056,2500,21/2/2027,E,
THE BUNGALOW,,The Common,,MARLBOROUGH,SN8 1DU,4260510208,4260510208,4146,28/1/2026,,
C,71,NORTHGATE STREET,,CHESTER,CH1 2HQ,8871493703,8871493703,176262,1/4/2026,,
,4,Rosevale Road,,Newcastle,ST5 7EF,58962400,58962400,124959,12/7/2026,,
,52,Oxford Street,,Hull,HU2 0QP,0380102A,2380001061991,5248,2/2/2026,E,
,36,Glenburn Road,,East Kilbride,G74 5BA,78012304,78012304,,1/10/2027,,
DR ANDERSON LODGE,,EAST LANE,,DONCASTER,DN7 5DY,50669002,50669002,320877,21/12/2027,,
,546-550,Leeds Road,,WAKEFIELD,WF1 2DX,8818351300,8818351300,138839,1/4/2027,,
,173,Hangleton Way,,Hove,BN3 8EY,661098802,661098802,29738,2/11/2025,,
Imperial Buildings,,Durham Road,,Tyne & Wear,DH5 8NF,0480702D,1591032594090,23922,27/10/2026,E,
Plot 1,,Ruffside Fell Farm,,Consett,DH8 9PE,0580102D,1580000783328,85367,25/11/2026,E,
Unit 9 Homedown Park,,ASHCHURCH,,Tewkesbury,GL20 7BQ,03801N13,1414363203001,7110,2/11/2025,E,
,16,Queens Cresent,,Glasgow,G4 9BL,56380603,56380603,17425,2/11/2025,,
The Chantry,,Dean Street,,Crediton,EX17 3EN,67480607,67480607,90286,14/5/2027,,
Farm Building,,Village Farm,,PICKERING,YO18 7LE,0380102B,1580000899477,5589,27/1/2027,E,
Warders Medical Centre,47,East Street,,Tonbridge,TN9 1LA,65663706,65663706,36808,12/4/2028,,
,1,"Shenstone Trading Estate, Bromsgrove Road",,HALESOWEN,B63 3XB,03801N12,1414005190000,19704,2/11/2025,E,
,,Higher Suffenton Farm,,Bodmin,PL30 3LN,04808N12,2200022161029,9507,4/9/2026,E,
Outbuilding,,Vicarage Farm,,Delabole,PL33 9DZ,04042210,2200022240503,92,15/4/2026,E,
,70,Woodhead Road,,Glasgow,G53 7NN,03801D04,1800026671417,766,5/3/2027,E,
19b,,Pomphlett Gardens,,Plymouth,PL9 7QX,03801110,2200030074490,2863,31/10/2028,E,
,80,Station Road,,Plymouth,PL2 1NL,03801110,2200010214179,3,2/11/2025,E,
Unit 16,,Popes Lane,,Oldbury,B69 4PN,03801N13,1412279660009,12181,12/1/2026,E,
PEACOCKS STORES LTD,86-94,MAIN STREET,,WISHAW,ML2 7LU,03800D03,1800018075729,,2/11/2025,D,
,2,George Street,,Plymouth,PL1 4HN,07801N13,2200030069170,6922,15/3/2026,E,
,,Building 2 Stair 1,,Wrexham,LL11 1PA,03801D02,1300053084822,34535,11/3/2026,E,
,36,A Hurst Lane,,Tipton,DY4 9AB,00845127,1424977000008,,21/5/2028,E,
Unit 30,,Scott Business Park,,Plymouth,PL2 2PB,03801110,2200040520322,283,26/2/2028,E,
Workshop,,Alexandra Road,,TIPTON,DY4 8TD,03801007,1419816760004,1519,10/1/2026,E,
Fleetwood School,88,North Road East,,DEVON,PL4 6AN,03801N12,2200010200111,10147,10/3/2028,E,
,1,Park Road,,Birmingham,B18 6PL,00800127,1416870931009,,2/11/2025,D,
,91,Rosehill Drive,,Aberdeen,AB24 4JS,03801R51,1714895975102,20627,6/9/2026,E,
The White House,181,Callington Road,,Saltash,PL12 6LL,04807N12,2200016237446,4956,2/11/2025,E,
,124,Green Lane Road,,Leicester,LE5 3TJ,03800013,1100012940780,,2/11/2025,D,
85b,,High Street,,Lymington,SO41 9AN,03801H02,2000054760700,7639,14/10/2028,E,
,24,Windermere Road,,Newcastle,ST5 3HH,04811N13,1411195430005,34069,23/4/2027,E,
,,Cottams Farm,,Accrington,BB5 5SB,00900424,1610022644453,,9/4/2027,E,
Block 4,,Midfield Road,,Kirkcaldy,KY1 3NL,00845G03,1800036830874,,11/3/2027,E,
,69,Whitchurch Road,,Shrewsbury,SY1 4EE,03801007,1415466300007,15495,2/11/2025,D,
,19,Devonport Road,,Blackburn,BB2 1EJ,5008668702,5008668702,17986,2/11/2025,,
Audley Shiopping Centre,Unit 3,Audley Range,,Blackburn,BB1 1TG,03800631,1610022062700,,2/11/2025,D,
Public Call Office,127,Victoria Street,,Blackburn,BB1 6DS,03801004,1610023831866,2866,2/11/2025,E,
Franks Factory Flooring,Unit 2,Stamfordham Road,,Newcastle,NE5 2SF,9183875007,9183875007,66257,1/5/2026,,
Phoenix Dryers & Engineering,,Carlinghurst Road,,Blackburn,BB2 1PN,05808054,1620000789238,87981,29/5/2026,E,
Unit D & E,,Carlinghurst Road Business Park,,Blackburn,BB2 1PQ,03801274,1610022147391,37012,31/10/2026,E,
1 Beechwood Cottages,,Roman Road,,Blackburn,BB1 2LB,03801144,1610022131745,12451,2/11/2026,E,
,118,Church Road,,LONDON,NW10 9NG,3289429208,3289429208,35712,24/4/2028,,
,,Pilgrim Street,,Hartlepool,TS24 7LY,0380102B,1591060466974,7878,24/5/2028,E,
,2,Mars Hill,,Lynmouth,EX35 6EF,04818251,2200014365642,,8/10/2028,E,
,173,Newland Avenue,,HULL,HU5 2EP,0382602D,2362612583312,62800,2/11/2025,E,
,2,Wonastow Road,,MONMOUTH,NP25 5AH,03801N12,2199991618501,1102,10/2/2026,E,
New Group Practice Surgery,,King Street,,Clitheroe,BB7 9SL,03801024,1610014213418,31555,16/3/2027,E,
,34,King Street,,Clitheroe,BB7 9SL,04811014,1610014213357,31262,1/6/2027,E,
Library,,Lazer House,,Norwich,NR3 4JB,03136202,1012682558114,10443,1/5/2028,E,
Depot,,Reepham Road,,Norwich,NR9 5TB,04807204,1012739000118,46788,1/10/2028,E,
UNIT E4,,3 GRAFTON WAY,,BASINGSTOKE,RG22 6HY,03801H01,2000017851501,4183,1/10/2027,E,
,,Gravel Lane,,Ringwood,BH24 1LL,51426407,51426407,122584,12/11/2028,,
74-75,,Marine Parade,,Great Yarmouth,NR30 2DH,04139204,1012673724501,177819,1/11/2027,E,
,123,Upshire Road,,Waltham Abbey,EN9 3PE,78683408,78683408,45224,5/4/2026,,
,,Mahoney Green,,NORWICH,NR13 6JY,03801202,1023545961689,9137,1/8/2026,E,
,15,Barton Court Road,,NEW MILTON,BH25 6NN,68073105,68073105,207041,7/5/2026,,
Unit 17B,,Murrell Grn Bus Prk,,HOOK,RG27 9GR,03801H02,2000018017680,904,2/6/2026,E,
Unit 33,,Nine Mile Point Industrial Estate,,NEWPORT,NP11 7HZ,03801N12,2199990254683 2199990254683,394,22/8/2026,E,
Scania,,North Road,,ELLESMERE PORT,CH65 1AB,8883343902,8883343902,433602,2/5/2026,,
Unit 1a,,"The Rose Estate, Osborn Way",,Hook,RG27 9UT,00845H86,2000027427157,,22/11/2025,E,
Queensbury Baptist Chapel,,Chapel Lane,,Bradford,BD13 2PZ,0481102B,2390000012838,1795,2/11/2025,E,
Swan House,,Wincham Lane,,NORTHWICH,CW9 6GG,9212952800,9212952800,188342,7/6/2028,,
,15,St. Peg Lane,,CLECKHEATON,BD19 3SA,0482902C,2325461311018,,12/10/2025,E,
35-37,,Park Royal Road,,LONDON,NW10 7LQ,00845H86,2000053427554,,1/5/2027,E,
,183,High Street,,LONDON,W3 9DJ,9157792409,9157792409,136079,1/6/2027,,
,,Selby Gardens,,UCKFIELD,TN22 5EF,04811201,1900023277043,,12/7/2023,E,
Old Laundry Block,,Clevedon Hall Estate,,North Somerset,BS21 7RQ,03801110,2200040324389,7976,1/1/2026,E,
,,2a Kimberley Road,,Clevedon,BS21 6QJ,00900N13,2200030038260,,30/1/2026,E,
,26,Russell Court,,CAMBRIDGE,CB2 1HW,04139204,1012803738903,,1/7/2030,E,
Pavilion,,Broadway Road,,LIGHTWATER,GU18 5SJ,03801H01,2000003530219,58,26/9/2027,E,
Zoar Residential Home,,Marian Street,,Tonypandy,CF40 2DL,16784704,16784704,245916,9/2/2026,,
FANELA LTD,Unit 21,SNIBSTON DRIVE,,COALVILLE,LE67 3NQ,9123009901,9123009901,240563,16/9/2027,,
,9,High Street,,Billericay,CM12 9BE,04811204,1012564606986,17722,17/9/2027,E,
,,Stanmoor Road,,BRIDGWATER,TA7 0RX,03801110,2200040916303,7,4/2/2026,E,
,57,High Street,,BRIDGWATER,TA6 3BG,03801N12,2200021372175,8505,15/6/2027,E,
,6,Princess Street,,BURNHAM-ON-SEA,TA8 1EH,04818251,2200021886861,256,15/6/2028,E,
FOUR SEASONS FARM SH,,Narberth Road,,Saundersfoot,SA69 9DS,03801N14,2100040668121,78757,1/5/2026,E,
Games Supply,,County Mall,,CRAWLEY,RH10 1FF,03801204,1900008427523,18412,8/1/2026,E,
,98,Priory Road,,Merseyside,L4 2SH,8866113001,8866113001,133262,16/9/2028,,
SOCIAL CLUB,Non-PAF De,Edinburgh Way,,HARLOW,CM20 2DQ,04811202,1012747130842,43678,4/4/2028,E,
FAIRHOLM NURSING HOME,,Roskear,,Camborne,TR14 8DN,12509302,12509302,586475,1/10/2028,,
,121,Holborn,,London,EC1N 2TD,00845072,1200010042783,,1/10/2026,E,
The Eagle at Barrow,,Clitheroe Road,,CLITHEROE,BB7 4NH,9159418103,9159418103,216275,1/10/2026,,
FARMHOUSE,,Lower Upcott Farm,,OKEHAMPTON,EX20 3LN,03801N13,2200011834165,15673,19/11/2025,E,
,29,High Street,,Brierley Hill,DY5 2JW,00845127,1416376680005,,16/6/2028,E,
,10,Bridge Sreet,,Bishop's Stortford,CM23 2JY,04138203,1012753427328,51762,8/2/2026,E,
St. Oswald House,,St. Oswald Street,,CASTLEFORD,WF10 1DH,1895106600,1895106600,36959,25/1/2027,,
,1,Red Lion Street,,Stamford,PE9 1PA,04829N13,1100001986290,78129,22/7/2027,E,
"New Unit, Roman House",,Roman Way,,Thetford,IP24 1XB,04811203,1012942844970,30369,25/6/2026,E,
THE WHITE HORSE INN,,Bury Road,,Bury St. Edmunds,IP30 9AB,03136203,1012939243630,53871,16/1/2027,E,
Unit 1,,The Arena,,York,YO32 2RH,0084505A,1580000303248,,1/10/2028,E,
,3,Drum Mains Park,,GLASGOW,G68 9LD,44847003,44847003,435094,13/2/2027,,
,7,South Lane,,Waterlooville,PO8 0RB,04811H17,2000013651719,78437,2/10/2027,E,
,680,Attercliffe Road,,South Yorkshire,S9 3RP,0481102C,2334551296212,15243,3/2/2027,E,
Unit C,,Gresley Road,,Keighley,BD21 5JG,0084505B,2311659068110,,11/2/2027,E,
,8,"Vernon Place, Northern Court",,NOTTINGHAM,NG6 0DE,03801013,1100007477270,11,9/12/2026,E,
Abbetgate House,,St. Johns Green,,Colchester,CO2 7HA,14577902,14577902,471974,31/8/2026,,
0026511499,,Polmanter Tourist Park ; Halsetown,,ST. IVES,TR26 3LX,11616803,11616803,315490,17/7/2028,,
,37,Westbourne Road,,HUDDERSFIELD,HD1 4LQ,8815270509,8815270509,65180,31/3/2027,,
VULCAN WORKS,,ACCRINGTON ROAD,,BURNLEY,BB11 5QD,8813090104,8813090104,546829,1/7/2026,,
,,"Canal Side, Awsworth Road",,ILKESTON,DE7 8HH,03801N12,1100011424331,4669,9/6/2027,E,
,49,Sydney Road,,Sidcup,DA14 6RA,00845072,1200038255012,,18/6/2027,E,
,34,Francis Grove,,London,SW19 4DT,03801204,1200030558770,37291,7/12/2026,E,
5-6 PALMER BUSINESS COURT,,MANOR HOUSE ROAD,,NOTTINGHAM,NG10 1LZ,03801N14,1160000900500,56860,1/7/2027,E,
DAVIS BUILDING,165,RAILWAY TERRACE,,RUGBY,CV21 3HQ,74962100,74962100,102284,1/8/2027,,
,,Llanrwst Road,,COLWYN BAY,LL28 5SR,48501806,48501806,335738,2/4/2027,,
,11,Miller Road,,AYR,KA7 2AX,47741900,47741900,314311,1/10/2028,,
119-133,,Limekiln Lane,,Liverpool,L5 8SN,18202508,18202508,171610,1/11/2028,,
,803-805,Melton Road,,Leicester,LE4 8EE,04032N13,1100012576693,,2/10/2027,E,
,41,Bedford Square,,London,WC1B 3HX,00845072,1200037798373,,20/3/2027,E,
Carlyon Arms,30,Sandy Hill,,CORNWALL,PL25 3AT,04800251,2200040251289,,2/11/2025,D,
,247,Southwick Road,,Sunderland,SR5 2AB,0380102B,1591029166654,8345,5/11/2025,E,
Yang City,96,Warmsworth Road,,DONCASTER,DN4 0RS,0482902C,2334559110313,16345,12/11/2025,E,
,128,Tooley's Street,,London,SE1 2TU,513827110,513827110,60210,31/7/2027,,
FOREIGN MISSIONS CLUB,26,Aberdeen Park,,LONDON,N5 2BJ,8817750309,8817750309,255289,8/2/2027,,
,231,Church Road,,Bristol,BS5 9HL,04807N12,2200017945600,29390,10/4/2027,E,
ROBERT BION & CO LTD,14,PORTMAN ROAD,,READING,RG30 1EA,2720101,2720101,190445,1/10/2028,,
Sandybank Garage,,Bacup Road,,Rossendale,BB4 7JE,06808054,1600000031471,,1/10/2028,E,
Campus 1 Balgownie Road,,Balgownie Road,,Aberdeen,AB22 8GT,57236410,57236410,279760,1/11/2026,,
,55,St Mary's Place,,Nottingham,NG1 1PH,03801013,1100005315480,1061,2/11/2025,E,
,50,CLEVELAND STREET,,BIRKENHEAD,CH41 6LF,00845G02,1300006210963,,2/11/2025,E,
,32,Barnton Avenue,,Edinburgh,EH4 6JH,00845G01,1800035164813,,1/10/2027,E,
Harvest Hill Lodge,,Hoveringham Road,,Nottingham,NG14 7EE,04811N12,1160001032408,10151,20/6/2027,E,
,,Turntable works,,Sowerby Bridge,HX6 1AN,0084505A,2326535390222,,10/12/2026,E,
SHERBROOK BUSINESS CENTRE,UNIT 5,SHERBROOK ROAD,,,NG5 6AT,03801N14,1160000109868,86793,16/8/2027,E,
,83,Ilkeston Road,,Nottingham,NG7 3HA,03801N12,1100005757021,6129,21/10/2026,E,
,4,bridgegate,,south yorkshire,S60 1PQ,0380102B,2330480726711,20582,12/8/2027,E,
Heswall Golf Club,,Cottage Lane,,Gayton,CH60 8PB,00845G01,1300035415469,,15/4/2026,E,
,38,South Street,,Keighley,BD21 1PF,0482802C,2311953821415,41260,25/1/2027,E,
,75,St. Nicholas Street,,WEYMOUTH,DT4 8AA,03801H06,2000056386096,1562,2/11/2025,E,
,205,Bramcote Lane,,Nottingham,NG8 2QJ,04031N12,1100005172990,65055,22/4/2026,E,
,19,BRIDLE PATH,,WATFORD,WD17 1UE,9159300708,9159300708,162763,1/10/2026,,
,154,High Street,,BRIERLEY HILL,DY5 4DR,45592203,45592203,105056,23/11/2027,,
Menorah Primary School,1-3,The Drive,,LONDON,NW11 9SP,00845072,1023535215069,,1/11/2026,E,
ROYAL HOTEL,,ALLARDICE STREET,,STONEHAVEN,AB39 2BU,50123305,50123305,232477,21/8/2028,,
Grovelands House,,Grovelands Industrial Estate,,Coventry,CV7 9ND,00845058,1100039356278,,1/4/2026,E,
Unit 2,,Trojan Business Centre,,London,NW10 9ST,03801202,1200036313230,7892,11/7/2026,E,
,20,London Road,,ATTLEBOROUGH,NR17 2BU,04808203,1012720012697,21743,10/2/2026,E,
Unit 9,,Lingard Court,,Liverpool,L24 1YL,03801D02,1300052248231,5311,13/11/2026,E,
,Unit 10,Haverscroft Industrial Estate,,Attleborough,NR17 1YE,03801203,1050000339127,6286,2/7/2028,E,
,4,Postmill Close,,Wymondham,NR18 0NL,05801201,1012718514241,2627,22/12/2026,E,
,640,Downham Way,,BROMLEY,BR1 5HN,03801203,1200041161891,69847,2/11/2025,E,
The Royal Hotel,,Station Road,,ASHBY-DE-LA-ZOUCH,LE65 2GP,00900N13,1100039229659,,30/10/2026,E,
Ayton House,5TH,Ayton Road,,WYMONDHAM,NR18 0QJ,04807204,1012719532455,30522,1/2/2027,E,
Redcoats Farmhouse,,,,Hitchin,SG4 7JR,04808204,1012823109963,20249,1/9/2027,E,
,7,Timbercroft Lane,,London,SE18 2SB,00900203,1200027648546,,23/10/2026,E,
42-44,,Plumstead Common Road,,London,SE18 3TN,03801201,1200030207439,,14/8/2026,E,
Moredon Medical Centre,,Moredon Road,,Swindon,SN2 2JG,00845H86,2000054495100,,1/7/2026,E,
,,Stuart Road,,Pontefract,WF8 4PQ,0084502D,2356531328210,,1/10/2028,E,
,352b,St. Marys Road,,LIVERPOOL,L19 0NQ,03801D01,1300003267911,,2/7/2026,E,
The Anchor Inn,,The Dene,,ALRESFORD,SO24 0BG,03105H33,2000018183848,56370,3/12/2026,E,
THE SPENCER CLUB,,EQUIPMENT SHED,,London,SW18 3HG,03801201,1200040811830,2791,20/5/2026,E,
,3,The Square,,WINCHESTER,SO23 9ES,04044H23,2000024620978,3180,2/11/2025,E,
TOTTENHAM SPORTS HALL,,SELBY ROAD,,LONDON,N17 8JL,03136203,1013070483249,20388,1/4/2027,E,
,20,Dacre Street,,BIRKENHEAD,CH41 6LZ,03801D03,1300006226040,23194,2/11/2025,E,
Barcourt Estate Caravan Camp,,Cliff Road,,Hornsea,HU18 1JT,0482802D,2363862057018,50843,1/10/2027,E,
Powder Coating Shop,,Copenhagen Road,,Hull,HU7 0XQ,0084505B,2366523745018,,6/3/2026,E,
,,Coburg Road,,LONDON,N22 6UB,03801204,1030066399390,30568,14/9/2027,E,
Greenhill Leisure Products,,Harmby Road,,Leyburn,DL8 5QA,0380102C,1591054630202,21650,1/6/2027,E,
,3,Hamilton Parade,,Feltham,TW13 4PJ,03801H02,2000002477804,14817,2/9/2026,E,
,55,York Street,,Middlesex,TW1 3LP,03801203,1900022002889,11975,2/11/2025,E,
,24,Golf Road,,Ballater,AB35 5RE,01500100,1714243662804,5455,25/8/2027,E,
Nine Bar & Lounge,33,Dean Road,,South Shields,NE33 4EA,0380102A,1591012394109,50707,9/12/2026,E,
Design House,7,Great Minster Street,,Winchester,SO23 9HA,03801H02,2000024620913,6528,13/3/2027,E,
,,50-51 High Street,,Stourbridge,DY7 6HE,03801N13,1410846691001,18392,11/6/2027,E,
Browning House,,Wood Lane,,London,W12 0DG,03800202,1200021814066,,2/11/2025,D,
,477,Beake Avenue,,Coventry,CV6 2HT,04811037,1100023372072,45237,6/2/2027,E,
,,4,,Gateshead,NE11 9NE,0380102C,1591049812550,10105,1/10/2026,E,
Regent Bridge Bar,30,Regent Quay,,Aberdeen,AB11 5AH,03801P06,1714739292507,14021,29/5/2026,E,
,16-18,Market Street,,Cinderford,GL14 2RX,00900N14,1418285522001,,10/9/2026,E,
Unit 33,,Nine Mile Point Industrial Estate,,NEWPORT,NP11 7HZ,03801N12,2199990254683,394,22/8/2026,E,
,297,Birchfield Road,,Birmingham,B20 3BX,03801007,1412411221004,96176,1/10/2026,E,
,34,Liberty Close,,WIMBORNE,BH21 6SY,03801H09,2000026951080,64615,1/1/2026,E,
"SHOP 1,15A",,Water Lane,,Southampton,SO40 3DP,03801H08,2000053510956,,16/8/2026,E,
Davy Sports & Social Club,630,Prince of Wales Road,,SHEFFIELD,S9 4ER,0380102D,2336587912013,35537,1/10/2026,E,
Village Hall,,Gables Rd,,Cullompton,EX15 2PL,4255697304,4255697304,0,1/12/2029,,
,8,Hadrians Court,,Gateshead,NE11 0XW,0090002D,1591055256136,,12/7/2027,E,
,27,Western Road,,St Marychurch,TQ1 4RJ,14798503,14798503,11558,16/5/2026,,
CASTLEWORKS,21,ST. GEORGES ROAD,,London,SE1 6ES,03801202,1200050289064,8112,2/11/2025,E,
,3,Crombie Road,,Aberdeen,AB11 9QQ,00845P82,1714463284000,,1/8/2027,E,
,82,Durham Road,,CHESTER LE STREET,DH3 1LU,0380102D,1591056899811,25225,1/4/2026,E,
Store,,Northam Road,,Southampton,SO14 0YF,03801H02,2000022488810,38245,29/3/2027,E,
,,57-59 Shrigley Road,,Macclesfield,SK10 5RD,03801024,1610011479906,19619,21/4/2028,E,
,36,Frederick Street,,SUNDERLAND,SR1 1LN,0380102A,1591060012820,2716,26/6/2028,E,
,17,Adelaide Row,,SEAHAM,SR7 7EF,0380102B,1591010038530,4195,2/7/2028,E,
Winestead Works,,Winestead Road,,Hull,HU12 0NH,0090002C,2366560277014,,12/5/2026,E,
The Studio East Batterlaw Farm,,The Village,,Hawthorn,SR7 8RP,03800998,1591050904420,,2/11/2025,D,
,18,Upper Oldfield Park,,BATH,BA2 3JZ,03800N13,2200012758221,,2/11/2025,D,
,24,Thorndale Road,,SUNDERLAND,SR3 4JT,0380102A,1591043570910,,2/11/2025,E,
,9,Denbigh Street,,Llanrwst,LL26 0LL,2708691408,2708691408,125261,1/11/2026,,
Bezzells Farm,,Woodrow Road,,MELKSHAM,SN12 7RE,04044H17,2000006144325,3366,1/2/2027,E,
Lucky Star,11,Railway Terrace,,Sunderland,SR4 0PA,0090002C,1591051492719,,25/9/2027,E,
,83,Merlin House,,BURY ST. EDMUNDS,IP28 7RD,00845072,1023531962868,,1/10/2026,E,
,291,Warrington Road,,WARRINGTON,WA3 5LF,8825343303,8825343303,178910,20/8/2027,,
,136,Newport Street,,London,SE11 6AQ,03801204,1200051523453,121101,21/4/2026,E,
Unit 26,,Claycliffe Business Park,,SOUTH YORKSHIRE,S75 1JU,0380102D,2380000751091,24051,8/11/2027,E,
,,Hepworth Road,,SUNDERLAND,SR5 3JT,0380102B,1580000586130,28017,2/11/2025,E,
,64-68,Call Lane,,Leeds,LS1 6DT,0481102C,2300000004928,,24/12/2025,E,
LA Toscanina,25,Derwent Street,,Sunderland,SR1 3NU,0380102D,1591038651530,59376,28/4/2026,E,
Hartlepool Rovers,,Quoits Sports And Social Club,,Hartlepool,TS24 8JZ,0084502D,1591027039591,80416,1/4/2029,E,
,,Bentley Mill Close,,Walsall,WS2 0BN,00900N12,1414723450007,,2/11/2025,E,
,86b&c,C Crewe Road,,Stoke On Trent,ST7 2JA,03801D04,1300008308962,155492,20/10/2026,E,
,120,Hollyhedge Road,,West Bromwich,B71 3AH,04811010,1417722270005,1337,2/11/2025,E,
Abcare House,2,Hownsgill Industrial Park,,Consett,DH8 7NU,16250004,16250004,1,2/11/2025,,
Unit 5,100,Spencer Street,,BIRMINGHAM,B18 6DB,03801007,1410558213000,2537,17/4/2026,E,
,150,Westley Road,,BIRMINGHAM,B27 7UR,03801N12,1415456051005,4007,5/4/2026,E,
,64,Greenham Road,,Newbury,RG14 7HX,03801H09,2000006985730,2567,2/11/2025,E,
Unit 2,,Aldoour Industrial Estate,,Pitlochry,PH16 5LY,03801P07,1717283996027,786,2/11/2025,E,
NEWINGTON INDUSTRIAL ESTATE,UNIT G1,LONDON ROAD,,SITTINGBOURNE,ME9 7NU,03802201,1900000220750,424,19/3/2026,E,
,,"Milking Parlour,Oxen Park Farm",,Ilfracombe,EX34 9RG,04056N14,2200041108367,197979,3/10/2027,E,
Wharf House,,Wharf Street,,Newbury,RG14 5AP,04044H23,2000007216501,5838,2/11/2025,E,
Fawcett's Garage (Newbury) Ltd,,The Triangle,,Newbury,RG14 7HT,00070H88,2000027345629,,1/4/2026,E,
R & E Engineers Limited,,Garages,,Rye,TN31 7HJ,03801202,1900026321740,174,2/11/2025,E,
,24,Bone Lane,,Newbury,RG14 5SH,03801H07,2000007382732,20412,3/9/2026,E,
ST HELENS HOSPICE,,PORTICO LANE,,ST HELENS,L34 2QT,8818706906,8818706906,596162,1/6/2027,,
Roundswell Business Park,3,Liberty Court,,Barnstaple,EX31 3FD,03801N12,2200041046905,10133,12/1/2026,E,
Elms Farm,,Pett Lane,,Winchelsea,TN36 4AH,04157203,1900028322365,23350,24/9/2027,E,
,,Wilson Road,,LIVERPOOL,L36 6AD,8888205803,8888205803,13,2/11/2025,,
King Stag House,,Cheriton Bishop,,Exeter,EX6 6JE,03801N12,2200032024668,12726,2/9/2026,E,
Steading,,Grange Farm,,Sanquhar,DG4 6HR,03801D01,1800029447229,48,30/8/2026,E,
"Unit 10, Adams Court",,Mountfield Road,,NEW ROMNEY,TN28 8LH,03802202,1900070206134,3418,4/2/2026,E,
,38,Main Street,,Sanquhar,DG4 6NB,03801D01,1800016016829,1042,20/8/2026,E,
Taw Mill Business Park,,Howard Avenue,,Barnstaple,EX32 8QA,03801110,2200014369814,3053,22/4/2027,E,
,36,Wood Lane,,NOTTINGHAM,NG15 6LR,57849309,57849309,263319,2/8/2028,,
,39,Perimtr Shops,,Birkenhead,CH41 2YH,03801D01,1300006408860,3991,2/11/2025,E,
New Inn,,,,OKEHAMPTON,EX20 2TB,04803N14,2200011830471,86317,10/5/2027,E,
,,Boode Farm,,Barnstaple,EX31 3LT,04583251,2200013992379,3730,24/4/2027,E,
Tandoori Nights Ilfracombe Ltd,13,High Street,,Ilfracombe,EX34 9DF,04056N13,2200013954285,26836,29/3/2028,E,
,,Gibb Street,,BIRMINGHAM,B9 4AA,03801007,1412875211005,,2/11/2025,E,
,30,Petitor Road,,Torquay,TQ1 4QF,00900N14,2200030090960,,1/10/2026,E,
The Rock Inn,,Rock Hill,,Braunton,EX33 1JW,00900N14,2200030077278,,1/3/2027,E,
,.,"272, N/A",,BRISTOL,BS10 5EW,47925607,47925607,116172,1/11/2027,,
,154,Church Road,,Hove,BN3 2DL,00900204,1900026428185,,21/3/2026,E,
,45,High Street,,Wincanton,BA9 9JU,04811H19,2000025312152,87225,1/3/2026,E,
,1,Club Row,,Leeds,LS19 7SZ,0380102B,2311094370810,9693,17/3/2027,E,
,177-181,Montague Street,,Worthing,BN11 3DA,04811204,1900043413010,,9/10/2027,E,
Savoy Park Hotel,16,Racecourse Road,,Ayr,KA7 2UT,9606408,9606408,326109,7/12/2026,,
Unit 9 Weston Works,,Paraid House,,Birmingham,B11 3RS,00845N14,1429127100003,,10/4/2027,E,
94b,,Town Street,,"Horsforth, Leeds",LS18 4AP,0380102B,2310494212316,2597,22/7/2026,E,
,123,Bridge Walk,,Biringham,B27 6SN,03801N12,1414217141002,5183,14/2/2027,E,
The Blue Lagoon,330,Kingsway,,Hove,BN3 4LW,04811203,1900026382948,52636,10/1/2028,E,
,,Old Wolverton Road,,MILTON KEYNES,MK12 5PY,51167106,51167106,198687,2/11/2025,,
,,,,TAUNTON,TA4 3AE,03801N12,2200013877170,9796,1/2/2028,E,
Unit 7B,,Castle Way,,Caldicot,NP26 5PR,03801N13,2199991592304,848,29/6/2026,E,
,,25 Frith Street,,LONDON,W1D 5LB,03802202,1200035720570,11265,18/10/2028,E,
,,South Efford House,,Kingsbridge,TQ7 4NX,00800203,2200030101512,,2/11/2025,D,
WESTGATE APARTMENTS,14,WESTERN GATEWAY,,LONDON,E16 1FD,03801C64,2000053723841,19153,6/7/2027,E,
,17,Beatrice Terrace,,Houghton Le Spring,DH4 4QW,0380102C,1591052400277,17379,19/6/2026,E,
W Smith (Durham) Ltd,55,Carr House Drive,,Newton Hall,DH1 5LT,0480702B,1591017834490,8219,29/11/2027,E,
,410,Eaton Road,,Liverpool,L12 3HG,03800D01,1300002519650,,2/11/2025,D,
,927,High Road,,Romford,RM6 4HJ,04800203,1200030957977,,2/11/2025,D,
,14,Corsehill Road,,Ayr,KA7 2ST,00845D04,1800035236789,,7/2/2026,E,
,211-213,Narborough Road,,Leicester,LE3 2QR,02811003,1100014217520,13109,21/6/2026,E,
Troon Portland Bowling Club,,Shore Road,,Troon,KA10 6AG,03826D02,1800028891046,16979,7/5/2028,E,
,132,Park Lane,,Middlesbrough,TS1 3LL,0084502D,1591015582447,,15/10/2027,E,
Unit 1,,Elystan Business Centre,,Hayes,UB4 0UP,03801H02,2000002150618,58212,6/3/2027,E,
RESIDENTIAL HOME,,Market Road,,PLYMOUTH,PL7 1QW,4213680903,4213680903,25038,10/2/2027,,
,,Bogside Farm,,Ayr,KA6 6HE,04001D02,1800014636014,10092,22/1/2027,E,
,27,Front Street,,Newcastle Upon Tyne,NE16 4EA,0480702B,1591050246913,6724,30/10/2027,E,
,23,Kilmarnock Road,,Prestwick,KA9 2RJ,04001D04,1800035113702,30674,27/4/2026,E,
,,Stephenson Way,,Crawley,RH10 1TN,00900204,1900016348648,,19/7/2027,E,
7-8,,Cavendish Parade,,,SW4 9DW,03007202,1200039418910,47978,1/7/2026,E,
,33,Church Street,,SEAHAM,SR7 7HQ,0480702C,1591010437470,14028,28/3/2026,E,
,3,Hammersmith Road,,LONDON,W14 8XJ,03801204,1200042354105,40267,21/11/2026,E,
"Unit 1, Cressex Business Complex",,Lancaster Road,,HIGH WYCOMBE,HP12 3QA,03801H09,2000013119235,155647,1/1/2027,E,
,5,South Parade,,Horley,RH6 8BH,03801202,1900019338493,3512,19/12/2026,E,
Unit 12 Faygate Business Ctr,,Faygate Lane,,Horsham,RH12 4DN,04158202,1900005334025,20879,15/10/2026,E,
cafe india,200,Ocean Road,,southshields,NE33 2JQ,0380102C,1570000183012,,12/10/2026,E,
,88,Westoe Road,,South Shields,NE33 4NA,0380102C,1591045349430,14467,8/10/2027,E,
Rear Premises,106,South Woodbine Street,,SOUTH SHIELDS,NE33 2TD,0380102A,1591010818205,1359,7/8/2026,E,
FOWLER STREET,,SOUTH SHIELDS,,,NE33 1PD,0084502C,1591034914906,,20/7/2026,E,
,3,Belle Isle Parade,,Leeds,LS10 3AH,0380102A,2345573113613,,18/8/2026,E,
,324,STATION ROAD,,COVENTRY,CV7 7EF,2405622004,2405622004,95366,1/10/2027,,
,1,Stanhope Parade,,South Shields,NE33 4BB,03800998,1591051863138,,2/11/2025,D,
,533,Stanhope Road,,SOUTH SHIELDS,NE33 4QX,0380102B,1591038170071,10505,27/3/2027,E,
,17,Bank Street,,Irvine,KA12 0AJ,03801D01,1800017336338,2910,19/6/2027,E,
,16-18,Market Street,,Cinderford,GL14 2RX,00900N14,1418285522001 1418285522001,,10/9/2026,E,
