Site Building Name,Site Street No,Site Street 1,Site Street 2,Site Town,Site Postcode,MPAN Topline,Meter Number,Usage,Proposed Start Date,Energization Status,Annualised AQ,Status
,,,,,,,112842,112842,,,112842,Unfound
,,,,,,,239745,239745,,,239745,Unfound
,,,,,,,128521,128521,,,128521,Unfound
,,,,,,,141301,141301,,,141301,Unfound
,,,,,,,116196,116196,,,116196,Unfound
,,,,,,,101978,101978,,,101978,Unfound
,,,,,,,121504,121504,,,121504,Unfound
,,,,,,,137467,137467,,,137467,Unfound
,,,,,,,133246,133246,,,133246,Unfound
,,,,,,,110637,110637,,,110637,Unfound
,,,,,,,115536,115536,,,115536,Unfound
,,,,,,,3338941908,,,,,Unfound
,,,,,,,110773,110773,,,110773,Unfound
,,,,,,,125458,125458,,,125458,Unfound
,,,,,,,1591035609670,,,,,Unfound
,,,,,,,141443,141443,,,141443,Unfound
,,,,,,,61134007,,,,,Unfound
,,,,,,,62472201,,,,,Unfound
,,,,,,,148809,148809,,,148809,Unfound
,,,,,,,182591,182591,,,182591,Unfound
,,,,,,,3384948405,,,,,Unfound
,,,,,,,140540,140540,,,140540,Unfound
,,,,,,,108106,108106,,,108106,Unfound
,,,,,,,1610009109547,,,,,Unfound
,,,,,,,139386,139386,,,139386,Unfound
,,,,,,,178183,178183,,,178183,Unfound
,,,,,,,101924,101924,,,101924,Unfound
,,,,,,,102913,102913,,,102913,Unfound
,,,,,,,1200038365718,,,,,Unfound
,,,,,,,103318,103318,,,103318,Unfound
,,,,,,,1012681156723,,,,,Unfound
,,,,,,,135068,135068,,,135068,Unfound
,,,,,,,1217722780,1217722780,,,1217722780,Unfound
,,,,,,,150378,150378,,,150378,Unfound
,,,,,,,236-240,236-240,,,,Unfound
,,,,,,,8826721505,8826721505,,,8826721505,Unfound
,,,,,,,134343,134343,,,134343,Unfound
,,,,,,,76886906,76886906,,,76886906,Unfound
,,,,,,,649-655,649-655,,,,Unfound
,,,,,,,71315309,71315309,,,71315309,Unfound
,,,,,,,127314,127314,,,127314,Unfound
,,,,,,,128731,128731,,,128731,Unfound
,,,,,,,1217074186,1217074186,,,1217074186,Unfound
,,,,,,,1159206836,1159206836,,,1159206836,Unfound
,,,,,,,110091,110091,,,110091,Unfound
,,,,,,,1564822373,1564822373,,,1564822373,Unfound
,,,,,,,113737,113737,,,113737,Unfound
,,,,,,,1610027440344,,,,,Unfound
,,,,,,,1214397541,1214397541,,,1214397541,Unfound
,,,,,,,130875,130875,,,130875,Unfound
,,,,,,,1949829378,1949829378,,,1949829378,Unfound
,,,,,,,149647,149647,,,149647,Unfound
,,,,,,,7799006067,7799006067,,,7799006067,Unfound
,,,,,,,100755,100755,,,100755,Unfound
,,,,,,,1159795080,1159795080,,,1159795080,Unfound
,,,,,,,115000,115000,,,115000,Unfound
,,,,,,,1214756233,1214756233,,,1214756233,Unfound
,,,,,,,124184,124184,,,124184,Unfound
,,,,,,,1451821446,1451821446,,,1451821446,Unfound
,,,,,,,198515,198515,,,198515,Unfound
,,,,,,,1214545100,1214545100,,,1214545100,Unfound
,,,,,,,572391,572391,,,572391,Unfound
,,,,,,,1215540905,1215540905,,,1215540905,Unfound
,,,,,,,165678,165678,,,165678,Unfound
,,,,,,,1159461512,1159461512,,,1159461512,Unfound
,,,,,,,107170,107170,,,107170,Unfound
,,,,,,,7957669105,7957669105,,,7957669105,Unfound
,,,,,,,166984,166984,,,166984,Unfound
,,,,,,,1212333505,1212333505,,,1212333505,Unfound
,,,,,,,100137,100137,,,100137,Unfound
,,,,,,,7803704560,7803704560,,,7803704560,Unfound
,,,,,,,108231,108231,,,108231,Unfound
,,,,,,,102732,102732,,,102732,Unfound
,,,,,,,2353125138916,,,,,Unfound
,,,,,,,112042,112042,,,112042,Unfound
,,,,,,,1858468106,1858468106,,,1858468106,Unfound
,,,,,,,111875,111875,,,111875,Unfound
,,,,,,,1216439460,1216439460,,,1216439460,Unfound
,,,,,,,128539,128539,,,128539,Unfound
,,,,,,,1215512121,1215512121,,,1215512121,Unfound
,,,,,,,216697,216697,,,216697,Unfound
,,,,,,,1158375289,1158375289,,,1158375289,Unfound
,,,,,,,143308,143308,,,143308,Unfound
,,,,,,,1200035716740,,,,,Unfound
,,,,,,,1159348000,1159348000,,,1159348000,Unfound
,,,,,,,239648,239648,,,239648,Unfound
,,,,,,,1604833666,1604833666,,,1604833666,Unfound
,,,,,,,104677,104677,,,104677,Unfound
,,,,,,,1159475894,1159475894,,,1159475894,Unfound
,,,,,,,73339805,,,,,Unfound
,,,,,,,142557,142557,,,142557,Unfound
,,,,,,,1392877827,1392877827,,,1392877827,Unfound
,,,,,,,145720,145720,,,145720,Unfound
,,,,,,,1253883585,1253883585,,,1253883585,Unfound
,,,,,,,105320,105320,,,105320,Unfound
,,,,,,,1269593773,1269593773,,,1269593773,Unfound
,,,,,,,126417,126417,,,126417,Unfound
,,,,,,,1604768888,1604768888,,,1604768888,Unfound
,,,,,,,111039,111039,,,111039,Unfound
,,,,,,,1904690543,1904690543,,,1904690543,Unfound
,,,,,,,103733,103733,,,103733,Unfound
,,,,,,,1904541541,1904541541,,,1904541541,Unfound
,,,,,,,106172,106172,,,106172,Unfound
,,,,,,,1526399499,1526399499,,,1526399499,Unfound
,,,,,,,121915,121915,,,121915,Unfound
,,,,,,,1213737173,1213737173,,,1213737173,Unfound
,,,,,,,1418678811006,,,,,Unfound
,,,,,,,208167,208167,,,208167,Unfound
,,,,,,,1213284327,1213284327,,,1213284327,Unfound
,,,,,,,137566,137566,,,137566,Unfound
,,,,,,,1212361122,1212361122,,,1212361122,Unfound
,,,,,,,107895,107895,,,107895,Unfound
,,,,,,,1159862976,1159862976,,,1159862976,Unfound
,,,,,,,114335,114335,,,114335,Unfound
,,,,,,,1159799444,1159799444,,,1159799444,Unfound
,,,,,,,141474,141474,,,141474,Unfound
,,,,,,,1159565656,1159565656,,,1159565656,Unfound
,,,,,,,122811,122811,,,122811,Unfound
,,,,,,,1158241444,1158241444,,,1158241444,Unfound
,,,,,,,228926,228926,,,228926,Unfound
,,,,,,,1159414586,1159414586,,,1159414586,Unfound
,,,,,,,113004,113004,,,113004,Unfound
,,,,,,,1452520768,1452520768,,,1452520768,Unfound
,,,,,,,126676,126676,,,126676,Unfound
,,,,,,,1484514291,1484514291,,,1484514291,Unfound
,,,,,,,128842,128842,,,128842,Unfound
,,,,,,,1822890271,1822890271,,,1822890271,Unfound
,,,,,,,134824,134824,,,134824,Unfound
,,,,,,,1213287680,1213287680,,,1213287680,Unfound
,,,,,,,124926,124926,,,124926,Unfound
,,,,,,,1452679030,1452679030,,,1452679030,Unfound
,,,,,,,135957,135957,,,135957,Unfound
,,,,,,,1759388573,1759388573,,,1759388573,Unfound
,,,,,,,107868,107868,,,107868,Unfound
,,,,,,,7739405623,7739405623,,,7739405623,Unfound
,,,,,,,195311,195311,,,195311,Unfound
,,,,,,,1159782517,1159782517,,,1159782517,Unfound
,,,,,,,279166,279166,,,279166,Unfound
,,,,,,,8712222290,8712222290,,,8712222290,Unfound
,,,,,,,109748,109748,,,109748,Unfound
,,,,,,,1591055055539,,,,,Unfound
,,,,,,,7455571514,7455571514,,,7455571514,Unfound
,,,,,,,149501,149501,,,149501,Unfound
,,,,,,,1904689775,1904689775,,,1904689775,Unfound
,,,,,,,118524,118524,,,118524,Unfound
,,,,,,,1902305741,1902305741,,,1902305741,Unfound
,,,,,,,153433,153433,,,153433,Unfound
,,,,,,,1217644448,1217644448,,,1217644448,Unfound
,,,,,,,353227,353227,,,353227,Unfound
,,,,,,,1212881482,1212881482,,,1212881482,Unfound
,,,,,,,1413455003007,,,,,Unfound
,,,,,,,115522,115522,,,115522,Unfound
,,,,,,,1159587080,1159587080,,,1159587080,Unfound
,,,,,,,103727,103727,,,103727,Unfound
,,,,,,,1133801970,1133801970,,,1133801970,Unfound
,,,,,,,122678,122678,,,122678,Unfound
,,,,,,,1924400741,1924400741,,,1924400741,Unfound
,,,,,,,1591011737062,,,,,Unfound
,,,,,,,119587,119587,,,119587,Unfound
,,,,,,,2313389009814,,,,,Unfound
,,,,,,,1384565666,1384565666,,,1384565666,Unfound
,,,,,,,106171,106171,,,106171,Unfound
,,,,,,,1159782531,1159782531,,,1159782531,Unfound
,,,,,,,123012,123012,,,123012,Unfound
,,,,,,,1639882255,1639882255,,,1639882255,Unfound
,,,,,,,164551,164551,,,164551,Unfound
,,,,,,,1242522243,1242522243,,,1242522243,Unfound
,,,,,,,202774,202774,,,202774,Unfound
,,,,,,,1217832315,1217832315,,,1217832315,Unfound
,,,,,,,107625,107625,,,107625,Unfound
,,,,,,,1213580900,1213580900,,,1213580900,Unfound
,,,,,,,132002,132002,,,132002,Unfound
,,,,,,,1626833283,1626833283,,,1626833283,Unfound
,,,,,,,155928,155928,,,155928,Unfound
,,,,,,,1526860359,1526860359,,,1526860359,Unfound
,,,,,,,153653,153653,,,153653,Unfound
,,,,,,,1752347774,1752347774,,,1752347774,Unfound
,,,,,,,140537,140537,,,140537,Unfound
,,,,,,,7825616065,7825616065,,,7825616065,Unfound
,,,,,,,111207,111207,,,111207,Unfound
,,,,,,,51916110,51916110,,,19007,Unfound
,,,,,,,1773810505,1773810505,,,1773810505,Unfound
,,,,,,,114211,114211,,,114211,Unfound
,,,,,,,1242234607,1242234607,,,1242234607,Unfound
,,,,,,,104989,104989,,,104989,Unfound
,,,,,,,1214863811,1214863811,,,1214863811,Unfound
,,,,,,,142389,142389,,,142389,Unfound
,,,,,,,130-133,130-133,,,,Unfound
,,,,,,,1904623779,1904623779,,,1904623779,Unfound
,,,,,,,7854311767,7854311767,,,7854311767,Unfound
,,,,,,,1100007915851,,,,,Unfound
,,,,,,,7710863867,7710863867,,,7710863867,Unfound
,,,,,,,1214303020,1214303020,,,1214303020,Unfound
,,,,,,,1522528524,1522528524,,,1522528524,Unfound
,,,,,,,1274530570,1274530570,,,1274530570,Unfound
,,,,,,,1215587585,1215587585,,,1215587585,Unfound
,,,,,,,2083373467,2083373467,,,2083373467,Unfound
,,,,,,,7747784948,7747784948,,,7747784948,Unfound
,,,,,,,1886884275,1886884275,,,1886884275,Unfound
,,,,,,,1623621885,1623621885,,,1623621885,Unfound
,,,,,,,1564822621,1564822621,,,1564822621,Unfound
,,,,,,,1522524498,1522524498,,,1522524498,Unfound
,,,,,,,1215515300,1215515300,,,1215515300,Unfound
,,,,,,,1214764077,1214764077,,,1214764077,Unfound
,,,,,,,1159789954,1159789954,,,1159789954,Unfound
,,,,,,,1159202115,1159202115,,,1159202115,Unfound
,,,,,,,1132794286,1132794286,,,1132794286,Unfound
,,,,,,,1216433006,1216433006,,,1216433006,Unfound
,,,,,,,1412815300006,,,,,Unfound
,,,,,,,1132382546,1132382546,,,1132382546,Unfound
,,,,,,,59748100,59748100,,,1,Unfound
,,,,,,,1484712925,1484712925,,,1484712925,Unfound
,,,,,,,1100005591429,,,,,Unfound
,,,,,,,1159410656,1159410656,,,1159410656,Unfound
,,,,,,,1215544623,1215544623,,,1215544623,Unfound
,,,,,,,1159792009,1159792009,,,1159792009,Unfound
,,,,,,,1132440099,1132440099,,,1132440099,Unfound
,,,,,,,1159879304,1159879304,,,1159879304,Unfound
,,,,,,,7745664545,7745664545,,,7745664545,Unfound
,,,,,,,1803314001,1803314001,,,1803314001,Unfound
,,,,,,,1274872845,1274872845,,,1274872845,Unfound
,,,,,,,1484320687,1484320687,,,1484320687,Unfound
,,,,,,,1274876624,1274876624,,,1274876624,Unfound
,,,,,,,1213737506,1213737506,,,1213737506,Unfound
,,,,,,,1507783839993,,,,,Unfound
,,,,,,,1159783576,1159783576,,,1159783576,Unfound
,,,,,,,1484718564,1484718564,,,1484718564,Unfound
,,,,,,,1013008575988,,,,,Unfound
,,,,,,,1484661528,1484661528,,,1484661528,Unfound
,,,,,,,1159596133,1159596133,,,1159596133,Unfound
,,,,,,,1159399265,1159399265,,,1159399265,Unfound
,,,,,,,1535665417,1535665417,,,1535665417,Unfound
,,,,,,,1274531920,1274531920,,,1274531920,Unfound
,,,,,,,1132382530,1132382530,,,1132382530,Unfound
,,,,,,,1216939929,1216939929,,,1216939929,Unfound
,,,,,,,7809146006,7809146006,,,7809146006,Unfound
,,,,,,,1943879914,1943879914,,,1943879914,Unfound
,,,,,,,1943839968,1943839968,,,1943839968,Unfound
,,,,,,,1924455444,1924455444,,,1924455444,Unfound
,,,,,,,1543480690,1543480690,,,1543480690,Unfound
,,,,,,,1484659596,1484659596,,,1484659596,Unfound
,,,,,,,1484537222,1484537222,,,1484537222,Unfound
,,,,,,,1413986011008,,,,,Unfound
,,,,,,,1484510932,1484510932,,,1484510932,Unfound
,,,,,,,1484424169,1484424169,,,1484424169,Unfound
,,,,,,,1430872315,1430872315,,,1430872315,Unfound
,,,,,,,1422205181,1422205181,,,1422205181,Unfound
,,,,,,,1274743733,1274743733,,,1274743733,Unfound
,,,,,,,1274611999,1274611999,,,1274611999,Unfound
,,,,,,,1274570301,1274570301,,,1274570301,Unfound
,,,,,,,1274390736,1274390736,,,1274390736,Unfound
,,,,,,,1132822264,1132822264,,,1132822264,Unfound
,,,,,,,1132783199,1132783199,,,1132783199,Unfound
,,,,,,,2312804421712,,,,,Unfound
,,,,,,,1132361530,1132361530,,,1132361530,Unfound
,,,,,,,2200030099217,,,,,Unfound
,,,,,,,1132306070,1132306070,,,1132306070,Unfound
,,,,,,,1159296765,1159296765,,,1159296765,Unfound
,,,,,,,1413074951000,,,,,Unfound
,,,,,,,1159229344,1159229344,,,1159229344,Unfound
,,,,,,,1132430274,1132430274,,,1132430274,Unfound
,,,,,,,1626336030,1626336030,,,1626336030,Unfound
,,,,,,,1684439243,1684439243,,,1684439243,Unfound
,,,,,,,54370208,54370208,,,1,Unfound
,,,,,,,1604633304,1604633304,,,1604633304,Unfound
,,,,,,,1803525100,1803525100,,,1803525100,Unfound
,,,,,,,1242676555,1242676555,,,1242676555,Unfound
,,,,,,,1278433334,1278433334,,,1278433334,Unfound
,,,,,,,1159614765,1159614765,,,1159614765,Unfound
,,,,,,,1395442227,1395442227,,,1395442227,Unfound
,,,,,,,7768644631,7768644631,,,7768644631,Unfound
,,,,,,,1623401966,1623401966,,,1623401966,Unfound
,,,,,,,1159282369,1159282369,,,1159282369,Unfound
,,,,,,,1460001651884,,,,,Unfound
,,,,,,,7795374373,7795374373,,,7795374373,Unfound
,,,,,,,8863743906,,,,,Unfound
,,,,,,,1416652791001,,,,,Unfound
,,,,,,,1213564402,1213564402,,,1213564402,Unfound
,,,,,,,1011606909,,,,,Unfound
,,,,,,,3301233155,3301233155,,,3301233155,Unfound
,,,,,,,1711619194200,,,,,Unfound
,,,,,,,1159400514,1159400514,,,1159400514,Unfound
,,,,,,,7936463876,7936463876,,,7936463876,Unfound
,,,,,,,1591046946711,,,,,Unfound
,,,,,,,1215591049,1215591049,,,1215591049,Unfound
,,,,,,,7787522378,7787522378,,,7787522378,Unfound
,,,,,,,1904448202,1904448202,,,1904448202,Unfound
,,,,,,,1907241007,1907241007,,,141895,Unfound
,,,,,,,1773716042,1773716042,,,1773716042,Unfound
,,,,,,,1752365553,1752365553,,,1752365553,Unfound
,,,,,,,2085306017,2085306017,,,2085306017,Unfound
,,,,,,,1217777465,1217777465,,,1217777465,Unfound
,,,,,,,1905423322,1905423322,,,1905423322,Unfound
,,,,,,,1159783467,1159783467,,,1159783467,Unfound
,,,,,,,1159500885,1159500885,,,1159500885,Unfound
,,,,,,,1623751164,1623751164,,,1623751164,Unfound
,,,,,,,1752220810,1752220810,,,1752220810,Unfound
,,,,,,,1159411114,1159411114,,,1159411114,Unfound
,,,,,,,7455712191,7455712191,,,7455712191,Unfound
,,,,,,,1159235083,1159235083,,,1159235083,Unfound
,,,,,,,1217481546,1217481546,,,1217481546,Unfound
,,,,,,,7443482818,7443482818,,,7443482818,Unfound
,,,,,,,1200020827180,,,,,Unfound
,,,,,,,1494614614,1494614614,,,1494614614,Unfound
,,,,,,,1217432273,1217432273,,,1217432273,Unfound
,,,,,,,1159819634,1159819634,,,1159819634,Unfound
,,,,,,,1963351313,1963351313,,,1963351313,Unfound
,,,,,,,1949842858,1949842858,,,1949842858,Unfound
,,,,,,,1159204697,1159204697,,,1159204697,Unfound
,,,,,,,1100005859016,,,,,Unfound
,,,,,,,1482461915,1482461915,,,1482461915,Unfound
,,,,,,,93012403,93012403,,,106045,Unfound
,,,,,,,1752423640,1752423640,,,1752423640,Unfound
,,,,,,,1934724809,1934724809,,,1934724809,Unfound
,,,,,,,1647433170,1647433170,,,1647433170,Unfound
,,,,,,,7827966197,7827966197,,,7827966197,Unfound
,,,,,,,1934710318,1934710318,,,1934710318,Unfound
,,,,,,,1823326694,1823326694,,,1823326694,Unfound
,,,,,,,1752690133,1752690133,,,1752690133,Unfound
,,,,,,,1752343280,1752343280,,,1752343280,Unfound
,,,,,,,1412665131007,,,,,Unfound
,,,,,,,1598753634,1598753634,,,1598753634,Unfound
,,,,,,,1458831330,1458831330,,,1458831330,Unfound
,,,,,,,1215654848,,,,,Unfound
,,,,,,,1272518003,1272518003,,,298101,Unfound
,,,,,,,3295105605,3295105605,,,11409,Unfound
,,,,,,,52832109,,,,,Unfound
,,,,,,,4186479209,4186479209,,,1,Unfound
,,,,,,,2729990503,2729990503,,,99047,Unfound
,,,,,,,63953209,63953209,,,63953209,Unfound
,,,,,,,3913724602,,,,,Unfound
,,,,,,,1454633711,1454633711,,,1454633711,Unfound
,,,,,,,1452530336,1452530336,,,1452530336,Unfound
,,,,,,,1392217322,1392217322,,,1392217322,Unfound
,,,,,,,7588763880,7588763880,,,7588763880,Unfound
,,,,,,,73874906,,,,,Unfound
,,,,,,,1159500550,1159500550,,,1159500550,Unfound
,,,,,,,1905453300,1905453300,,,1905453300,Unfound
,,,,,,,1159204008,1159204008,,,1159204008,Unfound
,,,,,,,1773810464,1773810464,,,1773810464,Unfound
,,,,,,,1159168880,1159168880,,,1159168880,Unfound
,,,,,,,1159752355,1159752355,,,1159752355,Unfound
,,,,,,,1522691166,1522691166,,,1522691166,Unfound
,,,,,,,1604948185,1604948185,,,1604948185,Unfound
,,,,,,,1158222226,1158222226,,,1158222226,Unfound
,,,,,,,2083951112,2083951112,,,2083951112,Unfound
,,,,,,,1959570766,1959570766,,,1959570766,Unfound
,,,,,,,1159781569,1159781569,,,1159781569,Unfound
,,,,,,,59529907,,,,,Unfound
,,,,,,,7930757888,7930757888,,,7930757888,Unfound
,,,,,,,2088570666,2088570666,,,2088570666,Unfound
,,,,,,,1522513366,1522513366,,,1522513366,Unfound
,,,,,,,1295713805,1295713805,,,1295713805,Unfound
,,,,,,,1226756521,1226756521,,,1226756521,Unfound
,,,,,,,1159818618,1159818618,,,1159818618,Unfound
,,,,,,,1159797588,1159797588,,,1159797588,Unfound
,,,,,,,1159677589,1159677589,,,1159677589,Unfound
,,,,,,,1159632184,1159632184,,,1159632184,Unfound
,,,,,,,1159865290,1159865290,,,1159865290,Unfound
,,,,,,,1522560460,1522560460,,,1522560460,Unfound
,,,,,,,7813072823,7813072823,,,7813072823,Unfound
,,,,,,,1902491222,1902491222,,,1902491222,Unfound
,,,,,,,7970762486,7970762486,,,7970762486,Unfound
,,,,,,,1623628412,1623628412,,,1623628412,Unfound
,,,,,,,1213268881,1213268881,,,1213268881,Unfound
,,,,,,,7720772192,7720772192,,,7720772192,Unfound
,,,,,,,1452865235,1452865235,,,1452865235,Unfound
,,,,,,,1217223883,1217223883,,,1217223883,Unfound
,,,,,,,1217444270,1217444270,,,1217444270,Unfound
,,,,,,,1535640860,1535640860,,,1535640860,Unfound
,,,,,,,1159320284,1159320284,,,1159320284,Unfound
,,,,,,,1527832530,1527832530,,,1527832530,Unfound
,,,,,,,1213547167,1213547167,,,1213547167,Unfound
,,,,,,,1642244766,1642244766,,,1642244766,Unfound
,,,,,,,1250884203,1250884203,,,1250884203,Unfound
,,,,,,,3402852407,3402852407,,,6662,Unfound
,,,,,,,1623633535,1623633535,,,1623633535,Unfound
,,,,,,,9154902700,9154902700,,,10694,Unfound
,,,,,,,1158411154,1158411154,,,1158411154,Unfound
,,,,,,,2226382406,,,,,Unfound
,,,,,,,8702910010,8702910010,,,8702910010,Unfound
,,,,,,,7887508735,7887508735,,,7887508735,Unfound
,,,,,,,7591392143,7591392143,,,7591392143,Unfound
,,,,,,,7470483664,7470483664,,,7470483664,Unfound
,,,,,,,2736138807,,,,,Unfound
,,,,,,,2476994452,2476994452,,,2476994452,Unfound
,,,,,,,2476992760,2476992760,,,2476992760,Unfound
,,,,,,,2085002222,2085002222,,,2085002222,Unfound
,,,,,,,1754610300,1754610300,,,1754610300,Unfound
,,,,,,,1623660393,1623660393,,,1623660393,Unfound
,,,,,,,1100007670756,,,,,Unfound
,,,,,,,1538308439,1538308439,,,1538308439,Unfound
,,,,,,,1415522777,1415522777,,,1415522777,Unfound
,,,,,,,1384565394,1384565394,,,1384565394,Unfound
,,,,,,,9209435102,9209435102,,,22790,Unfound
,,,,,,,1253522922,1253522922,,,1253522922,Unfound
,,,,,,,1246830251,1246830251,,,1246830251,Unfound
,,,,,,,1246232499,1246232499,,,1246232499,Unfound
,,,,,,,1159819651,1159819651,,,1159819651,Unfound
,,,,,,,1159762391,1159762391,,,1159762391,Unfound
,,,,,,,1159598933,1159598933,,,1159598933,Unfound
,,,,,,,1159490977,1159490977,,,1159490977,Unfound
,,,,,,,1159401014,1159401014,,,1159401014,Unfound
,,,,,,,1158242323,1158242323,,,1158242323,Unfound
,,,,,,,1604604040,1604604040,,,1604604040,Unfound
,,,,,,,1428476100003,,,,,Unfound
,,,,,,,1384457126,1384457126,,,1384457126,Unfound
,,,,,,,1236434033,1236434033,,,1236434033,Unfound
,,,,,,,1242226800,1242226800,,,1242226800,Unfound
,,,,,,,9212663310,,,,,Unfound
,,,,,,,1213660428,1213660428,,,1213660428,Unfound
,,,,,,,1625366300,1625366300,,,28037,Unfound
,,,,,,,1214782263,1214782263,,,1214782263,Unfound
,,,,,,,75135406,,,,,Unfound
,,,,,,,1242510517,1242510517,,,1242510517,Unfound
,,,,,,,1215235755,1215235755,,,1215235755,Unfound
,,,,,,,1902367036,1902367036,,,1902367036,Unfound
,,,,,,,68725706,,,,,Unfound
,,,,,,,1803313656,1803313656,,,1803313656,Unfound
,,,,,,,1100006671800,,,,,Unfound
,,,,,,,1643708222,1643708222,,,1643708222,Unfound
,,,,,,,1409271111,1409271111,,,1409271111,Unfound
,,,,,,,2962337309,2962337309,,,1,Unfound
,,,,,,,1398324395,1398324395,,,1398324395,Unfound
,,,,,,,1271863888,1271863888,,,1271863888,Unfound
,,,,,,,1100020955009,,,,,Unfound
,,,,,,,1271328631,1271328631,,,1271328631,Unfound
,,,,,,,1100021524567,,,,,Unfound
,,,,,,,1213732027,1213732027,,,1213732027,Unfound
,,,,,,,7453325193,7453325193,,,7453325193,Unfound
,,,,,,,1598763245,1598763245,,,1598763245,Unfound
,,,,,,,1753214650,1753214650,,,1753214650,Unfound
,,,,,,,2076372888,2076372888,,,2076372888,Unfound
,,,,,,,1902785843,1902785843,,,1902785843,Unfound
,,,,,,,5060584804,,,,,Unfound
,,,,,,,1213517911,1213517911,,,1213517911,Unfound
,,,,,,,1215571465,1215571465,,,1215571465,Unfound
,,,,,,,1904640900,1904640900,,,1904640900,Unfound
,,,,,,,1217060781,1217060781,,,1217060781,Unfound
,,,,,,,1214499368,1214499368,,,1214499368,Unfound
,,,,,,,7498666068,7498666068,,,7498666068,Unfound
,,,,,,,7984976847,7984976847,,,7984976847,Unfound
,,,,,,,1217776455,1217776455,,,1217776455,Unfound
,,,,,,,1213082299,1213082299,,,1213082299,Unfound
,,,,,,,1159825582,1159825582,,,1159825582,Unfound
,,,,,,,1205355366,1205355366,,,1205355366,Unfound
,,,,,,,1216036114,1216036114,,,1216036114,Unfound
,,,,,,,7528806539,7528806539,,,7528806539,Unfound
,,,,,,,8452336600,8452336600,,,8452336600,Unfound
,,,,,,,1159497421,1159497421,,,1159497421,Unfound
,,,,,,,1815133902,,,,,Unfound
,,,,,,,1159720833,1159720833,,,1159720833,Unfound
,,,,,,,1159240870,1159240870,,,1159240870,Unfound
,,,,,,,1217714681,1217714681,,,1217714681,Unfound
,,,,,,,1159110595,1159110595,,,1159110595,Unfound
,,,,,,,1604811824,1604811824,,,1604811824,Unfound
,,,,,,,1604686240,1604686240,,,1604686240,Unfound
,,,,,,,1522529114,1522529114,,,1522529114,Unfound
,,,,,,,3031754201,,,,,Unfound
,,,,,,,1623721721,1623721721,,,1623721721,Unfound
,,,,,,,8455280756,8455280756,,,8455280756,Unfound
,,,,,,,1452731417,1452731417,,,1452731417,Unfound
,,,,,,,1949878889,1949878889,,,1949878889,Unfound
,,,,,,,1526321094,1526321094,,,1526321094,Unfound
,,,,,,,1904567912,1904567912,,,1904567912,Unfound
,,,,,,,1623752211,1623752211,,,1623752211,Unfound
,,,,,,,1159486900,1159486900,,,1159486900,Unfound
,,,,,,,1604621325,1604621325,,,1604621325,Unfound
,,,,,,,1159397367,1159397367,,,1159397367,Unfound
,,,,,,,1159251506,1159251506,,,1159251506,Unfound
,,,,,,,1773714779,1773714779,,,1773714779,Unfound
,,,,,,,1159399077,1159399077,,,1159399077,Unfound
,,,,,,,1159617420,1159617420,,,1159617420,Unfound
,,,,,,,1212362427,1212362427,,,1212362427,Unfound
,,,,,,,1159795206,1159795206,,,1159795206,Unfound
,,,,,,,1604880622,1604880622,,,1604880622,Unfound
,,,,,,,1904655429,1904655429,,,1904655429,Unfound
,,,,,,,1454314980,1454314980,,,1454314980,Unfound
,,,,,,,1159296397,1159296397,,,1159296397,Unfound
,,,,,,,156544,156544,,,156544,Unfound
,,,,,,,109972,109972,,,109972,Unfound
,,,,,,,202244,202244,,,202244,Unfound
,,,,,,,107064,107064,,,107064,Unfound
,,,,,,,155630,155630,,,155630,Unfound
,,,,,,,110412,110412,,,110412,Unfound
,,,,,,,149285,149285,,,149285,Unfound
,,,,,,,160255,160255,,,160255,Unfound
,,,,,,,416356103,416356103,,,416356103,Unfound
,,,,,,,4155188601,,,,,Unfound
,,,,,,,170862,170862,,,170862,Unfound
,,,,,,,1159390724,1159390724,,,1159390724,Unfound
,,,,,,,1773765000,1773765000,,,1773765000,Unfound
,,,,,,,1159870520,1159870520,,,1159870520,Unfound
,,,,,,,1604630144,1604630144,,,1604630144,Unfound
,,,,,,,9204906101,9204906101,,,6337,Unfound
,,,,,,,8816603706,8816603706,,,101130,Unfound
,,,,,,,1159504877,1159504877,,,1159504877,Unfound
,,,,,,,1213595544,1213595544,,,1213595544,Unfound
,,,,,,,1684592643,1684592643,,,1684592643,Unfound
,,,,,,,7864877947,7864877947,,,7864877947,Unfound
,,,,,,,1159632080,1159632080,,,1159632080,Unfound
,,,,,,,1159770195,1159770195,,,1159770195,Unfound
,,,,,,,46842800,,,,,Unfound
,,,,,,,1452840042,1452840042,,,1452840042,Unfound
,,,,,,,1159856954,1159856954,,,1159856954,Unfound
,,,,,,,1159871280,1159871280,,,1159871280,Unfound
,,,,,,,1159782478,1159782478,,,1159782478,Unfound
,,,,,,,60426307,,,,,Unfound
,,,,,,,1217724466,1217724466,,,1217724466,Unfound
,,,,,,,1636821557,1636821557,,,1636821557,Unfound
,,,,,,,1299822205,1299822205,,,1299822205,Unfound
,,,,,,,7932426476,7932426476,,,7932426476,Unfound
,,,,,,,1543677227,1543677227,,,1543677227,Unfound
,,,,,,,1912722628,1912722628,,,1912722628,Unfound
,,,,,,,1212366653,1212366653,,,1212366653,Unfound
,,,,,,,7817556750,7817556750,,,7817556750,Unfound
,,,,,,,1215262367,1215262367,,,1215262367,Unfound
,,,,,,,1904659023,1904659023,,,1904659023,Unfound
,,,,,,,1788510778,1788510778,,,1788510778,Unfound
,,,,,,,1604752600,1604752600,,,1604752600,Unfound
,,,,,,,1604671671,1604671671,,,1604671671,Unfound
,,,,,,,1604645600,1604645600,,,1604645600,Unfound
,,,,,,,12345678,12345678,,,12345678,Unfound
,,,,,,,1159336666,1159336666,,,1159336666,Unfound
,,,,,,,1909563400,1909563400,,,1909563400,Unfound
,,,,,,,1159399299,1159399299,,,1159399299,Unfound
,,,,,,,1623636600,1623636600,,,1623636600,Unfound
,,,,,,,524297006,,,,,Unfound
,,,,,,,1604492700,1604492700,,,1604492700,Unfound
,,,,,,,9354957908,,,,,Unfound
,,,,,,,1526397262,1526397262,,,1526397262,Unfound
,,,,,,,8911766907,8911766907,,,31765,Unfound
,,,,,,,1526342334,1526342334,,,1526342334,Unfound
,,,,,,,1214581112,1214581112,,,1214581112,Unfound
,,,,,,,1212583440,1212583440,,,1212583440,Unfound
,,,,,,,1159732566,1159732566,,,1159732566,Unfound
,,,,,,,1159707989,1159707989,,,1159707989,Unfound
,,,,,,,1159638073,1159638073,,,1159638073,Unfound
,,,,,,,1159456366,1159456366,,,1159456366,Unfound
,,,,,,,1278741210,1278741210,,,1278741210,Unfound
,,,,,,,1212129799,1212129799,,,1212129799,Unfound
,,,,,,,1885490442,1885490442,,,1885490442,Unfound
,,,,,,,1604792383,1604792383,,,1604792383,Unfound
,,,,,,,202796508,,,,,Unfound
,,,,,,,1427718561,1427718561,,,1427718561,Unfound
,,,,,,,1212122866,1212122866,,,1212122866,Unfound
,,,,,,,1052376005,,,,,Unfound
,,,,,,,1159252521,1159252521,,,1159252521,Unfound
,,,,,,,1214720244,1214720244,,,1214720244,Unfound
,,,,,,,1215541131,1215541131,,,1215541131,Unfound
,,,,,,,1452730371,1452730371,,,1452730371,Unfound
,,,,,,,1159815444,1159815444,,,1159815444,Unfound
,,,,,,,1278782616,1278782616,,,1278782616,Unfound
,,,,,,,1392881375,1392881375,,,1392881375,Unfound
,,,,,,,7790606473,7790606473,,,7790606473,Unfound
,,,,,,,1752662312,1752662312,,,1752662312,Unfound
,,,,,,,1395514378,1395514378,,,1395514378,Unfound
,,,,,,,1158372239,1158372239,,,1158372239,Unfound
,,,,,,,8814086107,,,,,Unfound
,,,,,,,1159702727,1159702727,,,1159702727,Unfound
,,,,,,,7973706072,7973706072,,,7973706072,Unfound
,,,,,,,1216872465,1216872465,,,1216872465,Unfound
,,,,,,,7970823993,7970823993,,,7970823993,Unfound
,,,,,,,1217643244,1217643244,,,1217643244,Unfound
,,,,,,,1392690140,1392690140,,,1392690140,Unfound
,,,,,,,1159569956,1159569956,,,1159569956,Unfound
,,,,,,,1212435679,1212435679,,,1212435679,Unfound
,,,,,,,7719092264,7719092264,,,7719092264,Unfound
,,,,,,,1159717664,1159717664,,,1159717664,Unfound
,,,,,,,1522805667,1522805667,,,1522805667,Unfound
,,,,,,,7900448681,7900448681,,,7900448681,Unfound
,,,,,,,7710435347,7710435347,,,7710435347,Unfound
,,,,,,,271919061,271919061,,,271919061,Unfound
,,,,,,,1274426230,1274426230,,,1274426230,Unfound
,,,,,,,1217773185,1217773185,,,1217773185,Unfound
,,,,,,,1458448283,1458448283,,,1458448283,Unfound
,,,,,,,1604603006,1604603006,,,1604603006,Unfound
,,,,,,,3909796203,,,,,Unfound
,,,,,,,1422205924,1422205924,,,1422205924,Unfound
,,,,,,,1132534127,1132534127,,,1132534127,Unfound
,,,,,,,17430202,17430202,,,110350,Unfound
,,,,,,,1132647362,1132647362,,,1132647362,Unfound
,,,,,,,69877802,,,,,Unfound
,,,,,,,8456750579,8456750579,,,8456750579,Unfound
,,,,,,,8438163594,8438163594,,,8438163594,Unfound
,,,,,,,1924895959,1924895959,,,1924895959,Unfound
,,,,,,,156808505,156808505,,,156808505,Unfound
,,,,,,,1924478491,1924478491,,,1924478491,Unfound
,,,,,,,1759372880,1759372880,,,1759372880,Unfound
,,,,,,,1535690073,1535690073,,,1535690073,Unfound
,,,,,,,3001404110,,,,,Unfound
,,,,,,,1484667471,1484667471,,,1484667471,Unfound
,,,,,,,1422372361,1422372361,,,1422372361,Unfound
,,,,,,,1274738500,1274738500,,,1274738500,Unfound
,,,,,,,1274579904,1274579904,,,1274579904,Unfound
,,,,,,,1130021603,,,,,Unfound
,,,,,,,1274567901,1274567901,,,1274567901,Unfound
,,,,,,,1159241112,1159241112,,,1159241112,Unfound
,,,,,,,1924280855,1924280855,,,1924280855,Unfound
,,,,,,,1159393909,1159393909,,,1159393909,Unfound
,,,,,,,1159818733,1159818733,,,1159818733,Unfound
,,,,,,,1904488102,1904488102,,,1904488102,Unfound
,,,,,,,52673407,,,,,Unfound
,,,,,,,1626774595,1626774595,,,1626774595,Unfound
,,,,,,,1427788327,1427788327,,,1427788327,Unfound
,,,,,,,8454501940,8454501940,,,8454501940,Unfound
,,,,,,,1904613077,1904613077,,,1904613077,Unfound
,,,,,,,7737349371,7737349371,,,7737349371,Unfound
,,,,,,,1159421680,1159421680,,,1159421680,Unfound
,,,,,,,91561909,,,,,Unfound
,,,,,,,1759304469,1759304469,,,1759304469,Unfound
,,,,,,,3982207709,,,,,Unfound
,,,,,,,1623793040,1623793040,,,1623793040,Unfound
,,,,,,,7866050580,7866050580,,,7866050580,Unfound
,,,,,,,1604862544,1604862544,,,1604862544,Unfound
,,,,,,,1759318319,1759318319,,,1759318319,Unfound
,,,,,,,1159670050,1159670050,,,1159670050,Unfound
,,,,,,,8842216304,,,,,Unfound
,,,,,,,80785101,,,,,Unfound
,,,,,,,1604239534,1604239534,,,1604239534,Unfound
,,,,,,,1159504645,1159504645,,,1159504645,Unfound
,,,,,,,1159240068,1159240068,,,1159240068,Unfound
,,,,,,,1384636465,1384636465,,,1384636465,Unfound
,,,,,,,1274566241,1274566241,,,1274566241,Unfound
,,,,,,,1623578985,1623578985,,,1623578985,Unfound
,,,,,,,1159268368,1159268368,,,1159268368,Unfound
,,,,,,,1242679126,1242679126,,,1242679126,Unfound
,,,,,,,1373471093,1373471093,,,1373471093,Unfound
,,,,,,,1484300055,1484300055,,,1484300055,Unfound
,,,,,,,1364388060,1364388060,,,1364388060,Unfound
,,,,,,,1905747994,1905747994,,,1905747994,Unfound
,,,,,,,1217735735,1217735735,,,1217735735,Unfound
,,,,,,,1215537124,1215537124,,,1215537124,Unfound
,,,,,,,1158370106,1158370106,,,1158370106,Unfound
,,,,,,,1484427858,1484427858,,,1484427858,Unfound
,,,,,,,1626334567,1626334567,,,1626334567,Unfound
,,,,,,,1752662097,1752662097,,,1752662097,Unfound
,,,,,,,4222590510,4222590510,,,57840,Unfound
,,,,,,,1949208110,1949208110,,,1949208110,Unfound
,,,,,,,2528213605,,,,,Unfound
,,,,,,,7771888141,7771888141,,,7771888141,Unfound
,,,,,,,1984631760,1984631760,,,1984631760,Unfound
,,,,,,,10881200,10881200,,,185102,Unfound
,,,,,,,1934624222,1934624222,,,1934624222,Unfound
,,,,,,,1924565190,1924565190,,,1924565190,Unfound
,,,,,,,1904632226,1904632226,,,1904632226,Unfound
,,,,,,,1803211604,1803211604,,,1803211604,Unfound
,,,,,,,1548843744,1548843744,,,1548843744,Unfound
,,,,,,,1395567626,1395567626,,,1395567626,Unfound
,,,,,,,67682507,67682507,,,67682507,Unfound
,,,,,,,17681609,17681609,,,17681609,Unfound
,,,,,,,8816364310,8816364310,,,8816364310,Unfound
,,,,,,,1392221291,1392221291,,,1392221291,Unfound
,,,,,,,1271267090,1271267090,,,1271267090,Unfound
,,,,,,,1132310006,1132310006,,,1132310006,Unfound
,,,,,,,1392683397,1392683397,,,1392683397,Unfound
,,,,,,,1213568220,1213568220,,,1213568220,Unfound
,,,,,,,1213333999,1213333999,,,1213333999,Unfound
,,,,,,,7913042371,7913042371,,,7913042371,Unfound
,,,,,,,1977611177,1977611177,,,1977611177,Unfound
,,,,,,,1924407507,1924407507,,,1924407507,Unfound
,,,,,,,1777228661,1777228661,,,1777228661,Unfound
,,,,,,,1484715676,1484715676,,,1484715676,Unfound
,,,,,,,1274548886,1274548886,,,1274548886,Unfound
,,,,,,,1132326505,1132326505,,,1132326505,Unfound
,,,,,,,1159374589,1159374589,,,1159374589,Unfound
,,,,,,,2313308635112,,,,,Unfound
,,,,,,,7511966001,7511966001,,,7511966001,Unfound
,,,,,,,1217712451,1217712451,,,1217712451,Unfound
,,,,,,,1455209302,1455209302,,,1455209302,Unfound
,,,,,,,4526320315,4526320315,,,4526320315,Unfound
,,,,,,,1604591090,1604591090,,,1604591090,Unfound
,,,,,,,1604636739,1604636739,,,1604636739,Unfound
,,,,,,,1159527949,1159527949,,,1159527949,Unfound
,,,,,,,2074355690,2074355690,,,2074355690,Unfound
,,,,,,,1159615115,1159615115,,,1159615115,Unfound
,,,,,,,1623517958,1623517958,,,1623517958,Unfound
,,,,,,,1773769395,1773769395,,,1773769395,Unfound
,,,,,,,7970900805,7970900805,,,7970900805,Unfound
,,,,,,,7833240570,7833240570,,,7833240570,Unfound
,,,,,,,1159299555,1159299555,,,1159299555,Unfound
,,,,,,,1159813353,1159813353,,,1159813353,Unfound
,,,,,,,2073705711,2073705711,,,2073705711,Unfound
,,,,,,,1246450099,1246450099,,,1246450099,Unfound
,,,,,,,1604713098,1604713098,,,1604713098,Unfound
,,,,,,,1159268262,1159268262,,,1159268262,Unfound
,,,,,,,1773767666,1773767666,,,1773767666,Unfound
,,,,,,,1706822389,1706822389,,,1706822389,Unfound
,,,,,,,1621783479,1621783479,,,1621783479,Unfound
,,,,,,,1604891333,1604891333,,,1604891333,Unfound
,,,,,,,1604636723,1604636723,,,1604636723,Unfound
,,,,,,,1159781851,1159781851,,,1159781851,Unfound
,,,,,,,2392916010,2392916010,,,2392916010,Unfound
,,,,,,,1159770664,1159770664,,,1159770664,Unfound
,,,,,,,1159783500,1159783500,,,1159783500,Unfound
,,,,,,,2073880880,2073880880,,,2073880880,Unfound
,,,,,,,1772861197,1772861197,,,1772861197,Unfound
,,,,,,,9182802210,,,,,Unfound
,,,,,,,55301306,,,,,Unfound
,,,,,,,1159212726,1159212726,,,1159212726,Unfound
,,,,,,,1213574830,1213574830,,,1213574830,Unfound
,,,,,,,1271342624,1271342624,,,1271342624,Unfound
,,,,,,,1522778924,1522778924,,,1522778924,Unfound
,,,,,,,8829289703,8829289703,,,55936,Unfound
,,,,,,,1453844233,1453844233,,,1453844233,Unfound
,,,,,,,1215802001,1215802001,,,1215802001,Unfound
,,,,,,,1214594994,1214594994,,,1214594994,Unfound
,,,,,,,1905453527,1905453527,,,1905453527,Unfound
,,,,,,,7969724448,7969724448,,,7969724448,Unfound
,,,,,,,1214487966,1214487966,,,1214487966,Unfound
,,,,,,,9350389607,9350389607,,,116907,Unfound
,,,,,,,1159754808,1159754808,,,1159754808,Unfound
,,,,,,,1476407242,1476407242,,,1476407242,Unfound
,,,,,,,8888220103,,,,,Unfound
,,,,,,,1159372812,1159372812,,,1159372812,Unfound
,,,,,,,1100019636790,,,,,Unfound
,,,,,,,1384235590,1384235590,,,1384235590,Unfound
,,,,,,,1159581029,1159581029,,,1159581029,Unfound
,,,,,,,9354537504,,,,,Unfound
,,,,,,,1159787100,1159787100,,,1159787100,Unfound
,,,,,,,4033280806,,,,,Unfound
,,,,,,,1159382555,1159382555,,,1159382555,Unfound
,,,,,,,1908280660,1908280660,,,1908280660,Unfound
,,,,,,,1159502284,1159502284,,,1159502284,Unfound
,,,,,,,1159292352,1159292352,,,1159292352,Unfound
,,,,,,,7728741517,7728741517,,,7728741517,Unfound
,,,,,,,7711881427,7711881427,,,7711881427,Unfound
,,,,,,,1992557503,1992557503,,,1992557503,Unfound
,,,,,,,1933228849,1933228849,,,1933228849,Unfound
,,,,,,,1922404222,1922404222,,,1922404222,Unfound
,,,,,,,1799530687,1799530687,,,1799530687,Unfound
,,,,,,,1775724660,1775724660,,,1775724660,Unfound
,,,,,,,1617897171,1617897171,,,1617897171,Unfound
,,,,,,,1616272570,1616272570,,,1616272570,Unfound
,,,,,,,54814802,,,,,Unfound
,,,,,,,74618410,,,,,Unfound
,,,,,,,1604795410,1604795410,,,1604795410,Unfound
,,,,,,,1604780225,1604780225,,,1604780225,Unfound
,,,,,,,1604675012,1604675012,,,1604675012,Unfound
,,,,,,,1604639605,1604639605,,,1604639605,Unfound
,,,,,,,1522683347,1522683347,,,1522683347,Unfound
,,,,,,,1348872008,1348872008,,,1348872008,Unfound
,,,,,,,7418532110,,,,,Unfound
,,,,,,,1327878111,1327878111,,,1327878111,Unfound
,,,,,,,1159813778,1159813778,,,1159813778,Unfound
,,,,,,,1159606052,1159606052,,,1159606052,Unfound
,,,,,,,1905420459,1905420459,,,1905420459,Unfound
,,,,,,,1215540565,1215540565,,,1215540565,Unfound
,,,,,,,54942508,,,,,Unfound
,,,,,,,1216045757,1216045757,,,1216045757,Unfound
,,,,,,,1453837500,1453837500,,,1453837500,Unfound
,,,,,,,1803328904,1803328904,,,1803328904,Unfound
,,,,,,,1458831740,1458831740,,,1458831740,Unfound
,,,,,,,1214306677,1214306677,,,1214306677,Unfound
,,,,,,,1418631422007,,,,,Unfound
,,,,,,,1591017246840,,,,,Unfound
,,,,,,,1564770560,1564770560,,,1564770560,Unfound
,,,,,,,9374388009,,,,,Unfound
,,,,,,,1214298580,1214298580,,,1214298580,Unfound
,,,,,,,1594543794,1594543794,,,1594543794,Unfound
,,,,,,,1908664466,1908664466,,,1908664466,Unfound
,,,,,,,1214227877,1214227877,,,1214227877,Unfound
,,,,,,,1159229615,1159229615,,,1159229615,Unfound
,,,,,,,1158226335,1158226335,,,1158226335,Unfound
,,,,,,,1416782861000,,,,,Unfound
,,,,,,,1653648278,1653648278,,,1653648278,Unfound
,,,,,,,1604595622,1604595622,,,1604595622,Unfound
,,,,,,,7976943210,7976943210,,,7976943210,Unfound
,,,,,,,1159674500,1159674500,,,1159674500,Unfound
,,,,,,,1159706600,1159706600,,,1159706600,Unfound
,,,,,,,1159170197,1159170197,,,1159170197,Unfound
,,,,,,,1327843422,1327843422,,,1327843422,Unfound
,,,,,,,1773717431,1773717431,,,1773717431,Unfound
,,,,,,,75290800,,,,,Unfound
,,,,,,,67634810,,,,,Unfound
,,,,,,,62712206,,,,,Unfound
,,,,,,,2760897806,,,,,Unfound
,,,,,,,77329901,77329901,,,77016,Unfound
,,,,,,,8813997604,,,,,Unfound
,,,,,,,69649609,,,,,Unfound
,,,,,,,9336297901,,,,,Unfound
,,,,,,,49285809,,,,,Unfound
,,,,,,,1100039508755,,,,,Unfound
,,,,,,,1604588090,1604588090,,,1604588090,Unfound
,,,,,,,1159877291,1159877291,,,1159877291,Unfound
,,,,,,,1159628300,1159628300,,,1159628300,Unfound
,,,,,,,1604705323,1604705323,,,1604705323,Unfound
,,,,,,,1159291804,1159291804,,,1159291804,Unfound
,,,,,,,1158404101,1158404101,,,1158404101,Unfound
,,,,,,,1159602202,1159602202,,,1159602202,Unfound
,,,,,,,1159497486,1159497486,,,1159497486,Unfound
,,,,,,,1414334202007,,,,,Unfound
,,,,,,,1215230622,1215230622,,,1215230622,Unfound
,,,,,,,1159242214,1159242214,,,1159242214,Unfound
,,,,,,,1159476651,1159476651,,,1159476651,Unfound
,,,,,,,1905451818,1905451818,,,1905451818,Unfound
,,,,,,,1159783219,1159783219,,,1159783219,Unfound
,,,,,,,1159700978,1159700978,,,1159700978,Unfound
,,,,,,,1217701793,1217701793,,,1217701793,Unfound
,,,,,,,1159484141,1159484141,,,1159484141,Unfound
,,,,,,,100958,100958,,,100958,Unfound
,,,,,,,126295,126295,,,126295,Unfound
,,,,,,,1452019503,,,,,Unfound
,,,,,,,100443,100443,,,100443,Unfound
,,,,,,,109838,109838,,,109838,Unfound
,,,,,,,1012455284072,,,,,Unfound
,,,,,,,103721,103721,,,103721,Unfound
,,,,,,,120273,120273,,,120273,Unfound
,,,,,,,117096,117096,,,117096,Unfound
,,,,,,,100365,100365,,,100365,Unfound
,,,,,,,55077709,,,,,Unfound
,,,,,,,73880205,,,,,Unfound
,,,,,,,3337136507,,,,,Unfound
,,,,,,,1413028531005,,,,,Unfound
,,,,,,,2000020687000,,,,,Unfound
,,,,,,,8826293903,,,,,Unfound
,,,,,,,67253809,,,,,Unfound
,,,,,,,9393477307,,,,,Unfound
,,,,,,,2064590301,2064590301,,,17027,Unfound
,,,,,,,1100006671786,,,,,Unfound
,,,,,,,67472900,,,,,Unfound
,,,,,,,2199994786797,,,,,Unfound
,,,,,,,2966666304,,,,,Unfound
,,,,,,,2199993652150,,,,,Unfound
,,,,,,,17547403,,,,,Unfound
,,,,,,,2769046106,,,,,Unfound
,,,,,,,2199995120414,,,,,Unfound
,,,,,,,1633551706,,,,,Unfound
,,,,,,,4173716602,,,,,Unfound
,,,,,,,566871810,,,,,Unfound
,,,,,,,9193841310,,,,,Unfound
,,,,,,,1341813909,,,,,Unfound
,,,,,,,699571704,699571704,,,36724,Unfound
,,,,,,,66224303,,,,,Unfound
,,,,,,,1610031188320,,,,,Unfound
,,,,,,,19031310,,,,,Unfound
,,,,,,,80436008,,,,,Unfound
,,,,,,,8816015902,,,,,Unfound
,,,,,,,1300009804784,,,,,Unfound
,,,,,,,58859003,,,,,Unfound
,,,,,,,8816381400,,,,,Unfound
,,,,,,,8847987404,8847987404,,,46054,Unfound
,,,,,,,1311152008,,,,,Unfound
,,,,,,,8823505809,,,,,Unfound
,,,,,,,5/5/2026,5/5/2026,,,,Unfound
,,,,,,,2200011801425,,,,,Unfound
,,,,,,,1/5/2025,1/5/2025,,,,Unfound
,,,,,,,17/11/2026,17/11/2026,,,,Unfound
,,,,,,,20/7/2024,20/7/2024,,,,Unfound
,,,,,,,16/6/2025,16/6/2025,,,,Unfound
,,,,,,,15/1/2027,15/1/2027,,,,Unfound
,,,,,,,28/2/2024,28/2/2024,,,,Unfound
,,,,,,,11/11/2024,11/11/2024,,,,Unfound
,,,,,,,13/9/2024,13/9/2024,,,,Unfound
,,,,,,,7/12/2026,7/12/2026,,,,Unfound
,,,,,,,7/10/2025,7/10/2025,,,,Unfound
,,,,,,,13/1/2025,13/1/2025,,,,Unfound
,,,,,,,31/3/2025,31/3/2025,,,,Unfound
,,,,,,,11/12/2025,11/12/2025,,,,Unfound
,,,,,,,1/5/2024,1/5/2024,,,,Unfound
,,,,,,,9/12/2024,9/12/2024,,,,Unfound
,,,,,,,15/12/2024,15/12/2024,,,,Unfound
,,,,,,,29/12/2024,29/12/2024,,,,Unfound
,,,,,,,18/5/2026,18/5/2026,,,,Unfound
,,,,,,,1/10/2024,1/10/2024,,,,Unfound
,,,,,,,4/4/2025,4/4/2025,,,,Unfound
,,,,,,,2/7/2024,2/7/2024,,,,Unfound
,,,,,,,24/4/2026,24/4/2026,,,,Unfound
,,,,,,,27/2/2025,27/2/2025,,,,Unfound
,,,,,,,14/11/2024,14/11/2024,,,,Unfound
,,,,,,,8/6/2025,8/6/2025,,,,Unfound
,,,,,,,3/4/2024,3/4/2024,,,,Unfound
,,,,,,,1/7/2025,1/7/2025,,,,Unfound
,,,,,,,5/8/2026,5/8/2026,,,,Unfound
,,,,,,,3/3/2025,3/3/2025,,,,Unfound
,,,,,,,4/9/2024,4/9/2024,,,,Unfound
,,,,,,,1/4/2025,1/4/2025,,,,Unfound
,,,,,,,4/3/2024,4/3/2024,,,,Unfound
,,,,,,,29/8/2024,29/8/2024,,,,Unfound
,,,,,,,22/3/2025,22/3/2025,,,,Unfound
,,,,,,,19/5/2024,19/5/2024,,,,Unfound
,,,,,,,15/4/2025,15/4/2025,,,,Unfound
,,,,,,,7/7/2025,7/7/2025,,,,Unfound
,,,,,,,1/9/2025,1/9/2025,,,,Unfound
,,,,,,,22/7/2024,22/7/2024,,,,Unfound
,,,,,,,15/12/2025,15/12/2025,,,,Unfound
,,,,,,,26/6/2025,26/6/2025,,,,Unfound
,,,,,,,2000025965988,,,,,Unfound
,,,,,,,16/1/2025,16/1/2025,,,,Unfound
,,,,,,,29/2/2024,29/2/2024,,,,Unfound
,,,,,,,20/6/2024,20/6/2024,,,,Unfound
,,,,,,,2/8/2025,2/8/2025,,,,Unfound
,,,,,,,1160000481367,,,,,Unfound
,,,,,,,14/2/2026,14/2/2026,,,,Unfound
,,,,,,,25/11/2024,25/11/2024,,,,Unfound
,,,,,,,1/8/2024,1/8/2024,,,,Unfound
,,,,,,,1/11/2025,1/11/2025,,,,Unfound
,,,,,,,25/7/2024,25/7/2024,,,,Unfound
,,,,,,,7/2/2025,7/2/2025,,,,Unfound
,,,,,,,18/10/2024,18/10/2024,,,,Unfound
,,,,,,,9/5/2025,9/5/2025,,,,Unfound
,,,,,,,1414443561003,,,,,Unfound
,,,,,,,16/2/2025,16/2/2025,,,,Unfound
,,,,,,,67093005,,,,,Unfound
,,,,,,,19/9/2024,19/9/2024,,,,Unfound
,,,,,,,8856137402,,,,,Unfound
,,,,,,,23/9/2024,23/9/2024,,,,Unfound
,,,,,,,20/8/2024,20/8/2024,,,,Unfound
,,,,,,,7/5/2024,7/5/2024,,,,Unfound
,,,,,,,12/1/2026,12/1/2026,,,,Unfound
,,,,,,,7/7/2024,7/7/2024,,,,Unfound
,,,,,,,22/3/2024,22/3/2024,,,,Unfound
,,,,,,,8/5/2024,8/5/2024,,,,Unfound
,,,,,,,1200042248062,,,,,Unfound
,,,,,,,12/8/2025,12/8/2025,,,,Unfound
,,,,,,,24/11/2025,24/11/2025,,,,Unfound
,,,,,,,1/2/2025,1/2/2025,,,,Unfound
,,,,,,,28/5/2024,28/5/2024,,,,Unfound
,,,,,,,1648957104,,,,,Unfound
,,,,,,,1/12/2024,1/12/2024,,,,Unfound
,,,,,,,2000017576419,,,,,Unfound
,,,,,,,20/9/2026,20/9/2026,,,,Unfound
,,,,,,,1/11/2024,1/11/2024,,,,Unfound
,,,,,,,11/1/2025,11/1/2025,,,,Unfound
,,,,,,,2/10/2024,2/10/2024,,,,Unfound
,,,,,,,59621300,59621300,,,37399,Unfound
,,,,,,,50367109,50367109,,,141506,Unfound
,,,,,,,12/12/2025,12/12/2025,,,,Unfound
,,,,,,,65800600,65800600,,,65800600,Unfound
,,,,,,,11/5/2026,11/5/2026,,,,Unfound
,,,,,,,9/1/2027,9/1/2027,,,,Unfound
,,,,,,,11/7/2024,11/7/2024,,,,Unfound
,,,,,,,1/3/2026,1/3/2026,,,,Unfound
,,,,,,,21/5/2024,21/5/2024,,,,Unfound
,,,,,,,18/7/2025,18/7/2025,,,,Unfound
,,,,,,,10/3/2024,10/3/2024,,,,Unfound
,,,,,,,20/12/2024,20/12/2024,,,,Unfound
,,,,,,,26/10/2024,26/10/2024,,,,Unfound
,,,,,,,9/8/2024,9/8/2024,,,,Unfound
,,,,,,,26/5/2024,26/5/2024,,,,Unfound
,,,,,,,3291473401,,,,,Unfound
,,,,,,,1/4/2024,1/4/2024,,,,Unfound
,,,,,,,2000018823913,,,,,Unfound
,,,,,,,19/2/2025,19/2/2025,,,,Unfound
,,,,,,,19/4/2024,19/4/2024,,,,Unfound
,,,,,,,2/4/2024,2/4/2024,,,,Unfound
,,,,,,,8834688507,8834688507,,,35450,Unfound
,,,,,,,2705286204,2705286204,,,1026,Unfound
,,,,,,,3/9/2024,3/9/2024,,,,Unfound
,,,,,,,12/4/2024,12/4/2024,,,,Unfound
,,,,,,,18/2/2025,18/2/2025,,,,Unfound
,,,,,,,27/4/2025,27/4/2025,,,,Unfound
,,,,,,,4160109301,,,,,Unfound
,,,,,,,16/3/2025,16/3/2025,,,,Unfound
,,,,,,,1900020413972,,,,,Unfound
,,,,,,,29/4/2025,29/4/2025,,,,Unfound
,,,,,,,2/5/2025,2/5/2025,,,,Unfound
,,,,,,,10/12/2025,10/12/2025,,,,Unfound
,,,,,,,6/2/2025,6/2/2025,,,,Unfound
,,,,,,,1916996107,1916996107,,,35475,Unfound
,,,,,,,14/8/2025,14/8/2025,,,,Unfound
,,,,,,,17/11/2024,17/11/2024,,,,Unfound
,,,,,,,4185437109,4185437109,,,4185437109,Unfound
,,,,,,,14588806,14588806,,,14588806,Unfound
,,,,,,,5/10/2024,5/10/2024,,,,Unfound
,,,,,,,69909205,69909205,,,69909205,Unfound
,,,,,,,3103963703,3103963703,,,3103963703,Unfound
,,,,,,,2/8/2024,2/8/2024,,,,Unfound
,,,,,,,2191964506,2191964506,,,2191964506,Unfound
,,,,,,,9125854107,9125854107,,,9125854107,Unfound
,,,,,,,5/12/2026,5/12/2026,,,,Unfound
,,,,,,,9125908205,9125908205,,,9125908205,Unfound
,,,,,,,658098001,658098001,,,658098001,Unfound
,,,,,,,20/3/2025,20/3/2025,,,,Unfound
,,,,,,,8897450604,8897450604,,,8897450604,Unfound
,,,,,,,23/11/2025,23/11/2025,,,,Unfound
,,,,,,,8892028502,8892028502,,,8892028502,Unfound
,,,,,,,22/9/2024,22/9/2024,,,,Unfound
,,,,,,,15/1/2025,15/1/2025,,,,Unfound
,,,,,,,4/7/2025,4/7/2025,,,,Unfound
,,,,,,,1100007970268,,,,,Unfound
,,,,,,,14/5/2025,14/5/2025,,,,Unfound
,,,,,,,27/7/2025,27/7/2025,,,,Unfound
,,,,,,,29/7/2024,29/7/2024,,,,Unfound
,,,,,,,1/6/2025,1/6/2025,,,,Unfound
,,,,,,,22/10/2024,22/10/2024,,,,Unfound
,,,,,,,8/2/2025,8/2/2025,,,,Unfound
,,,,,,,14/6/2026,14/6/2026,,,,Unfound
,,,,,,,1460000783599,,,,,Unfound
,,,,,,,4/5/2026,4/5/2026,,,,Unfound
,,,,,,,23/8/2024,23/8/2024,,,,Unfound
,,,,,,,30/7/2025,30/7/2025,,,,Unfound
,,,,,,,21/1/2025,21/1/2025,,,,Unfound
,,,,,,,1/5/2026,1/5/2026,,,,Unfound
,,,,,,,27/5/2025,27/5/2025,,,,Unfound
,,,,,,,3/9/2025,3/9/2025,,,,Unfound
,,,,,,,31/10/2025,31/10/2025,,,,Unfound
,,,,,,,11/10/2025,11/10/2025,,,,Unfound
,,,,,,,11/12/2026,11/12/2026,,,,Unfound
,,,,,,,18/5/2025,18/5/2025,,,,Unfound
,,,,,,,13/12/2024,13/12/2024,,,,Unfound
,,,,,,,5/5/2025,5/5/2025,,,,Unfound
,,,,,,,20/1/2025,20/1/2025,,,,Unfound
,,,,,,,1295653609,,,,,Unfound
,,,,,,,24/10/2025,24/10/2025,,,,Unfound
,,,,,,,27/12/2024,27/12/2024,,,,Unfound
,,,,,,,3/12/2025,3/12/2025,,,,Unfound
,,,,,,,5/12/2025,5/12/2025,,,,Unfound
,,,,,,,6/6/2024,6/6/2024,,,,Unfound
,,,,,,,21/12/2024,21/12/2024,,,,Unfound
,,,,,,,14/12/2025,14/12/2025,,,,Unfound
,,,,,,,25/1/2025,25/1/2025,,,,Unfound
,,,,,,,16/12/2025,16/12/2025,,,,Unfound
,,,,,,,28/12/2024,28/12/2024,,,,Unfound
,,,,,,,18/7/2026,18/7/2026,,,,Unfound
,,,,,,,4/1/2026,4/1/2026,,,,Unfound
,,,,,,,4/5/2024,4/5/2024,,,,Unfound
,,,,,,,10/11/2025,10/11/2025,,,,Unfound
,,,,,,,19/12/2025,19/12/2025,,,,Unfound
,,,,,,,18/1/2026,18/1/2026,,,,Unfound
,,,,,,,19/7/2025,19/7/2025,,,,Unfound
,,,,,,,30/11/2025,30/11/2025,,,,Unfound
,,,,,,,23/1/2025,23/1/2025,,,,Unfound
,,,,,,,17/12/2025,17/12/2025,,,,Unfound
,,,,,,,1900012106,1900012106,,,1900012106,Unfound
,,,,,,,30/4/2025,30/4/2025,,,,Unfound
,,,,,,,1300003001713,,,,,Unfound
,,,,,,,2/1/2026,2/1/2026,,,,Unfound
,,,,,,,23/1/2026,23/1/2026,,,,Unfound
,,,,,,,31/5/2025,31/5/2025,,,,Unfound
,,,,,,,26/3/2025,26/3/2025,,,,Unfound
,,,,,,,6/12/2025,6/12/2025,,,,Unfound
,,,,,,,18/11/2025,18/11/2025,,,,Unfound
,,,,,,,7/2/2026,7/2/2026,,,,Unfound
,,,,,,,9/11/2025,9/11/2025,,,,Unfound
,,,,,,,30/9/2025,30/9/2025,,,,Unfound
,,,,,,,15/5/2025,15/5/2025,,,,Unfound
,,,,,,,11/7/2025,11/7/2025,,,,Unfound
,,,,,,,25/10/2025,25/10/2025,,,,Unfound
,,,,,,,17/5/2025,17/5/2025,,,,Unfound
,,,,,,,2371264535514,,,,,Unfound
,,,,,,,8/2/2026,8/2/2026,,,,Unfound
,,,,,,,25/3/2026,25/3/2026,,,,Unfound
,,,,,,,1/6/2024,1/6/2024,,,,Unfound
,,,,,,,15/5/2024,15/5/2024,,,,Unfound
,,,,,,,2164646904,,,,,Unfound
,,,,,,,24/9/2025,24/9/2025,,,,Unfound
,,,,,,,30/3/2025,30/3/2025,,,,Unfound
,,,,,,,28/3/2025,28/3/2025,,,,Unfound
,,,,,,,5/4/2024,5/4/2024,,,,Unfound
,,,,,,,6/4/2024,6/4/2024,,,,Unfound
,,,,,,,22/4/2025,22/4/2025,,,,Unfound
,,,,,,,24/5/2025,24/5/2025,,,,Unfound
,,,,,,,22/2/2026,22/2/2026,,,,Unfound
,,,,,,,22/10/2025,22/10/2025,,,,Unfound
,,,,,,,10/12/2024,10/12/2024,,,,Unfound
,,,,,,,4/4/2026,4/4/2026,,,,Unfound
,,,,,,,6/9/2025,6/9/2025,,,,Unfound
,,,,,,,30/10/2025,30/10/2025,,,,Unfound
,,,,,,,18/4/2026,18/4/2026,,,,Unfound
,,,,,,,13/6/2025,13/6/2025,,,,Unfound
,,,,,,,18/8/2025,18/8/2025,,,,Unfound
,,,,,,,26/11/2025,26/11/2025,,,,Unfound
,,,,,,,47180302,,,,,Unfound
,,,,,,,11/5/2025,11/5/2025,,,,Unfound
,,,,,,,31/5/2024,31/5/2024,,,,Unfound
,,,,,,,7/9/2025,7/9/2025,,,,Unfound
,,,,,,,30/12/2025,30/12/2025,,,,Unfound
,,,,,,,20/4/2026,20/4/2026,,,,Unfound
,,,,,,,17/4/2025,17/4/2025,,,,Unfound
,,,,,,,29/6/2025,29/6/2025,,,,Unfound
,,,,,,,27/11/2025,27/11/2025,,,,Unfound
,,,,,,,1/7/2024,1/7/2024,,,,Unfound
,,,,,,,26/7/2025,26/7/2025,,,,Unfound
,,,,,,,1200020870929,,,,,Unfound
,,,,,,,17/7/2025,17/7/2025,,,,Unfound
,,,,,,,15/8/2025,15/8/2025,,,,Unfound
,,,,,,,3/7/2025,3/7/2025,,,,Unfound
,,,,,,,17/9/2024,17/9/2024,,,,Unfound
,,,,,,,14/7/2024,14/7/2024,,,,Unfound
,,,,,,,8/7/2024,8/7/2024,,,,Unfound
,,,,,,,8/8/2025,8/8/2025,,,,Unfound
,,,,,,,22/11/2024,22/11/2024,,,,Unfound
,,,,,,,1/6/2026,1/6/2026,,,,Unfound
,,,,,,,13/2/2026,13/2/2026,,,,Unfound
,,,,,,,2197784602,,,,,Unfound
,,,,,,,14/10/2025,14/10/2025,,,,Unfound
,,,,,,,11/7/2026,11/7/2026,,,,Unfound
,,,,,,,14/10/2024,14/10/2024,,,,Unfound
,,,,,,,6/4/2026,6/4/2026,,,,Unfound
,,,,,,,18/1/2025,18/1/2025,,,,Unfound
,,,,,,,18/8/2026,18/8/2026,,,,Unfound
,,,,,,,11/12/2024,11/12/2024,,,,Unfound
,,,,,,,7/12/2025,7/12/2025,,,,Unfound
,,,,,,,2207347610,,,,,Unfound
,,,,,,,2066112207,,,,,Unfound
,,,,,,,7/10/2024,7/10/2024,,,,Unfound
,,,,,,,21/10/2026,21/10/2026,,,,Unfound
,,,,,,,1300011373795,,,,,Unfound
,,,,,,,6/12/2024,6/12/2024,,,,Unfound
,,,,,,,12/2/2025,12/2/2025,,,,Unfound
,,,,,,,17/2/2026,17/2/2026,,,,Unfound
,,,,,,,7/2/2024,7/2/2024,,,,Unfound
,,,,,,,29/9/2024,29/9/2024,,,,Unfound
,,,,,,,22/11/2025,22/11/2025,,,,Unfound
,,,,,,,57785107,,,,,Unfound
,,,,,,,20/7/2026,20/7/2026,,,,Unfound
,,,,,,,1/12/2025,1/12/2025,,,,Unfound
,,,,,,,16/2/2027,16/2/2027,,,,Unfound
,,,,,,,24/11/2024,24/11/2024,,,,Unfound
,,,,,,,21/3/2024,21/3/2024,,,,Unfound
,,,,,,,9296748208,,,,,Unfound
,,,,,,,20/4/2025,20/4/2025,,,,Unfound
,,,,,,,31/10/2026,31/10/2026,,,,Unfound
,,,,,,,31/1/2025,31/1/2025,,,,Unfound
,,,,,,,14/12/2024,14/12/2024,,,,Unfound
,,,,,,,18/5/2024,18/5/2024,,,,Unfound
,,,,,,,25/5/2025,25/5/2025,,,,Unfound
,,,,,,,3/6/2025,3/6/2025,,,,Unfound
,,,,,,,23/12/2025,23/12/2025,,,,Unfound
,,,,,,,9146603110,9146603110,,,77430,Unfound
,,,,,,,23/12/2024,23/12/2024,,,,Unfound
,,,,,,,1547045003,,,,,Unfound
,,,,,,,15/2/2026,15/2/2026,,,,Unfound
,,,,,,,9/2/2027,9/2/2027,,,,Unfound
,,,,,,,1200035554984,,,,,Unfound
,,,,,,,14/4/2026,14/4/2026,,,,Unfound
,,,,,,,19/2/2027,19/2/2027,,,,Unfound
,,,,,,,2/3/2026,2/3/2026,,,,Unfound
,,,,,,,7/4/2025,7/4/2025,,,,Unfound
,,,,,,,11/3/2025,11/3/2025,,,,Unfound
,,,,,,,15/2/2025,15/2/2025,,,,Unfound
,,,,,,,9/1/2026,9/1/2026,,,,Unfound
,,,,,,,28/11/2025,28/11/2025,,,,Unfound
,,,,,,,8/6/2024,8/6/2024,,,,Unfound
,,,,,,,26/1/2026,26/1/2026,,,,Unfound
,,,,,,,8/8/2026,8/8/2026,,,,Unfound
,,,,,,,31/5/2026,31/5/2026,,,,Unfound
,,,,,,,3/8/2024,3/8/2024,,,,Unfound
,,,,,,,1591060463254,,,,,Unfound
,,,,,,,31/7/2024,31/7/2024,,,,Unfound
,,,,,,,23/10/2026,23/10/2026,,,,Unfound
,,,,,,,3/2/2025,3/2/2025,,,,Unfound
,,,,,,,4/11/2025,4/11/2025,,,,Unfound
,,,,,,,13/3/2026,13/3/2026,,,,Unfound
,,,,,,,26/2/2026,26/2/2026,,,,Unfound
,,,,,,,17/2/2025,17/2/2025,,,,Unfound
,,,,,,,10/2/2026,10/2/2026,,,,Unfound
,,,,,,,23/4/2024,23/4/2024,,,,Unfound
,,,,,,,21/2/2025,21/2/2025,,,,Unfound
,,,,,,,9/4/2025,9/4/2025,,,,Unfound
,,,,,,,11/6/2024,11/6/2024,,,,Unfound
,,,,,,,1/3/2025,1/3/2025,,,,Unfound
,,,,,,,18/3/2026,18/3/2026,,,,Unfound
,,,,,,,9103551302,,,,,Unfound
,,,,,,,2/5/2024,2/5/2024,,,,Unfound
,,,,,,,4000648602,,,,,Unfound
,,,,,,,19/4/2026,19/4/2026,,,,Unfound
,,,,,,,25/8/2025,25/8/2025,,,,Unfound
,,,,,,,16/3/2026,16/3/2026,,,,Unfound
,,,,,,,9209063809,,,,,Unfound
,,,,,,,1/3/2024,1/3/2024,,,,Unfound
,,,,,,,16/3/2024,16/3/2024,,,,Unfound
,,,,,,,29/3/2024,29/3/2024,,,,Unfound
,,,,,,,24/3/2024,24/3/2024,,,,Unfound
,,,,,,,14/8/2024,14/8/2024,,,,Unfound
,,,,,,,12/6/2025,12/6/2025,,,,Unfound
,,,,,,,2200019696671,,,,,Unfound
,,,,,,,5/4/2025,5/4/2025,,,,Unfound
,,,,,,,12/7/2024,12/7/2024,,,,Unfound
,,,,,,,1/7/2026,1/7/2026,,,,Unfound
,,,,,,,18/11/2026,18/11/2026,,,,Unfound
,,,,,,,19/8/2026,19/8/2026,,,,Unfound
,,,,,,,1/3/2027,1/3/2027,,,,Unfound
,,,,,,,2200030106264,,,,,Unfound
,,,,,,,25/6/2026,25/6/2026,,,,Unfound
,,,,,,,5572004,5572004,,,75979,Unfound
,,,,,,,17/11/2025,17/11/2025,,,,Unfound
,,,,,,,19/11/2025,19/11/2025,,,,Unfound
,,,,,,,4203042101,4203042101,,,203597,Unfound
,,,,,,,15/11/2026,15/11/2026,,,,Unfound
,,,,,,,63677707,,,,,Unfound
,,,,,,,18/2/2027,18/2/2027,,,,Unfound
,,,,,,,8854507702,,,,,Unfound
,,,,,,,5/11/2024,5/11/2024,,,,Unfound
,,,,,,,2/12/2026,2/12/2026,,,,Unfound
,,,,,,,19/9/2026,19/9/2026,,,,Unfound
,,,,,,,29/9/2026,29/9/2026,,,,Unfound
,,,,,,,3/11/2026,3/11/2026,,,,Unfound
,,,,,,,55812309,55812309,,,72746,Unfound
,,,,,,,1900047000640,,,,,Unfound
,,,,,,,25/8/2024,25/8/2024,,,,Unfound
,,,,,,,20/2/2025,20/2/2025,,,,Unfound
,,,,,,,12/12/2024,12/12/2024,,,,Unfound
,,,,,,,11/1/2027,11/1/2027,,,,Unfound
,,,,,,,26/8/2024,26/8/2024,,,,Unfound
,,,,,,,10/8/2026,10/8/2026,,,,Unfound
,,,,,,,1/10/2026,1/10/2026,,,,Unfound
,,,,,,,51960001,,,,,Unfound
,,,,,,,1418606251008,,,,,Unfound
,,,,,,,3/11/2024,3/11/2024,,,,Unfound
,,,,,,,23/10/2025,23/10/2025,,,,Unfound
,,,,,,,2200014565282,,,,,Unfound
,,,,,,,23/11/2024,23/11/2024,,,,Unfound
,,,,,,,19/1/2027,19/1/2027,,,,Unfound
,,,,,,,28/12/2026,28/12/2026,,,,Unfound
,,,,,,,25/9/2024,25/9/2024,,,,Unfound
,,,,,,,1/9/2024,1/9/2024,,,,Unfound
,,,,,,,2199991565054,,,,,Unfound
,,,,,,,4/8/2026,4/8/2026,,,,Unfound
,,,,,,,68340304,,,,,Unfound
,,,,,,,9/2/2025,9/2/2025,,,,Unfound
,,,,,,,2326315737015,,,,,Unfound
,,,,,,,29/1/2025,29/1/2025,,,,Unfound
,,,,,,,4158598501,4158598501,,,347,Unfound
,,,,,,,18/8/2024,18/8/2024,,,,Unfound
,,,,,,,15/2/2024,15/2/2024,,,,Unfound
,,,,,,,2200030073167,,,,,Unfound
,,,,,,,10/9/2025,10/9/2025,,,,Unfound
,,,,,,,3/3/2027,3/3/2027,,,,Unfound
,,,,,,,2000014606016,,,,,Unfound
,,,,,,,1/1/2025,1/1/2025,,,,Unfound
,,,,,,,25/1/2027,25/1/2027,,,,Unfound
,,,,,,,26/1/2024,26/1/2024,,,,Unfound
,,,,,,,1/1/2024,1/1/2024,,,,Unfound
,,,,,,,3377327808,3377327808,,,74109,Unfound
,,,,,,,7/6/2024,7/6/2024,,,,Unfound
,,,,,,,2000013631216,,,,,Unfound
,,,,,,,31/8/2024,31/8/2024,,,,Unfound
,,,,,,,15/8/2024,15/8/2024,,,,Unfound
,,,,,,,2333657556315,,,,,Unfound
,,,,,,,14/3/2024,14/3/2024,,,,Unfound
,,,,,,,1610013354819,,,,,Unfound
,,,,,,,1/9/2023,1/9/2023,,,,Unfound
,,,,,,,11/4/2025,11/4/2025,,,,Unfound
,,,,,,,22/8/2023,22/8/2023,,,,Unfound
,,,,,,,14/3/2025,14/3/2025,,,,Unfound
,,,,,,,29/6/2024,29/6/2024,,,,Unfound
,,,,,,,1/10/2023,1/10/2023,,,,Unfound
,,,,,,,25/11/2023,25/11/2023,,,,Unfound
,,,,,,,1/11/2023,1/11/2023,,,,Unfound
,,,,,,,2/10/2023,2/10/2023,,,,Unfound
,,,,,,,3/8/2026,3/8/2026,,,,Unfound
,,,,,,,16/2/2024,16/2/2024,,,,Unfound
,,,,,,,26/3/2024,26/3/2024,,,,Unfound
,,,,,,,27/10/2023,27/10/2023,,,,Unfound
,,,,,,,11/4/2024,11/4/2024,,,,Unfound
,,,,,,,25/4/2024,25/4/2024,,,,Unfound
,,,,,,,2000018273492,,,,,Unfound
,,,,,,,4/11/2023,4/11/2023,,,,Unfound
,,,,,,,23/8/2023,23/8/2023,,,,Unfound
,,,,,,,21/4/2024,21/4/2024,,,,Unfound
,,,,,,,19/12/2023,19/12/2023,,,,Unfound
,,,,,,,23/11/2023,23/11/2023,,,,Unfound
,,,,,,,22/5/2024,22/5/2024,,,,Unfound
,,,,,,,1900002332949,,,,,Unfound
,,,,,,,1/2/2024,1/2/2024,,,,Unfound
,,,,,,,22/1/2024,22/1/2024,,,,Unfound
,,,,,,,8827532406,8827532406,,,37223,Unfound
,,,,,,,28/11/2024,28/11/2024,,,,Unfound
,,,,,,,930591200,,,,,Unfound
,,,,,,,15/11/2024,15/11/2024,,,,Unfound
,,,,,,,3/7/2024,3/7/2024,,,,Unfound
,,,,,,,9/1/2024,9/1/2024,,,,Unfound
,,,,,,,6/7/2024,6/7/2024,,,,Unfound
,,,,,,,1012594503076,,,,,Unfound
,,,,,,,6/8/2024,6/8/2024,,,,Unfound
,,,,,,,28/6/2024,28/6/2024,,,,Unfound
,,,,,,,9/2/2024,9/2/2024,,,,Unfound
,,,,,,,45724710,,,,,Unfound
,,,,,,,121885,121885,,,121885,Unfound
,,,,,,,132373,132373,,,132373,Unfound
,,,,,,,65089801,65089801,,,24027,Unfound
,,,,,,,110000,110000,,,110000,Unfound
,,,,,,,2000001452358,,,,,Unfound
,,,,,,,104741,104741,,,104741,Unfound
,,,,,,,254476,254476,,,254476,Unfound
,,,,,,,135908,135908,,,135908,Unfound
,,,,,,,124715,124715,,,124715,Unfound
,,,,,,,141453,141453,,,141453,Unfound
,,,,,,,117463,117463,,,117463,Unfound
,,,,,,,119691,119691,,,119691,Unfound
,,,,,,,204560,204560,,,204560,Unfound
,,,,,,,111898,111898,,,111898,Unfound
,,,,,,,145645,145645,,,145645,Unfound
,,,,,,,4242837609,4242837609,,,12384,Unfound
,,,,,,,116165,116165,,,116165,Unfound
,,,,,,,104211,104211,,,104211,Unfound
,,,,,,,1610004754241,,,,,Unfound
,,,,,,,1012678898355,,,,,Unfound
,,,,,,,105671,105671,,,105671,Unfound
,,,,,,,102747,102747,,,102747,Unfound
,,,,,,,111193,111193,,,111193,Unfound
,,,,,,,146505,146505,,,146505,Unfound
,,,,,,,2199999212041,,,,,Unfound
,,,,,,,124883,124883,,,124883,Unfound
,,,,,,,142598,142598,,,142598,Unfound
,,,,,,,255447,255447,,,255447,Unfound
,,,,,,,118000,118000,,,118000,Unfound
,,,,,,,9202508909,9202508909,,,68509,Unfound
,,,,,,,111873,111873,,,111873,Unfound
,,,,,,,102219,102219,,,102219,Unfound
,,,,,,,138852,138852,,,138852,Unfound
,,,,,,,127263,127263,,,127263,Unfound
,,,,,,,1160000991428,,,,,Unfound
,,,,,,,110288,110288,,,110288,Unfound
,,,,,,,1414834222000,,,,,Unfound
,,,,,,,140553,140553,,,140553,Unfound
,,,,,,,129825,129825,,,129825,Unfound
,,,,,,,122931,122931,,,122931,Unfound
,,,,,,,115130,115130,,,115130,Unfound
,,,,,,,114789,114789,,,114789,Unfound
,,,,,,,129857,129857,,,129857,Unfound
,,,,,,,112132,112132,,,112132,Unfound
,,,,,,,195963,195963,,,195963,Unfound
,,,,,,,272195,272195,,,272195,Unfound
,,,,,,,129689,129689,,,129689,Unfound
,,,,,,,103712,103712,,,103712,Unfound
,,,,,,,168878,168878,,,168878,Unfound
,,,,,,,114864,114864,,,114864,Unfound
,,,,,,,132783,132783,,,132783,Unfound
,,,,,,,114067,114067,,,114067,Unfound
,,,,,,,3960143900,,,,,Unfound
,,,,,,,116318,116318,,,116318,Unfound
,,,,,,,113980,113980,,,113980,Unfound
,,,,,,,303043,303043,,,303043,Unfound
,,,,,,,114161,114161,,,114161,Unfound
,,,,,,,101387,101387,,,101387,Unfound
,,,,,,,116000,116000,,,116000,Unfound
,,,,,,,2323112205012,,,,,Unfound
,,,,,,,19438408,,,,,Unfound
,,,,,,,117003,117003,,,117003,Unfound
,,,,,,,145147,145147,,,145147,Unfound
,,,,,,,148170,148170,,,148170,Unfound
,,,,,,,100124,100124,,,100124,Unfound
,,,,,,,146263,146263,,,146263,Unfound
,,,,,,,138962,138962,,,138962,Unfound
,,,,,,,157223,157223,,,157223,Unfound
,,,,,,,145614,145614,,,145614,Unfound
,,,,,,,157124,157124,,,157124,Unfound
,,,,,,,108078,108078,,,108078,Unfound
,,,,,,,129863,129863,,,129863,Unfound
,,,,,,,110020,110020,,,110020,Unfound
,,,,,,,115558,115558,,,115558,Unfound
,,,,,,,115381,115381,,,115381,Unfound
,,,,,,,123525,123525,,,123525,Unfound
,,,,,,,1591039675115,,,,,Unfound
,,,,,,,197765,197765,,,197765,Unfound
,,,,,,,1100019795409,,,,,Unfound
,,,,,,,205332,205332,,,205332,Unfound
,,,,,,,120000,120000,,,120000,Unfound
,,,,,,,181639,181639,,,181639,Unfound
,,,,,,,101940,101940,,,101940,Unfound
,,,,,,,193146,193146,,,193146,Unfound
,,,,,,,103182,103182,,,103182,Unfound
,,,,,,,146847,146847,,,146847,Unfound
,,,,,,,1896460006,1896460006,,,1896460006,Unfound
,,,,,,,2000025834789,,,,,Unfound
,,,,,,,1100000538068,,,,,Unfound
,,,,,,,1591058545785,,,,,Unfound
,,,,,,,1610014455401,,,,,Unfound
,,,,,,,2536657005,2536657005,,,2536657005,Unfound
,,,,,,,2333911711017,,,,,Unfound
,,,,,,,56109701,,,,,Unfound
,,,,,,,3078254701,3078254701,,,60365,Unfound
,,,,,,,1591017405615,,,,,Unfound
,,,,,,,1023511994261,,,,,Unfound
,,,,,,,1100019794585,,,,,Unfound
,,,,,,,1610023330300,,,,,Unfound
,,,,,,,168948,168948,,,168948,Unfound
,,,,,,,1300035424409,,,,,Unfound
,,,,,,,104322,104322,,,104322,Unfound
,,,,,,,5832307,5832307,,,45404,Unfound
,,,,,,,108381,108381,,,108381,Unfound
,,,,,,,2200014571259,,,,,Unfound
,,,,,,,106525,106525,,,106525,Unfound
,,,,,,,144214,144214,,,144214,Unfound
,,,,,,,103687,103687,,,103687,Unfound
,,,,,,,3290143700,3290143700,,,57091,Unfound
,,,,,,,9305977507,,,,,Unfound
,,,,,,,118015,118015,,,118015,Unfound
,,,,,,,46920603,46920603,,,110456,Unfound
,,,,,,,125564,125564,,,125564,Unfound
,,,,,,,2300000581720,,,,,Unfound
,,,,,,,1416365310000,,,,,Unfound
,,,,,,,108920,108920,,,108920,Unfound
,,,,,,,8883487006,,,,,Unfound
,,,,,,,163463,163463,,,163463,Unfound
,,,,,,,118298,118298,,,118298,Unfound
,,,,,,,1271760510,1271760510,,,44045,Unfound
,,,,,,,123118,123118,,,123118,Unfound
,,,,,,,114098,114098,,,114098,Unfound
,,,,,,,571804,571804,,,571804,Unfound
,,,,,,,1200034049990,,,,,Unfound
,,,,,,,164240,164240,,,164240,Unfound
,,,,,,,121364,121364,,,121364,Unfound
,,,,,,,1012710588219,,,,,Unfound
,,,,,,,174406,174406,,,174406,Unfound
,,,,,,,346230,346230,,,346230,Unfound
,,,,,,,105126,105126,,,105126,Unfound
,,,,,,,114133,114133,,,114133,Unfound
,,,,,,,105101,105101,,,105101,Unfound
,,,,,,,184156,184156,,,184156,Unfound
,,,,,,,149999,149999,,,149999,Unfound
,,,,,,,140000,140000,,,140000,Unfound
,,,,,,,162944,162944,,,162944,Unfound
,,,,,,,107234,107234,,,107234,Unfound
,,,,,,,134512,134512,,,134512,Unfound
,,,,,,,121079,121079,,,121079,Unfound
,,,,,,,1200051785587,,,,,Unfound
,,,,,,,142899,142899,,,142899,Unfound
,,,,,,,289079,289079,,,289079,Unfound
,,,,,,,119285,119285,,,119285,Unfound
,,,,,,,8870701701,,,,,Unfound
,,,,,,,101010,101010,,,101010,Unfound
,,,,,,,1200033452349,,,,,Unfound
,,,,,,,1900033202090,,,,,Unfound
,,,,,,,166425,166425,,,166425,Unfound
,,,,,,,167539,167539,,,167539,Unfound
,,,,,,,113368,113368,,,113368,Unfound
,,,,,,,101896,101896,,,101896,Unfound
,,,,,,,1900043195858,,,,,Unfound
,,,,,,,102449,102449,,,102449,Unfound
,,,,,,,110568,110568,,,110568,Unfound
,,,,,,,1012382052763,,,,,Unfound
,,,,,,,104727,104727,,,104727,Unfound
,,,,,,,116182,116182,,,116182,Unfound
,,,,,,,152808,152808,,,152808,Unfound
,,,,,,,118477,118477,,,118477,Unfound
,,,,,,,126048,126048,,,126048,Unfound
,,,,,,,111139,111139,,,111139,Unfound
,,,,,,,2200014867864,,,,,Unfound
,,,,,,,1413869921006,,,,,Unfound
,,,,,,,2702429207,,,,,Unfound
,,,,,,,1800015721140,,,,,Unfound
,,,,,,,145000,,,,,Unfound
,,,,,,,57604200,,,,,Unfound
,,,,,,,1100005387581,,,,,Unfound
,,,,,,,2200030066578,,,,,Unfound
,,,,,,,1427906100008,,,,,Unfound
,,,,,,,19290604,,,,,Unfound
,,,,,,,1800029107797,,,,,Unfound
,,,,,,,133677,,,,,Unfound
,,,,,,,51205503,,,,,Unfound
,,,,,,,1100007709483,,,,,Unfound
,,,,,,,2550909710,,,,,Unfound
,,,,,,,1418795721005,,,,,Unfound
,,,,,,,8816903303,,,,,Unfound
,,,,,,,1800015102316,,,,,Unfound
,,,,,,,119824,,,,,Unfound
,,,,,,,76573200,76573200,,,76573200,Unfound
,,,,,,,9306350310,9306350310,,,9306350310,Unfound
,,,,,,,73834400,,,,,Unfound
,,,,,,,1100019736894,,,,,Unfound
,,,,,,,1200024064193,,,,,Unfound
,,,,,,,1410922431007,,,,,Unfound
,,,,,,,73560703,73560703,,,73560703,Unfound
,,,,,,,9321626200,,,,,Unfound
,,,,,,,2200030050578,,,,,Unfound
,,,,,,,2549451403,,,,,Unfound
,,,,,,,122944,,,,,Unfound
,,,,,,,1100003932240,,,,,Unfound
,,,,,,,2200030064074,,,,,Unfound
,,,,,,,102252,102252,,,102252,Unfound
,,,,,,,1412927070009,,,,,Unfound
,,,,,,,9123433207,,,,,Unfound
,,,,,,,61289104,,,,,Unfound
,,,,,,,120547,,,,,Unfound
,,,,,,,2553865507,,,,,Unfound
,,,,,,,1591014908216,,,,,Unfound
,,,,,,,1100006196938,,,,,Unfound
,,,,,,,1412775721000,,,,,Unfound
,,,,,,,2200021792479,,,,,Unfound
,,,,,,,16257310,,,,,Unfound
,,,,,,,106205,,,,,Unfound
,,,,,,,82304102,,,,,Unfound
,,,,,,,1100005745727,,,,,Unfound
,,,,,,,4244456102,,,,,Unfound
,,,,,,,2200030045053,,,,,Unfound
,,,,,,,1416709331002,,,,,Unfound
,,,,,,,80659006,,,,,Unfound
,,,,,,,1013062392766,,,,,Unfound
,,,,,,,117444,,,,,Unfound
,,,,,,,1100005983707,,,,,Unfound
,,,,,,,3226597009,,,,,Unfound
,,,,,,,1610010213098,,,,,Unfound
,,,,,,,1413759003007,,,,,Unfound
,,,,,,,1012454637086,,,,,Unfound
,,,,,,,104235,,,,,Unfound
,,,,,,,1100006592761,,,,,Unfound
,,,,,,,57594706,,,,,Unfound
,,,,,,,17791908,,,,,Unfound
,,,,,,,1413951731002,,,,,Unfound
,,,,,,,166157,,,,,Unfound
,,,,,,,1015262205,,,,,Unfound
,,,,,,,2200013799530,,,,,Unfound
,,,,,,,1100006149097,,,,,Unfound
,,,,,,,69485403,,,,,Unfound
,,,,,,,2000000933392,,,,,Unfound
,,,,,,,1413812731009,,,,,Unfound
,,,,,,,1200032219116,,,,,Unfound
,,,,,,,8812941706,,,,,Unfound
,,,,,,,17471609,,,,,Unfound
,,,,,,,2200030095987,,,,,Unfound
,,,,,,,100413,,,,,Unfound
,,,,,,,1418940321000,,,,,Unfound
,,,,,,,1100023196949,,,,,Unfound
,,,,,,,3043046403,,,,,Unfound
,,,,,,,1800036985337,,,,,Unfound
,,,,,,,131963,,,,,Unfound
,,,,,,,1591021407172,,,,,Unfound
,,,,,,,2066628108,,,,,Unfound
,,,,,,,1100002293920,,,,,Unfound
,,,,,,,61616205,,,,,Unfound
,,,,,,,1418614931001,,,,,Unfound
,,,,,,,1123326904,,,,,Unfound
,,,,,,,115387,,,,,Unfound
,,,,,,,8920825202,,,,,Unfound
,,,,,,,1100019185262,,,,,Unfound
,,,,,,,1415141451002,,,,,Unfound
,,,,,,,1160000873431,,,,,Unfound
,,,,,,,1300007548530,,,,,Unfound
,,,,,,,1412269520002,,,,,Unfound
,,,,,,,4153521305,,,,,Unfound
,,,,,,,128734,,,,,Unfound
,,,,,,,1100005936229,,,,,Unfound
,,,,,,,2340302474516,,,,,Unfound
,,,,,,,9217971605,,,,,Unfound
,,,,,,,1460001750716,,,,,Unfound
,,,,,,,1591057696641,,,,,Unfound
,,,,,,,1100006762245,,,,,Unfound
,,,,,,,1900027238190,,,,,Unfound
,,,,,,,129075,,,,,Unfound
,,,,,,,2200040851278,,,,,Unfound
,,,,,,,1410616831002,,,,,Unfound
,,,,,,,1900046255241,,,,,Unfound
,,,,,,,3074676101,,,,,Unfound
,,,,,,,1470000053319,,,,,Unfound
,,,,,,,9296255802,,,,,Unfound
,,,,,,,1460000208828,,,,,Unfound
,,,,,,,1100025619200,,,,,Unfound
,,,,,,,5028757309,,,,,Unfound
,,,,,,,78086704,,,,,Unfound
,,,,,,,108720,,,,,Unfound
,,,,,,,9326482800,,,,,Unfound
,,,,,,,1900018274244,,,,,Unfound
,,,,,,,1100002283676,,,,,Unfound
,,,,,,,1591058813054,,,,,Unfound
,,,,,,,1100050963190,,,,,Unfound
,,,,,,,1591017585403,,,,,Unfound
,,,,,,,101000,,,,,Unfound
,,,,,,,57680609,,,,,Unfound
,,,,,,,1100015718916,,,,,Unfound
,,,,,,,2000003630438,,,,,Unfound
,,,,,,,1591054031156,,,,,Unfound
,,,,,,,701553703,,,,,Unfound
,,,,,,,104558,,,,,Unfound
,,,,,,,1591017825529,,,,,Unfound
,,,,,,,1100019022692,,,,,Unfound
,,,,,,,2071013803,,,,,Unfound
,,,,,,,46117806,,,,,Unfound
,,,,,,,2069755108,,,,,Unfound
,,,,,,,8823804202,,,,,Unfound
,,,,,,,1100770199250,,,,,Unfound
,,,,,,,2000000672694,,,,,Unfound
,,,,,,,1900008326115,,,,,Unfound
,,,,,,,130000,,,,,Unfound
,,,,,,,1100051261358,,,,,Unfound
,,,,,,,1800022828689,,,,,Unfound
,,,,,,,1900021270301,,,,,Unfound
,,,,,,,1591022598274,,,,,Unfound
,,,,,,,113342,,,,,Unfound
,,,,,,,1100007268352,,,,,Unfound
,,,,,,,1100003287110,,,,,Unfound
,,,,,,,1900045193922,,,,,Unfound
,,,,,,,18594305,,,,,Unfound
,,,,,,,1900060683420,,,,,Unfound
,,,,,,,132607,,,,,Unfound
,,,,,,,1591047478448,,,,,Unfound
,,,,,,,8836422804,,,,,Unfound
,,,,,,,153577,,,,,Unfound
,,,,,,,1100007353361,,,,,Unfound
,,,,,,,2199995118061,,,,,Unfound
,,,,,,,1900048000836,,,,,Unfound
,,,,,,,2000006585210,,,,,Unfound
,,,,,,,1591022598317,,,,,Unfound
,,,,,,,1100002419761,,,,,Unfound
,,,,,,,1601543005,,,,,Unfound
,,,,,,,680724404,,,,,Unfound
,,,,,,,1591025886280,,,,,Unfound
,,,,,,,124327,,,,,Unfound
,,,,,,,1100005507747,,,,,Unfound
,,,,,,,1100007274667,,,,,Unfound
,,,,,,,73680309,,,,,Unfound
,,,,,,,2334301171710,,,,,Unfound
,,,,,,,60466903,,,,,Unfound
,,,,,,,1100006731502,,,,,Unfound
,,,,,,,1900000000110,,,,,Unfound
,,,,,,,18296701,,,,,Unfound
,,,,,,,113676,,,,,Unfound
,,,,,,,1100019082335,,,,,Unfound
,,,,,,,2200041918231,,,,,Unfound
,,,,,,,1100006724852,,,,,Unfound
,,,,,,,67566505,,,,,Unfound
,,,,,,,1591020112145,,,,,Unfound
,,,,,,,140850,,,,,Unfound
,,,,,,,1100005696326,,,,,Unfound
,,,,,,,3027536406,,,,,Unfound
,,,,,,,1900027261135,,,,,Unfound
,,,,,,,4246539509,,,,,Unfound
,,,,,,,1200040126229,,,,,Unfound
,,,,,,,1276175401,,,,,Unfound
,,,,,,,72494105,,,,,Unfound
,,,,,,,123607,,,,,Unfound
,,,,,,,1100025391528,,,,,Unfound
,,,,,,,2200030093492,,,,,Unfound
,,,,,,,2200015396039,,,,,Unfound
,,,,,,,127462,,,,,Unfound
,,,,,,,1591038157638,,,,,Unfound
,,,,,,,2064011202,,,,,Unfound
,,,,,,,76621409,,,,,Unfound
,,,,,,,1100006359585,,,,,Unfound
,,,,,,,2333691721718,,,,,Unfound
,,,,,,,1100007446732,,,,,Unfound
,,,,,,,2200042325180,,,,,Unfound
,,,,,,,1570000154340,,,,,Unfound
,,,,,,,101493,,,,,Unfound
,,,,,,,1100007600002,,,,,Unfound
,,,,,,,4201328210,,,,,Unfound
,,,,,,,1800035299413,,,,,Unfound
,,,,,,,52059209,,,,,Unfound
,,,,,,,1100006201542,,,,,Unfound
,,,,,,,2200020279313,,,,,Unfound
,,,,,,,1591027984927,,,,,Unfound
,,,,,,,131253,,,,,Unfound
,,,,,,,1100005096569,,,,,Unfound
,,,,,,,1100770432175,,,,,Unfound
,,,,,,,17147802,,,,,Unfound
,,,,,,,1610005206975,,,,,Unfound
,,,,,,,67849405,,,,,Unfound
,,,,,,,113785,,,,,Unfound
,,,,,,,8822202101,,,,,Unfound
,,,,,,,1100018986771,,,,,Unfound
,,,,,,,1900027079821,,,,,Unfound
,,,,,,,2000052711232,,,,,Unfound
,,,,,,,1591045580274,,,,,Unfound
,,,,,,,2200022285300,,,,,Unfound
,,,,,,,110836,,,,,Unfound
,,,,,,,1100006774677,,,,,Unfound
,,,,,,,8873214402,,,,,Unfound
,,,,,,,1100039609221,,,,,Unfound
,,,,,,,1014568295222,,,,,Unfound
,,,,,,,1610012536078,,,,,Unfound
,,,,,,,1591046226561,,,,,Unfound
,,,,,,,113850,,,,,Unfound
,,,,,,,8937527505,,,,,Unfound
,,,,,,,1100005988946,,,,,Unfound
,,,,,,,1100039378616,,,,,Unfound
,,,,,,,59723308,,,,,Unfound
,,,,,,,1591035124987,,,,,Unfound
,,,,,,,1591023848246,,,,,Unfound
,,,,,,,211639,,,,,Unfound
,,,,,,,60137805,,,,,Unfound
,,,,,,,1100011186756,,,,,Unfound
,,,,,,,17579102,,,,,Unfound
,,,,,,,75878509,,,,,Unfound
,,,,,,,76054501,,,,,Unfound
,,,,,,,1100005736095,,,,,Unfound
,,,,,,,1580001101666,,,,,Unfound
,,,,,,,148646,,,,,Unfound
,,,,,,,1100021484142,,,,,Unfound
,,,,,,,1800035236929,,,,,Unfound
,,,,,,,3907355903,,,,,Unfound
,,,,,,,1100005225082,,,,,Unfound
,,,,,,,1591020334346,,,,,Unfound
,,,,,,,1591059617758,,,,,Unfound
,,,,,,,148669,,,,,Unfound
,,,,,,,1100020774505,,,,,Unfound
,,,,,,,1200033392911,,,,,Unfound
,,,,,,,1900028416864,,,,,Unfound
,,,,,,,1100005308622,,,,,Unfound
,,,,,,,1591018441001,,,,,Unfound
,,,,,,,1100005119686,,,,,Unfound
,,,,,,,51933009,,,,,Unfound
,,,,,,,226153,,,,,Unfound
,,,,,,,8884263606,,,,,Unfound
,,,,,,,1100039253518,,,,,Unfound
,,,,,,,1591040234042,,,,,Unfound
,,,,,,,1279760910,,,,,Unfound
,,,,,,,63940606,,,,,Unfound
,,,,,,,1100001949233,,,,,Unfound
,,,,,,,1591036670123,,,,,Unfound
,,,,,,,2200030029121,,,,,Unfound
,,,,,,,134468,,,,,Unfound
,,,,,,,1591039245728,,,,,Unfound
,,,,,,,140847,,,,,Unfound
,,,,,,,57400801,,,,,Unfound
,,,,,,,8884572608,,,,,Unfound
,,,,,,,1900030234513,,,,,Unfound
,,,,,,,1100008007153,,,,,Unfound
,,,,,,,1100002841879,,,,,Unfound
,,,,,,,2064005903,,,,73503,Unfound
,,,,,,,2067580403,,,,2067580403,Unfound
,,,,,,,1100005712615,,,,,Unfound
,,,,,,,1100019450551,,,,,Unfound
,,,,,,,1100005712563,,,,,Unfound
,,,,,,,1100018994610,,,,,Unfound
,,,,,,,68361503,,,,68361503,Unfound
,,,,,,,1160000595630,,,,,Unfound
,,,,,,,4205848403,,,,17470,Unfound
,,,,,,,1100007343753,,,,,Unfound
,,,,,,,1100006466055,,,,,Unfound
,,,,,,,2000003031568,,,,,Unfound
,,,,,,,3018027900,,,,10893,Unfound
,,,,,,,1100004515589,,,,,Unfound
,,,,,,,1100005452265,,,,,Unfound
,,,,,,,1100004047729,,,,,Unfound
,,,,,,,57728510,,,,6998,Unfound
,,,,,,,1100005502517,,,,,Unfound
,,,,,,,1100003155432,,,,,Unfound
,,,,,,,2199989651085,,,,,Unfound
,,,,,,,3357228805,,,,72166,Unfound
,,,,,,,9219786104,,,,3262,Unfound
,,,,,,,1100006672006,,,,,Unfound
,,,,,,,2371900140412,,,,,Unfound
,,,,,,,1580000107045,,,,,Unfound
,,,,,,,57717404,,,,39625,Unfound
,,,,,,,1100011569107,,,,,Unfound
,,,,,,,1100019363962,,,,,Unfound
,,,,,,,1100005476284,,,,,Unfound
,,,,,,,1591046157759,,,,,Unfound
,,,,,,,1100770750786,,,,,Unfound
,,,,,,,9139556406,,,,66008,Unfound
,,,,,,,1100018979301,,,,,Unfound
,,,,,,,1100003187480,,,,,Unfound
,,,,,,,21187307,,,,21187307,Unfound
,,,,,,,1100006893987,,,,,Unfound
,,,,,,,1100019095840,,,,,Unfound
,,,,,,,45765601,,,,159877,Unfound
,,,,,,,19229208,,,,426412,Unfound
,,,,,,,1100006429693,,,,,Unfound
,,,,,,,2000001891929,,,,,Unfound
,,,,,,,4155069806,,,,46201,Unfound
,,,,,,,1100019441228,,,,,Unfound
,,,,,,,1200041924872,,,,,Unfound
,,,,,,,1100010000000,,,,,Unfound
,,,,,,,59290303,,,,70935,Unfound
,,,,,,,1100005712466,,,,,Unfound
,,,,,,,1100019490865,,,,,Unfound
,,,,,,,1900061376521,,,,,Unfound
,,,,,,,52243101,,,,40988,Unfound
,,,,,,,22181401,,,,98510,Unfound
,,,,,,,1610009498573,,,,,Unfound
,,,,,,,66503700,,,,10994,Unfound
,,,,,,,1100020364501,,,,,Unfound
,,,,,,,1599019587150,,,,,Unfound
,,,,,,,3919281804,,,,111893,Unfound
,,,,,,,9208926408,,,,14339,Unfound
,,,,,,,1100021433218,,,,,Unfound
,,,,,,,2000017279786,,,,,Unfound
,,,,,,,2199990456790,,,,,Unfound
,,,,,,,1100002272920,,,,,Unfound
,,,,,,,1100002540342,,,,,Unfound
,,,,,,,2200013211960,,,,,Unfound
,,,,,,,1200060271835,,,,,Unfound
,,,,,,,48273000,,,,40443,Unfound
,,,,,,,1100001074924,,,,,Unfound
,,,,,,,2200023107788,,,,,Unfound
,,,,,,,59977609,,,,20679,Unfound
,,,,,,,1410178721006,,,,,Unfound
,,,,,,,1100023521470,,,,,Unfound
,,,,,,,44989304,,,,104560,Unfound
,,,,,,,2556765204,,,,57363,Unfound
,,,,,,,1100005292344,,,,,Unfound
,,,,,,,1100019738785,,,,,Unfound
,,,,,,,16872600,,,,9338,Unfound
,,,,,,,1100015779876,,,,,Unfound
,,,,,,,58788410,,,,31335,Unfound
,,,,,,,1100002461903,,,,,Unfound
,,,,,,,8937806902,,,,8103,Unfound
,,,,,,,1100006695546,,,,,Unfound
,,,,,,,8906004707,,,,49424,Unfound
,,,,,,,1200042522825,,,,,Unfound
,,,,,,,3064021404,,,,3064021404,Unfound
,,,,,,,1100002847417,,,,,Unfound
,,,,,,,1100005591526,,,,,Unfound
,,,,,,,1012735189243,,,,,Unfound
,,,,,,,53032306,,,,28839,Unfound
,,,,,,,1100019768265,,,,,Unfound
,,,,,,,1012666784710,,,,,Unfound
,,,,,,,3978961802,,,,65407,Unfound
,,,,,,,1100005162120,,,,,Unfound
,,,,,,,59659303,,,,1,Unfound
,,,,,,,1100007807288,,,,,Unfound
,,,,,,,1100013402279,,,,,Unfound
,,,,,,,2200010382370,,,,,Unfound
,,,,,,,1170000159270,,,,,Unfound
,,,,,,,1012705878500,,,,,Unfound
,,,,,,,1200029992519,,,,,Unfound
,,,,,,,1100006861043,,,,,Unfound
,,,,,,,1591040151130,,,,,Unfound
,,,,,,,2000000079060,,,,,Unfound
,,,,,,,78895109,,,,26871,Unfound
,,,,,,,16551209,,,,44517,Unfound
,,,,,,,1012739665967,,,,,Unfound
,,,,,,,2093627906,,,,26215,Unfound
,,,,,,,1100011192918,,,,,Unfound
,,,,,,,1100006035265,,,,,Unfound
,,,,,,,61075208,,,,56294,Unfound
,,,,,,,1100005120023,,,,,Unfound
,,,,,,,18870404,,,,18870404,Unfound
,,,,,,,1160000991214,,,,,Unfound
,,,,,,,1610009488706,,,,,Unfound
,,,,,,,1200035114141,,,,,Unfound
,,,,,,,58389003,,,,103501,Unfound
,,,,,,,1100005098947,,,,,Unfound
,,,,,,,8871958003,,,,8871958003,Unfound
,,,,,,,2320122315418,,,,,Unfound
,,,,,,,10820303,,,,10820303,Unfound
,,,,,,,8917391202,,,,24116,Unfound
,,,,,,,1100005185554,,,,,Unfound
,,,,,,,8817979802,,,,27125,Unfound
,,,,,,,1160000194349,,,,,Unfound
,,,,,,,9088119705,,,,403944,Unfound
,,,,,,,1100005381349,,,,,Unfound
,,,,,,,1504429700,,,,118706,Unfound
,,,,,,,2200018154758,,,,,Unfound
,,,,,,,81223703,,,,107072,Unfound
,,,,,,,1100005272366,,,,,Unfound
,,,,,,,8817308709,,,,8817308709,Unfound
,,,,,,,1200023856059,,,,,Unfound
,,,,,,,1100025693204,,,,,Unfound
,,,,,,,3299836901,,,,79791,Unfound
,,,,,,,1100022747061,,,,,Unfound
,,,,,,,1300054909879,,,,,Unfound
,,,,,,,8847854306,,,,27679,Unfound
,,,,,,,1100005739741,,,,,Unfound
,,,,,,,1300054909832,,,,,Unfound
,,,,,,,1100050996638,,,,,Unfound
,,,,,,,1100006110416,,,,,Unfound
,,,,,,,2551230307,,,,1896,Unfound
,,,,,,,1200010055791,,,,,Unfound
,,,,,,,1414655441000,,,,,Unfound
,,,,,,,1100007771686,,,,,Unfound
,,,,,,,84537607,,,,6283,Unfound
,,,,,,,1610012814143,,,,,Unfound
,,,,,,,1100024882792,,,,,Unfound
,,,,,,,1418790751005,,,,,Unfound
,,,,,,,73802308,,,,68627,Unfound
,,,,,,,8813146004,,,,23354,Unfound
,,,,,,,1100005381302,,,,,Unfound
,,,,,,,1100006761153,,,,,Unfound
,,,,,,,59335310,,,,72419,Unfound
,,,,,,,1413874411009,,,,,Unfound
,,,,,,,1923234900,,,,1923234900,Unfound
,,,,,,,1100024441736,,,,,Unfound
,,,,,,,1482652207,,,,18396,Unfound
,,,,,,,1100024722342,,,,,Unfound
,,,,,,,82743409,,,,129844,Unfound
,,,,,,,1413413071006,,,,,Unfound
,,,,,,,1100023626873,,,,,Unfound
,,,,,,,2313393956210,,,,,Unfound
,,,,,,,1415474561008,,,,,Unfound
,,,,,,,66916108,,,,84389,Unfound
,,,,,,,1890611801,,,,27239,Unfound
,,,,,,,1100002469381,,,,,Unfound
,,,,,,,3393791006,,,,134953,Unfound
,,,,,,,52433701,,,,196254,Unfound
,,,,,,,1415778811006,,,,,Unfound
,,,,,,,1100006672414,,,,,Unfound
,,,,,,,2000026421075,,,,,Unfound
,,,,,,,1715413834457,,,,,Unfound
,,,,,,,1413879712006,,,,,Unfound
,,,,,,,1412026931007,,,,,Unfound
,,,,,,,1413317511007,,,,,Unfound
,,,,,,,1630000515211,,,,,Unfound
,,,,,,,1800050929740,,,,,Unfound
,,,,,,,1100006196983,,,,,Unfound
,,,,,,,67456509,,,,120545,Unfound
,,,,,,,1413986880002,,,,,Unfound
,,,,,,,1414798791008,,,,,Unfound
,,,,,,,1714481407000,,,,,Unfound
,,,,,,,1100004698331,,,,,Unfound
,,,,,,,1410120980000,,,,,Unfound
,,,,,,,1417970003001,,,,,Unfound
,,,,,,,8906463302,,,,83701,Unfound
,,,,,,,1415544971005,,,,,Unfound
,,,,,,,1415731541006,,,,,Unfound
,,,,,,,1412254960009,,,,,Unfound
,,,,,,,1413595651003,,,,,Unfound
,,,,,,,1411092611007,,,,,Unfound
,,,,,,,1012483046223,,,,,Unfound
,,,,,,,1100007431620,,,,,Unfound
,,,,,,,2512251801,,,,39170,Unfound
,,,,,,,1580000862556,,,,,Unfound
,,,,,,,3389521708,,,,24772,Unfound
,,,,,,,8853071910,,,,62090,Unfound
,,,,,,,1411680803002,,,,,Unfound
,,,,,,,1591034808047,,,,,Unfound
,,,,,,,59083309,,,,59083309,Unfound
,,,,,,,1591060040312,,,,,Unfound
,,,,,,,70499105,,,,70499105,Unfound
,,,,,,,2200020765154,,,,,Unfound
,,,,,,,74616900,,,,362867,Unfound
,,,,,,,1411845240002,,,,,Unfound
,,,,,,,1640000131687,,,,,Unfound
,,,,,,,1417722440003,,,,,Unfound
,,,,,,,8215500,,,,358873,Unfound
,,,,,,,1413602051002,,,,,Unfound
,,,,,,,1900005416973,,,,,Unfound
,,,,,,,1900018423580,,,,,Unfound
,,,,,,,1100002419869,,,,,Unfound
,,,,,,,1412454770005,,,,,Unfound
,,,,,,,2321635451810,,,,,Unfound
,,,,,,,1413139931004,,,,,Unfound
,,,,,,,1100002215950,,,,,Unfound
,,,,,,,1411184970001,,,,,Unfound
,,,,,,,2313509455010,,,,,Unfound
,,,,,,,1012466744975,,,,,Unfound
,,,,,,,1100002592164,,,,,Unfound
,,,,,,,1460002143429,,,,,Unfound
,,,,,,,1591023813146,,,,,Unfound
,,,,,,,2320732681010,,,,,Unfound
,,,,,,,1418546701002,,,,,Unfound
,,,,,,,2200018707170,,,,,Unfound
,,,,,,,59742806,,,,59742806,Unfound
,,,,,,,2323111750016,,,,,Unfound
,,,,,,,2353473421912,,,,,Unfound
,,,,,,,1591014063799,,,,,Unfound
,,,,,,,2200018698144,,,,,Unfound
,,,,,,,2345591304614,,,,,Unfound
,,,,,,,8812982810,,,,15504,Unfound
,,,,,,,1200039171445,,,,,Unfound
,,,,,,,2340131980015,,,,,Unfound
,,,,,,,1416786590006,,,,,Unfound
,,,,,,,1416445441006,,,,,Unfound
,,,,,,,52453101,,,,155916,Unfound
,,,,,,,2346556462113,,,,,Unfound
,,,,,,,1591023790056,,,,,Unfound
,,,,,,,1460000909107,,,,,Unfound
,,,,,,,2315200745010,,,,,Unfound
,,,,,,,15458809,,,,164180,Unfound
,,,,,,,1418616751007,,,,,Unfound
,,,,,,,73376104,,,,133607,Unfound
,,,,,,,1415246051007,,,,,Unfound
,,,,,,,2365691548116,,,,,Unfound
,,,,,,,1413765521001,,,,,Unfound
,,,,,,,1419978531001,,,,,Unfound
,,,,,,,1100005676116,,,,,Unfound
,,,,,,,69942708,,,,75571,Unfound
,,,,,,,1410636011000,,,,,Unfound
,,,,,,,1100014473164,,,,,Unfound
,,,,,,,8821629009,,,,8821629009,Unfound
,,,,,,,1412857731000,,,,,Unfound
,,,,,,,1100023540905,,,,,Unfound
,,,,,,,66816800,,,,31919,Unfound
,,,,,,,1411812731005,,,,,Unfound
,,,,,,,1100021431201,,,,,Unfound
,,,,,,,9795909,,,,30120,Unfound
,,,,,,,1410971731001,,,,,Unfound
,,,,,,,3337820509,,,,1180,Unfound
,,,,,,,1460000775988,,,,,Unfound
,,,,,,,1410752513005,,,,,Unfound
,,,,,,,44814010,,,,44814010,Unfound
,,,,,,,1100006008475,,,,,Unfound
,,,,,,,2100040499447,,,,,Unfound
,,,,,,,9151096807,,,,9151096807,Unfound
,,,,,,,1415335211004,,,,,Unfound
,,,,,,,1100005739592,,,,,Unfound
,,,,,,,1414506531008,,,,,Unfound
,,,,,,,9296348102,,,,12047,Unfound
,,,,,,,1100025403217,,,,,Unfound
,,,,,,,1200031628268,,,,,Unfound
,,,,,,,9101758000,,,,39785,Unfound
,,,,,,,65507804,,,,66538,Unfound
,,,,,,,1800036657181,,,,,Unfound
,,,,,,,1100007031369,,,,,Unfound
,,,,,,,1200020856074,,,,,Unfound
,,,,,,,2380000927890,,,,,Unfound
,,,,,,,1100005263956,,,,,Unfound
,,,,,,,9159055901,,,,9159055901,Unfound
,,,,,,,2000000668847,,,,,Unfound
,,,,,,,1100020854987,,,,,Unfound
,,,,,,,1100007721124,,,,,Unfound
,,,,,,,2578708,,,,1,Unfound
,,,,,,,1012986196294,,,,,Unfound
,,,,,,,8916364306,,,,8916364306,Unfound
,,,,,,,1100007837014,,,,,Unfound
,,,,,,,1100039509660,,,,,Unfound
,,,,,,,9076506,,,,9076506,Unfound
,,,,,,,1100002783153,,,,,Unfound
,,,,,,,1100007471580,,,,,Unfound
,,,,,,,1307470002,,,,12192,Unfound
,,,,,,,1416355111004,,,,,Unfound
,,,,,,,69758210,,,,45207,Unfound
,,,,,,,2200014817400,,,,,Unfound
,,,,,,,57710906,,,,57710906,Unfound
,,,,,,,4202777301,,,,24169,Unfound
,,,,,,,1460001683469,,,,,Unfound
,,,,,,,1100020000000,,,,,Unfound
,,,,,,,2199998565307,,,,,Unfound
,,,,,,,57638004,,,,1,Unfound
,,,,,,,2199999423890,,,,,Unfound
,,,,,,,2552888301,,,,2552888301,Unfound
,,,,,,,1100005465380,,,,,Unfound
,,,,,,,8913735401,,,,43799,Unfound
,,,,,,,1591055142651,,,,,Unfound
,,,,,,,9851500,,,,9851500,Unfound
,,,,,,,1422824100006,,,,,Unfound
,,,,,,,1100023445289,,,,,Unfound
,,,,,,,2371112555010,,,,,Unfound
,,,,,,,15703201,,,,21240,Unfound
,,,,,,,9156938608,,,,41931,Unfound
,,,,,,,1100019682101,,,,,Unfound
,,,,,,,1100002958239,,,,,Unfound
,,,,,,,2248255500,,,,1,Unfound
,,,,,,,8921953710,,,,12848,Unfound
,,,,,,,79284803,,,,78647,Unfound
,,,,,,,2322653740111,,,,,Unfound
,,,,,,,1411860502006,,,,,Unfound
,,,,,,,1413869060008,,,,,Unfound
,,,,,,,1100007612160,,,,,Unfound
,,,,,,,80059408,,,,33433,Unfound
,,,,,,,5088002202,,,,50009,Unfound
,,,,,,,2200019092465,,,,,Unfound
,,,,,,,1100005571609,,,,,Unfound
,,,,,,,1277841305,,,,86297,Unfound
,,,,,,,1012406283269,,,,,Unfound
,,,,,,,2053280207,,,,11534,Unfound
,,,,,,,2200018589427,,,,,Unfound
,,,,,,,1100006014460,,,,,Unfound
,,,,,,,2059456709,,,,25626,Unfound
,,,,,,,1423662100004,,,,,Unfound
,,,,,,,1100011188442,,,,,Unfound
,,,,,,,1217079609,,,,1217079609,Unfound
,,,,,,,58630801,,,,1,Unfound
,,,,,,,2479688109,,,,1,Unfound
,,,,,,,9326539601,,,,10015,Unfound
,,,,,,,1100002191500,,,,,Unfound
,,,,,,,1460001875717,,,,,Unfound
,,,,,,,2345962907819,,,,,Unfound
,,,,,,,52799104,,,,52799104,Unfound
,,,,,,,1413512612003,,,,,Unfound
,,,,,,,2074651009,,,,2074651009,Unfound
,,,,,,,1100007591519,,,,,Unfound
,,,,,,,2207438602,,,,99722,Unfound
,,,,,,,59849005,,,,136488,Unfound
,,,,,,,1414434831001,,,,,Unfound
,,,,,,,1100005502400,,,,,Unfound
,,,,,,,50584802,,,,1882,Unfound
,,,,,,,1100050157080,,,,,Unfound
,,,,,,,59693606,,,,55290,Unfound
,,,,,,,1900037427630,,,,,Unfound
,,,,,,,1419847711000,,,,,Unfound
,,,,,,,1100005101883,,,,,Unfound
,,,,,,,8879986902,,,,74536,Unfound
,,,,,,,67599408,,,,72549,Unfound
,,,,,,,1712046441057,,,,,Unfound
,,,,,,,57584703,,,,121492,Unfound
,,,,,,,1100005152363,,,,,Unfound
,,,,,,,4204651008,,,,21778,Unfound
,,,,,,,1412171601000,,,,,Unfound
,,,,,,,9207649100,,,,102834,Unfound
,,,,,,,1160000000000,,,,,Unfound
,,,,,,,709615807,,,,8806,Unfound
,,,,,,,1418401221008,,,,,Unfound
,,,,,,,1100007313304,,,,,Unfound
,,,,,,,8813622706,,,,54084,Unfound
,,,,,,,1013083554147,,,,,Unfound
,,,,,,,2057386603,,,,10942,Unfound
,,,,,,,1100005871955,,,,,Unfound
,,,,,,,592179100,,,,55839,Unfound
,,,,,,,2069104302,,,,11813,Unfound
,,,,,,,1100005207232,,,,,Unfound
,,,,,,,1410474911003,,,,,Unfound
,,,,,,,1300013164052,,,,,Unfound
,,,,,,,9134457401,,,,128965,Unfound
,,,,,,,2571270107,,,,33081,Unfound
,,,,,,,1100007381953,,,,,Unfound
,,,,,,,1100005547304,,,,,Unfound
,,,,,,,70331605,,,,1,Unfound
,,,,,,,1900040420557,,,,,Unfound
,,,,,,,2380000774780,,,,,Unfound
,,,,,,,1100002930154,,,,,Unfound
,,,,,,,1591044305361,,,,,Unfound
,,,,,,,8855382208,,,,40315,Unfound
,,,,,,,1100007200131,,,,,Unfound
,,,,,,,1507893069000,,,,,Unfound
,,,,,,,56199908,,,,50249,Unfound
,,,,,,,8922407205,,,,7871,Unfound
,,,,,,,2199996692280,,,,,Unfound
,,,,,,,1300012672036,,,,,Unfound
,,,,,,,2424103705,,,,22768,Unfound
,,,,,,,1100000948860,,,,,Unfound
,,,,,,,15644503,,,,93836,Unfound
,,,,,,,1100002915420,,,,,Unfound
,,,,,,,5003115309,,,,19884,Unfound
,,,,,,,8822992202,,,,48560,Unfound
,,,,,,,1412272022009,,,,,Unfound
,,,,,,,1100002325095,,,,,Unfound
,,,,,,,1591044243964,,,,,Unfound
,,,,,,,9110307607,,,,9230,Unfound
,,,,,,,4159428907,,,,12480,Unfound
,,,,,,,1419610622006,,,,,Unfound
,,,,,,,1100002899920,,,,,Unfound
,,,,,,,2000020290850,,,,,Unfound
,,,,,,,2555223701,,,,12862,Unfound
,,,,,,,3275798000,,,,52848,Unfound
,,,,,,,1100010194161,,,,,Unfound
,,,,,,,1100005571404,,,,,Unfound
,,,,,,,2234264104,,,,1,Unfound
,,,,,,,17885603,,,,17885603,Unfound
,,,,,,,1418486561002,,,,,Unfound
,,,,,,,3008196704,,,,3008196704,Unfound
,,,,,,,1413272461005,,,,,Unfound
,,,,,,,2054257408,,,,4045,Unfound
,,,,,,,75147604,,,,75147604,Unfound
,,,,,,,1418220960004,,,,,Unfound
,,,,,,,1100005676055,,,,,Unfound
,,,,,,,1200021593281,,,,,Unfound
,,,,,,,3043655103,,,,13399,Unfound
,,,,,,,57762701,,,,42119,Unfound
,,,,,,,1100006067666,,,,,Unfound
,,,,,,,1800035159479,,,,,Unfound
,,,,,,,1921531110,,,,17452,Unfound
,,,,,,,8818256306,,,,87961,Unfound
,,,,,,,1412449931006,,,,,Unfound
,,,,,,,1100019191131,,,,,Unfound
,,,,,,,2556371104,,,,2556371104,Unfound
,,,,,,,80407607,,,,80407607,Unfound
,,,,,,,1600000100771,,,,,Unfound
,,,,,,,530926210,,,,20585,Unfound
,,,,,,,73048008,,,,73048008,Unfound
,,,,,,,2200014022454,,,,,Unfound
,,,,,,,3358020707,,,,1,Unfound
,,,,,,,79800604,,,,79800604,Unfound
,,,,,,,2200019558299,,,,,Unfound
,,,,,,,2199992744633,,,,,Unfound
,,,,,,,615690800,,,,2313,Unfound
,,,,,,,55848005,,,,67014,Unfound
,,,,,,,1610021278999,,,,,Unfound
,,,,,,,2200019399335,,,,,Unfound
,,,,,,,1277633309,,,,13500,Unfound
,,,,,,,75891310,,,,3900,Unfound
,,,,,,,2200030096730,,,,,Unfound
,,,,,,,2200011557952,,,,,Unfound
,,,,,,,58059700,,,,47012,Unfound
,,,,,,,2200011467722,,,,,Unfound
,,,,,,,2567824205,,,,128055,Unfound
,,,,,,,52799306,,,,27567,Unfound
,,,,,,,2200014297452,,,,,Unfound
,,,,,,,1825642110,,,,40429,Unfound
,,,,,,,2546780407,,,,116447,Unfound
,,,,,,,2200018660920,,,,,Unfound
,,,,,,,1411203420005,,,,,Unfound
,,,,,,,9126827805,,,,145010,Unfound
,,,,,,,2208640108,,,,28080,Unfound
,,,,,,,2200018697656,,,,,Unfound
,,,,,,,2000002127060,,,,,Unfound
,,,,,,,9128277806,,,,12095,Unfound
,,,,,,,20017602,,,,124856,Unfound
,,,,,,,3072519209,,,,36329,Unfound
,,,,,,,8864851106,,,,46502,Unfound
,,,,,,,2200030079034,,,,,Unfound
,,,,,,,1100005361069,,,,,Unfound
,,,,,,,2533173005,,,,11425,Unfound
,,,,,,,50274809,,,,54950,Unfound
,,,,,,,2200030092772,,,,,Unfound
,,,,,,,2000053699055,,,,,Unfound
,,,,,,,1100007733811,,,,,Unfound
,,,,,,,60005507,,,,1,Unfound
,,,,,,,1100007771950,,,,,Unfound
,,,,,,,2200011187516,,,,,Unfound
,,,,,,,1143510909,,,,1143510909,Unfound
,,,,,,,2200030093776,,,,,Unfound
,,,,,,,18390401,,,,1,Unfound
,,,,,,,1100002919080,,,,,Unfound
,,,,,,,2000003729545,,,,,Unfound
,,,,,,,19292103,,,,11305,Unfound
,,,,,,,2200030069480,,,,,Unfound
,,,,,,,1100022190802,,,,,Unfound
,,,,,,,57620007,,,,132,Unfound
,,,,,,,8858072208,,,,8858072208,Unfound
,,,,,,,1100006879040,,,,,Unfound
,,,,,,,2174621804,,,,28671,Unfound
,,,,,,,21714506,,,,21714506,Unfound
,,,,,,,2200018751719,,,,,Unfound
,,,,,,,1100007540124,,,,,Unfound
,,,,,,,1300004134770,,,,,Unfound
,,,,,,,2445817908,,,,29176,Unfound
,,,,,,,3313575209,,,,129718,Unfound
,,,,,,,2200030129829,,,,,Unfound
,,,,,,,1460000946410,,,,,Unfound
,,,,,,,1414280202004,,,,,Unfound
,,,,,,,2549993002,,,,28003,Unfound
,,,,,,,59472702,,,,84676,Unfound
,,,,,,,2200019715298,,,,,Unfound
,,,,,,,1422294100004,,,,,Unfound
,,,,,,,1415804910000,,,,,Unfound
,,,,,,,2440947301,,,,27558,Unfound
,,,,,,,8825209501,,,,55306,Unfound
,,,,,,,2200030089005,,,,,Unfound
,,,,,,,8852995900,,,,8852995900,Unfound
,,,,,,,8865177303,,,,22260,Unfound
,,,,,,,2200030088961,,,,,Unfound
,,,,,,,2559272510,,,,2559272510,Unfound
,,,,,,,8930298503,,,,32084,Unfound
,,,,,,,1800027932880,,,,,Unfound
,,,,,,,9082213801,,,,25879,Unfound
,,,,,,,2200030086050,,,,,Unfound
,,,,,,,9109253908,,,,9109253908,Unfound
,,,,,,,1426495100003,,,,,Unfound
,,,,,,,1677026305,,,,1,Unfound
,,,,,,,1425671100004,,,,,Unfound
,,,,,,,44506908,,,,1,Unfound
,,,,,,,65811605,,,,65811605,Unfound
,,,,,,,1100004869157,,,,,Unfound
,,,,,,,1012921020964,,,,,Unfound
,,,,,,,8832973002,,,,8832973002,Unfound
,,,,,,,80639000,,,,22203,Unfound
,,,,,,,1427967100002,,,,,Unfound
,,,,,,,67276406,,,,67276406,Unfound
,,,,,,,1610021413131,,,,,Unfound
,,,,,,,11472210,,,,217764,Unfound
,,,,,,,1420195100006,,,,,Unfound
,,,,,,,3992223208,,,,11402,Unfound
,,,,,,,2200023211363,,,,,Unfound
,,,,,,,1411631541003,,,,,Unfound
,,,,,,,2059985400,,,,7947,Unfound
,,,,,,,58200506,,,,16800,Unfound
,,,,,,,1429386000000,,,,,Unfound
,,,,,,,1425146100000,,,,,Unfound
,,,,,,,1808219809,,,,1808219809,Unfound
,,,,,,,8815486802,,,,34110,Unfound
,,,,,,,2465093702,,,,2617,Unfound
,,,,,,,1420504200008,,,,,Unfound
,,,,,,,7416569909,,,,7416569909,Unfound
,,,,,,,63913008,,,,1,Unfound
,,,,,,,1900005423590,,,,,Unfound
,,,,,,,3282181903,,,,43192,Unfound
,,,,,,,8867750407,,,,17672,Unfound
,,,,,,,8825500506,,,,25527,Unfound
,,,,,,,2199993007080,,,,,Unfound
,,,,,,,1460001655675,,,,,Unfound
,,,,,,,1714893300808,,,,,Unfound
,,,,,,,65307302,,,,65307302,Unfound
,,,,,,,1422985100006,,,,,Unfound
,,,,,,,8927242505,,,,3674,Unfound
,,,,,,,21583203,,,,143267,Unfound
,,,,,,,1426943100002,,,,,Unfound
,,,,,,,1420014500007,,,,,Unfound
,,,,,,,1012661457689,,,,,Unfound
,,,,,,,8818665402,,,,28803,Unfound
,,,,,,,2200030098213,,,,,Unfound
,,,,,,,18762704,,,,148128,Unfound
,,,,,,,1557207503,,,,72335,Unfound
,,,,,,,1918974410,,,,1918974410,Unfound
,,,,,,,1160000512271,,,,,Unfound
,,,,,,,13184103,,,,13184103,Unfound
,,,,,,,1413068121000,,,,,Unfound
,,,,,,,57855708,,,,39229,Unfound
,,,,,,,2546152905,,,,1,Unfound
,,,,,,,1591046564361,,,,,Unfound
,,,,,,,1012673703575,,,,,Unfound
,,,,,,,8820494400,,,,18333,Unfound
,,,,,,,1012986270353,,,,,Unfound
,,,,,,,72780308,,,,40572,Unfound
,,,,,,,1099529906,,,,1099529906,Unfound
,,,,,,,1418873911009,,,,,Unfound
,,,,,,,2000054330905,,,,,Unfound
,,,,,,,1848203201,,,,50765,Unfound
,,,,,,,9103966107,,,,1,Unfound
,,,,,,,1410846051000,,,,,Unfound
,,,,,,,57851610,,,,88796,Unfound
,,,,,,,1100019400658,,,,,Unfound
,,,,,,,58850007,,,,67666,Unfound
,,,,,,,2244053400,,,,38682,Unfound
,,,,,,,1420003100003,,,,,Unfound
,,,,,,,2000007928690,,,,,Unfound
,,,,,,,60132110,,,,114719,Unfound
,,,,,,,1012397383187,,,,,Unfound
,,,,,,,1425403200000,,,,,Unfound
,,,,,,,3297902406,,,,21672,Unfound
,,,,,,,3389831802,,,,1381,Unfound
,,,,,,,9113366201,,,,65081,Unfound
,,,,,,,3042681402,,,,5,Unfound
,,,,,,,2325832891512,,,,,Unfound
,,,,,,,80549403,,,,75940,Unfound
,,,,,,,8851195110,,,,216365,Unfound
,,,,,,,1507823370015,,,,,Unfound
,,,,,,,18096502,,,,71835,Unfound
,,,,,,,1131390202,,,,20456,Unfound
,,,,,,,2000054016256,,,,,Unfound
,,,,,,,1411051761004,,,,,Unfound
,,,,,,,49970106,,,,36628,Unfound
,,,,,,,1144344104,,,,70956,Unfound
,,,,,,,3900869405,,,,22573,Unfound
,,,,,,,2000054909380,,,,,Unfound
,,,,,,,1415083041004,,,,,Unfound
,,,,,,,58386906,,,,34771,Unfound
,,,,,,,4158640305,,,,23814,Unfound
,,,,,,,1012786777094,,,,,Unfound
,,,,,,,1425995100009,,,,,Unfound
,,,,,,,1423620000007,,,,,Unfound
,,,,,,,9213731003,,,,42412,Unfound
,,,,,,,1857214308,,,,21228,Unfound
,,,,,,,1100007908696,,,,,Unfound
,,,,,,,1429135100009,,,,,Unfound
,,,,,,,2458643709,,,,12325,Unfound
,,,,,,,1411243601004,,,,,Unfound
,,,,,,,1427404200005,,,,,Unfound
,,,,,,,1142324009,,,,1142324009,Unfound
,,,,,,,1415102071005,,,,,Unfound
,,,,,,,1425419100007,,,,,Unfound
,,,,,,,65627904,,,,54393,Unfound
,,,,,,,45223205,,,,3180,Unfound
,,,,,,,1410522222008,,,,,Unfound
,,,,,,,59792002,,,,59792002,Unfound
,,,,,,,2444257307,,,,2444257307,Unfound
,,,,,,,1415887441007,,,,,Unfound
,,,,,,,17165310,,,,269732,Unfound
,,,,,,,3909759107,,,,11721,Unfound
,,,,,,,1100050820483,,,,,Unfound
,,,,,,,67828307,,,,45623,Unfound
,,,,,,,1300035393406,,,,,Unfound
,,,,,,,3252110603,,,,3252110603,Unfound
,,,,,,,1421852100004,,,,,Unfound
,,,,,,,82277608,,,,75520,Unfound
,,,,,,,2183252003,,,,2183252003,Unfound
,,,,,,,1900090151599,,,,,Unfound
,,,,,,,1429220000000,,,,,Unfound
,,,,,,,9185000503,,,,59053,Unfound
,,,,,,,2767510005,,,,90446,Unfound
,,,,,,,2300000770846,,,,,Unfound
,,,,,,,53473202,,,,53473202,Unfound
,,,,,,,1100005066030,,,,,Unfound
,,,,,,,1429807100007,,,,,Unfound
,,,,,,,54389207,,,,64127,Unfound
,,,,,,,82309303,,,,1,Unfound
,,,,,,,1430000026027,,,,,Unfound
,,,,,,,1423183200009,,,,,Unfound
,,,,,,,9093203607,,,,9093203607,Unfound
,,,,,,,1415019961002,,,,,Unfound
,,,,,,,1425218000009,,,,,Unfound
,,,,,,,19112602,,,,27044,Unfound
,,,,,,,56335306,,,,161620,Unfound
,,,,,,,1491684401,,,,1,Unfound
,,,,,,,1100011247025,,,,,Unfound
,,,,,,,1426486100007,,,,,Unfound
,,,,,,,67468909,,,,2253,Unfound
,,,,,,,1426413200000,,,,,Unfound
,,,,,,,9125857607,,,,9125857607,Unfound
,,,,,,,2427560805,,,,2427560805,Unfound
,,,,,,,1100019160737,,,,,Unfound
,,,,,,,1420614500000,,,,,Unfound
,,,,,,,11068102,,,,209826,Unfound
,,,,,,,2702844500,,,,2702844500,Unfound
,,,,,,,1100007819910,,,,,Unfound
,,,,,,,11917604,,,,78069,Unfound
,,,,,,,8911910607,,,,8911910607,Unfound
,,,,,,,1100005789431,,,,,Unfound
,,,,,,,1428123100008,,,,,Unfound
,,,,,,,4194801700,,,,12976,Unfound
,,,,,,,2479430002,,,,9682,Unfound
,,,,,,,1419657721004,,,,,Unfound
,,,,,,,63953009,,,,74251,Unfound
,,,,,,,9085236604,,,,27281,Unfound
,,,,,,,2365092451013,,,,,Unfound
,,,,,,,1100002540120,,,,,Unfound
,,,,,,,59530600,,,,59530600,Unfound
,,,,,,,1410930861002,,,,,Unfound
,,,,,,,1906189700,,,,16294,Unfound
,,,,,,,2200019525841,,,,,Unfound
,,,,,,,9158286904,,,,29915,Unfound
,,,,,,,7604024000,,,,27705,Unfound
,,,,,,,1414633831001,,,,,Unfound
,,,,,,,1300000474139,,,,,Unfound
,,,,,,,2069739301,,,,1,Unfound
,,,,,,,1910036302,,,,1910036302,Unfound
,,,,,,,1417908251004,,,,,Unfound
,,,,,,,72398906,,,,72398906,Unfound
,,,,,,,2568055301,,,,6743,Unfound
,,,,,,,1100006757946,,,,,Unfound
,,,,,,,70387004,,,,70387004,Unfound
,,,,,,,2067573900,,,,1,Unfound
,,,,,,,1100006421560,,,,,Unfound
,,,,,,,1100006083941,,,,,Unfound
,,,,,,,8926530505,,,,40771,Unfound
,,,,,,,79649604,,,,100244,Unfound
,,,,,,,1591050135631,,,,,Unfound
,,,,,,,1900039426610,,,,,Unfound
,,,,,,,4151258104,,,,12421,Unfound
,,,,,,,72079710,,,,72079710,Unfound
,,,,,,,1100019371262,,,,,Unfound
,,,,,,,57572909,,,,57572909,Unfound
,,,,,,,44951705,,,,44951705,Unfound
,,,,,,,1591062460859,,,,,Unfound
,,,,,,,1100006406622,,,,,Unfound
,,,,,,,1888118010,,,,1888118010,Unfound
,,,,,,,1419686501006,,,,,Unfound
,,,,,,,1100006202740,,,,,Unfound
,,,,,,,9157784601,,,,11954,Unfound
,,,,,,,9167380010,,,,5041,Unfound
,,,,,,,1100006243348,,,,,Unfound
,,,,,,,1414281390008,,,,,Unfound
,,,,,,,1200026624961,,,,,Unfound
,,,,,,,1524402007,,,,1,Unfound
,,,,,,,59843206,,,,36357,Unfound
,,,,,,,1100002487558,,,,,Unfound
,,,,,,,1100006675284,,,,,Unfound
,,,,,,,8900893308,,,,1,Unfound
,,,,,,,4152682302,,,,18830,Unfound
,,,,,,,1100005387883,,,,,Unfound
,,,,,,,1100006259269,,,,,Unfound
,,,,,,,2390000023227,,,,,Unfound
,,,,,,,2728810907,,,,24463,Unfound
,,,,,,,63697904,,,,45226,Unfound
,,,,,,,1417294703006,,,,,Unfound
,,,,,,,1100005508769,,,,,Unfound
,,,,,,,4072304,,,,31172,Unfound
,,,,,,,58523205,,,,39581,Unfound
,,,,,,,8813648309,,,,31028,Unfound
,,,,,,,1100007558089,,,,,Unfound
,,,,,,,9180254509,,,,135329,Unfound
,,,,,,,2052408303,,,,215,Unfound
,,,,,,,1412391071005,,,,,Unfound
,,,,,,,2719981204,,,,101063,Unfound
,,,,,,,2100040836850,,,,,Unfound
,,,,,,,8889408609,,,,115848,Unfound
,,,,,,,3353975508,,,,21879,Unfound
,,,,,,,1411074202004,,,,,Unfound
,,,,,,,1416786501006,,,,,Unfound
,,,,,,,3313288610,,,,95479,Unfound
,,,,,,,52730101,,,,103422,Unfound
,,,,,,,1419780000000,,,,,Unfound
,,,,,,,4160896003,,,,26051,Unfound
,,,,,,,9318852508,,,,9318852508,Unfound
,,,,,,,1100002630137,,,,,Unfound
,,,,,,,8834360910,,,,8834360910,Unfound
,,,,,,,1413954221005,,,,,Unfound
,,,,,,,2578456606,,,,13894,Unfound
,,,,,,,51540708,,,,51540708,Unfound
,,,,,,,1160001174636,,,,,Unfound
,,,,,,,2072152003,,,,2072152003,Unfound
,,,,,,,8913452804,,,,8913452804,Unfound
,,,,,,,1100050165035,,,,,Unfound
,,,,,,,1416209821009,,,,,Unfound
,,,,,,,1556739105,,,,1,Unfound
,,,,,,,2390000046720,,,,,Unfound
,,,,,,,203162808,,,,203162808,Unfound
,,,,,,,1100004232910,,,,,Unfound
,,,,,,,1419360360002,,,,,Unfound
,,,,,,,72770608,,,,17847,Unfound
,,,,,,,48449606,,,,82737,Unfound
,,,,,,,57827703,,,,7675,Unfound
,,,,,,,1100005735515,,,,,Unfound
,,,,,,,3006388108,,,,24262,Unfound
,,,,,,,1411695701000,,,,,Unfound
,,,,,,,1100002953018,,,,,Unfound
,,,,,,,8817501108,,,,79939,Unfound
,,,,,,,9086909006,,,,9086909006,Unfound
,,,,,,,1100002462632,,,,,Unfound
,,,,,,,2554331901,,,,23163,Unfound
,,,,,,,1418642511000,,,,,Unfound
,,,,,,,71784805,,,,71784805,Unfound
,,,,,,,1911517200,,,,13053,Unfound
,,,,,,,2092790800,,,,11957,Unfound
,,,,,,,17947700,,,,96831,Unfound
,,,,,,,1460001871990,,,,,Unfound
,,,,,,,1100007641054,,,,,Unfound
,,,,,,,18486504,,,,55188,Unfound
,,,,,,,8865892204,,,,3159,Unfound
,,,,,,,1413162701002,,,,,Unfound
,,,,,,,1100019738410,,,,,Unfound
,,,,,,,1591025636550,,,,,Unfound
,,,,,,,8873065501,,,,8873065501,Unfound
,,,,,,,5038956602,,,,14643,Unfound
,,,,,,,1100007179696,,,,,Unfound
,,,,,,,8849487506,,,,1,Unfound
,,,,,,,1470000147491,,,,,Unfound
,,,,,,,1100011372997,,,,,Unfound
,,,,,,,1100007094322,,,,,Unfound
,,,,,,,1100011246077,,,,,Unfound
,,,,,,,22139604,,,,22139604,Unfound
,,,,,,,91732607,,,,36,Unfound
,,,,,,,2200879507,,,,1,Unfound
,,,,,,,59805501,,,,3110,Unfound
,,,,,,,9192518208,,,,53316,Unfound
,,,,,,,9155304909,,,,280028,Unfound
,,,,,,,1170000320364,,,,,Unfound
,,,,,,,1100005071280,,,,,Unfound
,,,,,,,73786404,,,,41208,Unfound
,,,,,,,21334709,,,,6961,Unfound
,,,,,,,1100019637438,,,,,Unfound
,,,,,,,1900031110190,,,,,Unfound
,,,,,,,3971936801,,,,12178,Unfound
,,,,,,,55591701,,,,43474,Unfound
,,,,,,,1100007233786,,,,,Unfound
,,,,,,,4256982510,,,,4256982510,Unfound
,,,,,,,1417019450002,,,,,Unfound
,,,,,,,2701064906,,,,13658,Unfound
,,,,,,,8817104805,,,,4673,Unfound
,,,,,,,1623512207,,,,63045,Unfound
,,,,,,,1580000697166,,,,,Unfound
,,,,,,,2066333302,,,,2066333302,Unfound
,,,,,,,1100007823243,,,,,Unfound
,,,,,,,1507835329994,,,,,Unfound
,,,,,,,2533721100,,,,48492,Unfound
,,,,,,,63983209,,,,58482,Unfound
,,,,,,,1100005673649,,,,,Unfound
,,,,,,,1591011715714,,,,,Unfound
,,,,,,,3930693300,,,,1,Unfound
,,,,,,,20991505,,,,20991505,Unfound
,,,,,,,1568239909,,,,18046,Unfound
,,,,,,,1100006036204,,,,,Unfound
,,,,,,,1663496900,,,,56947,Unfound
,,,,,,,81106508,,,,49401,Unfound
,,,,,,,1100006701215,,,,,Unfound
,,,,,,,2200010459474,,,,,Unfound
,,,,,,,2073775404,,,,58258,Unfound
,,,,,,,4268189800,,,,4268189800,Unfound
,,,,,,,1100005280126,,,,,Unfound
,,,,,,,1001529507,,,,15059,Unfound
,,,,,,,1100050918755,,,,,Unfound
,,,,,,,1610012865290,,,,,Unfound
,,,,,,,2446121202,,,,12587,Unfound
,,,,,,,1015523308,,,,1015523308,Unfound
,,,,,,,1100007453215,,,,,Unfound
,,,,,,,1349381105,,,,13407,Unfound
,,,,,,,1001515002,,,,1001515002,Unfound
,,,,,,,1100051102950,,,,,Unfound
,,,,,,,4157716206,,,,33247,Unfound
,,,,,,,1100006425528,,,,,Unfound
,,,,,,,2371480935511,,,,,Unfound
,,,,,,,3347959008,,,,589,Unfound
,,,,,,,8892625509,,,,226024,Unfound
,,,,,,,1100770442234,,,,,Unfound
,,,,,,,1410119051003,,,,,Unfound
,,,,,,,4212688802,,,,4212688802,Unfound
,,,,,,,20016106,,,,65722,Unfound
,,,,,,,56121410,,,,70033,Unfound
,,,,,,,1419859051007,,,,,Unfound
,,,,,,,1100005982225,,,,,Unfound
,,,,,,,8914491505,,,,37043,Unfound
,,,,,,,1869168400,,,,66326,Unfound
,,,,,,,1416411141001,,,,,Unfound
,,,,,,,5042845310,,,,5042845310,Unfound
,,,,,,,4010552101,,,,4010552101,Unfound
,,,,,,,1100005387642,,,,,Unfound
,,,,,,,1160000554183,,,,,Unfound
,,,,,,,21645300,,,,52384,Unfound
,,,,,,,50411108,,,,57105,Unfound
,,,,,,,1100770000000,,,,,Unfound
,,,,,,,4258752806,,,,54426,Unfound
,,,,,,,8820974706,,,,78110,Unfound
,,,,,,,78787802,,,,55342,Unfound
,,,,,,,1100007670463,,,,,Unfound
,,,,,,,1170000101829,,,,,Unfound
,,,,,,,8823595107,,,,8823595107,Unfound
,,,,,,,1100002675918,,,,,Unfound
,,,,,,,1100019456508,,,,,Unfound
,,,,,,,3296027706,,,,82267,Unfound
,,,,,,,2789162109,,,,2789162109,Unfound
,,,,,,,8815767900,,,,111131,Unfound
,,,,,,,9195810904,,,,19173,Unfound
,,,,,,,1100007407798,,,,,Unfound
,,,,,,,8814350210,,,,1,Unfound
,,,,,,,5269205,,,,5269205,Unfound
,,,,,,,1100005562065,,,,,Unfound
,,,,,,,8921012704,,,,8921012704,Unfound
,,,,,,,1100039208028,,,,,Unfound
,,,,,,,8862940106,,,,142938,Unfound
,,,,,,,9082803800,,,,116677,Unfound
,,,,,,,1100001449880,,,,,Unfound
,,,,,,,7643352901,,,,7643352901,Unfound
,,,,,,,1100019716197,,,,,Unfound
,,,,,,,21711702,,,,138617,Unfound
,,,,,,,1160000791461,,,,,Unfound
,,,,,,,8848853309,,,,118071,Unfound
,,,,,,,1100007817081,,,,,Unfound
,,,,,,,9297323910,,,,20432,Unfound
,,,,,,,8817402106,,,,128437,Unfound
,,,,,,,1160001300033,,,,,Unfound
,,,,,,,9090004900,,,,73653,Unfound
,,,,,,,1100039636953,,,,,Unfound
,,,,,,,57593210,,,,57593210,Unfound
,,,,,,,2195777606,,,,14208,Unfound
,,,,,,,1100019373650,,,,,Unfound
,,,,,,,8817006210,,,,70123,Unfound
,,,,,,,1100005769523,,,,,Unfound
,,,,,,,3413251605,,,,3413251605,Unfound
,,,,,,,1100007552351,,,,,Unfound
,,,,,,,9088038806,,,,46323,Unfound
,,,,,,,1100005073349,,,,,Unfound
,,,,,,,52777902,,,,26237,Unfound
,,,,,,,1160000202450,,,,,Unfound
,,,,,,,9371436708,,,,199,Unfound
,,,,,,,1100005544828,,,,,Unfound
,,,,,,,8823218402,,,,196894,Unfound
,,,,,,,65217110,,,,65217110,Unfound
,,,,,,,1100006259533,,,,,Unfound
,,,,,,,57551901,,,,83481,Unfound
,,,,,,,1100007419534,,,,,Unfound
,,,,,,,16666507,,,,13229,Unfound
,,,,,,,2197723503,,,,73644,Unfound
,,,,,,,1100050820321,,,,,Unfound
,,,,,,,70033507,,,,70033507,Unfound
,,,,,,,4260687102,,,,61097,Unfound
,,,,,,,1100002675411,,,,,Unfound
,,,,,,,2123090909,,,,2123090909,Unfound
,,,,,,,9007700,,,,77706,Unfound
,,,,,,,1100002286125,,,,,Unfound
,,,,,,,5084213408,,,,617,Unfound
,,,,,,,16837901,,,,85571,Unfound
,,,,,,,9296416003,,,,88386,Unfound
,,,,,,,1100019442471,,,,,Unfound
,,,,,,,8822085707,,,,6089,Unfound
,,,,,,,1100002441590,,,,,Unfound
,,,,,,,7486279303,,,,35209,Unfound
,,,,,,,1100011229601,,,,,Unfound
,,,,,,,8818983910,,,,70995,Unfound
,,,,,,,1100005735923,,,,,Unfound
,,,,,,,8915981505,,,,8915981505,Unfound
,,,,,,,1100050786103,,,,,Unfound
,,,,,,,57626008,,,,57626008,Unfound
,,,,,,,1100007501570,,,,,Unfound
,,,,,,,60103709,,,,34276,Unfound
,,,,,,,1008033603,,,,34783,Unfound
,,,,,,,1100005251979,,,,,Unfound
,,,,,,,77670102,,,,38233,Unfound
,,,,,,,9313513202,,,,73715,Unfound
,,,,,,,1100005323383,,,,,Unfound
,,,,,,,1100770648744,,,,,Unfound
,,,,,,,46106206,,,,71602,Unfound
,,,,,,,1100007662816,,,,,Unfound
,,,,,,,1100006940731,,,,,Unfound
,,,,,,,8817647608,,,,84945,Unfound
,,,,,,,1100019642492,,,,,Unfound
,,,,,,,60881208,,,,283118,Unfound
,,,,,,,2522008102,,,,72,Unfound
,,,,,,,69434206,,,,4800,Unfound
,,,,,,,1100007450153,,,,,Unfound
,,,,,,,55951402,,,,41327,Unfound
,,,,,,,8818980309,,,,40063,Unfound
,,,,,,,1100006724480,,,,,Unfound
,,,,,,,8813414104,,,,2944,Unfound
,,,,,,,1518099507,,,,8199,Unfound
,,,,,,,1100006757760,,,,,Unfound
,,,,,,,1414927931000,,,,,Unfound
,,,,,,,63961805,,,,35316,Unfound
,,,,,,,80444007,,,,83728,Unfound
,,,,,,,1417654411000,,,,,Unfound
,,,,,,,1100006376605,,,,,Unfound
,,,,,,,58848110,,,,58848110,Unfound
,,,,,,,74288303,,,,74288303,Unfound
,,,,,,,60159108,,,,60159108,Unfound
,,,,,,,1100007279629,,,,,Unfound
,,,,,,,16356907,,,,35745,Unfound
,,,,,,,3300976700,,,,3300976700,Unfound
,,,,,,,1410232511006,,,,,Unfound
,,,,,,,1100011186979,,,,,Unfound
,,,,,,,71745705,,,,73097,Unfound
,,,,,,,5059098509,,,,5059098509,Unfound
,,,,,,,1416017701000,,,,,Unfound
,,,,,,,1100006997515,,,,,Unfound
,,,,,,,45601604,,,,145598,Unfound
,,,,,,,1411893831000,,,,,Unfound
,,,,,,,1100005531313,,,,,Unfound
,,,,,,,53155704,,,,9877,Unfound
,,,,,,,8813587607,,,,31366,Unfound
,,,,,,,1100000209147,,,,,Unfound
,,,,,,,8889328510,,,,1,Unfound
,,,,,,,77274105,,,,77344,Unfound
,,,,,,,3085178803,,,,3085178803,Unfound
,,,,,,,1100005739714,,,,,Unfound
,,,,,,,8893538901,,,,112937,Unfound
,,,,,,,5022747500,,,,38868,Unfound
,,,,,,,1100770864526,,,,,Unfound
,,,,,,,8881965208,,,,1,Unfound
,,,,,,,1100770659338,,,,,Unfound
,,,,,,,59523210,,,,62638,Unfound
,,,,,,,9189909107,,,,108440,Unfound
,,,,,,,8875169804,,,,5058,Unfound
,,,,,,,2316512632012,,,,,Unfound
,,,,,,,1100005477678,,,,,Unfound
,,,,,,,3001495005,,,,3001495005,Unfound
,,,,,,,9217833110,,,,2716,Unfound
,,,,,,,1100005262891,,,,,Unfound
,,,,,,,3221070100,,,,90539,Unfound
,,,,,,,1160001496443,,,,,Unfound
,,,,,,,57459509,,,,58403,Unfound
,,,,,,,4163293807,,,,1,Unfound
,,,,,,,2975062407,,,,1,Unfound
,,,,,,,17203707,,,,17203707,Unfound
,,,,,,,1100000732788,,,,,Unfound
,,,,,,,49024107,,,,49024107,Unfound
,,,,,,,80573703,,,,44428,Unfound
,,,,,,,2316541380018,,,,,Unfound
,,,,,,,1100006703106,,,,,Unfound
,,,,,,,21426703,,,,33483,Unfound
,,,,,,,48208101,,,,54675,Unfound
,,,,,,,1654380004,,,,1654380004,Unfound
,,,,,,,2316511255013,,,,,Unfound
,,,,,,,1100003425065,,,,,Unfound
,,,,,,,8844641509,,,,18810,Unfound
,,,,,,,8820607409,,,,41983,Unfound
,,,,,,,1100019661459,,,,,Unfound
,,,,,,,59767609,,,,157173,Unfound
,,,,,,,4152089909,,,,7883,Unfound
,,,,,,,1900042000023,,,,,Unfound
,,,,,,,1100023724507,,,,,Unfound
,,,,,,,8813728610,,,,55093,Unfound
,,,,,,,63780105,,,,73097,Unfound
,,,,,,,3378560606,,,,8274,Unfound
,,,,,,,1507175069916,,,,,Unfound
,,,,,,,2777596800,,,,67001,Unfound
,,,,,,,589951106,,,,589951106,Unfound
,,,,,,,57674401,,,,26735,Unfound
,,,,,,,1591047619932,,,,,Unfound
,,,,,,,8918770103,,,,51352,Unfound
,,,,,,,4240024209,,,,26500,Unfound
,,,,,,,1100022823378,,,,,Unfound
,,,,,,,57620310,,,,57620310,Unfound
,,,,,,,2542848608,,,,22764,Unfound
,,,,,,,1100023678107,,,,,Unfound
,,,,,,,11960504,,,,89413,Unfound
,,,,,,,4190472507,,,,4190472507,Unfound
,,,,,,,201656700,,,,1,Unfound
,,,,,,,1460001674720,,,,,Unfound
,,,,,,,49785504,,,,174066,Unfound
,,,,,,,1591037186309,,,,,Unfound
,,,,,,,3949316602,,,,1,Unfound
,,,,,,,83515704,,,,83515704,Unfound
,,,,,,,570975405,,,,570975405,Unfound
,,,,,,,9094600207,,,,9094600207,Unfound
,,,,,,,4230935604,,,,4230935604,Unfound
,,,,,,,2323480000000,,,,,Unfound
,,,,,,,1100007772564,,,,,Unfound
,,,,,,,72965803,,,,61528,Unfound
,,,,,,,1100003918548,,,,,Unfound
,,,,,,,65409108,,,,65409108,Unfound
,,,,,,,202705108,,,,1,Unfound
,,,,,,,9357800306,,,,88475,Unfound
,,,,,,,1100005602736,,,,,Unfound
,,,,,,,59782010,,,,59782010,Unfound
,,,,,,,3030990309,,,,1,Unfound
,,,,,,,2200018948124,,,,,Unfound
,,,,,,,1100007313536,,,,,Unfound
,,,,,,,12183500,,,,1,Unfound
,,,,,,,201037301,,,,3440,Unfound
,,,,,,,1100007408940,,,,,Unfound
,,,,,,,67357103,,,,120724,Unfound
,,,,,,,2520388802,,,,2520388802,Unfound
,,,,,,,3072835309,,,,74670,Unfound
,,,,,,,74044207,,,,98886,Unfound
,,,,,,,2365094364514,,,,,Unfound
,,,,,,,1100005828329,,,,,Unfound
,,,,,,,1030880308,,,,84851,Unfound
,,,,,,,1100011191490,,,,,Unfound
,,,,,,,59787604,,,,59787604,Unfound
,,,,,,,8813298802,,,,8473,Unfound
,,,,,,,65445101,,,,135737,Unfound
,,,,,,,3942196010,,,,18740,Unfound
,,,,,,,1100006219841,,,,,Unfound
,,,,,,,72147005,,,,38661,Unfound
,,,,,,,2508167107,,,,2508167107,Unfound
,,,,,,,2200018016756,,,,,Unfound
,,,,,,,77639007,,,,64996,Unfound
,,,,,,,1297121709,,,,76812,Unfound
,,,,,,,605035009,,,,605035009,Unfound
,,,,,,,1100025408181,,,,,Unfound
,,,,,,,84559404,,,,84182,Unfound
,,,,,,,2200012351425,,,,,Unfound
,,,,,,,5052768504,,,,12221,Unfound
,,,,,,,1100006320978,,,,,Unfound
,,,,,,,8862503005,,,,28576,Unfound
,,,,,,,1470000130920,,,,,Unfound
,,,,,,,1100002446019,,,,,Unfound
,,,,,,,2114651608,,,,38848,Unfound
,,,,,,,1463348702,,,,9554,Unfound
,,,,,,,69218402,,,,116956,Unfound
,,,,,,,1410709070001,,,,,Unfound
,,,,,,,1100025182488,,,,,Unfound
,,,,,,,3271499003,,,,25939,Unfound
,,,,,,,2200018109969,,,,,Unfound
,,,,,,,1100003336691,,,,,Unfound
,,,,,,,72025900,,,,24379,Unfound
,,,,,,,2200018947097,,,,,Unfound
,,,,,,,2207884805,,,,1,Unfound
,,,,,,,68007204,,,,68007204,Unfound
,,,,,,,2340275102111,,,,,Unfound
,,,,,,,1100003920218,,,,,Unfound
,,,,,,,57813209,,,,72495,Unfound
,,,,,,,2495562101,,,,7033,Unfound
,,,,,,,3385977002,,,,3385977002,Unfound
,,,,,,,2311954141116,,,,,Unfound
,,,,,,,1100005066217,,,,,Unfound
,,,,,,,68844310,,,,99606,Unfound
,,,,,,,59931910,,,,54111,Unfound
,,,,,,,2247967205,,,,2247967205,Unfound
,,,,,,,2323340811511,,,,,Unfound
,,,,,,,1100005554240,,,,,Unfound
,,,,,,,1482920801,,,,25453,Unfound
,,,,,,,91846701,,,,91846701,Unfound
,,,,,,,2311698012018,,,,,Unfound
,,,,,,,1100000704860,,,,,Unfound
,,,,,,,67711207,,,,75305,Unfound
,,,,,,,8904582906,,,,8904582906,Unfound
,,,,,,,9109264307,,,,59922,Unfound
,,,,,,,2330150228913,,,,,Unfound
,,,,,,,1100007389145,,,,,Unfound
,,,,,,,14832802,,,,14832802,Unfound
,,,,,,,1100007133673,,,,,Unfound
,,,,,,,2312074470210,,,,,Unfound
,,,,,,,50228409,,,,110059,Unfound
,,,,,,,1170000398477,,,,,Unfound
,,,,,,,9098516205,,,,9098516205,Unfound
,,,,,,,4154023709,,,,72728,Unfound
,,,,,,,1100003298520,,,,,Unfound
,,,,,,,9122962600,,,,11530,Unfound
,,,,,,,66256709,,,,133508,Unfound
,,,,,,,59701208,,,,59701208,Unfound
,,,,,,,1491528207,,,,8354,Unfound
,,,,,,,1100051039011,,,,,Unfound
,,,,,,,8921139807,,,,16025,Unfound
,,,,,,,2000009916660,,,,,Unfound
,,,,,,,8908452105,,,,100811,Unfound
,,,,,,,1100004960364,,,,,Unfound
,,,,,,,1889051806,,,,57315,Unfound
,,,,,,,15926210,,,,47392,Unfound
,,,,,,,2325640000000,,,,,Unfound
,,,,,,,1100002656836,,,,,Unfound
,,,,,,,9187843710,,,,16339,Unfound
,,,,,,,1527514404,,,,1527514404,Unfound
,,,,,,,9305451300,,,,9305451300,Unfound
,,,,,,,47053205,,,,47053205,Unfound
,,,,,,,2324813981019,,,,,Unfound
,,,,,,,1100019167723,,,,,Unfound
,,,,,,,74284901,,,,74284901,Unfound
,,,,,,,18353406,,,,115726,Unfound
,,,,,,,9088119009,,,,43090,Unfound
,,,,,,,2310492322017,,,,,Unfound
,,,,,,,1100039220489,,,,,Unfound
,,,,,,,64782103,,,,63051,Unfound
,,,,,,,3346687007,,,,12354,Unfound
,,,,,,,2310293362818,,,,,Unfound
,,,,,,,1100050644598,,,,,Unfound
,,,,,,,83671404,,,,11483,Unfound
,,,,,,,67338009,,,,8089,Unfound
,,,,,,,525276205,,,,6532,Unfound
,,,,,,,65815400,,,,134349,Unfound
,,,,,,,2324661653113,,,,,Unfound
,,,,,,,1100019065650,,,,,Unfound
,,,,,,,9088098510,,,,33392,Unfound
,,,,,,,1558123109,,,,10644,Unfound
,,,,,,,4044108,,,,43055,Unfound
,,,,,,,2330540000000,,,,,Unfound
,,,,,,,8840079602,,,,2605,Unfound
,,,,,,,60186403,,,,59083,Unfound
,,,,,,,9155691202,,,,9155691202,Unfound
,,,,,,,68547102,,,,141211,Unfound
,,,,,,,2325682695110,,,,,Unfound
,,,,,,,1160000220111,,,,,Unfound
,,,,,,,73196607,,,,1,Unfound
,,,,,,,1100019636382,,,,,Unfound
,,,,,,,8882363106,,,,37,Unfound
,,,,,,,64182000,,,,92027,Unfound
,,,,,,,4162456804,,,,4162456804,Unfound
,,,,,,,2312797048010,,,,,Unfound
,,,,,,,1100019578215,,,,,Unfound
,,,,,,,49019406,,,,54826,Unfound
,,,,,,,1918893500,,,,26793,Unfound
,,,,,,,72690004,,,,55296,Unfound
,,,,,,,1300011644250,,,,,Unfound
,,,,,,,1100050989700,,,,,Unfound
,,,,,,,1547050209,,,,1547050209,Unfound
,,,,,,,2380000852445,,,,,Unfound
,,,,,,,1100002461675,,,,,Unfound
,,,,,,,3335307307,,,,24835,Unfound
,,,,,,,698001,,,,253751,Unfound
,,,,,,,2312460000000,,,,,Unfound
,,,,,,,2200880907,,,,12927,Unfound
,,,,,,,9187510009,,,,85075,Unfound
,,,,,,,1100002918218,,,,,Unfound
,,,,,,,58611303,,,,46084,Unfound
,,,,,,,9101771003,,,,123363,Unfound
,,,,,,,2342222500815,,,,,Unfound
,,,,,,,1100002753024,,,,,Unfound
,,,,,,,54724610,,,,1,Unfound
,,,,,,,3305763910,,,,85003,Unfound
,,,,,,,2340105342412,,,,,Unfound
,,,,,,,8815518407,,,,8815518407,Unfound
,,,,,,,59688501,,,,193736,Unfound
,,,,,,,2310288064317,,,,,Unfound
,,,,,,,1100002329587,,,,,Unfound
,,,,,,,16875808,,,,15882,Unfound
,,,,,,,2538542204,,,,62274,Unfound
,,,,,,,1416134231000,,,,,Unfound
,,,,,,,1100002519810,,,,,Unfound
,,,,,,,4260807209,,,,100344,Unfound
,,,,,,,2536547103,,,,7343,Unfound
,,,,,,,2324120000000,,,,,Unfound
,,,,,,,1100000594053,,,,,Unfound
,,,,,,,67242602,,,,67242602,Unfound
,,,,,,,8932372308,,,,8932372308,Unfound
,,,,,,,2065422801,,,,2065422801,Unfound
,,,,,,,2000027671743,,,,,Unfound
,,,,,,,1100001122212,,,,,Unfound
,,,,,,,8898733408,,,,57891,Unfound
,,,,,,,1415383921001,,,,,Unfound
,,,,,,,9101722506,,,,1,Unfound
,,,,,,,1100005104820,,,,,Unfound
,,,,,,,9159345809,,,,58230,Unfound
,,,,,,,1413713701000,,,,,Unfound
,,,,,,,1100005553015,,,,,Unfound
,,,,,,,59693303,,,,54032,Unfound
,,,,,,,19019904,,,,19019904,Unfound
,,,,,,,2053280308,,,,25603,Unfound
,,,,,,,1100000763137,,,,,Unfound
,,,,,,,57610105,,,,932,Unfound
,,,,,,,9220633701,,,,85724,Unfound
,,,,,,,57666110,,,,57666110,Unfound
,,,,,,,1100002215969,,,,,Unfound
,,,,,,,1100007008670,,,,,Unfound
,,,,,,,7677249105,,,,74093,Unfound
,,,,,,,9215488704,,,,51209,Unfound
,,,,,,,1417443741005,,,,,Unfound
,,,,,,,9202815806,,,,1,Unfound
,,,,,,,1100005137658,,,,,Unfound
,,,,,,,10968706,,,,105867,Unfound
,,,,,,,4229401505,,,,1,Unfound
,,,,,,,78238903,,,,78238903,Unfound
,,,,,,,1100019636452,,,,,Unfound
,,,,,,,1100002242234,,,,,Unfound
,,,,,,,2701441910,,,,7260,Unfound
,,,,,,,8935468808,,,,25267,Unfound
,,,,,,,1100002334815,,,,,Unfound
,,,,,,,1100007135280,,,,,Unfound
,,,,,,,3061826600,,,,1,Unfound
,,,,,,,9088061206,,,,749,Unfound
,,,,,,,1100006299670,,,,,Unfound
,,,,,,,9347709404,,,,82982,Unfound
,,,,,,,73524710,,,,1,Unfound
,,,,,,,1916542303,,,,9628,Unfound
,,,,,,,53803904,,,,139080,Unfound
,,,,,,,1170000148065,,,,,Unfound
,,,,,,,2762808207,,,,118574,Unfound
,,,,,,,1344088609,,,,1344088609,Unfound
,,,,,,,67365304,,,,71365,Unfound
,,,,,,,1100005505590,,,,,Unfound
,,,,,,,1100015711450,,,,,Unfound
,,,,,,,61949906,,,,149432,Unfound
,,,,,,,1415612612002,,,,,Unfound
,,,,,,,1100020266576,,,,,Unfound
,,,,,,,5039801802,,,,5039801802,Unfound
,,,,,,,5508601,,,,5508601,Unfound
,,,,,,,1100006586651,,,,,Unfound
,,,,,,,1100005178690,,,,,Unfound
,,,,,,,2557380402,,,,38485,Unfound
,,,,,,,1100000613938,,,,,Unfound
,,,,,,,1100006034660,,,,,Unfound
,,,,,,,1914586100,,,,1,Unfound
,,,,,,,70966402,,,,70966402,Unfound
,,,,,,,1413515811005,,,,,Unfound
,,,,,,,1274051305,,,,19912,Unfound
,,,,,,,1012808230800,,,,,Unfound
,,,,,,,8813100204,,,,1,Unfound
,,,,,,,1100005712457,,,,,Unfound
,,,,,,,1331463801,,,,44272,Unfound
,,,,,,,2454692803,,,,2454692803,Unfound
,,,,,,,9217085501,,,,3792,Unfound
,,,,,,,1421746500000,,,,,Unfound
,,,,,,,2971112207,,,,11997,Unfound
,,,,,,,1509080305,,,,1,Unfound
,,,,,,,3984690502,,,,20325,Unfound
,,,,,,,1410335711007,,,,,Unfound
,,,,,,,8829673603,,,,8829673603,Unfound
,,,,,,,1100006361032,,,,,Unfound
,,,,,,,1410664812004,,,,,Unfound
,,,,,,,9089649706,,,,77,Unfound
,,,,,,,15978308,,,,15978308,Unfound
,,,,,,,1416451071009,,,,,Unfound
,,,,,,,9159354709,,,,38683,Unfound
,,,,,,,73262010,,,,73262010,Unfound
,,,,,,,1100005571079,,,,,Unfound
,,,,,,,68958202,,,,77474,Unfound
,,,,,,,55269808,,,,9179,Unfound
,,,,,,,77162206,,,,1,Unfound
,,,,,,,3385828501,,,,7743,Unfound
,,,,,,,2321552460412,,,,,Unfound
,,,,,,,1100006863120,,,,,Unfound
,,,,,,,60727108,,,,87165,Unfound
,,,,,,,9159240301,,,,1,Unfound
,,,,,,,9202945000,,,,190358,Unfound
,,,,,,,2310760621015,,,,,Unfound
,,,,,,,1100006528687,,,,,Unfound
,,,,,,,2758744804,,,,50221,Unfound
,,,,,,,1100006525551,,,,,Unfound
,,,,,,,8915440403,,,,24603,Unfound
,,,,,,,2458736301,,,,1,Unfound
,,,,,,,2300000541781,,,,,Unfound
,,,,,,,63221607,,,,156869,Unfound
,,,,,,,5052091706,,,,5052091706,Unfound
,,,,,,,2407448305,,,,37370,Unfound
,,,,,,,1100006701020,,,,,Unfound
,,,,,,,1413531211008,,,,,Unfound
,,,,,,,65095807,,,,65095807,Unfound
,,,,,,,8814112407,,,,39345,Unfound
,,,,,,,59480701,,,,72399,Unfound
,,,,,,,1100007442204,,,,,Unfound
,,,,,,,2073150902,,,,8664,Unfound
,,,,,,,8936940508,,,,41447,Unfound
,,,,,,,515415804,,,,38638,Unfound
,,,,,,,1100007313146,,,,,Unfound
,,,,,,,48753508,,,,219441,Unfound
,,,,,,,2237487005,,,,38405,Unfound
,,,,,,,2195961801,,,,2195961801,Unfound
,,,,,,,1100005641600,,,,,Unfound
,,,,,,,2067153406,,,,50376,Unfound
,,,,,,,2350570316310,,,,,Unfound
,,,,,,,1100011444329,,,,,Unfound
,,,,,,,46963408,,,,46963408,Unfound
,,,,,,,50437901,,,,39627,Unfound
,,,,,,,2311569182511,,,,,Unfound
,,,,,,,1100005616845,,,,,Unfound
,,,,,,,13091309,,,,53695,Unfound
,,,,,,,2553834810,,,,2553834810,Unfound
,,,,,,,8815275710,,,,3163,Unfound
,,,,,,,2326542548219,,,,,Unfound
,,,,,,,1100006524600,,,,,Unfound
,,,,,,,3243257004,,,,100081,Unfound
,,,,,,,8881176809,,,,120920,Unfound
,,,,,,,2542468407,,,,2542468407,Unfound
,,,,,,,2315409811513,,,,,Unfound
,,,,,,,65062309,,,,1,Unfound
,,,,,,,5084520900,,,,2818,Unfound
,,,,,,,17682701,,,,71440,Unfound
,,,,,,,1100005712493,,,,,Unfound
,,,,,,,1100005347180,,,,,Unfound
,,,,,,,14845901,,,,63621,Unfound
,,,,,,,2325867802217,,,,,Unfound
,,,,,,,59815100,,,,59815100,Unfound
,,,,,,,1100005315833,,,,,Unfound
,,,,,,,643842906,,,,643842906,Unfound
,,,,,,,2310105379014,,,,,Unfound
,,,,,,,1100004474151,,,,,Unfound
,,,,,,,8842122901,,,,8842122901,Unfound
,,,,,,,3979815706,,,,11323,Unfound
,,,,,,,15933600,,,,15933600,Unfound
,,,,,,,2310102581510,,,,,Unfound
,,,,,,,1100007669723,,,,,Unfound
,,,,,,,50192605,,,,53820,Unfound
,,,,,,,50523108,,,,50523108,Unfound
,,,,,,,1100009815680,,,,,Unfound
,,,,,,,4021616303,,,,1,Unfound
,,,,,,,3386687705,,,,1,Unfound
,,,,,,,1100005790701,,,,,Unfound
,,,,,,,6070400,,,,6070400,Unfound
,,,,,,,2312214011616,,,,,Unfound
,,,,,,,1100051082294,,,,,Unfound
,,,,,,,618000000,,,,36726,Unfound
,,,,,,,67758907,,,,57048,Unfound
,,,,,,,9103201510,,,,26210,Unfound
,,,,,,,48920703,,,,80875,Unfound
,,,,,,,2345190784418,,,,,Unfound
,,,,,,,1100007771871,,,,,Unfound
,,,,,,,8440260504,,,,1,Unfound
,,,,,,,59798003,,,,59798003,Unfound
,,,,,,,2360898034519,,,,,Unfound
,,,,,,,1100006314910,,,,,Unfound
,,,,,,,4007788205,,,,107,Unfound
,,,,,,,8857072809,,,,8857072809,Unfound
,,,,,,,1580001066310,,,,,Unfound
,,,,,,,1100006728059,,,,,Unfound
,,,,,,,4185391403,,,,109818,Unfound
,,,,,,,8825369209,,,,1,Unfound
,,,,,,,60544201,,,,1,Unfound
,,,,,,,1417275541005,,,,,Unfound
,,,,,,,1130000040524,,,,,Unfound
,,,,,,,9089992203,,,,483509,Unfound
,,,,,,,2227899303,,,,2227899303,Unfound
,,,,,,,8817294500,,,,159028,Unfound
,,,,,,,2300000917998,,,,,Unfound
,,,,,,,1100005745763,,,,,Unfound
,,,,,,,9156092600,,,,136311,Unfound
,,,,,,,9183078306,,,,65845,Unfound
,,,,,,,16448205,,,,41339,Unfound
,,,,,,,2340813880316,,,,,Unfound
,,,,,,,9209817509,,,,1,Unfound
,,,,,,,1100002619081,,,,,Unfound
,,,,,,,1100003095234,,,,,Unfound
,,,,,,,8930264609,,,,1,Unfound
,,,,,,,3484603,,,,3484603,Unfound
,,,,,,,2340113656614,,,,,Unfound
,,,,,,,1100019376109,,,,,Unfound
,,,,,,,2352370711816,,,,,Unfound
,,,,,,,924241703,,,,31107,Unfound
,,,,,,,2438263608,,,,1,Unfound
,,,,,,,1051516708,,,,40131,Unfound
,,,,,,,2200020283685,,,,,Unfound
,,,,,,,2314500614614,,,,,Unfound
,,,,,,,3066193309,,,,3066193309,Unfound
,,,,,,,2310160198315,,,,,Unfound
,,,,,,,8926100008,,,,55593,Unfound
,,,,,,,1415814831000,,,,,Unfound
,,,,,,,1354906702,,,,1354906702,Unfound
,,,,,,,1416523071004,,,,,Unfound
,,,,,,,4167447402,,,,25859,Unfound
,,,,,,,927093404,,,,13985,Unfound
,,,,,,,8824388500,,,,1,Unfound
,,,,,,,2200042517066,,,,,Unfound
,,,,,,,1591011375833,,,,,Unfound
,,,,,,,1812803502,,,,23896,Unfound
,,,,,,,9181632902,,,,29868,Unfound
,,,,,,,2322986460519,,,,,Unfound
,,,,,,,9179139807,,,,55140,Unfound
,,,,,,,2315610141513,,,,,Unfound
,,,,,,,8934339601,,,,18236,Unfound
,,,,,,,1669422609,,,,83027,Unfound
,,,,,,,68398010,,,,1,Unfound
,,,,,,,1100003551104,,,,,Unfound
,,,,,,,1159206404,,,,1159206404,Unfound
,,,,,,,8835281706,,,,28313,Unfound
,,,,,,,2065519805,,,,1,Unfound
,,,,,,,1100006645252,,,,,Unfound
,,,,,,,1410533041006,,,,,Unfound
,,,,,,,77330807,,,,82870,Unfound
,,,,,,,2380000235984,,,,,Unfound
,,,,,,,1100003457207,,,,,Unfound
,,,,,,,3900407905,,,,11647,Unfound
,,,,,,,2157859706,,,,98660,Unfound
,,,,,,,2320998070614,,,,,Unfound
,,,,,,,3069858800,,,,7787,Unfound
,,,,,,,1293246900,,,,31554,Unfound
,,,,,,,2353473910912,,,,,Unfound
,,,,,,,698830001,,,,698830001,Unfound
,,,,,,,2344680744715,,,,,Unfound
,,,,,,,548074501,,,,548074501,Unfound
,,,,,,,1410134070006,,,,,Unfound
,,,,,,,2380000149002,,,,,Unfound
,,,,,,,60404207,,,,44900,Unfound
,,,,,,,1413250411008,,,,,Unfound
,,,,,,,1320981206,,,,6485,Unfound
,,,,,,,1504153202,,,,1504153202,Unfound
,,,,,,,2352370218615,,,,,Unfound
,,,,,,,9203624007,,,,9203624007,Unfound
,,,,,,,2312990352819,,,,,Unfound
,,,,,,,4034334909,,,,38921,Unfound
,,,,,,,2782943001,,,,109193,Unfound
,,,,,,,2300000256868,,,,,Unfound
,,,,,,,63886705,,,,71,Unfound
,,,,,,,508481703,,,,508481703,Unfound
,,,,,,,2144202204,,,,10432,Unfound
,,,,,,,2344446800515,,,,,Unfound
,,,,,,,8842989001,,,,21318,Unfound
,,,,,,,4150995010,,,,34298,Unfound
,,,,,,,1099429801,,,,11740,Unfound
,,,,,,,2380001250469,,,,,Unfound
,,,,,,,8812885902,,,,1,Unfound
,,,,,,,2325466976816,,,,,Unfound
,,,,,,,2325766080315,,,,,Unfound
,,,,,,,8847180503,,,,8847180503,Unfound
,,,,,,,2996723802,,,,1,Unfound
,,,,,,,2321732491417,,,,,Unfound
,,,,,,,1001542701,,,,1001542701,Unfound
,,,,,,,8850921108,,,,13328,Unfound
,,,,,,,8821850109,,,,599652,Unfound
,,,,,,,46921201,,,,9359,Unfound
,,,,,,,9198428305,,,,21320,Unfound
,,,,,,,2353573796718,,,,,Unfound
,,,,,,,8829459904,,,,8829459904,Unfound
,,,,,,,8920007403,,,,56937,Unfound
,,,,,,,2325668607913,,,,,Unfound
,,,,,,,4247383700,,,,7758,Unfound
,,,,,,,2325964933010,,,,,Unfound
,,,,,,,1416187712009,,,,,Unfound
,,,,,,,1482034001,,,,39617,Unfound
,,,,,,,1200035509848,,,,,Unfound
,,,,,,,2403092709,,,,1665,Unfound
,,,,,,,1417579312001,,,,,Unfound
,,,,,,,2778077904,,,,26593,Unfound
,,,,,,,81388107,,,,81388107,Unfound
,,,,,,,1418740213001,,,,,Unfound
,,,,,,,2702173108,,,,38535,Unfound
,,,,,,,48880706,,,,80069,Unfound
,,,,,,,1591044196199,,,,,Unfound
,,,,,,,66002509,,,,41514,Unfound
,,,,,,,47228506,,,,47228506,Unfound
,,,,,,,21260100,,,,56534,Unfound
,,,,,,,2322422761819,,,,,Unfound
,,,,,,,1100005201408,,,,,Unfound
,,,,,,,57605000,,,,38065,Unfound
,,,,,,,2343532140710,,,,,Unfound
,,,,,,,51249905,,,,485,Unfound
,,,,,,,1410778071005,,,,,Unfound
,,,,,,,1452270107,,,,41937,Unfound
,,,,,,,8812951608,,,,37219,Unfound
,,,,,,,2311658431815,,,,,Unfound
,,,,,,,4160669407,,,,66576,Unfound
,,,,,,,1415205812009,,,,,Unfound
,,,,,,,2314151863016,,,,,Unfound
,,,,,,,64508408,,,,54997,Unfound
,,,,,,,79731510,,,,79731510,Unfound
,,,,,,,2313158321116,,,,,Unfound
,,,,,,,1418403451007,,,,,Unfound
,,,,,,,63369404,,,,34873,Unfound
,,,,,,,9130521307,,,,19222,Unfound
,,,,,,,2313757441617,,,,,Unfound
,,,,,,,77209206,,,,77209206,Unfound
,,,,,,,67083608,,,,67083608,Unfound
,,,,,,,1415798461006,,,,,Unfound
,,,,,,,2314357541818,,,,,Unfound
,,,,,,,59619706,,,,20506,Unfound
,,,,,,,2313157121813,,,,,Unfound
,,,,,,,79184709,,,,26178,Unfound
,,,,,,,52568006,,,,23687,Unfound
,,,,,,,1411241303000,,,,,Unfound
,,,,,,,2324760000000,,,,,Unfound
,,,,,,,78410900,,,,92214,Unfound
,,,,,,,9152126301,,,,35023,Unfound
,,,,,,,2324466813818,,,,,Unfound
,,,,,,,1460000203857,,,,,Unfound
,,,,,,,74601505,,,,60902,Unfound
,,,,,,,2324569363017,,,,,Unfound
,,,,,,,8813152504,,,,36112,Unfound
,,,,,,,1410299521004,,,,,Unfound
,,,,,,,8893276403,,,,47308,Unfound
,,,,,,,2324612061110,,,,,Unfound
,,,,,,,70862805,,,,70862805,Unfound
,,,,,,,1460001696626,,,,,Unfound
,,,,,,,8816951707,,,,1,Unfound
,,,,,,,2322115761117,,,,,Unfound
,,,,,,,1416267541008,,,,,Unfound
,,,,,,,1477372804,,,,35640,Unfound
,,,,,,,14450103,,,,64988,Unfound
,,,,,,,2322022512418,,,,,Unfound
,,,,,,,1410156641000,,,,,Unfound
,,,,,,,66248508,,,,60866,Unfound
,,,,,,,2323640000000,,,,,Unfound
,,,,,,,1415132550009,,,,,Unfound
,,,,,,,7569306,,,,33193,Unfound
,,,,,,,1159701100,,,,1159701100,Unfound
,,,,,,,67993704,,,,67993704,Unfound
,,,,,,,14525501,,,,89512,Unfound
,,,,,,,1411565011007,,,,,Unfound
,,,,,,,1461441210,,,,1461441210,Unfound
,,,,,,,2322625641119,,,,,Unfound
,,,,,,,8815865507,,,,8815865507,Unfound
,,,,,,,1416950000000,,,,,Unfound
,,,,,,,2320731493110,,,,,Unfound
,,,,,,,1417169711004,,,,,Unfound
,,,,,,,2174468508,,,,40353,Unfound
,,,,,,,8881985405,,,,8881985405,Unfound
,,,,,,,2054300304,,,,2054300304,Unfound
,,,,,,,1413659931006,,,,,Unfound
,,,,,,,2325830000000,,,,,Unfound
,,,,,,,2247604404,,,,12868,Unfound
,,,,,,,3355325007,,,,117236,Unfound
,,,,,,,1415422981001,,,,,Unfound
,,,,,,,18540910,,,,312065,Unfound
,,,,,,,77442807,,,,77442807,Unfound
,,,,,,,2326311919015,,,,,Unfound
,,,,,,,1418851080009,,,,,Unfound
,,,,,,,2052429906,,,,1471,Unfound
,,,,,,,88911210,,,,53242,Unfound
,,,,,,,2321935871819,,,,,Unfound
,,,,,,,9215476809,,,,9215476809,Unfound
,,,,,,,2087709305,,,,31591,Unfound
,,,,,,,88220104,,,,50837,Unfound
,,,,,,,1411436912001,,,,,Unfound
,,,,,,,8816798703,,,,5945,Unfound
,,,,,,,2365295092115,,,,,Unfound
,,,,,,,1413971912007,,,,,Unfound
,,,,,,,3098141801,,,,14934,Unfound
,,,,,,,9112430706,,,,34470,Unfound
,,,,,,,2323886250719,,,,,Unfound
,,,,,,,1547758905,,,,9876,Unfound
,,,,,,,65792100,,,,64954,Unfound
,,,,,,,2325437894516,,,,,Unfound
,,,,,,,1410344561001,,,,,Unfound
,,,,,,,69352507,,,,105535,Unfound
,,,,,,,1004435906,,,,1004435906,Unfound
,,,,,,,1595410200,,,,33636,Unfound
,,,,,,,2321087020812,,,,,Unfound
,,,,,,,1419471541006,,,,,Unfound
,,,,,,,5397607,,,,1,Unfound
,,,,,,,54787702,,,,154690,Unfound
,,,,,,,2325280150610,,,,,Unfound
,,,,,,,1419329531003,,,,,Unfound
,,,,,,,1883718604,,,,55496,Unfound
,,,,,,,54476303,,,,65148,Unfound
,,,,,,,2320281390014,,,,,Unfound
,,,,,,,5081591605,,,,1430,Unfound
,,,,,,,9322137403,,,,33896,Unfound
,,,,,,,2325286352012,,,,,Unfound
,,,,,,,1410655441003,,,,,Unfound
,,,,,,,19116610,,,,52620,Unfound
,,,,,,,8881927009,,,,1,Unfound
,,,,,,,2326035121015,,,,,Unfound
,,,,,,,1417310031002,,,,,Unfound
,,,,,,,3999065308,,,,124882,Unfound
,,,,,,,8920354705,,,,1,Unfound
,,,,,,,2320792440112,,,,,Unfound
,,,,,,,1412046031004,,,,,Unfound
,,,,,,,2566074104,,,,161470,Unfound
,,,,,,,2549383401,,,,2549383401,Unfound
,,,,,,,1426385100000,,,,,Unfound
,,,,,,,1914670908,,,,50426,Unfound
,,,,,,,2325163089010,,,,,Unfound
,,,,,,,1410186831006,,,,,Unfound
,,,,,,,920996804,,,,920996804,Unfound
,,,,,,,72303700,,,,146969,Unfound
,,,,,,,2325360432816,,,,,Unfound
,,,,,,,1418220741009,,,,,Unfound
,,,,,,,49972009,,,,137117,Unfound
,,,,,,,9159187503,,,,9159187503,Unfound
,,,,,,,2300000966648,,,,,Unfound
,,,,,,,5698902,,,,44295,Unfound
,,,,,,,9095917410,,,,1,Unfound
,,,,,,,2200011765079,,,,,Unfound
,,,,,,,8821971301,,,,81852,Unfound
,,,,,,,58341805,,,,68126,Unfound
,,,,,,,2550543200,,,,2550543200,Unfound
,,,,,,,2311011184410,,,,,Unfound
,,,,,,,1470000380960,,,,,Unfound
,,,,,,,73837103,,,,240426,Unfound
,,,,,,,2455807709,,,,18959,Unfound
,,,,,,,2074503510,,,,45087,Unfound
,,,,,,,2200021820461,,,,,Unfound
,,,,,,,8817655506,,,,41478,Unfound
,,,,,,,2311803141610,,,,,Unfound
,,,,,,,5088343801,,,,54815,Unfound
,,,,,,,2200031492788,,,,,Unfound
,,,,,,,58820402,,,,1,Unfound
,,,,,,,5065321606,,,,6725,Unfound
,,,,,,,2200011579830,,,,,Unfound
,,,,,,,2380000926957,,,,,Unfound
,,,,,,,60454009,,,,60454009,Unfound
,,,,,,,1687807901,,,,11758,Unfound
,,,,,,,2313116931316,,,,,Unfound
,,,,,,,2200019235813,,,,,Unfound
,,,,,,,65887100,,,,60538,Unfound
,,,,,,,2313115111016,,,,,Unfound
,,,,,,,3968176709,,,,15786,Unfound
,,,,,,,2200011097067,,,,,Unfound
,,,,,,,71167410,,,,62972,Unfound
,,,,,,,58401202,,,,58401202,Unfound
,,,,,,,2315017151710,,,,,Unfound
,,,,,,,2200019453470,,,,,Unfound
,,,,,,,2196509608,,,,7409,Unfound
,,,,,,,2315405440213,,,,,Unfound
,,,,,,,2200011041524,,,,,Unfound
,,,,,,,56206407,,,,56206407,Unfound
,,,,,,,2203361101,,,,2203361101,Unfound
,,,,,,,2315405475518,,,,,Unfound
,,,,,,,2200032144058,,,,,Unfound
,,,,,,,5085897010,,,,5085897010,Unfound
,,,,,,,2498859207,,,,2498859207,Unfound
,,,,,,,2200021965088,,,,,Unfound
,,,,,,,8823694603,,,,260695,Unfound
,,,,,,,9117975707,,,,4583,Unfound
,,,,,,,1095381105,,,,47195,Unfound
,,,,,,,2312411184414,,,,,Unfound
,,,,,,,2200021239960,,,,,Unfound
,,,,,,,51114006,,,,74574,Unfound
,,,,,,,1101589106,,,,1101589106,Unfound
,,,,,,,9100821604,,,,34639,Unfound
,,,,,,,2200011047456,,,,,Unfound
,,,,,,,9097658400,,,,9097658400,Unfound
,,,,,,,63525807,,,,63036,Unfound
,,,,,,,3354452110,,,,3148,Unfound
,,,,,,,2380000139820,,,,,Unfound
,,,,,,,2200014085222,,,,,Unfound
,,,,,,,2310216568310,,,,,Unfound
,,,,,,,17906506,,,,4287,Unfound
,,,,,,,2200019871606,,,,,Unfound
,,,,,,,53121900,,,,131911,Unfound
,,,,,,,4153761202,,,,4153761202,Unfound
,,,,,,,2310101121514,,,,,Unfound
,,,,,,,2200019458725,,,,,Unfound
,,,,,,,8398108,,,,35083,Unfound
,,,,,,,2556547104,,,,19270,Unfound
,,,,,,,2200041896395,,,,,Unfound
,,,,,,,56154605,,,,56154605,Unfound
,,,,,,,9163114002,,,,9163114002,Unfound
,,,,,,,1044775405,,,,1044775405,Unfound
,,,,,,,2324968513915,,,,,Unfound
,,,,,,,9306030202,,,,129419,Unfound
,,,,,,,9159273810,,,,4949,Unfound
,,,,,,,1419738481006,,,,,Unfound
,,,,,,,2200011195181,,,,,Unfound
,,,,,,,21775302,,,,33837,Unfound
,,,,,,,9120674203,,,,9120674203,Unfound
,,,,,,,1460001673470,,,,,Unfound
,,,,,,,2200010312656,,,,,Unfound
,,,,,,,9158683701,,,,52788,Unfound
,,,,,,,8844179301,,,,40379,Unfound
,,,,,,,1413941451002,,,,,Unfound
,,,,,,,2200012100543,,,,,Unfound
,,,,,,,67968705,,,,1,Unfound
,,,,,,,8856444310,,,,8856444310,Unfound
,,,,,,,2521021100,,,,2521021100,Unfound
,,,,,,,1418055541001,,,,,Unfound
,,,,,,,2200021625704,,,,,Unfound
,,,,,,,1410401141003,,,,,Unfound
,,,,,,,2200040269365,,,,,Unfound
,,,,,,,73456910,,,,73456910,Unfound
,,,,,,,14626900,,,,14626900,Unfound
,,,,,,,1460000275267,,,,,Unfound
,,,,,,,2200021043477,,,,,Unfound
,,,,,,,8889370307,,,,8889370307,Unfound
,,,,,,,1415344231007,,,,,Unfound
,,,,,,,61089500,,,,61089500,Unfound
,,,,,,,2539444209,,,,2539444209,Unfound
,,,,,,,2200041267703,,,,,Unfound
,,,,,,,1843010007,,,,1843010007,Unfound
,,,,,,,9102958103,,,,9102958103,Unfound
,,,,,,,1413006531009,,,,,Unfound
,,,,,,,68322100,,,,68322100,Unfound
,,,,,,,2200011654070,,,,,Unfound
,,,,,,,9158548302,,,,9158548302,Unfound
,,,,,,,1100007427340,,,,,Unfound
,,,,,,,59741400,,,,59741400,Unfound
,,,,,,,1800017760345,,,,,Unfound
,,,,,,,2200018416992,,,,,Unfound
,,,,,,,1416314491009,,,,,Unfound
,,,,,,,9190424110,,,,68771,Unfound
,,,,,,,2562065206,,,,2562065206,Unfound
,,,,,,,1100005292317,,,,,Unfound
,,,,,,,2200040899873,,,,,Unfound
,,,,,,,1411065812004,,,,,Unfound
,,,,,,,2380001245005,,,,,Unfound
,,,,,,,59794006,,,,59794006,Unfound
,,,,,,,2200018432169,,,,,Unfound
,,,,,,,1100004213147,,,,,Unfound
,,,,,,,3917949310,,,,3917949310,Unfound
,,,,,,,8842430901,,,,8842430901,Unfound
,,,,,,,2200019999671,,,,,Unfound
,,,,,,,2341013960616,,,,,Unfound
,,,,,,,1100019737504,,,,,Unfound
,,,,,,,2575258104,,,,72586,Unfound
,,,,,,,2341476039011,,,,,Unfound
,,,,,,,2200021230355,,,,,Unfound
,,,,,,,1419465011006,,,,,Unfound
,,,,,,,9150361503,,,,9150361503,Unfound
,,,,,,,2343306017511,,,,,Unfound
,,,,,,,2200021888371,,,,,Unfound
,,,,,,,67378605,,,,67378605,Unfound
,,,,,,,1100005173665,,,,,Unfound
,,,,,,,2313521821014,,,,,Unfound
,,,,,,,1100007723850,,,,,Unfound
,,,,,,,2200014132245,,,,,Unfound
,,,,,,,67696900,,,,1,Unfound
,,,,,,,2313317671613,,,,,Unfound
,,,,,,,1100007562527,,,,,Unfound
,,,,,,,2300000500864,,,,,Unfound
,,,,,,,9992709,,,,57426,Unfound
,,,,,,,2200013995662,,,,,Unfound
,,,,,,,1100770345007,,,,,Unfound
,,,,,,,9325630604,,,,134106,Unfound
,,,,,,,2340130790214,,,,,Unfound
,,,,,,,1635891101,,,,8589,Unfound
,,,,,,,2200012826670,,,,,Unfound
,,,,,,,1414009461001,,,,,Unfound
,,,,,,,9378210010,,,,9378210010,Unfound
,,,,,,,8931536801,,,,8931536801,Unfound
,,,,,,,2200020486990,,,,,Unfound
,,,,,,,1100023540738,,,,,Unfound
,,,,,,,1843480404,,,,1843480404,Unfound
,,,,,,,1337454101,,,,1,Unfound
,,,,,,,1160000249440,,,,,Unfound
,,,,,,,2354323648119,,,,,Unfound
,,,,,,,2147029400,,,,26942,Unfound
,,,,,,,2351072278014,,,,,Unfound
,,,,,,,1100005555990,,,,,Unfound
,,,,,,,691436410,,,,691436410,Unfound
,,,,,,,2200010615415,,,,,Unfound
,,,,,,,4232083005,,,,4232083005,Unfound
,,,,,,,2335038178515,,,,,Unfound
,,,,,,,1413073831006,,,,,Unfound
,,,,,,,9153774106,,,,99775,Unfound
,,,,,,,2346042892611,,,,,Unfound
,,,,,,,1100019346897,,,,,Unfound
,,,,,,,3383373610,,,,1,Unfound
,,,,,,,1591034654741,,,,,Unfound
,,,,,,,1419337931004,,,,,Unfound
,,,,,,,1412010000000,,,,,Unfound
,,,,,,,2763343104,,,,79126,Unfound
,,,,,,,2567802509,,,,2567802509,Unfound
,,,,,,,1412576061008,,,,,Unfound
,,,,,,,1800053407524,,,,,Unfound
,,,,,,,2200018111294,,,,,Unfound
,,,,,,,1271859204,,,,1271859204,Unfound
,,,,,,,1100005570614,,,,,Unfound
,,,,,,,1419643111007,,,,,Unfound
,,,,,,,1591013877728,,,,,Unfound
,,,,,,,1682256808,,,,1682256808,Unfound
,,,,,,,1100011616583,,,,,Unfound
,,,,,,,66177410,,,,66177410,Unfound
,,,,,,,2200017734810,,,,,Unfound
,,,,,,,1100050903712,,,,,Unfound
,,,,,,,17730506,,,,17730506,Unfound
,,,,,,,2200014232117,,,,,Unfound
,,,,,,,66176105,,,,66176105,Unfound
,,,,,,,2998532805,,,,30284,Unfound
,,,,,,,1411720071003,,,,,Unfound
,,,,,,,2200021325714,,,,,Unfound
,,,,,,,1418761221008,,,,,Unfound
,,,,,,,66176004,,,,80254,Unfound
,,,,,,,78394603,,,,194025,Unfound
,,,,,,,1100005954539,,,,,Unfound
,,,,,,,2199999120826,,,,,Unfound
,,,,,,,1012932384575,,,,,Unfound
,,,,,,,2069161808,,,,1,Unfound
,,,,,,,1415686501009,,,,,Unfound
,,,,,,,1610031166744,,,,,Unfound
,,,,,,,1411304121006,,,,,Unfound
,,,,,,,4153673609,,,,22873,Unfound
,,,,,,,1411922512002,,,,,Unfound
,,,,,,,1100006465984,,,,,Unfound
,,,,,,,1414683260000,,,,,Unfound
,,,,,,,2462327203,,,,2462327203,Unfound
,,,,,,,1591058513481,,,,,Unfound
,,,,,,,1417158921007,,,,,Unfound
,,,,,,,1411006711001,,,,,Unfound
,,,,,,,47609900,,,,47609900,Unfound
,,,,,,,1416881981008,,,,,Unfound
,,,,,,,5005290001,,,,33077,Unfound
,,,,,,,1411073621001,,,,,Unfound
,,,,,,,69370509,,,,98450,Unfound
,,,,,,,1100007669820,,,,,Unfound
,,,,,,,1419826531008,,,,,Unfound
,,,,,,,1885090201,,,,1885090201,Unfound
,,,,,,,8864831504,,,,1,Unfound
,,,,,,,1591060176680,,,,,Unfound
,,,,,,,1100007599173,,,,,Unfound
,,,,,,,1411443561008,,,,,Unfound
,,,,,,,2175234701,,,,2175234701,Unfound
,,,,,,,2365591438019,,,,,Unfound
,,,,,,,1460001162564,,,,,Unfound
,,,,,,,1410793541002,,,,,Unfound
,,,,,,,9296580600,,,,55402,Unfound
,,,,,,,1479165001,,,,1479165001,Unfound
,,,,,,,1100050847494,,,,,Unfound
,,,,,,,1414323122009,,,,,Unfound
,,,,,,,1417420071008,,,,,Unfound
,,,,,,,9217649802,,,,9217649802,Unfound
,,,,,,,1100051172112,,,,,Unfound
,,,,,,,1100001840509,,,,,Unfound
,,,,,,,1419943960001,,,,,Unfound
,,,,,,,1170000373454,,,,,Unfound
,,,,,,,685233410,,,,20670,Unfound
,,,,,,,2354070271110,,,,,Unfound
,,,,,,,9157837910,,,,9157837910,Unfound
,,,,,,,2320285180610,,,,,Unfound
,,,,,,,8813862008,,,,8813862008,Unfound
,,,,,,,1100002427717,,,,,Unfound
,,,,,,,1415023122004,,,,,Unfound
,,,,,,,1485789104,,,,31792,Unfound
,,,,,,,1415114022007,,,,,Unfound
,,,,,,,1100002325235,,,,,Unfound
,,,,,,,1418540000000,,,,,Unfound
,,,,,,,8816983002,,,,8816983002,Unfound
,,,,,,,2364792740114,,,,,Unfound
,,,,,,,1100007598009,,,,,Unfound
,,,,,,,1413453921001,,,,,Unfound
,,,,,,,2553860901,,,,3394,Unfound
,,,,,,,2000054434970,,,,,Unfound
,,,,,,,2200010820310,,,,,Unfound
,,,,,,,1413171221003,,,,,Unfound
,,,,,,,1419977561005,,,,,Unfound
,,,,,,,1295650008,,,,1295650008,Unfound
,,,,,,,1413555541000,,,,,Unfound
,,,,,,,1100002768331,,,,,Unfound
,,,,,,,1415842190001,,,,,Unfound
,,,,,,,1417572611000,,,,,Unfound
,,,,,,,4153165702,,,,4153165702,Unfound
,,,,,,,2200021350010,,,,,Unfound
,,,,,,,1419696301000,,,,,Unfound
,,,,,,,1417826711000,,,,,Unfound
,,,,,,,59729702,,,,1,Unfound
,,,,,,,2200019885005,,,,,Unfound
,,,,,,,1460001786865,,,,,Unfound
,,,,,,,1411263121003,,,,,Unfound
,,,,,,,9158914110,,,,26270,Unfound
,,,,,,,2200018041089,,,,,Unfound
,,,,,,,1412476711006,,,,,Unfound
,,,,,,,4260324110,,,,4260324110,Unfound
,,,,,,,1415521001003,,,,,Unfound
,,,,,,,2058082105,,,,26,Unfound
,,,,,,,1412859931005,,,,,Unfound
,,,,,,,1128488103,,,,76134,Unfound
,,,,,,,4184823401,,,,1,Unfound
,,,,,,,1415022950001,,,,,Unfound
,,,,,,,1411791031002,,,,,Unfound
,,,,,,,1460000717337,,,,,Unfound
,,,,,,,1419307701005,,,,,Unfound
,,,,,,,3281428109,,,,13081,Unfound
,,,,,,,1414588931003,,,,,Unfound
,,,,,,,1414869060000,,,,,Unfound
,,,,,,,501021700,,,,26536,Unfound
,,,,,,,2200021427995,,,,,Unfound
,,,,,,,1412398901001,,,,,Unfound
,,,,,,,1410827221005,,,,,Unfound
,,,,,,,702759605,,,,702759605,Unfound
,,,,,,,2200014646737,,,,,Unfound
,,,,,,,1410957021000,,,,,Unfound
,,,,,,,1100005102317,,,,,Unfound
,,,,,,,3084092103,,,,3084092103,Unfound
,,,,,,,1100005900409,,,,,Unfound
,,,,,,,1460001153773,,,,,Unfound
,,,,,,,1100002745228,,,,,Unfound
,,,,,,,1482634800,,,,4255,Unfound
,,,,,,,2312854691719,,,,,Unfound
,,,,,,,1411433841003,,,,,Unfound
,,,,,,,1100770881920,,,,,Unfound
,,,,,,,1100002791251,,,,,Unfound
,,,,,,,1411841212001,,,,,Unfound
,,,,,,,67071500,,,,67071500,Unfound
,,,,,,,66234901,,,,64451,Unfound
,,,,,,,1100006370808,,,,,Unfound
,,,,,,,1100005571760,,,,,Unfound
,,,,,,,1411967241008,,,,,Unfound
,,,,,,,79957110,,,,125694,Unfound
,,,,,,,1100002743179,,,,,Unfound
,,,,,,,2236222109,,,,35405,Unfound
,,,,,,,1100020941948,,,,,Unfound
,,,,,,,2098128801,,,,832,Unfound
,,,,,,,1417255522008,,,,,Unfound
,,,,,,,9156711703,,,,9156711703,Unfound
,,,,,,,1100006672432,,,,,Unfound
,,,,,,,1410879961000,,,,,Unfound
,,,,,,,1414384512000,,,,,Unfound
,,,,,,,2972756504,,,,15335,Unfound
,,,,,,,1415220190002,,,,,Unfound
,,,,,,,1413000711000,,,,,Unfound
,,,,,,,3286150710,,,,16888,Unfound
,,,,,,,1100005169622,,,,,Unfound
,,,,,,,1012466736237,,,,,Unfound
,,,,,,,1100022928122,,,,,Unfound
,,,,,,,1412539712009,,,,,Unfound
,,,,,,,1100007424279,,,,,Unfound
,,,,,,,1410080912009,,,,,Unfound
,,,,,,,2197670104,,,,12165,Unfound
,,,,,,,1591055157198,,,,,Unfound
,,,,,,,1591047446108,,,,,Unfound
,,,,,,,1460000435062,,,,,Unfound
,,,,,,,585012903,,,,585012903,Unfound
,,,,,,,1100002536230,,,,,Unfound
,,,,,,,1414654812004,,,,,Unfound
,,,,,,,62111707,,,,62111707,Unfound
,,,,,,,2200019255164,,,,,Unfound
,,,,,,,2146124804,,,,6023,Unfound
,,,,,,,1100002427735,,,,,Unfound
,,,,,,,1416263512003,,,,,Unfound
,,,,,,,1292538403,,,,52361,Unfound
,,,,,,,2200010952709,,,,,Unfound
,,,,,,,1418704402007,,,,,Unfound
,,,,,,,1412361612006,,,,,Unfound
,,,,,,,2186025108,,,,1,Unfound
,,,,,,,2200020840217,,,,,Unfound
,,,,,,,1418009331008,,,,,Unfound
,,,,,,,1591030999464,,,,,Unfound
,,,,,,,22025409,,,,22025409,Unfound
,,,,,,,2511199304,,,,48399,Unfound
,,,,,,,2200040362000,,,,,Unfound
,,,,,,,1413827511001,,,,,Unfound
,,,,,,,2365591535812,,,,,Unfound
,,,,,,,3064429010,,,,67181,Unfound
,,,,,,,1412950000000,,,,,Unfound
,,,,,,,1100002882271,,,,,Unfound
,,,,,,,51679010,,,,51679010,Unfound
,,,,,,,5015220704,,,,5015220704,Unfound
,,,,,,,1100019007444,,,,,Unfound
,,,,,,,1417538871009,,,,,Unfound
,,,,,,,3364148708,,,,3364148708,Unfound
,,,,,,,2200014379645,,,,,Unfound
,,,,,,,8900830205,,,,8900830205,Unfound
,,,,,,,1415998461007,,,,,Unfound
,,,,,,,2957563001,,,,1,Unfound
,,,,,,,1100001316499,,,,,Unfound
,,,,,,,1419718780007,,,,,Unfound
,,,,,,,1414352151000,,,,,Unfound
,,,,,,,2200011610170,,,,,Unfound
,,,,,,,1417365811008,,,,,Unfound
,,,,,,,1410206651007,,,,,Unfound
,,,,,,,2196465401,,,,21939,Unfound
,,,,,,,2200013997410,,,,,Unfound
,,,,,,,1100005381446,,,,,Unfound
,,,,,,,1418622041008,,,,,Unfound
,,,,,,,1460000000000,,,,,Unfound
,,,,,,,1419276011003,,,,,Unfound
,,,,,,,8430827008,,,,101021,Unfound
,,,,,,,8823058002,,,,8823058002,Unfound
,,,,,,,1417765861000,,,,,Unfound
,,,,,,,1418529421008,,,,,Unfound
,,,,,,,3061881406,,,,3061881406,Unfound
,,,,,,,1410738621003,,,,,Unfound
,,,,,,,1410547231001,,,,,Unfound
,,,,,,,1416173621006,,,,,Unfound
,,,,,,,59620208,,,,24443,Unfound
,,,,,,,1414142711008,,,,,Unfound
,,,,,,,1429581200000,,,,,Unfound
,,,,,,,1416934831002,,,,,Unfound
,,,,,,,9296160903,,,,9296160903,Unfound
,,,,,,,1100005752672,,,,,Unfound
,,,,,,,1414384812000,,,,,Unfound
,,,,,,,1100005269930,,,,,Unfound
,,,,,,,1415713701003,,,,,Unfound
,,,,,,,78242501,,,,26332,Unfound
,,,,,,,1414671912002,,,,,Unfound
,,,,,,,8387002,,,,81023,Unfound
,,,,,,,1100006822889,,,,,Unfound
,,,,,,,2200021517948,,,,,Unfound
,,,,,,,8913218403,,,,8913218403,Unfound
,,,,,,,1416290000000,,,,,Unfound
,,,,,,,1100005292804,,,,,Unfound
,,,,,,,69788601,,,,69788601,Unfound
,,,,,,,1416773321000,,,,,Unfound
,,,,,,,1100005758080,,,,,Unfound
,,,,,,,1412451201007,,,,,Unfound
,,,,,,,66843107,,,,72591,Unfound
,,,,,,,1413554812007,,,,,Unfound
,,,,,,,2373451280016,,,,,Unfound
,,,,,,,1160000311595,,,,,Unfound
,,,,,,,16080409,,,,83443,Unfound
,,,,,,,1100006672628,,,,,Unfound
,,,,,,,1416993031004,,,,,Unfound
,,,,,,,1100039206810,,,,,Unfound
,,,,,,,51058505,,,,51058505,Unfound
,,,,,,,2066514508,,,,1,Unfound
,,,,,,,2200014833058,,,,,Unfound
,,,,,,,1413665211009,,,,,Unfound
,,,,,,,2200010258938,,,,,Unfound
,,,,,,,618475800,,,,30266,Unfound
,,,,,,,1591158402150,,,,,Unfound
,,,,,,,1412758503006,,,,,Unfound
,,,,,,,1160000214127,,,,,Unfound
,,,,,,,1010717206,,,,41992,Unfound
,,,,,,,9158598205,,,,9158598205,Unfound
,,,,,,,2200019174036,,,,,Unfound
,,,,,,,1418731801008,,,,,Unfound
,,,,,,,1100039636243,,,,,Unfound
,,,,,,,9153896906,,,,1,Unfound
,,,,,,,2200020285743,,,,,Unfound
,,,,,,,3321530104,,,,3321530104,Unfound
,,,,,,,2200018895545,,,,,Unfound
,,,,,,,1411185811000,,,,,Unfound
,,,,,,,9319258905,,,,142324,Unfound
,,,,,,,2200020416751,,,,,Unfound
,,,,,,,71049909,,,,90996,Unfound
,,,,,,,2750699605,,,,2750699605,Unfound
,,,,,,,1416885331002,,,,,Unfound
,,,,,,,2200011595131,,,,,Unfound
,,,,,,,2200041786920,,,,,Unfound
,,,,,,,1604712410,,,,21825,Unfound
,,,,,,,2200020214681,,,,,Unfound
,,,,,,,1591059600745,,,,,Unfound
,,,,,,,8909319905,,,,41002,Unfound
,,,,,,,1414584911003,,,,,Unfound
,,,,,,,2200011781336,,,,,Unfound
,,,,,,,2200011834582,,,,,Unfound
,,,,,,,1412177541002,,,,,Unfound
,,,,,,,1460001717151,,,,,Unfound
,,,,,,,689576405,,,,7611,Unfound
,,,,,,,2200041244974,,,,,Unfound
,,,,,,,1417629321005,,,,,Unfound
,,,,,,,1100025401637,,,,,Unfound
,,,,,,,17704000,,,,1,Unfound
,,,,,,,2200020875957,,,,,Unfound
,,,,,,,1410114231005,,,,,Unfound
,,,,,,,1591060273668,,,,,Unfound
,,,,,,,2053783806,,,,11693,Unfound
,,,,,,,2199990856892,,,,,Unfound
,,,,,,,1418808022007,,,,,Unfound
,,,,,,,1410477121003,,,,,Unfound
,,,,,,,3981550504,,,,59431,Unfound
,,,,,,,1100010568478,,,,,Unfound
,,,,,,,1416712731009,,,,,Unfound
,,,,,,,1002679509,,,,6336,Unfound
,,,,,,,1100005052570,,,,,Unfound
,,,,,,,1430000021446,,,,,Unfound
,,,,,,,1418749512005,,,,,Unfound
,,,,,,,2237330308,,,,98243,Unfound
,,,,,,,506866410,,,,506866410,Unfound
,,,,,,,1100008337714,,,,,Unfound
,,,,,,,1417786811005,,,,,Unfound
,,,,,,,1412668412006,,,,,Unfound
,,,,,,,2374850720518,,,,,Unfound
,,,,,,,1415275211008,,,,,Unfound
,,,,,,,2200394202,,,,27371,Unfound
,,,,,,,1418887441002,,,,,Unfound
,,,,,,,1591026095345,,,,,Unfound
,,,,,,,1416743041005,,,,,Unfound
,,,,,,,74296201,,,,74296201,Unfound
,,,,,,,3390207000,,,,3390207000,Unfound
,,,,,,,1100006035274,,,,,Unfound
,,,,,,,1100007800965,,,,,Unfound
,,,,,,,1411474911005,,,,,Unfound
,,,,,,,1415537250006,,,,,Unfound
,,,,,,,1100005506380,,,,,Unfound
,,,,,,,1415657171000,,,,,Unfound
,,,,,,,58802703,,,,8315,Unfound
,,,,,,,1412887712000,,,,,Unfound
,,,,,,,1419728712004,,,,,Unfound
,,,,,,,1419770000000,,,,,Unfound
,,,,,,,1580000839487,,,,,Unfound
,,,,,,,1419098921004,,,,,Unfound
,,,,,,,1411683402006,,,,,Unfound
,,,,,,,1100003875284,,,,,Unfound
,,,,,,,9095064102,,,,9095064102,Unfound
,,,,,,,1100051197784,,,,,Unfound
,,,,,,,1413513701009,,,,,Unfound
,,,,,,,1418142211003,,,,,Unfound
,,,,,,,4215784701,,,,70340,Unfound
,,,,,,,1419246711006,,,,,Unfound
,,,,,,,1100770308014,,,,,Unfound
,,,,,,,8861787804,,,,35562,Unfound
,,,,,,,1160001053700,,,,,Unfound
,,,,,,,1416970122009,,,,,Unfound
,,,,,,,1411677790008,,,,,Unfound
,,,,,,,9392077005,,,,96458,Unfound
,,,,,,,1900029413483,,,,,Unfound
,,,,,,,9088107709,,,,73770,Unfound
,,,,,,,1591060333147,,,,,Unfound
,,,,,,,1419053011005,,,,,Unfound
,,,,,,,1415303071007,,,,,Unfound
,,,,,,,1410807560009,,,,,Unfound
,,,,,,,1415901461005,,,,,Unfound
,,,,,,,1413849811007,,,,,Unfound
,,,,,,,1413875501008,,,,,Unfound
,,,,,,,1413564231009,,,,,Unfound
,,,,,,,1419319051000,,,,,Unfound
,,,,,,,9207091310,,,,124086,Unfound
,,,,,,,1415895711007,,,,,Unfound
,,,,,,,1460001724033,,,,,Unfound
,,,,,,,1460000722434,,,,,Unfound
,,,,,,,1417611331009,,,,,Unfound
,,,,,,,5071705700,,,,32894,Unfound
,,,,,,,1410854311002,,,,,Unfound
,,,,,,,1416296301003,,,,,Unfound
,,,,,,,1411304411007,,,,,Unfound
,,,,,,,1418611821004,,,,,Unfound
,,,,,,,1418056721009,,,,,Unfound
,,,,,,,1410137121008,,,,,Unfound
,,,,,,,2762080800,,,,88167,Unfound
,,,,,,,1419436421009,,,,,Unfound
,,,,,,,2966150706,,,,2966150706,Unfound
,,,,,,,1415058401000,,,,,Unfound
,,,,,,,1460002024856,,,,,Unfound
,,,,,,,9092815600,,,,9092815600,Unfound
,,,,,,,1416249860007,,,,,Unfound
,,,,,,,1411044831001,,,,,Unfound
,,,,,,,1416085871003,,,,,Unfound
,,,,,,,1100003837039,,,,,Unfound
,,,,,,,1415609641002,,,,,Unfound
,,,,,,,61619806,,,,105820,Unfound
,,,,,,,1100005309486,,,,,Unfound
,,,,,,,1416236371007,,,,,Unfound
,,,,,,,1100006773558,,,,,Unfound
,,,,,,,1800027927612,,,,,Unfound
,,,,,,,1413013491006,,,,,Unfound
,,,,,,,1410158231008,,,,,Unfound
,,,,,,,1100002555622,,,,,Unfound
,,,,,,,1410629070000,,,,,Unfound
,,,,,,,1420752100007,,,,,Unfound
,,,,,,,1420135100002,,,,,Unfound
,,,,,,,1460000471380,,,,,Unfound
,,,,,,,3228161105,,,,109337,Unfound
,,,,,,,1430000063710,,,,,Unfound
,,,,,,,1418760000000,,,,,Unfound
,,,,,,,8828711905,,,,37565,Unfound
,,,,,,,1415547711006,,,,,Unfound
,,,,,,,1100005223633,,,,,Unfound
,,,,,,,1160001329886,,,,,Unfound
,,,,,,,1410328441008,,,,,Unfound
,,,,,,,1591027024460,,,,,Unfound
,,,,,,,1470000697458,,,,,Unfound
,,,,,,,1100039630766,,,,,Unfound
,,,,,,,9366115808,,,,127991,Unfound
,,,,,,,1417885831006,,,,,Unfound
,,,,,,,1424055100009,,,,,Unfound
,,,,,,,1591039808450,,,,,Unfound
,,,,,,,1417168712007,,,,,Unfound
,,,,,,,1591049678735,,,,,Unfound
,,,,,,,1419529412005,,,,,Unfound
,,,,,,,70283205,,,,59991,Unfound
,,,,,,,1427753100000,,,,,Unfound
,,,,,,,9382463801,,,,9382463801,Unfound
,,,,,,,1413624770006,,,,,Unfound
,,,,,,,1415009841002,,,,,Unfound
,,,,,,,1411795970002,,,,,Unfound
,,,,,,,1460000845066,,,,,Unfound
,,,,,,,1419337970003,,,,,Unfound
,,,,,,,1416113480005,,,,,Unfound
,,,,,,,1100039506711,,,,,Unfound
,,,,,,,7424007009,,,,281829,Unfound
,,,,,,,1413802731001,,,,,Unfound
,,,,,,,2556742910,,,,36202,Unfound
,,,,,,,2376353020920,,,,,Unfound
,,,,,,,1460001417598,,,,,Unfound
,,,,,,,1419349151009,,,,,Unfound
,,,,,,,67060203,,,,82047,Unfound
,,,,,,,1423524100001,,,,,Unfound
,,,,,,,1415250000000,,,,,Unfound
,,,,,,,67039201,,,,62214,Unfound
,,,,,,,79473009,,,,68804,Unfound
,,,,,,,2323886140714,,,,,Unfound
,,,,,,,2200012090968,,,,,Unfound
,,,,,,,1414450000000,,,,,Unfound
,,,,,,,2000025646684,,,,,Unfound
,,,,,,,8928970409,,,,41266,Unfound
,,,,,,,1411502511002,,,,,Unfound
,,,,,,,2312714036219,,,,,Unfound
,,,,,,,2000051493990,,,,,Unfound
,,,,,,,54133003,,,,54133003,Unfound
,,,,,,,1336585403,,,,32843,Unfound
,,,,,,,1416006391000,,,,,Unfound
,,,,,,,1413826111005,,,,,Unfound
,,,,,,,1412777021007,,,,,Unfound
,,,,,,,69238801,,,,49461,Unfound
,,,,,,,1100007909096,,,,,Unfound
,,,,,,,8891441404,,,,8128,Unfound
,,,,,,,1417083831000,,,,,Unfound
,,,,,,,1470000606780,,,,,Unfound
,,,,,,,1413694650004,,,,,Unfound
,,,,,,,1610022864540,,,,,Unfound
,,,,,,,2707952506,,,,2707952506,Unfound
,,,,,,,1100019992970,,,,,Unfound
,,,,,,,1414680440004,,,,,Unfound
,,,,,,,1428610200001,,,,,Unfound
,,,,,,,1610022403677,,,,,Unfound
,,,,,,,8905720201,,,,8905720201,Unfound
,,,,,,,1100002807441,,,,,Unfound
,,,,,,,1100002671782,,,,,Unfound
,,,,,,,8875118910,,,,8875118910,Unfound
,,,,,,,2175814910,,,,10600,Unfound
,,,,,,,2365492036216,,,,,Unfound
,,,,,,,1100020196254,,,,,Unfound
,,,,,,,1416498501009,,,,,Unfound
,,,,,,,1602150608,,,,136048,Unfound
,,,,,,,67268609,,,,67268609,Unfound
,,,,,,,1414143071003,,,,,Unfound
,,,,,,,1412569921008,,,,,Unfound
,,,,,,,1460001500182,,,,,Unfound
,,,,,,,1100005833072,,,,,Unfound
,,,,,,,1413771721008,,,,,Unfound
,,,,,,,1545780607,,,,1545780607,Unfound
,,,,,,,1418465622004,,,,,Unfound
,,,,,,,1620001159797,,,,,Unfound
,,,,,,,2234279701,,,,9326,Unfound
,,,,,,,1100006300304,,,,,Unfound
,,,,,,,1100004195436,,,,,Unfound
,,,,,,,1460001237555,,,,,Unfound
,,,,,,,1215070300,,,,1215070300,Unfound
,,,,,,,9159212902,,,,73215,Unfound
,,,,,,,2536506605,,,,29814,Unfound
,,,,,,,1591016829513,,,,,Unfound
,,,,,,,1419967490002,,,,,Unfound
,,,,,,,2326352369018,,,,,Unfound
,,,,,,,2072129906,,,,2072129906,Unfound
,,,,,,,2365496428010,,,,,Unfound
,,,,,,,1414004990000,,,,,Unfound
,,,,,,,2312458551517,,,,,Unfound
,,,,,,,47530101,,,,54347,Unfound
,,,,,,,2536504500,,,,10,Unfound
,,,,,,,1100002917000,,,,,Unfound
,,,,,,,1100019985263,,,,,Unfound
,,,,,,,1415023490003,,,,,Unfound
,,,,,,,2312569467115,,,,,Unfound
,,,,,,,12767201,,,,12767201,Unfound
,,,,,,,1100002461452,,,,,Unfound
,,,,,,,2200021469550,,,,,Unfound
,,,,,,,2300000354592,,,,,Unfound
,,,,,,,1537799902,,,,2314,Unfound
,,,,,,,1430000033024,,,,,Unfound
,,,,,,,78877500,,,,5,Unfound
,,,,,,,1413103071002,,,,,Unfound
,,,,,,,1418527511004,,,,,Unfound
,,,,,,,2365091636220,,,,,Unfound
,,,,,,,2314669627319,,,,,Unfound
,,,,,,,66718710,,,,1,Unfound
,,,,,,,1411253721004,,,,,Unfound
,,,,,,,1412853801009,,,,,Unfound
,,,,,,,1413452241002,,,,,Unfound
,,,,,,,3258202504,,,,13975,Unfound
,,,,,,,1100007538250,,,,,Unfound
,,,,,,,2200010249631,,,,,Unfound
,,,,,,,1410428411009,,,,,Unfound
,,,,,,,49561100,,,,49561100,Unfound
,,,,,,,1100007210895,,,,,Unfound
,,,,,,,1416392022006,,,,,Unfound
,,,,,,,4001974306,,,,23995,Unfound
,,,,,,,1460001660461,,,,,Unfound
,,,,,,,8852224904,,,,127632,Unfound
,,,,,,,1100019006228,,,,,Unfound
,,,,,,,1418344561006,,,,,Unfound
,,,,,,,1417751041002,,,,,Unfound
,,,,,,,10096607,,,,20223,Unfound
,,,,,,,1419438903003,,,,,Unfound
,,,,,,,1419044241006,,,,,Unfound
,,,,,,,8817590201,,,,84262,Unfound
,,,,,,,1100009856125,,,,,Unfound
,,,,,,,3014758201,,,,31779,Unfound
,,,,,,,1416079560009,,,,,Unfound
,,,,,,,1100005757332,,,,,Unfound
,,,,,,,2789365404,,,,2789365404,Unfound
,,,,,,,3387578402,,,,15743,Unfound
,,,,,,,1160000728168,,,,,Unfound
,,,,,,,1100000368343,,,,,Unfound
,,,,,,,2441379104,,,,11270,Unfound
,,,,,,,9099935309,,,,18812,Unfound
,,,,,,,1419550000000,,,,,Unfound
,,,,,,,1412539680002,,,,,Unfound
,,,,,,,1591026373340,,,,,Unfound
,,,,,,,3410775501,,,,427818,Unfound
,,,,,,,1460000389034,,,,,Unfound
,,,,,,,1100005255486,,,,,Unfound
,,,,,,,1415566011005,,,,,Unfound
,,,,,,,1800031176889,,,,,Unfound
,,,,,,,4213731501,,,,4213731501,Unfound
,,,,,,,1414844641006,,,,,Unfound
,,,,,,,1470000088311,,,,,Unfound
,,,,,,,1411566821007,,,,,Unfound
,,,,,,,17228207,,,,134712,Unfound
,,,,,,,1424669000006,,,,,Unfound
,,,,,,,1591055189446,,,,,Unfound
,,,,,,,9189592609,,,,9189592609,Unfound
,,,,,,,2534870403,,,,11527,Unfound
,,,,,,,1414028321006,,,,,Unfound
,,,,,,,1417195491009,,,,,Unfound
,,,,,,,2052538709,,,,1669,Unfound
,,,,,,,1591039271700,,,,,Unfound
,,,,,,,1460002253441,,,,,Unfound
,,,,,,,2360897714419,,,,,Unfound
,,,,,,,9367315507,,,,9367315507,Unfound
,,,,,,,2954262106,,,,2954262106,Unfound
,,,,,,,1417168721001,,,,,Unfound
,,,,,,,2365496615714,,,,,Unfound
,,,,,,,1100002547817,,,,,Unfound
,,,,,,,8818054002,,,,8818054002,Unfound
,,,,,,,1417260221008,,,,,Unfound
,,,,,,,1100019148730,,,,,Unfound
,,,,,,,2950963206,,,,21780,Unfound
,,,,,,,1411555003009,,,,,Unfound
,,,,,,,1100019484435,,,,,Unfound
,,,,,,,9198775910,,,,50230,Unfound
,,,,,,,1415309921009,,,,,Unfound
,,,,,,,1100002335340,,,,,Unfound
,,,,,,,1100009657631,,,,,Unfound
,,,,,,,48108703,,,,60818,Unfound
,,,,,,,3405744509,,,,32020,Unfound
,,,,,,,1413204011000,,,,,Unfound
,,,,,,,1410492260009,,,,,Unfound
,,,,,,,1591030452757,,,,,Unfound
,,,,,,,2300001137169,,,,,Unfound
,,,,,,,2559075609,,,,57184,Unfound
,,,,,,,1414892701004,,,,,Unfound
,,,,,,,1411076411003,,,,,Unfound
,,,,,,,1610028792078,,,,,Unfound
,,,,,,,57694104,,,,54832,Unfound
,,,,,,,1414827812006,,,,,Unfound
,,,,,,,1100004693101,,,,,Unfound
,,,,,,,1610030358160,,,,,Unfound
,,,,,,,1012964886337,,,,,Unfound
,,,,,,,1419770801008,,,,,Unfound
,,,,,,,1531631204,,,,1531631204,Unfound
,,,,,,,2365291756118,,,,,Unfound
,,,,,,,1412567311000,,,,,Unfound
,,,,,,,4230056104,,,,31910,Unfound
,,,,,,,1416584071009,,,,,Unfound
,,,,,,,1418534722003,,,,,Unfound
,,,,,,,1413356511005,,,,,Unfound
,,,,,,,1620001270069,,,,,Unfound
,,,,,,,2456114503,,,,2456114503,Unfound
,,,,,,,1414855861003,,,,,Unfound
,,,,,,,3313172602,,,,3313172602,Unfound
,,,,,,,1100000093810,,,,,Unfound
,,,,,,,1411742511002,,,,,Unfound
,,,,,,,2227688402,,,,43415,Unfound
,,,,,,,1100002485649,,,,,Unfound
,,,,,,,5059725903,,,,5059725903,Unfound
,,,,,,,1411378560005,,,,,Unfound
,,,,,,,58652609,,,,68998,Unfound
,,,,,,,1100005501319,,,,,Unfound
,,,,,,,1417482931008,,,,,Unfound
,,,,,,,1610030959923,,,,,Unfound
,,,,,,,5085812604,,,,74650,Unfound
,,,,,,,1460000470606,,,,,Unfound
,,,,,,,1416359211004,,,,,Unfound
,,,,,,,1610031260819,,,,,Unfound
,,,,,,,3915931101,,,,77718,Unfound
,,,,,,,1418529961002,,,,,Unfound
,,,,,,,1415569711002,,,,,Unfound
,,,,,,,1610031793825,,,,,Unfound
,,,,,,,1100005391870,,,,,Unfound
,,,,,,,203077009,,,,1,Unfound
,,,,,,,2200010368630,,,,,Unfound
,,,,,,,1411990701002,,,,,Unfound
,,,,,,,1610031694344,,,,,Unfound
,,,,,,,1100006829990,,,,,Unfound
,,,,,,,8886954408,,,,1080,Unfound
,,,,,,,1411857203000,,,,,Unfound
,,,,,,,1413831401009,,,,,Unfound
,,,,,,,4150947403,,,,7773,Unfound
,,,,,,,2370621770617,,,,,Unfound
,,,,,,,1416402501008,,,,,Unfound
,,,,,,,1012776312554,,,,,Unfound
,,,,,,,1100005214790,,,,,Unfound
,,,,,,,1606967701,,,,1606967701,Unfound
,,,,,,,1418888501007,,,,,Unfound
,,,,,,,1015685736194,,,,,Unfound
,,,,,,,2200041015456,,,,,Unfound
,,,,,,,5072490508,,,,33589,Unfound
,,,,,,,1100006425323,,,,,Unfound
,,,,,,,2365794260210,,,,,Unfound
,,,,,,,1415705921007,,,,,Unfound
,,,,,,,1100770477510,,,,,Unfound
,,,,,,,1591053098239,,,,,Unfound
,,,,,,,2546123606,,,,2466,Unfound
,,,,,,,1411939921006,,,,,Unfound
,,,,,,,1012882744133,,,,,Unfound
,,,,,,,2342940825011,,,,,Unfound
,,,,,,,2065023607,,,,1698,Unfound
,,,,,,,1415175721002,,,,,Unfound
,,,,,,,8832705302,,,,109790,Unfound
,,,,,,,2571586000,,,,2571586000,Unfound
,,,,,,,2313700223213,,,,,Unfound
,,,,,,,1100020107069,,,,,Unfound
,,,,,,,1413218421004,,,,,Unfound
,,,,,,,571902506,,,,571902506,Unfound
,,,,,,,2340274340712,,,,,Unfound
,,,,,,,60139102,,,,43179,Unfound
,,,,,,,1441003010000,,,,,Unfound
,,,,,,,76795600,,,,131820,Unfound
,,,,,,,4153527710,,,,4153527710,Unfound
,,,,,,,1591032281171,,,,,Unfound
,,,,,,,1100006258600,,,,,Unfound
,,,,,,,1419400000000,,,,,Unfound
,,,,,,,1160001191631,,,,,Unfound
,,,,,,,9140058709,,,,1,Unfound
,,,,,,,1411412612004,,,,,Unfound
,,,,,,,1170000339462,,,,,Unfound
,,,,,,,1415699031001,,,,,Unfound
,,,,,,,2199998880100,,,,,Unfound
,,,,,,,1865636802,,,,1,Unfound
,,,,,,,2200020655113,,,,,Unfound
,,,,,,,1413044831005,,,,,Unfound
,,,,,,,2199999359621,,,,,Unfound
,,,,,,,2198283506,,,,1,Unfound
,,,,,,,1100025541316,,,,,Unfound
,,,,,,,1100002324320,,,,,Unfound
,,,,,,,1414775671008,,,,,Unfound
,,,,,,,3087385302,,,,218007,Unfound
,,,,,,,1100003850847,,,,,Unfound
,,,,,,,1100002594250,,,,,Unfound
,,,,,,,16187001,,,,70851,Unfound
,,,,,,,61497504,,,,13373,Unfound
,,,,,,,8858443307,,,,1,Unfound
,,,,,,,1100005753462,,,,,Unfound
,,,,,,,1100002463609,,,,,Unfound
,,,,,,,2199994198943,,,,,Unfound
,,,,,,,1200027907799,,,,,Unfound
,,,,,,,8912909605,,,,50119,Unfound
,,,,,,,1100005433909,,,,,Unfound
,,,,,,,1100006861318,,,,,Unfound
,,,,,,,1100002863241,,,,,Unfound
,,,,,,,9202618501,,,,147755,Unfound
,,,,,,,1800016850184,,,,,Unfound
,,,,,,,1100003521624,,,,,Unfound
,,,,,,,8925756100,,,,3300,Unfound
,,,,,,,1100005568243,,,,,Unfound
,,,,,,,1410441011001,,,,,Unfound
,,,,,,,2548053902,,,,25506,Unfound
,,,,,,,2199991975926,,,,,Unfound
,,,,,,,2217388507,,,,2217388507,Unfound
,,,,,,,1100002419975,,,,,Unfound
,,,,,,,1591057871677,,,,,Unfound
,,,,,,,1100007801356,,,,,Unfound
,,,,,,,2428461606,,,,78070,Unfound
,,,,,,,1416608421004,,,,,Unfound
,,,,,,,4154919003,,,,1,Unfound
,,,,,,,1100005591544,,,,,Unfound
,,,,,,,1100000611150,,,,,Unfound
,,,,,,,1413193561001,,,,,Unfound
,,,,,,,1591026528340,,,,,Unfound
,,,,,,,8820601004,,,,39371,Unfound
,,,,,,,1413450961001,,,,,Unfound
,,,,,,,1415756011009,,,,,Unfound
,,,,,,,2199993243132,,,,,Unfound
,,,,,,,1411556750004,,,,,Unfound
,,,,,,,1413885660007,,,,,Unfound
,,,,,,,2376501560013,,,,,Unfound
,,,,,,,1419842861002,,,,,Unfound
,,,,,,,1613888808,,,,14684,Unfound
,,,,,,,8902637805,,,,50139,Unfound
,,,,,,,1100004233747,,,,,Unfound
,,,,,,,1591025644019,,,,,Unfound
,,,,,,,1418194802005,,,,,Unfound
,,,,,,,638092403,,,,646,Unfound
,,,,,,,1411986601004,,,,,Unfound
,,,,,,,1591045501538,,,,,Unfound
,,,,,,,1418795660008,,,,,Unfound
,,,,,,,80262001,,,,1,Unfound
,,,,,,,2200010177873,,,,,Unfound
,,,,,,,1417214831001,,,,,Unfound
,,,,,,,1418132801006,,,,,Unfound
,,,,,,,2200014694049,,,,,Unfound
,,,,,,,46787010,,,,46787010,Unfound
,,,,,,,2200021635048,,,,,Unfound
,,,,,,,1591055593660,,,,,Unfound
,,,,,,,1410295171006,,,,,Unfound
,,,,,,,1415010000000,,,,,Unfound
,,,,,,,1414496260000,,,,,Unfound
,,,,,,,70605100,,,,35157,Unfound
,,,,,,,1591024274921,,,,,Unfound
,,,,,,,1412551201002,,,,,Unfound
,,,,,,,1100005089827,,,,,Unfound
,,,,,,,1100006998458,,,,,Unfound
,,,,,,,1591040858681,,,,,Unfound
,,,,,,,3369965609,,,,25930,Unfound
,,,,,,,1100006695607,,,,,Unfound
,,,,,,,1591058613993,,,,,Unfound
,,,,,,,1100005114093,,,,,Unfound
,,,,,,,1630000474814,,,,,Unfound
,,,,,,,1100006365756,,,,,Unfound
,,,,,,,3374329404,,,,17743,Unfound
,,,,,,,1610011672452,,,,,Unfound
,,,,,,,1100002951330,,,,,Unfound
,,,,,,,60241800,,,,60241800,Unfound
,,,,,,,9121434502,,,,747,Unfound
,,,,,,,1100007173880,,,,,Unfound
,,,,,,,1100019646024,,,,,Unfound
,,,,,,,1100007406837,,,,,Unfound
,,,,,,,1105532400,,,,36461,Unfound
,,,,,,,1591056742377,,,,,Unfound
,,,,,,,9098002106,,,,50,Unfound
,,,,,,,1570000278152,,,,,Unfound
,,,,,,,1100019007018,,,,,Unfound
,,,,,,,1610019880198,,,,,Unfound
,,,,,,,2480700100,,,,1,Unfound
,,,,,,,1100004695429,,,,,Unfound
,,,,,,,1100005571380,,,,,Unfound
,,,,,,,1591059830291,,,,,Unfound
,,,,,,,1856869510,,,,5304,Unfound
,,,,,,,2312102403012,,,,,Unfound
,,,,,,,1591025640751,,,,,Unfound
,,,,,,,1100006525598,,,,,Unfound
,,,,,,,1900003189925,,,,,Unfound
,,,,,,,1100003836035,,,,,Unfound
,,,,,,,50696510,,,,2173,Unfound
,,,,,,,1410853121007,,,,,Unfound
,,,,,,,1100019450710,,,,,Unfound
,,,,,,,3926608509,,,,1,Unfound
,,,,,,,1414356601005,,,,,Unfound
,,,,,,,1100003094124,,,,,Unfound
,,,,,,,58263003,,,,58263003,Unfound
,,,,,,,46016508,,,,51059,Unfound
,,,,,,,1100011605085,,,,,Unfound
,,,,,,,1419277121009,,,,,Unfound
,,,,,,,1100020025309,,,,,Unfound
,,,,,,,1610032034950,,,,,Unfound
,,,,,,,79900810,,,,72766,Unfound
,,,,,,,2768563110,,,,26469,Unfound
,,,,,,,1591032288283,,,,,Unfound
,,,,,,,1413893831004,,,,,Unfound
,,,,,,,1100021114020,,,,,Unfound
,,,,,,,1610031539588,,,,,Unfound
,,,,,,,2366592143012,,,,,Unfound
,,,,,,,2200010469914,,,,,Unfound
,,,,,,,8847163907,,,,114296,Unfound
,,,,,,,1012569499315,,,,,Unfound
,,,,,,,1610032053182,,,,,Unfound
,,,,,,,5013693401,,,,2326,Unfound
,,,,,,,1100005360720,,,,,Unfound
,,,,,,,1591032884125,,,,,Unfound
,,,,,,,1271479003,,,,24956,Unfound
,,,,,,,1418231071007,,,,,Unfound
,,,,,,,1591019780400,,,,,Unfound
,,,,,,,1056079109,,,,11623,Unfound
,,,,,,,1591029926990,,,,,Unfound
,,,,,,,1903138701,,,,27128,Unfound
,,,,,,,1413771541001,,,,,Unfound
,,,,,,,1410294760001,,,,,Unfound
,,,,,,,1592001143160,,,,,Unfound
,,,,,,,1416046671002,,,,,Unfound
,,,,,,,2000026312748,,,,,Unfound
,,,,,,,3025603508,,,,61165,Unfound
,,,,,,,9156299106,,,,35838,Unfound
,,,,,,,80427007,,,,88232,Unfound
,,,,,,,1100007398229,,,,,Unfound
,,,,,,,2321391130610,,,,,Unfound
,,,,,,,2410924203,,,,2410924203,Unfound
,,,,,,,70796908,,,,70796908,Unfound
,,,,,,,57621110,,,,25384,Unfound
,,,,,,,1413929021005,,,,,Unfound
,,,,,,,1100005704400,,,,,Unfound
,,,,,,,1100005505651,,,,,Unfound
,,,,,,,1100005507695,,,,,Unfound
,,,,,,,9116722908,,,,50272,Unfound
,,,,,,,59985507,,,,57411,Unfound
,,,,,,,9107489905,,,,109609,Unfound
,,,,,,,1410000000000,,,,,Unfound
,,,,,,,9163353110,,,,1,Unfound
,,,,,,,1100005873438,,,,,Unfound
,,,,,,,1100007801462,,,,,Unfound
,,,,,,,1300013785041,,,,,Unfound
,,,,,,,9158662008,,,,29227,Unfound
,,,,,,,1100005721406,,,,,Unfound
,,,,,,,1419592701007,,,,,Unfound
,,,,,,,1299309906,,,,1299309906,Unfound
,,,,,,,1012724817626,,,,,Unfound
,,,,,,,1100004689959,,,,,Unfound
,,,,,,,58867810,,,,54899,Unfound
,,,,,,,1012883227369,,,,,Unfound
,,,,,,,1300007785571,,,,,Unfound
,,,,,,,1100002773865,,,,,Unfound
,,,,,,,9087116503,,,,84999,Unfound
,,,,,,,1591055603983,,,,,Unfound
,,,,,,,2311497486811,,,,,Unfound
,,,,,,,1100002335456,,,,,Unfound
,,,,,,,3963008000,,,,3963008000,Unfound
,,,,,,,1412340000000,,,,,Unfound
,,,,,,,1300007589573,,,,,Unfound
,,,,,,,1800015521787,,,,,Unfound
,,,,,,,9344974004,,,,116343,Unfound
,,,,,,,62534006,,,,7842,Unfound
,,,,,,,1100003025496,,,,,Unfound
,,,,,,,1460001470156,,,,,Unfound
,,,,,,,585800300,,,,71203,Unfound
,,,,,,,8816138009,,,,8816138009,Unfound
,,,,,,,1416629601006,,,,,Unfound
,,,,,,,1100005772190,,,,,Unfound
,,,,,,,2200011269870,,,,,Unfound
,,,,,,,9548600,,,,298510,Unfound
,,,,,,,1412625070000,,,,,Unfound
,,,,,,,1100005634598,,,,,Unfound
,,,,,,,8884148303,,,,40867,Unfound
,,,,,,,1460001618024,,,,,Unfound
,,,,,,,1100006425280,,,,,Unfound
,,,,,,,8895104204,,,,41705,Unfound
,,,,,,,1012913974456,,,,,Unfound
,,,,,,,1412308022009,,,,,Unfound
,,,,,,,9218352907,,,,183894,Unfound
,,,,,,,1415827511005,,,,,Unfound
,,,,,,,1419510870007,,,,,Unfound
,,,,,,,1591034370717,,,,,Unfound
,,,,,,,530463409,,,,24608,Unfound
,,,,,,,14298000,,,,99093,Unfound
,,,,,,,9213144201,,,,9213144201,Unfound
,,,,,,,1414719601000,,,,,Unfound
,,,,,,,1100003543804,,,,,Unfound
,,,,,,,1100005785029,,,,,Unfound
,,,,,,,1591022233756,,,,,Unfound
,,,,,,,1469440103,,,,12410,Unfound
,,,,,,,1100006425174,,,,,Unfound
,,,,,,,18006901,,,,69204,Unfound
,,,,,,,1591047627599,,,,,Unfound
,,,,,,,1100008002935,,,,,Unfound
,,,,,,,54290805,,,,1,Unfound
,,,,,,,1610004059760,,,,,Unfound
,,,,,,,1415834970000,,,,,Unfound
,,,,,,,1100007095247,,,,,Unfound
,,,,,,,1127763206,,,,1127763206,Unfound
,,,,,,,2198765429731,,,,,Unfound
,,,,,,,1100770150671,,,,,Unfound
,,,,,,,48681206,,,,15152,Unfound
,,,,,,,1100007909120,,,,,Unfound
,,,,,,,1419012702005,,,,,Unfound
,,,,,,,57128710,,,,57128710,Unfound
,,,,,,,77497204,,,,77497204,Unfound
,,,,,,,1419332431008,,,,,Unfound
,,,,,,,8820050105,,,,8820050105,Unfound
,,,,,,,1013035232060,,,,,Unfound
,,,,,,,2200041909636,,,,,Unfound
,,,,,,,2247926000,,,,63096,Unfound
,,,,,,,1100002280657,,,,,Unfound
,,,,,,,1411153741005,,,,,Unfound
,,,,,,,2200018120730,,,,,Unfound
,,,,,,,1414038222000,,,,,Unfound
,,,,,,,8861430504,,,,241903,Unfound
,,,,,,,1012727937808,,,,,Unfound
,,,,,,,920347609,,,,920347609,Unfound
,,,,,,,1170000366378,,,,,Unfound
,,,,,,,1100770274580,,,,,Unfound
,,,,,,,1591033982134,,,,,Unfound
,,,,,,,1283778007,,,,16740,Unfound
,,,,,,,1570000030422,,,,,Unfound
,,,,,,,1610003301740,,,,,Unfound
,,,,,,,50751907,,,,50751907,Unfound
,,,,,,,1412739680003,,,,,Unfound
,,,,,,,78923705,,,,83557,Unfound
,,,,,,,1591037629525,,,,,Unfound
,,,,,,,8914359909,,,,23915,Unfound
,,,,,,,1100008765007,,,,,Unfound
,,,,,,,82086601,,,,219070,Unfound
,,,,,,,1418549113002,,,,,Unfound
,,,,,,,1100019326687,,,,,Unfound
,,,,,,,1100770482681,,,,,Unfound
,,,,,,,1271906703,,,,1,Unfound
,,,,,,,1100039247212,,,,,Unfound
,,,,,,,1100050060129,,,,,Unfound
,,,,,,,1460000444313,,,,,Unfound
,,,,,,,1100019441487,,,,,Unfound
,,,,,,,1100004222249,,,,,Unfound
,,,,,,,1260030809,,,,1260030809,Unfound
,,,,,,,1100019051114,,,,,Unfound
,,,,,,,2360895804415,,,,,Unfound
,,,,,,,2200020821687,,,,,Unfound
,,,,,,,3261708810,,,,1,Unfound
,,,,,,,1415942211001,,,,,Unfound
,,,,,,,1418819070009,,,,,Unfound
,,,,,,,1100020625548,,,,,Unfound
,,,,,,,1591020307166,,,,,Unfound
,,,,,,,2199994598318,,,,,Unfound
,,,,,,,55051904,,,,55051904,Unfound
,,,,,,,1411036460001,,,,,Unfound
,,,,,,,1100019737346,,,,,Unfound
,,,,,,,2199995579983,,,,,Unfound
,,,,,,,1100002646768,,,,,Unfound
,,,,,,,1410086711008,,,,,Unfound
,,,,,,,4153526809,,,,4153526809,Unfound
,,,,,,,1410306890004,,,,,Unfound
,,,,,,,8814355703,,,,8814355703,Unfound
,,,,,,,1100001055434,,,,,Unfound
,,,,,,,1160000330783,,,,,Unfound
,,,,,,,1411438780000,,,,,Unfound
,,,,,,,1460000890412,,,,,Unfound
,,,,,,,2062097307,,,,2062097307,Unfound
,,,,,,,2200018023595,,,,,Unfound
,,,,,,,50510907,,,,10795,Unfound
,,,,,,,1415007331000,,,,,Unfound
,,,,,,,1200037151172,,,,,Unfound
,,,,,,,8813713002,,,,8813713002,Unfound
,,,,,,,1296810604,,,,1296810604,Unfound
,,,,,,,1418517841000,,,,,Unfound
,,,,,,,1200050752891,,,,,Unfound
,,,,,,,1414131111001,,,,,Unfound
,,,,,,,68885706,,,,68885706,Unfound
,,,,,,,1724829744253,,,,,Unfound
,,,,,,,47698510,,,,201616,Unfound
,,,,,,,73046004,,,,73046004,Unfound
,,,,,,,1429796100006,,,,,Unfound
,,,,,,,1100000732802,,,,,Unfound
,,,,,,,1866215210,,,,1866215210,Unfound
,,,,,,,1100002537410,,,,,Unfound
,,,,,,,1200030463278,,,,,Unfound
,,,,,,,1413845121007,,,,,Unfound
,,,,,,,3046561008,,,,41399,Unfound
,,,,,,,2000024093027,,,,,Unfound
,,,,,,,1200037151359,,,,,Unfound
,,,,,,,2062564110,,,,31812,Unfound
,,,,,,,1415727621004,,,,,Unfound
,,,,,,,1200021402951,,,,,Unfound
,,,,,,,1416268121007,,,,,Unfound
,,,,,,,8815956600,,,,123317,Unfound
,,,,,,,1200051295360,,,,,Unfound
,,,,,,,1100007313740,,,,,Unfound
,,,,,,,13576401,,,,64804,Unfound
,,,,,,,1415541631000,,,,,Unfound
,,,,,,,1200038542519,,,,,Unfound
,,,,,,,1910595406,,,,32894,Unfound
,,,,,,,1100006820989,,,,,Unfound
,,,,,,,2200012808510,,,,,Unfound
,,,,,,,1100002899744,,,,,Unfound
,,,,,,,631517508,,,,631517508,Unfound
,,,,,,,1868211010,,,,1868211010,Unfound
,,,,,,,1470000112160,,,,,Unfound
,,,,,,,1463349603,,,,70528,Unfound
,,,,,,,1100007387333,,,,,Unfound
,,,,,,,1591057900715,,,,,Unfound
,,,,,,,1012446188720,,,,,Unfound
,,,,,,,3071770100,,,,27306,Unfound
,,,,,,,1100006299838,,,,,Unfound
,,,,,,,1012819836603,,,,,Unfound
,,,,,,,644551103,,,,56972,Unfound
,,,,,,,1100007780565,,,,,Unfound
,,,,,,,1100007276520,,,,,Unfound
,,,,,,,3909154106,,,,3909154106,Unfound
,,,,,,,1100002396671,,,,,Unfound
,,,,,,,77895407,,,,1,Unfound
,,,,,,,1100005292195,,,,,Unfound
,,,,,,,1900025377041,,,,,Unfound
,,,,,,,1591032956277,,,,,Unfound
,,,,,,,513179303,,,,513179303,Unfound
,,,,,,,1100006201862,,,,,Unfound
,,,,,,,2000025793894,,,,,Unfound
,,,,,,,1900007311702,,,,,Unfound
,,,,,,,1100004926080,,,,,Unfound
,,,,,,,1900020391079,,,,,Unfound
,,,,,,,2316113082219,,,,,Unfound
,,,,,,,1100005936042,,,,,Unfound
,,,,,,,1910874601,,,,20139,Unfound
,,,,,,,1610019050341,,,,,Unfound
,,,,,,,1900043318076,,,,,Unfound
,,,,,,,1100039237126,,,,,Unfound
,,,,,,,1900019272363,,,,,Unfound
,,,,,,,60736300,,,,17286,Unfound
,,,,,,,18472605,,,,150564,Unfound
,,,,,,,2536546202,,,,415,Unfound
,,,,,,,2323320000000,,,,,Unfound
,,,,,,,2000013186783,,,,,Unfound
,,,,,,,52481005,,,,52481005,Unfound
,,,,,,,1100007282445,,,,,Unfound
,,,,,,,66590901,,,,66590901,Unfound
,,,,,,,2463524704,,,,2463524704,Unfound
,,,,,,,1591036552527,,,,,Unfound
,,,,,,,1591022980069,,,,,Unfound
,,,,,,,2056922001,,,,28510,Unfound
,,,,,,,1800027430394,,,,,Unfound
,,,,,,,1415558761005,,,,,Unfound
,,,,,,,56924707,,,,56924707,Unfound
,,,,,,,57590810,,,,10,Unfound
,,,,,,,1100011186589,,,,,Unfound
,,,,,,,2320112121519,,,,,Unfound
,,,,,,,1348461300,,,,1,Unfound
,,,,,,,2000004118731,,,,,Unfound
,,,,,,,2000027775814,,,,,Unfound
,,,,,,,50017205,,,,34778,Unfound
,,,,,,,1591060225822,,,,,Unfound
,,,,,,,2525814403,,,,2525814403,Unfound
,,,,,,,1099097106,,,,24174,Unfound
,,,,,,,2000012764476,,,,,Unfound
,,,,,,,1412051631005,,,,,Unfound
,,,,,,,3312395303,,,,18622,Unfound
,,,,,,,5077161301,,,,5077161301,Unfound
,,,,,,,1412302331007,,,,,Unfound
,,,,,,,2376571245017,,,,,Unfound
,,,,,,,1100011619005,,,,,Unfound
,,,,,,,49276707,,,,1,Unfound
,,,,,,,2000025625407,,,,,Unfound
,,,,,,,1418007660006,,,,,Unfound
,,,,,,,79184103,,,,77175,Unfound
,,,,,,,2000012712840,,,,,Unfound
,,,,,,,1610003556421,,,,,Unfound
,,,,,,,79869708,,,,79869708,Unfound
,,,,,,,2000001014880,,,,,Unfound
,,,,,,,2000002050532,,,,,Unfound
,,,,,,,1413811001009,,,,,Unfound
,,,,,,,660368508,,,,660368508,Unfound
,,,,,,,3043958705,,,,3043958705,Unfound
,,,,,,,2000026023244,,,,,Unfound
,,,,,,,1411553921003,,,,,Unfound
,,,,,,,2000012726179,,,,,Unfound
,,,,,,,2054102805,,,,44056,Unfound
,,,,,,,2000008909778,,,,,Unfound
,,,,,,,1418908002006,,,,,Unfound
,,,,,,,1414738812009,,,,,Unfound
,,,,,,,1100002930864,,,,,Unfound
,,,,,,,1805519301,,,,1,Unfound
,,,,,,,7288803,,,,31563,Unfound
,,,,,,,1460000814388,,,,,Unfound
,,,,,,,3290123402,,,,979,Unfound
,,,,,,,1415153011003,,,,,Unfound
,,,,,,,1418096222000,,,,,Unfound
,,,,,,,2000008902267,,,,,Unfound
,,,,,,,1545873210,,,,24877,Unfound
,,,,,,,1410962241001,,,,,Unfound
,,,,,,,1415082861000,,,,,Unfound
,,,,,,,1414286711006,,,,,Unfound
,,,,,,,5040502101,,,,1,Unfound
,,,,,,,1417613141006,,,,,Unfound
,,,,,,,67568004,,,,1,Unfound
,,,,,,,1100005524399,,,,,Unfound
,,,,,,,22160606,,,,1,Unfound
,,,,,,,1410433841001,,,,,Unfound
,,,,,,,2000011019724,,,,,Unfound
,,,,,,,1414553712001,,,,,Unfound
,,,,,,,2000026111900,,,,,Unfound
,,,,,,,9151212502,,,,9151212502,Unfound
,,,,,,,1412351941009,,,,,Unfound
,,,,,,,2000025855282,,,,,Unfound
,,,,,,,9112461807,,,,139477,Unfound
,,,,,,,1415295121004,,,,,Unfound
,,,,,,,2000018121025,,,,,Unfound
,,,,,,,1414714631000,,,,,Unfound
,,,,,,,2198617700,,,,2198617700,Unfound
,,,,,,,2000053605535,,,,,Unfound
,,,,,,,1419265880000,,,,,Unfound
,,,,,,,3285107008,,,,31639,Unfound
,,,,,,,1410703861002,,,,,Unfound
,,,,,,,2370823591412,,,,,Unfound
,,,,,,,1414660221004,,,,,Unfound
,,,,,,,7527659401,,,,7527659401,Unfound
,,,,,,,1460002264745,,,,,Unfound
,,,,,,,71342200,,,,71342200,Unfound
,,,,,,,1419670422007,,,,,Unfound
,,,,,,,10466300,,,,103801,Unfound
,,,,,,,1415545102001,,,,,Unfound
,,,,,,,203150004,,,,42489,Unfound
,,,,,,,1414816141004,,,,,Unfound
,,,,,,,1013069586939,,,,,Unfound
,,,,,,,8936182110,,,,8936182110,Unfound
,,,,,,,2248388901,,,,46232,Unfound
,,,,,,,1591060180153,,,,,Unfound
,,,,,,,2000012763923,,,,,Unfound
,,,,,,,1012989626510,,,,,Unfound
,,,,,,,1460001977455,,,,,Unfound
,,,,,,,3997762803,,,,3997762803,Unfound
,,,,,,,1100007078162,,,,,Unfound
,,,,,,,8851401008,,,,8851401008,Unfound
,,,,,,,1100006256453,,,,,Unfound
,,,,,,,1610001244693,,,,,Unfound
,,,,,,,2739840602,,,,9096,Unfound
,,,,,,,1414854760002,,,,,Unfound
,,,,,,,1100007389163,,,,,Unfound
,,,,,,,79912503,,,,79912503,Unfound
,,,,,,,60361204,,,,60361204,Unfound
,,,,,,,2200021661720,,,,,Unfound
,,,,,,,2000016978475,,,,,Unfound
,,,,,,,1100020949618,,,,,Unfound
,,,,,,,51354105,,,,50341,Unfound
,,,,,,,1100003875309,,,,,Unfound
,,,,,,,2000017363755,,,,,Unfound
,,,,,,,1413551031006,,,,,Unfound
,,,,,,,1551414208,,,,1,Unfound
,,,,,,,1414913071005,,,,,Unfound
,,,,,,,2315354881215,,,,,Unfound
,,,,,,,2000004537730,,,,,Unfound
,,,,,,,1800031927386,,,,,Unfound
,,,,,,,2200010182544,,,,,Unfound
,,,,,,,2000026200700,,,,,Unfound
,,,,,,,1100002656827,,,,,Unfound
,,,,,,,2000017383130,,,,,Unfound
,,,,,,,1610009843950,,,,,Unfound
,,,,,,,2199999849591,,,,,Unfound
,,,,,,,2000017449507,,,,,Unfound
,,,,,,,2200010029242,,,,,Unfound
,,,,,,,2972432601,,,,2972432601,Unfound
,,,,,,,2200020114922,,,,,Unfound
,,,,,,,2462330405,,,,2462330405,Unfound
,,,,,,,1714740550081,,,,,Unfound
,,,,,,,2000050345182,,,,,Unfound
,,,,,,,1900005065878,,,,,Unfound
,,,,,,,2000025668474,,,,,Unfound
,,,,,,,1323181705,,,,1323181705,Unfound
,,,,,,,1100012482859,,,,,Unfound
,,,,,,,60001903,,,,60001903,Unfound
,,,,,,,1900007157012,,,,,Unfound
,,,,,,,1100009958217,,,,,Unfound
,,,,,,,2183042710,,,,2183042710,Unfound
,,,,,,,4207314005,,,,4207314005,Unfound
,,,,,,,2000050056803,,,,,Unfound
,,,,,,,1300009973650,,,,,Unfound
,,,,,,,2200040345272,,,,,Unfound
,,,,,,,8928363208,,,,100669,Unfound
,,,,,,,1900061041237,,,,,Unfound
,,,,,,,1014570854206,,,,,Unfound
,,,,,,,2000026042511,,,,,Unfound
,,,,,,,1800031661059,,,,,Unfound
,,,,,,,48601002,,,,33199,Unfound
,,,,,,,2000006266983,,,,,Unfound
,,,,,,,1160000727953,,,,,Unfound
,,,,,,,2154114303,,,,2154114303,Unfound
,,,,,,,1023489411717,,,,,Unfound
,,,,,,,92360500,,,,89616,Unfound
,,,,,,,1413538401009,,,,,Unfound
,,,,,,,1012406296602,,,,,Unfound
,,,,,,,1100005572541,,,,,Unfound
,,,,,,,59855000,,,,59855000,Unfound
,,,,,,,1100006299971,,,,,Unfound
,,,,,,,1900026271986,,,,,Unfound
,,,,,,,1160001142430,,,,,Unfound
,,,,,,,1012557542760,,,,,Unfound
,,,,,,,2321182840918,,,,,Unfound
,,,,,,,67771910,,,,32021,Unfound
,,,,,,,1100005108249,,,,,Unfound
,,,,,,,1100005567728,,,,,Unfound
,,,,,,,1100003153286,,,,,Unfound
,,,,,,,2495579601,,,,2495579601,Unfound
,,,,,,,1100005133004,,,,,Unfound
,,,,,,,2380000138854,,,,,Unfound
,,,,,,,2326533695014,,,,,Unfound
,,,,,,,21755307,,,,15107,Unfound
,,,,,,,2326132481512,,,,,Unfound
,,,,,,,1610031884989,,,,,Unfound
,,,,,,,1100007504720,,,,,Unfound
,,,,,,,2325524171013,,,,,Unfound
,,,,,,,1100006821973,,,,,Unfound
,,,,,,,2340276104519,,,,,Unfound
,,,,,,,1100770200941,,,,,Unfound
,,,,,,,1100000611160,,,,,Unfound
,,,,,,,1814198005,,,,54450,Unfound
,,,,,,,1900012415380,,,,,Unfound
,,,,,,,2983265204,,,,44839,Unfound
,,,,,,,1100002368318,,,,,Unfound
,,,,,,,2200041533252,,,,,Unfound
,,,,,,,1591056217546,,,,,Unfound
,,,,,,,2000018568845,,,,,Unfound
,,,,,,,77154701,,,,65056,Unfound
,,,,,,,1610018617839,,,,,Unfound
,,,,,,,1507915759008,,,,,Unfound
,,,,,,,1900038397312,,,,,Unfound
,,,,,,,1100005239527,,,,,Unfound
,,,,,,,5038811407,,,,85820,Unfound
,,,,,,,1417002041009,,,,,Unfound
,,,,,,,1012959666716,,,,,Unfound
,,,,,,,926460905,,,,926460905,Unfound
,,,,,,,1816627607,,,,14183,Unfound
,,,,,,,1012690625592,,,,,Unfound
,,,,,,,2000050091287,,,,,Unfound
,,,,,,,1900060141613,,,,,Unfound
,,,,,,,1200032780549,,,,,Unfound
,,,,,,,1100008052625,,,,,Unfound
,,,,,,,1100005114359,,,,,Unfound
,,,,,,,1100002392393,,,,,Unfound
,,,,,,,1900022384765,,,,,Unfound
,,,,,,,1600000158744,,,,,Unfound
,,,,,,,1100009272546,,,,,Unfound
,,,,,,,1900005426252,,,,,Unfound
,,,,,,,1100006376303,,,,,Unfound
,,,,,,,1470000399907,,,,,Unfound
,,,,,,,1900004033235,,,,,Unfound
,,,,,,,1012710637665,,,,,Unfound
,,,,,,,1100007598444,,,,,Unfound
,,,,,,,1800060629162,,,,,Unfound
,,,,,,,1012708336050,,,,,Unfound
,,,,,,,1414296501002,,,,,Unfound
,,,,,,,2000011845743,,,,,Unfound
,,,,,,,1200021803853,,,,,Unfound
,,,,,,,1050000008946,,,,,Unfound
,,,,,,,2200019912820,,,,,Unfound
,,,,,,,2200017625882,,,,,Unfound
,,,,,,,1610027438248,,,,,Unfound
,,,,,,,1900023259416,,,,,Unfound
,,,,,,,2000019879759,,,,,Unfound
,,,,,,,81600404,,,,81600404,Unfound
,,,,,,,1100007648797,,,,,Unfound
,,,,,,,1418026831001,,,,,Unfound
,,,,,,,539047800,,,,6083,Unfound
,,,,,,,1100019738800,,,,,Unfound
,,,,,,,2323961484016,,,,,Unfound
,,,,,,,1900006392055,,,,,Unfound
,,,,,,,2000019639540,,,,,Unfound
,,,,,,,1414730911004,,,,,Unfound
,,,,,,,3336601907,,,,3336601907,Unfound
,,,,,,,1900006356118,,,,,Unfound
,,,,,,,1417253711007,,,,,Unfound
,,,,,,,1712054160701,,,,,Unfound
,,,,,,,1415068481002,,,,,Unfound
,,,,,,,2200020168430,,,,,Unfound
,,,,,,,1712054224203,,,,,Unfound
,,,,,,,63983400,,,,63983400,Unfound
,,,,,,,2200019428697,,,,,Unfound
,,,,,,,2199994449945,,,,,Unfound
,,,,,,,1100020133184,,,,,Unfound
,,,,,,,1710256251800,,,,,Unfound
,,,,,,,5048253405,,,,5048253405,Unfound
,,,,,,,2200010658092,,,,,Unfound
,,,,,,,1160000625426,,,,,Unfound
,,,,,,,8813655306,,,,952,Unfound
,,,,,,,2199997975017,,,,,Unfound
,,,,,,,1417947541003,,,,,Unfound
,,,,,,,2200017677862,,,,,Unfound
,,,,,,,1800053101719,,,,,Unfound
,,,,,,,2200018101384,,,,,Unfound
,,,,,,,1100013235235,,,,,Unfound
,,,,,,,1100005097386,,,,,Unfound
,,,,,,,8814023700,,,,54738,Unfound
,,,,,,,53104709,,,,24942,Unfound
,,,,,,,1417561170006,,,,,Unfound
,,,,,,,1900029036528,,,,,Unfound
,,,,,,,1800017759190,,,,,Unfound
,,,,,,,2200010368445,,,,,Unfound
,,,,,,,2363926259018,,,,,Unfound
,,,,,,,1414985531007,,,,,Unfound
,,,,,,,2432244607,,,,6066,Unfound
,,,,,,,2200020361312,,,,,Unfound
,,,,,,,1591011707769,,,,,Unfound
,,,,,,,2200010129781,,,,,Unfound
,,,,,,,2200017558845,,,,,Unfound
,,,,,,,3071966409,,,,3071966409,Unfound
,,,,,,,2200019897669,,,,,Unfound
,,,,,,,1413796201009,,,,,Unfound
,,,,,,,1419589851003,,,,,Unfound
,,,,,,,8914596800,,,,8914596800,Unfound
,,,,,,,2200010768956,,,,,Unfound
,,,,,,,1800032067211,,,,,Unfound
,,,,,,,1411091071007,,,,,Unfound
,,,,,,,8816822202,,,,8816822202,Unfound
,,,,,,,59906002,,,,59906002,Unfound
,,,,,,,2200010561220,,,,,Unfound
,,,,,,,1591025205496,,,,,Unfound
,,,,,,,1410878113005,,,,,Unfound
,,,,,,,1200033196773,,,,,Unfound
,,,,,,,63397701,,,,63397701,Unfound
,,,,,,,3404697409,,,,49659,Unfound
,,,,,,,1411253121006,,,,,Unfound
,,,,,,,2199994889855,,,,,Unfound
,,,,,,,2200012893783,,,,,Unfound
,,,,,,,2200021853699,,,,,Unfound
,,,,,,,77147210,,,,1,Unfound
,,,,,,,4153100606,,,,4153100606,Unfound
,,,,,,,1100007203550,,,,,Unfound
,,,,,,,1100013578441,,,,,Unfound
,,,,,,,1411408022002,,,,,Unfound
,,,,,,,1100016030316,,,,,Unfound
,,,,,,,1900011232726,,,,,Unfound
,,,,,,,4005637308,,,,41364,Unfound
,,,,,,,2200041290386,,,,,Unfound
,,,,,,,4154221904,,,,18786,Unfound
,,,,,,,1100023540729,,,,,Unfound
,,,,,,,1012457250571,,,,,Unfound
,,,,,,,1900035147291,,,,,Unfound
,,,,,,,1859791806,,,,83789,Unfound
,,,,,,,2200018620538,,,,,Unfound
,,,,,,,1413847491005,,,,,Unfound
,,,,,,,17502605,,,,17502605,Unfound
,,,,,,,1100051107780,,,,,Unfound
,,,,,,,1200029974529,,,,,Unfound
,,,,,,,8815989503,,,,8815989503,Unfound
,,,,,,,2200020318664,,,,,Unfound
,,,,,,,1900017382134,,,,,Unfound
,,,,,,,1415258312006,,,,,Unfound
,,,,,,,1200026197815,,,,,Unfound
,,,,,,,2499721306,,,,8079,Unfound
,,,,,,,2200011671768,,,,,Unfound
,,,,,,,1414904750003,,,,,Unfound
,,,,,,,1900043236228,,,,,Unfound
,,,,,,,21434803,,,,237963,Unfound
,,,,,,,2000013079380,,,,,Unfound
,,,,,,,2579224208,,,,2579224208,Unfound
,,,,,,,1100008871489,,,,,Unfound
,,,,,,,2200013951460,,,,,Unfound
,,,,,,,9122649001,,,,24440,Unfound
,,,,,,,2417969306,,,,55672,Unfound
,,,,,,,2200021272620,,,,,Unfound
,,,,,,,9116669010,,,,55970,Unfound
,,,,,,,1900070107424,,,,,Unfound
,,,,,,,1412250601000,,,,,Unfound
,,,,,,,1900010027420,,,,,Unfound
,,,,,,,73519302,,,,73519302,Unfound
,,,,,,,2200013144667,,,,,Unfound
,,,,,,,2540715107,,,,14356,Unfound
,,,,,,,1415478431000,,,,,Unfound
,,,,,,,1921456403,,,,89684,Unfound
,,,,,,,2200040459750,,,,,Unfound
,,,,,,,1410279921005,,,,,Unfound
,,,,,,,2196477700,,,,2196477700,Unfound
,,,,,,,2200011023302,,,,,Unfound
,,,,,,,1012577877066,,,,,Unfound
,,,,,,,1418119680007,,,,,Unfound
,,,,,,,2200012130422,,,,,Unfound
,,,,,,,1100013710320,,,,,Unfound
,,,,,,,1418176831003,,,,,Unfound
,,,,,,,2200010184834,,,,,Unfound
,,,,,,,9116727402,,,,56452,Unfound
,,,,,,,1417670931000,,,,,Unfound
,,,,,,,2183013310,,,,68285,Unfound
,,,,,,,4243611408,,,,50194,Unfound
,,,,,,,2540873900,,,,39875,Unfound
,,,,,,,1100020402130,,,,,Unfound
,,,,,,,8817010605,,,,8817010605,Unfound
,,,,,,,2200018687374,,,,,Unfound
,,,,,,,1900043106245,,,,,Unfound
,,,,,,,2372826520213,,,,,Unfound
,,,,,,,1917047107,,,,46258,Unfound
,,,,,,,2200019775793,,,,,Unfound
,,,,,,,2200030110312,,,,,Unfound
,,,,,,,2313813821619,,,,,Unfound
,,,,,,,1000364810,,,,57925,Unfound
,,,,,,,2200040805183,,,,,Unfound
,,,,,,,2000002150789,,,,,Unfound
,,,,,,,1100770308910,,,,,Unfound
,,,,,,,2178680504,,,,23385,Unfound
,,,,,,,4252125400,,,,1,Unfound
,,,,,,,2200020268622,,,,,Unfound
,,,,,,,1570000171044,,,,,Unfound
,,,,,,,1900033059883,,,,,Unfound
,,,,,,,1418254411000,,,,,Unfound
,,,,,,,1013307303,,,,14664,Unfound
,,,,,,,2199998512537,,,,,Unfound
,,,,,,,1570000156914,,,,,Unfound
,,,,,,,2200019186900,,,,,Unfound
,,,,,,,1200060039411,,,,,Unfound
,,,,,,,1591016829639,,,,,Unfound
,,,,,,,84238204,,,,84238204,Unfound
,,,,,,,2077024401,,,,2077024401,Unfound
,,,,,,,2200041494408,,,,,Unfound
,,,,,,,2000023609574,,,,,Unfound
,,,,,,,1160000829024,,,,,Unfound
,,,,,,,1428898100001,,,,,Unfound
,,,,,,,7600869708,,,,25219,Unfound
,,,,,,,1100007217400,,,,,Unfound
,,,,,,,2200030357800,,,,,Unfound
,,,,,,,2326541720010,,,,,Unfound
,,,,,,,1100039611080,,,,,Unfound
,,,,,,,9595407,,,,54615,Unfound
,,,,,,,67594207,,,,54109,Unfound
,,,,,,,2200018772620,,,,,Unfound
,,,,,,,1800018951292,,,,,Unfound
,,,,,,,1100018710663,,,,,Unfound
,,,,,,,1414712731005,,,,,Unfound
,,,,,,,2235101406,,,,19680,Unfound
,,,,,,,1100039383458,,,,,Unfound
,,,,,,,2192492103,,,,49677,Unfound
,,,,,,,9149389801,,,,22446,Unfound
,,,,,,,2200022046761,,,,,Unfound
,,,,,,,2000013254653,,,,,Unfound
,,,,,,,2310759516613,,,,,Unfound
,,,,,,,1100014312778,,,,,Unfound
,,,,,,,2200032208854,,,,,Unfound
,,,,,,,8817009508,,,,35191,Unfound
,,,,,,,1100000209156,,,,,Unfound
,,,,,,,1100018451554,,,,,Unfound
,,,,,,,78010502,,,,47561,Unfound
,,,,,,,1900006192930,,,,,Unfound
,,,,,,,1100039208905,,,,,Unfound
,,,,,,,2313389019821,,,,,Unfound
,,,,,,,1800020166429,,,,,Unfound
,,,,,,,1100018985068,,,,,Unfound
,,,,,,,2340200784516,,,,,Unfound
,,,,,,,70393010,,,,70393010,Unfound
,,,,,,,2333658141012,,,,,Unfound
,,,,,,,1100023445215,,,,,Unfound
,,,,,,,1100013436817,,,,,Unfound
,,,,,,,8932600508,,,,8932600508,Unfound
,,,,,,,1014568382850,,,,,Unfound
,,,,,,,1100001580060,,,,,Unfound
,,,,,,,8914612502,,,,8621,Unfound
,,,,,,,2200019280124,,,,,Unfound
,,,,,,,1100051259340,,,,,Unfound
,,,,,,,2365394512019,,,,,Unfound
,,,,,,,2162055006,,,,2162055006,Unfound
,,,,,,,2200019249550,,,,,Unfound
,,,,,,,1100007409085,,,,,Unfound
,,,,,,,2085150604,,,,12667,Unfound
,,,,,,,2200019354399,,,,,Unfound
,,,,,,,7479208401,,,,7824,Unfound
,,,,,,,1415295990009,,,,,Unfound
,,,,,,,2551218104,,,,2551218104,Unfound
,,,,,,,2200018684319,,,,,Unfound
,,,,,,,1900036248186,,,,,Unfound
,,,,,,,1410367712004,,,,,Unfound
,,,,,,,2200041500099,,,,,Unfound
,,,,,,,1888026802,,,,12396,Unfound
,,,,,,,1900042055440,,,,,Unfound
,,,,,,,1100039509917,,,,,Unfound
,,,,,,,2200021362594,,,,,Unfound
,,,,,,,1100002601084,,,,,Unfound
,,,,,,,1100007794540,,,,,Unfound
,,,,,,,2201103708,,,,2201103708,Unfound
,,,,,,,2200021287937,,,,,Unfound
,,,,,,,1100770117131,,,,,Unfound
,,,,,,,2200011763425,,,,,Unfound
,,,,,,,2200014536157,,,,,Unfound
,,,,,,,2248224702,,,,69320,Unfound
,,,,,,,1100007634400,,,,,Unfound
,,,,,,,1100019642057,,,,,Unfound
,,,,,,,1100039354058,,,,,Unfound
,,,,,,,2200041920444,,,,,Unfound
,,,,,,,67510601,,,,1,Unfound
,,,,,,,2000007713362,,,,,Unfound
,,,,,,,2547529505,,,,11711,Unfound
,,,,,,,2200042428169,,,,,Unfound
,,,,,,,1100000008201,,,,,Unfound
,,,,,,,2568292102,,,,75079,Unfound
,,,,,,,2200014078207,,,,,Unfound
,,,,,,,1100007598221,,,,,Unfound
,,,,,,,2200019959127,,,,,Unfound
,,,,,,,1200022110021,,,,,Unfound
,,,,,,,1100007801579,,,,,Unfound
,,,,,,,2380000941653,,,,,Unfound
,,,,,,,2200020270950,,,,,Unfound
,,,,,,,1012516186920,,,,,Unfound
,,,,,,,2075966107,,,,33306,Unfound
,,,,,,,1100005677174,,,,,Unfound
,,,,,,,5878309,,,,40223,Unfound
,,,,,,,2200019573473,,,,,Unfound
,,,,,,,1900048124123,,,,,Unfound
,,,,,,,694748400,,,,694748400,Unfound
,,,,,,,69731807,,,,1,Unfound
,,,,,,,1100007669991,,,,,Unfound
,,,,,,,2330868318019,,,,,Unfound
,,,,,,,2200019492354,,,,,Unfound
,,,,,,,1100021433120,,,,,Unfound
,,,,,,,52938900,,,,12110,Unfound
,,,,,,,2200019468069,,,,,Unfound
,,,,,,,1716502372812,,,,,Unfound
,,,,,,,66650702,,,,85328,Unfound
,,,,,,,1100002368113,,,,,Unfound
,,,,,,,2411339410,,,,54983,Unfound
,,,,,,,2200019716548,,,,,Unfound
,,,,,,,9207487908,,,,9207487908,Unfound
,,,,,,,1160000916801,,,,,Unfound
,,,,,,,8825333805,,,,8825333805,Unfound
,,,,,,,2200019647025,,,,,Unfound
,,,,,,,2199999295154,,,,,Unfound
,,,,,,,1100004774300,,,,,Unfound
,,,,,,,63687003,,,,63687003,Unfound
,,,,,,,2200019573144,,,,,Unfound
,,,,,,,2200020324598,,,,,Unfound
,,,,,,,3388436106,,,,241327,Unfound
,,,,,,,2200019430951,,,,,Unfound
,,,,,,,2721377210,,,,2721377210,Unfound
,,,,,,,1100007275155,,,,,Unfound
,,,,,,,2200019435611,,,,,Unfound
,,,,,,,1714207871179,,,,,Unfound
,,,,,,,19157804,,,,19157804,Unfound
,,,,,,,45630600,,,,45630600,Unfound
,,,,,,,1412079181006,,,,,Unfound
,,,,,,,1200040707224,,,,,Unfound
,,,,,,,1610027942510,,,,,Unfound
,,,,,,,1591048603135,,,,,Unfound
,,,,,,,2200040835639,,,,,Unfound
,,,,,,,2550538409,,,,2550538409,Unfound
,,,,,,,1424354100004,,,,,Unfound
,,,,,,,1610009958689,,,,,Unfound
,,,,,,,51463604,,,,51463604,Unfound
,,,,,,,2200011161137,,,,,Unfound
,,,,,,,2580303310,,,,2580303310,Unfound
,,,,,,,1412475621007,,,,,Unfound
,,,,,,,80676208,,,,80676208,Unfound
,,,,,,,2200011160676,,,,,Unfound
,,,,,,,5014781605,,,,26532,Unfound
,,,,,,,1610030306170,,,,,Unfound
,,,,,,,1470000364978,,,,,Unfound
,,,,,,,2200030657438,,,,,Unfound
,,,,,,,58521706,,,,76466,Unfound
,,,,,,,2000019774912,,,,,Unfound
,,,,,,,1610028040109,,,,,Unfound
,,,,,,,8818583703,,,,54208,Unfound
,,,,,,,2200011172750,,,,,Unfound
,,,,,,,1717570643955,,,,,Unfound
,,,,,,,1412881031002,,,,,Unfound
,,,,,,,8823691204,,,,1,Unfound
,,,,,,,72975301,,,,64728,Unfound
,,,,,,,2200010183246,,,,,Unfound
,,,,,,,2100040697521,,,,,Unfound
,,,,,,,1414017122009,,,,,Unfound
,,,,,,,9158992108,,,,9158992108,Unfound
,,,,,,,2200011128690,,,,,Unfound
,,,,,,,1013027770639,,,,,Unfound
,,,,,,,15092703,,,,15092703,Unfound
,,,,,,,2200010259286,,,,,Unfound
,,,,,,,2198016909,,,,29225,Unfound
,,,,,,,1012567716812,,,,,Unfound
,,,,,,,56027407,,,,11049,Unfound
,,,,,,,2200010904193,,,,,Unfound
,,,,,,,2199999196490,,,,,Unfound
,,,,,,,1415926711002,,,,,Unfound
,,,,,,,2200799206,,,,563,Unfound
,,,,,,,1423983200002,,,,,Unfound
,,,,,,,2200010399132,,,,,Unfound
,,,,,,,1100007996318,,,,,Unfound
,,,,,,,1420703100001,,,,,Unfound
,,,,,,,50292306,,,,56812,Unfound
,,,,,,,2200040981998,,,,,Unfound
,,,,,,,2000008455754,,,,,Unfound
,,,,,,,1426742100000,,,,,Unfound
,,,,,,,1100009048860,,,,,Unfound
,,,,,,,1100005154101,,,,,Unfound
,,,,,,,1300013160119,,,,,Unfound
,,,,,,,3093501005,,,,2767,Unfound
,,,,,,,2200012096409,,,,,Unfound
,,,,,,,1800022812740,,,,,Unfound
,,,,,,,1300007442453,,,,,Unfound
,,,,,,,2200012242220,,,,,Unfound
,,,,,,,8865181507,,,,8865181507,Unfound
,,,,,,,1700051556498,,,,,Unfound
,,,,,,,1100050674290,,,,,Unfound
,,,,,,,1300013361904,,,,,Unfound
,,,,,,,2556742203,,,,84585,Unfound
,,,,,,,2200011770798,,,,,Unfound
,,,,,,,2330558729713,,,,,Unfound
,,,,,,,1100011246280,,,,,Unfound
,,,,,,,69891302,,,,69891302,Unfound
,,,,,,,2200032052220,,,,,Unfound
,,,,,,,1800035301221,,,,,Unfound
,,,,,,,1100001388518,,,,,Unfound
,,,,,,,1300013163945,,,,,Unfound
,,,,,,,3221727902,,,,40332,Unfound
,,,,,,,2200020531152,,,,,Unfound
,,,,,,,1100051210265,,,,,Unfound
,,,,,,,80129908,,,,68143,Unfound
,,,,,,,1160001404674,,,,,Unfound
,,,,,,,2200020655879,,,,,Unfound
,,,,,,,1100770607998,,,,,Unfound
,,,,,,,2200020463715,,,,,Unfound
,,,,,,,8839198010,,,,95726,Unfound
,,,,,,,2199990785744,,,,,Unfound
,,,,,,,2457677508,,,,44204,Unfound
,,,,,,,1130000077037,,,,,Unfound
,,,,,,,2200014365401,,,,,Unfound
,,,,,,,1200034388855,,,,,Unfound
,,,,,,,8851603604,,,,95068,Unfound
,,,,,,,2200040792738,,,,,Unfound
,,,,,,,1100023861435,,,,,Unfound
,,,,,,,1100022932936,,,,,Unfound
,,,,,,,1012833227896,,,,,Unfound
,,,,,,,9213115800,,,,9213115800,Unfound
,,,,,,,1900010037891,,,,,Unfound
,,,,,,,1100005322636,,,,,Unfound
,,,,,,,507412903,,,,94600,Unfound
,,,,,,,1100007600164,,,,,Unfound
,,,,,,,2311554747017,,,,,Unfound
,,,,,,,2000024733858,,,,,Unfound
,,,,,,,1100001259690,,,,,Unfound
,,,,,,,2200041835435,,,,,Unfound
,,,,,,,1023545772181,,,,,Unfound
,,,,,,,1100050766621,,,,,Unfound
,,,,,,,8884503106,,,,8884503106,Unfound
,,,,,,,2200021044035,,,,,Unfound
,,,,,,,1716052293328,,,,,Unfound
,,,,,,,1100004317723,,,,,Unfound
,,,,,,,1883963404,,,,67011,Unfound
,,,,,,,2200021042766,,,,,Unfound
,,,,,,,1160000800257,,,,,Unfound
,,,,,,,1460001860970,,,,,Unfound
,,,,,,,2093588810,,,,2093588810,Unfound
,,,,,,,2200022029473,,,,,Unfound
,,,,,,,2199990782265,,,,,Unfound
,,,,,,,1160000905298,,,,,Unfound
,,,,,,,2000000021159,,,,,Unfound
,,,,,,,45517604,,,,17987,Unfound
,,,,,,,2059934607,,,,32727,Unfound
,,,,,,,1100002996173,,,,,Unfound
,,,,,,,8843240407,,,,87984,Unfound
,,,,,,,2200042183036,,,,,Unfound
,,,,,,,1610030837348,,,,,Unfound
,,,,,,,1100007407859,,,,,Unfound
,,,,,,,2200019092190,,,,,Unfound
,,,,,,,637748300,,,,637748300,Unfound
,,,,,,,2199991629717,,,,,Unfound
,,,,,,,1100005741226,,,,,Unfound
,,,,,,,2187770102,,,,43100,Unfound
,,,,,,,2200019401161,,,,,Unfound
,,,,,,,1100020744263,,,,,Unfound
,,,,,,,1100005503840,,,,,Unfound
,,,,,,,2200021818899,,,,,Unfound
,,,,,,,1800020046018,,,,,Unfound
,,,,,,,1100006361404,,,,,Unfound
,,,,,,,1800021760597,,,,,Unfound
,,,,,,,2325362556815,,,,,Unfound
,,,,,,,1100005977689,,,,,Unfound
,,,,,,,9116449602,,,,9116449602,Unfound
,,,,,,,70245601,,,,32753,Unfound
,,,,,,,2200018852755,,,,,Unfound
,,,,,,,2000020007813,,,,,Unfound
,,,,,,,8931562600,,,,8931562600,Unfound
,,,,,,,7537033802,,,,8015,Unfound
,,,,,,,1413065841009,,,,,Unfound
,,,,,,,2200041451947,,,,,Unfound
,,,,,,,2199999728823,,,,,Unfound
,,,,,,,2968771300,,,,2968771300,Unfound
,,,,,,,1419303071004,,,,,Unfound
,,,,,,,8936032708,,,,8936032708,Unfound
,,,,,,,2200018716148,,,,,Unfound
,,,,,,,1300006440854,,,,,Unfound
,,,,,,,1412316591000,,,,,Unfound
,,,,,,,2200018570861,,,,,Unfound
,,,,,,,1416646121002,,,,,Unfound
,,,,,,,2200021231785,,,,,Unfound
,,,,,,,1413898331007,,,,,Unfound
,,,,,,,1200052310480,,,,,Unfound
,,,,,,,1413887712006,,,,,Unfound
,,,,,,,2074327707,,,,19511,Unfound
,,,,,,,1411180000000,,,,,Unfound
,,,,,,,1414538001005,,,,,Unfound
,,,,,,,9095057206,,,,62812,Unfound
,,,,,,,1411695711009,,,,,Unfound
,,,,,,,1417519403000,,,,,Unfound
,,,,,,,1100004910762,,,,,Unfound
,,,,,,,2112772408,,,,60,Unfound
,,,,,,,1418501541009,,,,,Unfound
,,,,,,,1416603861008,,,,,Unfound
,,,,,,,64627405,,,,64627405,Unfound
,,,,,,,1410725490004,,,,,Unfound
,,,,,,,2200042566329,,,,,Unfound
,,,,,,,8891595600,,,,8891595600,Unfound
,,,,,,,1200039030814,,,,,Unfound
,,,,,,,1100019386738,,,,,Unfound
,,,,,,,1100002693730,,,,,Unfound
,,,,,,,2060006907,,,,2060006907,Unfound
,,,,,,,1100020223173,,,,,Unfound
,,,,,,,1460000702943,,,,,Unfound
,,,,,,,1100006143945,,,,,Unfound
,,,,,,,8814705401,,,,8814705401,Unfound
,,,,,,,1591041140013,,,,,Unfound
,,,,,,,1900006356154,,,,,Unfound
,,,,,,,9145002303,,,,9145002303,Unfound
,,,,,,,1414912541001,,,,,Unfound
,,,,,,,8842024508,,,,61390,Unfound
,,,,,,,2204788109,,,,2204788109,Unfound
,,,,,,,51664906,,,,51664906,Unfound
,,,,,,,1418974911005,,,,,Unfound
,,,,,,,1012536643589,,,,,Unfound
,,,,,,,58484603,,,,58484603,Unfound
,,,,,,,1419876011006,,,,,Unfound
,,,,,,,2199992287617,,,,,Unfound
,,,,,,,1413312612002,,,,,Unfound
,,,,,,,1200029321547,,,,,Unfound
,,,,,,,1412896071007,,,,,Unfound
,,,,,,,1570000060240,,,,,Unfound
,,,,,,,1800026989965,,,,,Unfound
,,,,,,,1412969203006,,,,,Unfound
,,,,,,,1100002082387,,,,,Unfound
,,,,,,,1012711361934,,,,,Unfound
,,,,,,,1410897051008,,,,,Unfound
,,,,,,,1200032426064,,,,,Unfound
,,,,,,,1012710162483,,,,,Unfound
,,,,,,,1413183151000,,,,,Unfound
,,,,,,,1610027656329,,,,,Unfound
,,,,,,,1014571034520,,,,,Unfound
,,,,,,,1413700321000,,,,,Unfound
,,,,,,,1413137221000,,,,,Unfound
,,,,,,,1012649674323,,,,,Unfound
,,,,,,,1100039635295,,,,,Unfound
,,,,,,,2200021725375,,,,,Unfound
,,,,,,,1100020097233,,,,,Unfound
,,,,,,,1600000040866,,,,,Unfound
,,,,,,,1410206603003,,,,,Unfound
,,,,,,,1100011034821,,,,,Unfound
,,,,,,,1100007683597,,,,,Unfound
,,,,,,,2200041201066,,,,,Unfound
,,,,,,,1417909361000,,,,,Unfound
,,,,,,,1610002681033,,,,,Unfound
,,,,,,,1580000652661,,,,,Unfound
,,,,,,,1100002201920,,,,,Unfound
,,,,,,,1900008227380,,,,,Unfound
,,,,,,,1410259961003,,,,,Unfound
,,,,,,,2366580655010,,,,,Unfound
,,,,,,,1413039312008,,,,,Unfound
,,,,,,,2574054801,,,,2574054801,Unfound
,,,,,,,1410879211005,,,,,Unfound
,,,,,,,1424576000005,,,,,Unfound
,,,,,,,1610011832197,,,,,Unfound
,,,,,,,1410210621004,,,,,Unfound
,,,,,,,2559273400,,,,2559273400,Unfound
,,,,,,,1591039551438,,,,,Unfound
,,,,,,,1413785131009,,,,,Unfound
,,,,,,,1012690283358,,,,,Unfound
,,,,,,,1914874902,,,,43150,Unfound
,,,,,,,1415375721003,,,,,Unfound
,,,,,,,1100018347560,,,,,Unfound
,,,,,,,3084110808,,,,1,Unfound
,,,,,,,1610002357671,,,,,Unfound
,,,,,,,1411024041004,,,,,Unfound
,,,,,,,2200011172779,,,,,Unfound
,,,,,,,1100008011318,,,,,Unfound
,,,,,,,2462315409,,,,58154,Unfound
,,,,,,,1419274290006,,,,,Unfound
,,,,,,,2199994417368,,,,,Unfound
,,,,,,,1591056486817,,,,,Unfound
,,,,,,,3384489309,,,,167693,Unfound
,,,,,,,2200018037668,,,,,Unfound
,,,,,,,1411674390000,,,,,Unfound
,,,,,,,1200027603173,,,,,Unfound
,,,,,,,1410988460007,,,,,Unfound
,,,,,,,53652303,,,,12471,Unfound
,,,,,,,2200018615486,,,,,Unfound
,,,,,,,1012427229364,,,,,Unfound
,,,,,,,2000007926842,,,,,Unfound
,,,,,,,1549406603,,,,1549406603,Unfound
,,,,,,,8876699008,,,,138296,Unfound
,,,,,,,1414778201008,,,,,Unfound
,,,,,,,2200018618654,,,,,Unfound
,,,,,,,2199994120724,,,,,Unfound
,,,,,,,9101779300,,,,9101779300,Unfound
,,,,,,,1410367541002,,,,,Unfound
,,,,,,,2200018678928,,,,,Unfound
,,,,,,,4000875209,,,,36394,Unfound
,,,,,,,9193002806,,,,1,Unfound
,,,,,,,1412565022000,,,,,Unfound
,,,,,,,2000012710026,,,,,Unfound
,,,,,,,68868010,,,,24219,Unfound
,,,,,,,9158240206,,,,9948,Unfound
,,,,,,,1418143071000,,,,,Unfound
,,,,,,,2200021378716,,,,,Unfound
,,,,,,,2558867604,,,,128448,Unfound
,,,,,,,1030042508830,,,,,Unfound
,,,,,,,2054269606,,,,2054269606,Unfound
,,,,,,,1412601911004,,,,,Unfound
,,,,,,,2200016267307,,,,,Unfound
,,,,,,,48625207,,,,62909,Unfound
,,,,,,,1417540413001,,,,,Unfound
,,,,,,,21568106,,,,39389,Unfound
,,,,,,,2000052751458,,,,,Unfound
,,,,,,,1610021772492,,,,,Unfound
,,,,,,,8919852200,,,,6741,Unfound
,,,,,,,68779101,,,,68779101,Unfound
,,,,,,,2200014274650,,,,,Unfound
,,,,,,,1800018755727,,,,,Unfound
,,,,,,,9320634800,,,,170417,Unfound
,,,,,,,2197822606,,,,34045,Unfound
,,,,,,,1419946121004,,,,,Unfound
,,,,,,,1410490570004,,,,,Unfound
,,,,,,,2200011480087,,,,,Unfound
,,,,,,,2548803201,,,,19081,Unfound
,,,,,,,2000054691688,,,,,Unfound
,,,,,,,1416895411000,,,,,Unfound
,,,,,,,4154640700,,,,63207,Unfound
,,,,,,,2200012695830,,,,,Unfound
,,,,,,,2000015721777,,,,,Unfound
,,,,,,,2200015500198,,,,,Unfound
,,,,,,,1610030691096,,,,,Unfound
,,,,,,,2000008150330,,,,,Unfound
,,,,,,,54523308,,,,12900,Unfound
,,,,,,,1410972511003,,,,,Unfound
,,,,,,,2200020611357,,,,,Unfound
,,,,,,,1100013711820,,,,,Unfound
,,,,,,,2200023677165,,,,,Unfound
,,,,,,,1410075121000,,,,,Unfound
,,,,,,,1644859106,,,,1,Unfound
,,,,,,,2200023046814,,,,,Unfound
,,,,,,,1900026384192,,,,,Unfound
,,,,,,,2000009831086,,,,,Unfound
,,,,,,,1417595831007,,,,,Unfound
,,,,,,,3985565100,,,,3985565100,Unfound
,,,,,,,2000011985343,,,,,Unfound
,,,,,,,2200023534591,,,,,Unfound
,,,,,,,1012451007684,,,,,Unfound
,,,,,,,54636804,,,,54636804,Unfound
,,,,,,,1412234231009,,,,,Unfound
,,,,,,,2000008777074,,,,,Unfound
,,,,,,,8910091704,,,,54444,Unfound
,,,,,,,1415625950007,,,,,Unfound
,,,,,,,2199995466598,,,,,Unfound
,,,,,,,2200022391569,,,,,Unfound
,,,,,,,1416022871007,,,,,Unfound
,,,,,,,8934053706,,,,8934053706,Unfound
,,,,,,,1416026931004,,,,,Unfound
,,,,,,,2200030060530,,,,,Unfound
,,,,,,,1645091804,,,,1645091804,Unfound
,,,,,,,1417288070004,,,,,Unfound
,,,,,,,2200019956757,,,,,Unfound
,,,,,,,1460001855924,,,,,Unfound
,,,,,,,2198280904,,,,16108,Unfound
,,,,,,,1415567911003,,,,,Unfound
,,,,,,,2200013819104,,,,,Unfound
,,,,,,,2000007507677,,,,,Unfound
,,,,,,,1419545331002,,,,,Unfound
,,,,,,,2200011443829,,,,,Unfound
,,,,,,,2199989674180,,,,,Unfound
,,,,,,,2000008150302,,,,,Unfound
,,,,,,,67046703,,,,115199,Unfound
,,,,,,,5062327300,,,,489389,Unfound
,,,,,,,1413324311009,,,,,Unfound
,,,,,,,2200010297040,,,,,Unfound
,,,,,,,2199991904891,,,,,Unfound
,,,,,,,2200030104513,,,,,Unfound
,,,,,,,1065692205,,,,19206,Unfound
,,,,,,,1460000353775,,,,,Unfound
,,,,,,,2200011777394,,,,,Unfound
,,,,,,,1800024184556,,,,,Unfound
,,,,,,,4153000703,,,,67282,Unfound
,,,,,,,1415640431002,,,,,Unfound
,,,,,,,2200020686724,,,,,Unfound
,,,,,,,70074409,,,,1,Unfound
,,,,,,,1418977441000,,,,,Unfound
,,,,,,,13050407,,,,18396,Unfound
,,,,,,,2200020007200,,,,,Unfound
,,,,,,,1100013454611,,,,,Unfound
,,,,,,,53011410,,,,51551,Unfound
,,,,,,,1411238712000,,,,,Unfound
,,,,,,,2200019748790,,,,,Unfound
,,,,,,,2199993097942,,,,,Unfound
,,,,,,,1100001008986,,,,,Unfound
,,,,,,,1591044149427,,,,,Unfound
,,,,,,,711873705,,,,44752,Unfound
,,,,,,,1800035168279,,,,,Unfound
,,,,,,,2200011281627,,,,,Unfound
,,,,,,,9097513609,,,,13349,Unfound
,,,,,,,1460001348251,,,,,Unfound
,,,,,,,2200018614890,,,,,Unfound
,,,,,,,1900046218027,,,,,Unfound
,,,,,,,9321506201,,,,36242,Unfound
,,,,,,,74072201,,,,35190,Unfound
,,,,,,,1417708022000,,,,,Unfound
,,,,,,,4202982706,,,,1,Unfound
,,,,,,,1300011674566,,,,,Unfound
,,,,,,,1414593671000,,,,,Unfound
,,,,,,,1800019064843,,,,,Unfound
,,,,,,,21355403,,,,108343,Unfound
,,,,,,,52005601,,,,52005601,Unfound
,,,,,,,1418374561008,,,,,Unfound
,,,,,,,1415918411008,,,,,Unfound
,,,,,,,1900019117560,,,,,Unfound
,,,,,,,8822674704,,,,144316,Unfound
,,,,,,,2064441407,,,,2064441407,Unfound
,,,,,,,1413623241002,,,,,Unfound
,,,,,,,1419867541006,,,,,Unfound
,,,,,,,1100019586935,,,,,Unfound
,,,,,,,1717206005773,,,,,Unfound
,,,,,,,6130706,,,,37849,Unfound
,,,,,,,1417376011005,,,,,Unfound
,,,,,,,1415853102003,,,,,Unfound
,,,,,,,2072151001,,,,2072151001,Unfound
,,,,,,,72811203,,,,159797,Unfound
,,,,,,,1900090382535,,,,,Unfound
,,,,,,,2466269202,,,,16227,Unfound
,,,,,,,1419543121000,,,,,Unfound
,,,,,,,1100012409584,,,,,Unfound
,,,,,,,1900039065181,,,,,Unfound
,,,,,,,1417917931009,,,,,Unfound
,,,,,,,1416027103007,,,,,Unfound
,,,,,,,2199990735993,,,,,Unfound
,,,,,,,1910037506,,,,1910037506,Unfound
,,,,,,,8845524106,,,,8845524106,Unfound
,,,,,,,1460001980217,,,,,Unfound
,,,,,,,1419643121005,,,,,Unfound
,,,,,,,1712395936014,,,,,Unfound
,,,,,,,18001610,,,,18001610,Unfound
,,,,,,,1414155801006,,,,,Unfound
,,,,,,,1413524311000,,,,,Unfound
,,,,,,,1417710111004,,,,,Unfound
,,,,,,,2197629601,,,,31551,Unfound
,,,,,,,1900049176442,,,,,Unfound
,,,,,,,71734105,,,,50239,Unfound
,,,,,,,1419546701004,,,,,Unfound
,,,,,,,1414295570005,,,,,Unfound
,,,,,,,2372103247726,,,,,Unfound
,,,,,,,67533703,,,,12,Unfound
,,,,,,,1414350601000,,,,,Unfound
,,,,,,,1015590705,,,,188,Unfound
,,,,,,,1419609331002,,,,,Unfound
,,,,,,,1300007627021,,,,,Unfound
,,,,,,,67384409,,,,81759,Unfound
,,,,,,,3383221800,,,,1,Unfound
,,,,,,,1419455811000,,,,,Unfound
,,,,,,,19187106,,,,158061,Unfound
,,,,,,,9085353204,,,,49295,Unfound
,,,,,,,1413902401003,,,,,Unfound
,,,,,,,1416959211007,,,,,Unfound
,,,,,,,68437308,,,,116264,Unfound
,,,,,,,45928008,,,,129500,Unfound
,,,,,,,1470000282298,,,,,Unfound
,,,,,,,2000012709935,,,,,Unfound
,,,,,,,1100014142399,,,,,Unfound
,,,,,,,1419443231009,,,,,Unfound
,,,,,,,2000012801677,,,,,Unfound
,,,,,,,3001240701,,,,28075,Unfound
,,,,,,,1413706531007,,,,,Unfound
,,,,,,,2000025417928,,,,,Unfound
,,,,,,,1100022830250,,,,,Unfound
,,,,,,,3960508802,,,,8361,Unfound
,,,,,,,1271126800,,,,50368,Unfound
,,,,,,,1417253041007,,,,,Unfound
,,,,,,,1012863787764,,,,,Unfound
,,,,,,,1067786000,,,,1067786000,Unfound
,,,,,,,3962012704,,,,58105,Unfound
,,,,,,,1414113141003,,,,,Unfound
,,,,,,,1488441808,,,,48698,Unfound
,,,,,,,2000008896659,,,,,Unfound
,,,,,,,1800016356209,,,,,Unfound
,,,,,,,2000013929980,,,,,Unfound
,,,,,,,68082903,,,,81873,Unfound
,,,,,,,1411799401000,,,,,Unfound
,,,,,,,2313457151521,,,,,Unfound
,,,,,,,1100021691198,,,,,Unfound
,,,,,,,2000014298313,,,,,Unfound
,,,,,,,8835673207,,,,8835673207,Unfound
,,,,,,,1100005215447,,,,,Unfound
,,,,,,,3949570100,,,,23266,Unfound
,,,,,,,66055710,,,,20743,Unfound
,,,,,,,2300000128623,,,,,Unfound
,,,,,,,1800021319983,,,,,Unfound
,,,,,,,1470000679218,,,,,Unfound
,,,,,,,8815602407,,,,8815602407,Unfound
,,,,,,,13931810,,,,181740,Unfound
,,,,,,,2314316481911,,,,,Unfound
,,,,,,,1900034405954,,,,,Unfound
,,,,,,,1592001072049,,,,,Unfound
,,,,,,,1591014208986,,,,,Unfound
,,,,,,,2199991838635,,,,,Unfound
,,,,,,,2247931902,,,,2247931902,Unfound
,,,,,,,1800024176537,,,,,Unfound
,,,,,,,2000014998257,,,,,Unfound
,,,,,,,8891947201,,,,106348,Unfound
,,,,,,,2311090000000,,,,,Unfound
,,,,,,,2300000766965,,,,,Unfound
,,,,,,,1591037974838,,,,,Unfound
,,,,,,,1100005739894,,,,,Unfound
,,,,,,,8813627301,,,,366050,Unfound
,,,,,,,1100004921532,,,,,Unfound
,,,,,,,1100009839617,,,,,Unfound
,,,,,,,68345202,,,,63096,Unfound
,,,,,,,2310100000000,,,,,Unfound
,,,,,,,1170000224664,,,,,Unfound
,,,,,,,2324115661718,,,,,Unfound
,,,,,,,2000015488202,,,,,Unfound
,,,,,,,1411029660000,,,,,Unfound
,,,,,,,2067096005,,,,54685,Unfound
,,,,,,,2324367245019,,,,,Unfound
,,,,,,,1100001018813,,,,,Unfound
,,,,,,,1591035313240,,,,,Unfound
,,,,,,,2000025647679,,,,,Unfound
,,,,,,,74690003,,,,686,Unfound
,,,,,,,2050325805,,,,3023,Unfound
,,,,,,,1610013341420,,,,,Unfound
,,,,,,,2343482941511,,,,,Unfound
,,,,,,,1800024048472,,,,,Unfound
,,,,,,,9116647000,,,,15451,Unfound
,,,,,,,2332207010017,,,,,Unfound
,,,,,,,2370824691118,,,,,Unfound
,,,,,,,51172503,,,,51172503,Unfound
,,,,,,,2247903605,,,,2247903605,Unfound
,,,,,,,54014702,,,,8908,Unfound
,,,,,,,1600000018763,,,,,Unfound
,,,,,,,1200042336588,,,,,Unfound
,,,,,,,2356234102011,,,,,Unfound
,,,,,,,1100021679650,,,,,Unfound
,,,,,,,9159369509,,,,47822,Unfound
,,,,,,,1610020529410,,,,,Unfound
,,,,,,,8867828205,,,,17266,Unfound
,,,,,,,2000025290233,,,,,Unfound
,,,,,,,2000004493348,,,,,Unfound
,,,,,,,2200020619426,,,,,Unfound
,,,,,,,2380000009040,,,,,Unfound
,,,,,,,9203802005,,,,9203802005,Unfound
,,,,,,,1610013445059,,,,,Unfound
,,,,,,,1100008089927,,,,,Unfound
,,,,,,,2311895142017,,,,,Unfound
,,,,,,,8873011601,,,,36779,Unfound
,,,,,,,1300004038139,,,,,Unfound
,,,,,,,2313298046019,,,,,Unfound
,,,,,,,2066429809,,,,33944,Unfound
,,,,,,,2390000009055,,,,,Unfound
,,,,,,,3906901304,,,,38406,Unfound
,,,,,,,2313490215513,,,,,Unfound
,,,,,,,1012914842245,,,,,Unfound
,,,,,,,1800054894649,,,,,Unfound
,,,,,,,13263503,,,,31851,Unfound
,,,,,,,2312496727417,,,,,Unfound
,,,,,,,2000007185795,,,,,Unfound
,,,,,,,8836533207,,,,9419,Unfound
,,,,,,,1630000017323,,,,,Unfound
,,,,,,,2355092830918,,,,,Unfound
,,,,,,,64042208,,,,29832,Unfound
,,,,,,,2332030782819,,,,,Unfound
,,,,,,,2355773762314,,,,,Unfound
,,,,,,,924430100,,,,924430100,Unfound
,,,,,,,2000012399552,,,,,Unfound
,,,,,,,1200030117351,,,,,Unfound
,,,,,,,1200023438392,,,,,Unfound
,,,,,,,515529202,,,,515529202,Unfound
,,,,,,,2333911776014,,,,,Unfound
,,,,,,,2000002701869,,,,,Unfound
,,,,,,,1800017660696,,,,,Unfound
,,,,,,,8816816701,,,,42709,Unfound
,,,,,,,2000027375749,,,,,Unfound
,,,,,,,2300000701179,,,,,Unfound
,,,,,,,2343807324613,,,,,Unfound
,,,,,,,2052054002,,,,2052054002,Unfound
,,,,,,,1900040037397,,,,,Unfound
,,,,,,,2000022210963,,,,,Unfound
,,,,,,,2330591216812,,,,,Unfound
,,,,,,,1170000014636,,,,,Unfound
,,,,,,,929650409,,,,73949,Unfound
,,,,,,,2373231525116,,,,,Unfound
,,,,,,,1591058216794,,,,,Unfound
,,,,,,,2000025340442,,,,,Unfound
,,,,,,,4029087803,,,,4029087803,Unfound
,,,,,,,2310861000714,,,,,Unfound
,,,,,,,2000005880187,,,,,Unfound
,,,,,,,3060877601,,,,69701,Unfound
,,,,,,,2000025592824,,,,,Unfound
,,,,,,,2311755471012,,,,,Unfound
,,,,,,,693505110,,,,11260,Unfound
,,,,,,,1800053431243,,,,,Unfound
,,,,,,,8884063508,,,,8884063508,Unfound
,,,,,,,1413528491005,,,,,Unfound
,,,,,,,2502715407,,,,2559,Unfound
,,,,,,,1100012407276,,,,,Unfound
,,,,,,,2324862240013,,,,,Unfound
,,,,,,,1410545591008,,,,,Unfound
,,,,,,,1871147009,,,,49439,Unfound
,,,,,,,51492802,,,,17141,Unfound
,,,,,,,1610031728524,,,,,Unfound
,,,,,,,2370963710810,,,,,Unfound
,,,,,,,66297308,,,,85085,Unfound
,,,,,,,1460000942248,,,,,Unfound
,,,,,,,2000011304824,,,,,Unfound
,,,,,,,202649809,,,,202649809,Unfound
,,,,,,,1300001706964,,,,,Unfound
,,,,,,,2325524261810,,,,,Unfound
,,,,,,,8813031301,,,,265294,Unfound
,,,,,,,2332971214816,,,,,Unfound
,,,,,,,1410875731000,,,,,Unfound
,,,,,,,1460000913033,,,,,Unfound
,,,,,,,515196504,,,,515196504,Unfound
,,,,,,,2313221311816,,,,,Unfound
,,,,,,,5083309001,,,,31892,Unfound
,,,,,,,1200020015253,,,,,Unfound
,,,,,,,3030992706,,,,90295,Unfound
,,,,,,,2325364149210,,,,,Unfound
,,,,,,,1610031182081,,,,,Unfound
,,,,,,,63641910,,,,9287,Unfound
,,,,,,,1012764938826,,,,,Unfound
,,,,,,,8815768307,,,,20575,Unfound
,,,,,,,2311715779011,,,,,Unfound
,,,,,,,2513862308,,,,2513862308,Unfound
,,,,,,,4228718406,,,,17050,Unfound
,,,,,,,2311613863118,,,,,Unfound
,,,,,,,2517150809,,,,12446,Unfound
,,,,,,,3050915801,,,,3050915801,Unfound
,,,,,,,1900021001110,,,,,Unfound
,,,,,,,2315416261812,,,,,Unfound
,,,,,,,1821394310,,,,52020,Unfound
,,,,,,,8815371100,,,,8815371100,Unfound
,,,,,,,2380000722018,,,,,Unfound
,,,,,,,1100019413220,,,,,Unfound
,,,,,,,52860709,,,,33303,Unfound
,,,,,,,2310553029215,,,,,Unfound
,,,,,,,2729023103,,,,32314,Unfound
,,,,,,,2331950768913,,,,,Unfound
,,,,,,,2316014471510,,,,,Unfound
,,,,,,,2065651008,,,,10175,Unfound
,,,,,,,5059517402,,,,34154,Unfound
,,,,,,,55541607,,,,55541607,Unfound
,,,,,,,66248407,,,,37708,Unfound
,,,,,,,2313158989015,,,,,Unfound
,,,,,,,1012543329223,,,,,Unfound
,,,,,,,2572541005,,,,68870,Unfound
,,,,,,,8815273201,,,,23063,Unfound
,,,,,,,2332010000000,,,,,Unfound
,,,,,,,2000054403340,,,,,Unfound
,,,,,,,2332942116018,,,,,Unfound
,,,,,,,2171022407,,,,20392,Unfound
,,,,,,,8818483306,,,,155159,Unfound
,,,,,,,2343113549713,,,,,Unfound
,,,,,,,2332801421810,,,,,Unfound
,,,,,,,8905534204,,,,39559,Unfound
,,,,,,,114610,,,,114610,Unfound
,,,,,,,5085996304,,,,5085996304,Unfound
,,,,,,,2380000307575,,,,,Unfound
,,,,,,,2199997793565,,,,,Unfound
,,,,,,,2121901001,,,,17070,Unfound
,,,,,,,2200041017505,,,,,Unfound
,,,,,,,68354910,,,,68354910,Unfound
,,,,,,,1800035178480,,,,,Unfound
,,,,,,,2380001375344,,,,,Unfound
,,,,,,,2200018942372,,,,,Unfound
,,,,,,,8817406709,,,,13506,Unfound
,,,,,,,2345260804714,,,,,Unfound
,,,,,,,2247704206,,,,32891,Unfound
,,,,,,,9219666105,,,,9101,Unfound
,,,,,,,46209609,,,,46209609,Unfound
,,,,,,,2121760806,,,,1975,Unfound
,,,,,,,2000025724552,,,,,Unfound
,,,,,,,2334252943716,,,,,Unfound
,,,,,,,1900007420378,,,,,Unfound
,,,,,,,8812999906,,,,502351,Unfound
,,,,,,,1300004860473,,,,,Unfound
,,,,,,,2200040480487,,,,,Unfound
,,,,,,,2247500100,,,,40164,Unfound
,,,,,,,61097005,,,,1,Unfound
,,,,,,,1610013407772,,,,,Unfound
,,,,,,,1610022661175,,,,,Unfound
,,,,,,,2200011834165,,,,,Unfound
,,,,,,,2132815603,,,,2132815603,Unfound
,,,,,,,4233728704,,,,27410,Unfound
,,,,,,,2000005532148,,,,,Unfound
,,,,,,,1610019504852,,,,,Unfound
,,,,,,,46938106,,,,123871,Unfound
,,,,,,,54643408,,,,113036,Unfound
,,,,,,,8867869803,,,,8867869803,Unfound
,,,,,,,2200031992274,,,,,Unfound
,,,,,,,2200015912019,,,,,Unfound
,,,,,,,1100000000000,,,,,Unfound
,,,,,,,2200018031860,,,,,Unfound
,,,,,,,1568513701,,,,1568513701,Unfound
,,,,,,,2335280866913,,,,,Unfound
,,,,,,,4152080801,,,,4152080801,Unfound
,,,,,,,1900026129621,,,,,Unfound
,,,,,,,1100025408136,,,,,Unfound
,,,,,,,59753003,,,,30590,Unfound
,,,,,,,1894277207,,,,46520,Unfound
,,,,,,,1200051429389,,,,,Unfound
,,,,,,,10107709,,,,49838,Unfound
,,,,,,,1100039369913,,,,,Unfound
,,,,,,,2343531941617,,,,,Unfound
,,,,,,,58103609,,,,74629,Unfound
,,,,,,,2200040453400,,,,,Unfound
,,,,,,,9167610,,,,118459,Unfound
,,,,,,,2000000073876,,,,,Unfound
,,,,,,,2334711886117,,,,,Unfound
,,,,,,,2334551680617,,,,,Unfound
,,,,,,,1100001868480,,,,,Unfound
,,,,,,,1100039239141,,,,,Unfound
,,,,,,,1012877554410,,,,,Unfound
,,,,,,,2000023367674,,,,,Unfound
,,,,,,,16848502,,,,5038,Unfound
,,,,,,,1100050467175,,,,,Unfound
,,,,,,,2199997660838,,,,,Unfound
,,,,,,,1800030705236,,,,,Unfound
,,,,,,,9188898808,,,,80761,Unfound
,,,,,,,2000008697599,,,,,Unfound
,,,,,,,2199999364533,,,,,Unfound
,,,,,,,1100025178729,,,,,Unfound
,,,,,,,51238810,,,,51085,Unfound
,,,,,,,17353300,,,,39557,Unfound
,,,,,,,1100771004076,,,,,Unfound
,,,,,,,1100005139850,,,,,Unfound
,,,,,,,202205907,,,,202205907,Unfound
,,,,,,,1620001351294,,,,,Unfound
,,,,,,,8926673808,,,,8926673808,Unfound
,,,,,,,9307078101,,,,41664,Unfound
,,,,,,,52775101,,,,52775101,Unfound
,,,,,,,1900009241447,,,,,Unfound
,,,,,,,1160001256874,,,,,Unfound
,,,,,,,1100019780796,,,,,Unfound
,,,,,,,8923543802,,,,10565,Unfound
,,,,,,,56389408,,,,56389408,Unfound
,,,,,,,1100050000000,,,,,Unfound
,,,,,,,53757609,,,,53757609,Unfound
,,,,,,,1100039207549,,,,,Unfound
,,,,,,,1100023625513,,,,,Unfound
,,,,,,,1027841305,,,,23972,Unfound
,,,,,,,2550911708,,,,107005,Unfound
,,,,,,,1100039236814,,,,,Unfound
,,,,,,,1100006999113,,,,,Unfound
,,,,,,,1412755861004,,,,,Unfound
,,,,,,,2199999812430,,,,,Unfound
,,,,,,,8815504800,,,,41595,Unfound
,,,,,,,1100039206049,,,,,Unfound
,,,,,,,1416243041008,,,,,Unfound
,,,,,,,2100041060677,,,,,Unfound
,,,,,,,47756902,,,,47756902,Unfound
,,,,,,,1200039035352,,,,,Unfound
,,,,,,,4267456803,,,,4267456803,Unfound
,,,,,,,1100039211100,,,,,Unfound
,,,,,,,1610023479116,,,,,Unfound
,,,,,,,1418930231004,,,,,Unfound
,,,,,,,1800050282312,,,,,Unfound
,,,,,,,8922727706,,,,5717,Unfound
,,,,,,,1410698811006,,,,,Unfound
,,,,,,,1591042026184,,,,,Unfound
,,,,,,,1610028818879,,,,,Unfound
,,,,,,,1100002387481,,,,,Unfound
,,,,,,,73533206,,,,53426,Unfound
,,,,,,,1100039236210,,,,,Unfound
,,,,,,,2200030024470,,,,,Unfound
,,,,,,,2344931210413,,,,,Unfound
,,,,,,,2198790804,,,,25205,Unfound
,,,,,,,1100039211935,,,,,Unfound
,,,,,,,2557540802,,,,43608,Unfound
,,,,,,,1100006375470,,,,,Unfound
,,,,,,,2740059203,,,,7986,Unfound
,,,,,,,1610005116745,,,,,Unfound
,,,,,,,1610028118615,,,,,Unfound
,,,,,,,1591050000000,,,,,Unfound
,,,,,,,1100007819274,,,,,Unfound
,,,,,,,75824205,,,,1,Unfound
,,,,,,,1591025688460,,,,,Unfound
,,,,,,,2200800209,,,,2200800209,Unfound
,,,,,,,9307326307,,,,9307326307,Unfound
,,,,,,,8816785009,,,,8816785009,Unfound
,,,,,,,1100039500738,,,,,Unfound
,,,,,,,2121816807,,,,10811,Unfound
,,,,,,,2200030015528,,,,,Unfound
,,,,,,,51745704,,,,33266,Unfound
,,,,,,,1416837222007,,,,,Unfound
,,,,,,,6736608,,,,6736608,Unfound
,,,,,,,2000027117726,,,,,Unfound
,,,,,,,1417121731004,,,,,Unfound
,,,,,,,9191637503,,,,206233,Unfound
,,,,,,,4161389204,,,,4161389204,Unfound
,,,,,,,47401101,,,,67756,Unfound
,,,,,,,1100039500747,,,,,Unfound
,,,,,,,1610022062695,,,,,Unfound
,,,,,,,9327186902,,,,26052,Unfound
,,,,,,,9158977000,,,,623641,Unfound
,,,,,,,2364792076019,,,,,Unfound
,,,,,,,2000017723181,,,,,Unfound
,,,,,,,2200011231139,,,,,Unfound
,,,,,,,2564508202,,,,20406,Unfound
,,,,,,,2199994851407,,,,,Unfound
,,,,,,,2000052380996,,,,,Unfound
,,,,,,,8815136202,,,,66225,Unfound
,,,,,,,1591050475340,,,,,Unfound
,,,,,,,2000051643798,,,,,Unfound
,,,,,,,1200039108763,,,,,Unfound
,,,,,,,1100002462916,,,,,Unfound
,,,,,,,1418330921008,,,,,Unfound
,,,,,,,1839822408,,,,87941,Unfound
,,,,,,,2000019645320,,,,,Unfound
,,,,,,,2571702200,,,,6299,Unfound
,,,,,,,2199999045772,,,,,Unfound
,,,,,,,1100006411385,,,,,Unfound
,,,,,,,5042070209,,,,8910,Unfound
,,,,,,,2199993352090,,,,,Unfound
,,,,,,,2000054483815,,,,,Unfound
,,,,,,,1200034803436,,,,,Unfound
,,,,,,,1100005554640,,,,,Unfound
,,,,,,,1200051431704,,,,,Unfound
,,,,,,,78105704,,,,63247,Unfound
,,,,,,,1900007098476,,,,,Unfound
,,,,,,,1100003999459,,,,,Unfound
,,,,,,,1100007239617,,,,,Unfound
,,,,,,,2565248409,,,,33774,Unfound
,,,,,,,83272210,,,,5179,Unfound
,,,,,,,1200010170778,,,,,Unfound
,,,,,,,1100019769914,,,,,Unfound
,,,,,,,1414558712006,,,,,Unfound
,,,,,,,8881886201,,,,43043,Unfound
,,,,,,,2000054569231,,,,,Unfound
,,,,,,,1100005395564,,,,,Unfound
,,,,,,,59653302,,,,50592,Unfound
,,,,,,,50289508,,,,39682,Unfound
,,,,,,,1012831298886,,,,,Unfound
,,,,,,,1416487712005,,,,,Unfound
,,,,,,,58634607,,,,58634607,Unfound
,,,,,,,8844812802,,,,44289,Unfound
,,,,,,,1410657112005,,,,,Unfound
,,,,,,,1100005433030,,,,,Unfound
,,,,,,,2000024219610,,,,,Unfound
,,,,,,,2054088905,,,,2054088905,Unfound
,,,,,,,1023480657910,,,,,Unfound
,,,,,,,1413879412007,,,,,Unfound
,,,,,,,1100002533489,,,,,Unfound
,,,,,,,19191905,,,,14160,Unfound
,,,,,,,1012405142460,,,,,Unfound
,,,,,,,1100007940894,,,,,Unfound
,,,,,,,112404,,,,112404,Unfound
,,,,,,,1591040938194,,,,,Unfound
,,,,,,,68842003,,,,6671,Unfound
,,,,,,,1100003029871,,,,,Unfound
,,,,,,,1480287402,,,,29931,Unfound
,,,,,,,1900006060090,,,,,Unfound
,,,,,,,1864274609,,,,29485,Unfound
,,,,,,,1100039382738,,,,,Unfound
,,,,,,,2572550702,,,,8087,Unfound
,,,,,,,1591048621932,,,,,Unfound
,,,,,,,45495710,,,,90155,Unfound
,,,,,,,1591016353426,,,,,Unfound
,,,,,,,85426603,,,,58933,Unfound
,,,,,,,2324864556111,,,,,Unfound
,,,,,,,1100006122192,,,,,Unfound
,,,,,,,8816402404,,,,8816402404,Unfound
,,,,,,,1591054420266,,,,,Unfound
,,,,,,,1100004698572,,,,,Unfound
,,,,,,,1580000949082,,,,,Unfound
,,,,,,,2455652010,,,,69467,Unfound
,,,,,,,1580000666414,,,,,Unfound
,,,,,,,1410148602005,,,,,Unfound
,,,,,,,1100001425579,,,,,Unfound
,,,,,,,1591057957251,,,,,Unfound
,,,,,,,1410875012002,,,,,Unfound
,,,,,,,2100041199927,,,,,Unfound
,,,,,,,1100005503079,,,,,Unfound
,,,,,,,1100007598115,,,,,Unfound
,,,,,,,1610019846114,,,,,Unfound
,,,,,,,1100007372044,,,,,Unfound
,,,,,,,70219600,,,,70736,Unfound
,,,,,,,1100005055410,,,,,Unfound
,,,,,,,1601538506,,,,1601538506,Unfound
,,,,,,,1100007530525,,,,,Unfound
,,,,,,,2360896424514,,,,,Unfound
,,,,,,,78803010,,,,78803010,Unfound
,,,,,,,1100007268370,,,,,Unfound
,,,,,,,1591052065153,,,,,Unfound
,,,,,,,620798700,,,,10231,Unfound
,,,,,,,1600000042241,,,,,Unfound
,,,,,,,1100007871869,,,,,Unfound
,,,,,,,8910527906,,,,31853,Unfound
,,,,,,,1100004172369,,,,,Unfound
,,,,,,,1012462658338,,,,,Unfound
,,,,,,,1100019274587,,,,,Unfound
,,,,,,,1900046210808,,,,,Unfound
,,,,,,,1100007830366,,,,,Unfound
,,,,,,,8845233701,,,,50127,Unfound
,,,,,,,8932883300,,,,8932883300,Unfound
,,,,,,,1014568141815,,,,,Unfound
,,,,,,,1100002657403,,,,,Unfound
,,,,,,,1100019956494,,,,,Unfound
,,,,,,,1012813910651,,,,,Unfound
,,,,,,,1100019676428,,,,,Unfound
,,,,,,,1824527509,,,,1824527509,Unfound
,,,,,,,1900019025078,,,,,Unfound
,,,,,,,3964688705,,,,80278,Unfound
,,,,,,,1610011198351,,,,,Unfound
,,,,,,,1100019307407,,,,,Unfound
,,,,,,,2202698906,,,,28417,Unfound
,,,,,,,2203669904,,,,2203669904,Unfound
,,,,,,,3369192209,,,,14814,Unfound
,,,,,,,9331501803,,,,131975,Unfound
,,,,,,,2533180507,,,,53136,Unfound
,,,,,,,1100019842398,,,,,Unfound
,,,,,,,1012479748250,,,,,Unfound
,,,,,,,1100005503380,,,,,Unfound
,,,,,,,50268500,,,,48016,Unfound
,,,,,,,3369911709,,,,3369911709,Unfound
,,,,,,,1160001123320,,,,,Unfound
,,,,,,,1130000000000,,,,,Unfound
,,,,,,,8858405007,,,,61690,Unfound
,,,,,,,1100007612294,,,,,Unfound
,,,,,,,58182205,,,,1,Unfound
,,,,,,,1591016631078,,,,,Unfound
,,,,,,,65427110,,,,65427110,Unfound
,,,,,,,1100019087360,,,,,Unfound
,,,,,,,1100007169847,,,,,Unfound
,,,,,,,2000053789587,,,,,Unfound
,,,,,,,4257517903,,,,27845,Unfound
,,,,,,,1100005502242,,,,,Unfound
,,,,,,,3038259204,,,,1,Unfound
,,,,,,,76817404,,,,183,Unfound
,,,,,,,1100019005172,,,,,Unfound
,,,,,,,4154053707,,,,9355,Unfound
,,,,,,,1012957302084,,,,,Unfound
,,,,,,,1100006685770,,,,,Unfound
,,,,,,,1425780200002,,,,,Unfound
,,,,,,,56054500,,,,56054500,Unfound
,,,,,,,1160000285800,,,,,Unfound
,,,,,,,1100051237851,,,,,Unfound
,,,,,,,3002621202,,,,27481,Unfound
,,,,,,,1100005742140,,,,,Unfound
,,,,,,,1100002540096,,,,,Unfound
,,,,,,,1712807730101,,,,,Unfound
,,,,,,,57709506,,,,57709506,Unfound
,,,,,,,2000022548024,,,,,Unfound
,,,,,,,122901,,,,122901,Unfound
,,,,,,,1100002382535,,,,,Unfound
,,,,,,,52741903,,,,15782,Unfound
,,,,,,,2000022539215,,,,,Unfound
,,,,,,,1411130000000,,,,,Unfound
,,,,,,,69221009,,,,100530,Unfound
,,,,,,,1100006467722,,,,,Unfound
,,,,,,,2199996585222,,,,,Unfound
,,,,,,,2000054463492,,,,,Unfound
,,,,,,,1100001319453,,,,,Unfound
,,,,,,,16898001,,,,16898001,Unfound
,,,,,,,1015679995393,,,,,Unfound
,,,,,,,8890252800,,,,6314,Unfound
,,,,,,,2000007144423,,,,,Unfound
,,,,,,,1900046058579,,,,,Unfound
,,,,,,,1100003007159,,,,,Unfound
,,,,,,,1200034187422,,,,,Unfound
,,,,,,,1012406283950,,,,,Unfound
,,,,,,,2537527203,,,,2537527203,Unfound
,,,,,,,1300012775168,,,,,Unfound
,,,,,,,2000017967660,,,,,Unfound
,,,,,,,1100003042924,,,,,Unfound
,,,,,,,2199991904999,,,,,Unfound
,,,,,,,2000023043897,,,,,Unfound
,,,,,,,1100002891842,,,,,Unfound
,,,,,,,1868748604,,,,8455,Unfound
,,,,,,,1012912090520,,,,,Unfound
,,,,,,,1410474341000,,,,,Unfound
,,,,,,,1900019028706,,,,,Unfound
,,,,,,,4225902709,,,,1643,Unfound
,,,,,,,1100002887535,,,,,Unfound
,,,,,,,2199998922595,,,,,Unfound
,,,,,,,64267603,,,,118467,Unfound
,,,,,,,627325804,,,,32588,Unfound
,,,,,,,1610013584054,,,,,Unfound
,,,,,,,2200014609178,,,,,Unfound
,,,,,,,1717148256001,,,,,Unfound
,,,,,,,62999702,,,,101232,Unfound
,,,,,,,2200020987294,,,,,Unfound
,,,,,,,1100002252083,,,,,Unfound
,,,,,,,2200017632694,,,,,Unfound
,,,,,,,9099268700,,,,166968,Unfound
,,,,,,,1100002619115,,,,,Unfound
,,,,,,,1100019077015,,,,,Unfound
,,,,,,,67687001,,,,67687001,Unfound
,,,,,,,1800023784758,,,,,Unfound
,,,,,,,9158984805,,,,30137,Unfound
,,,,,,,1100007801602,,,,,Unfound
,,,,,,,57118000,,,,40359,Unfound
,,,,,,,58527606,,,,58527606,Unfound
,,,,,,,2000027480986,,,,,Unfound
,,,,,,,1100005753490,,,,,Unfound
,,,,,,,50697310,,,,64542,Unfound
,,,,,,,9104643301,,,,1431,Unfound
,,,,,,,8907434704,,,,92084,Unfound
,,,,,,,1100002257667,,,,,Unfound
,,,,,,,9133329802,,,,1,Unfound
,,,,,,,54239109,,,,61668,Unfound
,,,,,,,19015604,,,,81174,Unfound
,,,,,,,1100005503770,,,,,Unfound
,,,,,,,3010393604,,,,62873,Unfound
,,,,,,,1419378641003,,,,,Unfound
,,,,,,,67340108,,,,32,Unfound
,,,,,,,1023484148397,,,,,Unfound
,,,,,,,21541703,,,,21541703,Unfound
,,,,,,,1100002356010,,,,,Unfound
,,,,,,,1297976902,,,,1297976902,Unfound
,,,,,,,2199993017575,,,,,Unfound
,,,,,,,1122275201,,,,57526,Unfound
,,,,,,,1100005861691,,,,,Unfound
,,,,,,,1100009751032,,,,,Unfound
,,,,,,,1100005035307,,,,,Unfound
,,,,,,,2199992526543,,,,,Unfound
,,,,,,,8847872903,,,,61395,Unfound
,,,,,,,2200030650655,,,,,Unfound
,,,,,,,1100006672682,,,,,Unfound
,,,,,,,1100005738881,,,,,Unfound
,,,,,,,9144260702,,,,9144260702,Unfound
,,,,,,,2372101107813,,,,,Unfound
,,,,,,,8826676807,,,,8826676807,Unfound
,,,,,,,1900049146484,,,,,Unfound
,,,,,,,2200020167998,,,,,Unfound
,,,,,,,1100019191150,,,,,Unfound
,,,,,,,8815941003,,,,62882,Unfound
,,,,,,,2546123303,,,,1,Unfound
,,,,,,,1520019908,,,,43113,Unfound
,,,,,,,8820215605,,,,39876,Unfound
,,,,,,,1800021368369,,,,,Unfound
,,,,,,,1610004950700,,,,,Unfound
,,,,,,,2335931876213,,,,,Unfound
,,,,,,,2065562806,,,,6212,Unfound
,,,,,,,1100007269240,,,,,Unfound
,,,,,,,3373558302,,,,9611,Unfound
,,,,,,,58320303,,,,58320303,Unfound
,,,,,,,1100007363661,,,,,Unfound
,,,,,,,2331743262019,,,,,Unfound
,,,,,,,80132706,,,,24668,Unfound
,,,,,,,2334551261015,,,,,Unfound
,,,,,,,203047505,,,,44239,Unfound
,,,,,,,1535970303,,,,10894,Unfound
,,,,,,,1100007275119,,,,,Unfound
,,,,,,,1012534394411,,,,,Unfound
,,,,,,,8899810708,,,,8899810708,Unfound
,,,,,,,1100019398200,,,,,Unfound
,,,,,,,1800017254224,,,,,Unfound
,,,,,,,8869409105,,,,123276,Unfound
,,,,,,,1610005054140,,,,,Unfound
,,,,,,,1100019737179,,,,,Unfound
,,,,,,,52684401,,,,52684401,Unfound
,,,,,,,59719710,,,,53354,Unfound
,,,,,,,2000051237682,,,,,Unfound
,,,,,,,21780306,,,,21780306,Unfound
,,,,,,,1100005309004,,,,,Unfound
,,,,,,,2200042230138,,,,,Unfound
,,,,,,,9099878705,,,,35622,Unfound
,,,,,,,1100019273608,,,,,Unfound
,,,,,,,1100006203187,,,,,Unfound
,,,,,,,2000027044096,,,,,Unfound
,,,,,,,2312073225117,,,,,Unfound
,,,,,,,47345207,,,,47345207,Unfound
,,,,,,,1610032200981,,,,,Unfound
,,,,,,,1100005413665,,,,,Unfound
,,,,,,,3945860908,,,,32430,Unfound
,,,,,,,1100006879166,,,,,Unfound
,,,,,,,2000024682050,,,,,Unfound
,,,,,,,2715487602,,,,13041,Unfound
,,,,,,,1100007539607,,,,,Unfound
,,,,,,,1100005315815,,,,,Unfound
,,,,,,,1100051142163,,,,,Unfound
,,,,,,,2246492605,,,,41539,Unfound
,,,,,,,1425106100000,,,,,Unfound
,,,,,,,74578604,,,,10,Unfound
,,,,,,,1160000259331,,,,,Unfound
,,,,,,,1100770975384,,,,,Unfound
,,,,,,,8870802,,,,1,Unfound
,,,,,,,1610004052782,,,,,Unfound
,,,,,,,1251175509,,,,1251175509,Unfound
,,,,,,,1100005289244,,,,,Unfound
,,,,,,,55452608,,,,80217,Unfound
,,,,,,,1100019258707,,,,,Unfound
,,,,,,,8827841902,,,,10353,Unfound
,,,,,,,3221607510,,,,136532,Unfound
,,,,,,,1100007587220,,,,,Unfound
,,,,,,,1012600767120,,,,,Unfound
,,,,,,,60449308,,,,41548,Unfound
,,,,,,,1100019988733,,,,,Unfound
,,,,,,,6783404,,,,44879,Unfound
,,,,,,,1100002260368,,,,,Unfound
,,,,,,,203376210,,,,203376210,Unfound
,,,,,,,1100000477414,,,,,Unfound
,,,,,,,1417417951008,,,,,Unfound
,,,,,,,2243757409,,,,2243757409,Unfound
,,,,,,,8816630608,,,,130889,Unfound
,,,,,,,1100007274719,,,,,Unfound
,,,,,,,1610004347513,,,,,Unfound
,,,,,,,1418764610004,,,,,Unfound
,,,,,,,1412316271004,,,,,Unfound
,,,,,,,3030914607,,,,65927,Unfound
,,,,,,,1100007149646,,,,,Unfound
,,,,,,,1410136181006,,,,,Unfound
,,,,,,,5050031004,,,,5050031004,Unfound
,,,,,,,2534391503,,,,76719,Unfound
,,,,,,,8937509009,,,,35034,Unfound
,,,,,,,2200030106548,,,,,Unfound
,,,,,,,1100006329233,,,,,Unfound
,,,,,,,1523798402,,,,1523798402,Unfound
,,,,,,,1418116181006,,,,,Unfound
,,,,,,,1300011772982,,,,,Unfound
,,,,,,,1419304040007,,,,,Unfound
,,,,,,,1100005735000,,,,,Unfound
,,,,,,,1100002299045,,,,,Unfound
,,,,,,,1414964812008,,,,,Unfound
,,,,,,,1100006767572,,,,,Unfound
,,,,,,,1800036595491,,,,,Unfound
,,,,,,,1412484812001,,,,,Unfound
,,,,,,,45653601,,,,135107,Unfound
,,,,,,,1325136901,,,,1325136901,Unfound
,,,,,,,1417906912008,,,,,Unfound
,,,,,,,2240705408,,,,2240705408,Unfound
,,,,,,,45653500,,,,139119,Unfound
,,,,,,,691929602,,,,691929602,Unfound
,,,,,,,1100002982923,,,,,Unfound
,,,,,,,2052404407,,,,11676,Unfound
,,,,,,,1417802213008,,,,,Unfound
,,,,,,,1100005309885,,,,,Unfound
,,,,,,,8910031405,,,,33000,Unfound
,,,,,,,2200016865121,,,,,Unfound
,,,,,,,2000012820085,,,,,Unfound
,,,,,,,1100005746039,,,,,Unfound
,,,,,,,1100011214340,,,,,Unfound
,,,,,,,1414287330004,,,,,Unfound
,,,,,,,1591022995241,,,,,Unfound
,,,,,,,8873279206,,,,8873279206,Unfound
,,,,,,,1100005476451,,,,,Unfound
,,,,,,,1900037271283,,,,,Unfound
,,,,,,,2380000942258,,,,,Unfound
,,,,,,,2535212807,,,,26962,Unfound
,,,,,,,1100000373005,,,,,Unfound
,,,,,,,1100019737921,,,,,Unfound
,,,,,,,1170000089065,,,,,Unfound
,,,,,,,1418671971005,,,,,Unfound
,,,,,,,1100000344876,,,,,Unfound
,,,,,,,202559404,,,,5006,Unfound
,,,,,,,2200030107870,,,,,Unfound
,,,,,,,1418127980001,,,,,Unfound
,,,,,,,1417849310009,,,,,Unfound
,,,,,,,1100019307434,,,,,Unfound
,,,,,,,1100021173860,,,,,Unfound
,,,,,,,2457235206,,,,1,Unfound
,,,,,,,1100005757129,,,,,Unfound
,,,,,,,71807600,,,,59572,Unfound
,,,,,,,1800032592957,,,,,Unfound
,,,,,,,1300010329119,,,,,Unfound
,,,,,,,8829944204,,,,8829944204,Unfound
,,,,,,,1100007836767,,,,,Unfound
,,,,,,,2000007480156,,,,,Unfound
,,,,,,,1415144561000,,,,,Unfound
,,,,,,,1200041151810,,,,,Unfound
,,,,,,,1100005907352,,,,,Unfound
,,,,,,,1144917406,,,,49501,Unfound
,,,,,,,2547176509,,,,2547176509,Unfound
,,,,,,,1415093671004,,,,,Unfound
,,,,,,,1800023156326,,,,,Unfound
,,,,,,,2435503205,,,,7776,Unfound
,,,,,,,1100019211898,,,,,Unfound
,,,,,,,1100013590449,,,,,Unfound
,,,,,,,1416513071007,,,,,Unfound
,,,,,,,2000002404639,,,,,Unfound
,,,,,,,3988291901,,,,126193,Unfound
,,,,,,,1100002462828,,,,,Unfound
,,,,,,,1610030560384,,,,,Unfound
,,,,,,,1410703071000,,,,,Unfound
,,,,,,,1200025208778,,,,,Unfound
,,,,,,,1591049044880,,,,,Unfound
,,,,,,,1076191003,,,,1076191003,Unfound
,,,,,,,1414960741009,,,,,Unfound
,,,,,,,2199990741710,,,,,Unfound
,,,,,,,1900007021534,,,,,Unfound
,,,,,,,9093367604,,,,3236,Unfound
,,,,,,,1100005381933,,,,,Unfound
,,,,,,,1610029266411,,,,,Unfound
,,,,,,,1416976711000,,,,,Unfound
,,,,,,,1100007233740,,,,,Unfound
,,,,,,,1612534610,,,,5801,Unfound
,,,,,,,1100001417727,,,,,Unfound
,,,,,,,1800035226210,,,,,Unfound
,,,,,,,1412195541005,,,,,Unfound
,,,,,,,5069769503,,,,5069769503,Unfound
,,,,,,,1100006703383,,,,,Unfound
,,,,,,,2312769018717,,,,,Unfound
,,,,,,,1419494831004,,,,,Unfound
,,,,,,,1900006068596,,,,,Unfound
,,,,,,,57330301,,,,1,Unfound
,,,,,,,1100006385121,,,,,Unfound
,,,,,,,1200020235624,,,,,Unfound
,,,,,,,1460001348410,,,,,Unfound
,,,,,,,1900038052127,,,,,Unfound
,,,,,,,3400456108,,,,12666,Unfound
,,,,,,,1100006821004,,,,,Unfound
,,,,,,,4247680908,,,,22344,Unfound
,,,,,,,1410915841006,,,,,Unfound
,,,,,,,78184502,,,,9146,Unfound
,,,,,,,2000000543206,,,,,Unfound
,,,,,,,2073674701,,,,2073674701,Unfound
,,,,,,,2199999864057,,,,,Unfound
,,,,,,,1460001697328,,,,,Unfound
,,,,,,,1864151907,,,,17223,Unfound
,,,,,,,8917965708,,,,120156,Unfound
,,,,,,,1100002392481,,,,,Unfound
,,,,,,,2536501000,,,,2536501000,Unfound
,,,,,,,1417882251001,,,,,Unfound
,,,,,,,3290076307,,,,3290076307,Unfound
,,,,,,,3908493606,,,,10019,Unfound
,,,,,,,1100006850760,,,,,Unfound
,,,,,,,1410941731000,,,,,Unfound
,,,,,,,3388274005,,,,40351,Unfound
,,,,,,,105800,,,,105800,Unfound
,,,,,,,1251574602,,,,1251574602,Unfound
,,,,,,,1300008375471,,,,,Unfound
,,,,,,,1415406070001,,,,,Unfound
,,,,,,,1100005758196,,,,,Unfound
,,,,,,,2331500008717,,,,,Unfound
,,,,,,,1419648131008,,,,,Unfound
,,,,,,,9113508610,,,,9018,Unfound
,,,,,,,1200030934162,,,,,Unfound
,,,,,,,8927569706,,,,40177,Unfound
,,,,,,,1100005114873,,,,,Unfound
,,,,,,,1417188921009,,,,,Unfound
,,,,,,,69940210,,,,40571,Unfound
,,,,,,,1418716531003,,,,,Unfound
,,,,,,,58631601,,,,58631601,Unfound
,,,,,,,7400271903,,,,16868,Unfound
,,,,,,,1417940413003,,,,,Unfound
,,,,,,,1200029880456,,,,,Unfound
,,,,,,,1100006035549,,,,,Unfound
,,,,,,,75955703,,,,75955703,Unfound
,,,,,,,1410943111007,,,,,Unfound
,,,,,,,5061028004,,,,5061028004,Unfound
,,,,,,,1100007398274,,,,,Unfound
,,,,,,,2000018956534,,,,,Unfound
,,,,,,,9302935004,,,,9302935004,Unfound
,,,,,,,8813023100,,,,8813023100,Unfound
,,,,,,,1100005158151,,,,,Unfound
,,,,,,,2200011112938,,,,,Unfound
,,,,,,,2558869507,,,,2558869507,Unfound
,,,,,,,1842179110,,,,1842179110,Unfound
,,,,,,,1416107701009,,,,,Unfound
,,,,,,,1100005308491,,,,,Unfound
,,,,,,,2313721571017,,,,,Unfound
,,,,,,,1547105601,,,,61124,Unfound
,,,,,,,1100007927787,,,,,Unfound
,,,,,,,2000052823493,,,,,Unfound
,,,,,,,8820852108,,,,8820852108,Unfound
,,,,,,,1410025701005,,,,,Unfound
,,,,,,,1100001717726,,,,,Unfound
,,,,,,,1411061200007,,,,,Unfound
,,,,,,,622467204,,,,17936,Unfound
,,,,,,,1460001490366,,,,,Unfound
,,,,,,,2325637670211,,,,,Unfound
,,,,,,,1012368331889,,,,,Unfound
,,,,,,,1410110200003,,,,,Unfound
,,,,,,,2053953805,,,,19550,Unfound
,,,,,,,1416882311003,,,,,Unfound
,,,,,,,1100005091055,,,,,Unfound
,,,,,,,1200024175322,,,,,Unfound
,,,,,,,1334531010,,,,29066,Unfound
,,,,,,,1470000331909,,,,,Unfound
,,,,,,,1100005617421,,,,,Unfound
,,,,,,,2199999290379,,,,,Unfound
,,,,,,,1417755811002,,,,,Unfound
,,,,,,,59034902,,,,26757,Unfound
,,,,,,,57837908,,,,1,Unfound
,,,,,,,1100007353672,,,,,Unfound
,,,,,,,60003907,,,,60714,Unfound
,,,,,,,1418285801000,,,,,Unfound
,,,,,,,1800029344532,,,,,Unfound
,,,,,,,4327704,,,,63505,Unfound
,,,,,,,1100005400754,,,,,Unfound
,,,,,,,1800035279133,,,,,Unfound
,,,,,,,1410977011006,,,,,Unfound
,,,,,,,126733,,,,,Unfound
,,,,,,,72958806,,,,,Unfound
